case_id,Q_server_W,UA_ext_W_K,A2_m2,duct_scale,w_fan_cmd_rpm,search_stage,above_preferred_rpm,sim_success,feasible,server_mean_tail_K,chamber_mean_tail_K,radiator_mean_tail_K,server_slope_tail_K_s,chamber_slope_tail_K_s,server_delta_tail_K,chamber_delta_tail_K,vdot_m3_s,mdot_kg_s,dp_total_Pa,Pfan_shaft_W,Pfan_elec_W,fan_overhead_percent,error_message
1,1275,100,2,1.5,750,probe,0,1,0,600.607752219648,589.299106225386,233.485170254452,0.0543433391710478,0.0528018970444472,22.8083891060155,22.1641577114101,0.00730310883593851,0.00819710757940772,5.39582814609942,0.12521401322315,0.147310603791941,0.0115537728464268,""
1,1275,100,2,1.5,1000,probe,0,1,0,490.254884417448,469.072317507263,238.252072455263,0.0192062794119976,0.0177957742870025,8.25588412720526,7.64951906680039,0.0142113620621018,0.0157507904778264,9.31218868675448,0.314770056259497,0.370317713246467,0.0290445265291347,""
1,1275,100,2,1.5,1500,probe,0,1,0,408.978721937803,384.043089957259,240.090913343005,0.00580786908293418,0.00503737367767932,2.66871808827284,2.31459614629836,0.0310735099160537,0.0351788523484054,19.6256218019237,1.1491798195164,1.35197625825459,0.106037353588595,""
1,1275,100,2,1.5,2000,probe,0,1,0,367.033610784393,341.001905682073,240.646908905263,0.00190361860159444,0.00155571203968002,0.827871535983832,0.6765685000247,0.0522815911031503,0.0598630814099147,32.2581788603226,2.89151268505705,3.40177962947888,0.266806245449324,""
1,1275,100,2,1.5,2500,probe,0,1,0,343.017720538391,316.641424627151,240.839464707768,0.000670295045243982,0.000519162029737043,0.281787367426432,0.218252025711934,0.0762955252899821,0.0879100968073102,46.3939553129433,5.90344278026391,6.94522680031048,0.544723670612587,""
1,1275,100,2,1.5,2675,probe,0,1,0,337.109629547546,310.680170861175,240.874995217473,0.000476783932669438,0.000362516159439908,0.214791204548817,0.163313614544563,0.0850108211430981,0.0981000681057721,51.5641784612671,7.32230743392206,8.61447933402596,0.67564543796282,""
1,1275,100,2,1.5,3000,probe,0,1,0,329.271948546954,302.785816538175,240.920177873919,0.000272635252470716,0.000201466535853602,0.128038474838718,0.0946153084889829,0.0994564008843607,0.1149967836104,60.2810394642414,10.5154880701331,12.3711624354507,0.970287249839267,""
1,1275,100,2,1.5,4000,probe,0,1,1,314.932352023478,288.38552792682,241.013333580576,5.59579167256777e-05,3.88176240285424e-05,0.0263090691724983,0.0182508937412535,0.140021456691005,0.16245051160277,86.8574708749972,25.6898993417801,30.2234109903295,2.37046360708466,""
1,1275,100,2,1.5,3500,refine,0,1,1,320.927002557513,294.398328604809,240.970251618908,0.000121814440142596,8.70258908188423e-05,0.0526470568112813,0.0376117390966328,0.120091122988314,0.139141761673641,73.2808036279603,17.0071460677532,20.0084071385332,1.56928683439476,""
1,1275,100,2,1.5,3250,refine,0,1,1,324.70993256146,298.198777166369,240.94651888162,0.000183440056336156,0.000133164749345318,0.0856104713053014,0.0621472654695481,0.1099011415473,0.127217427541313,66.7590170756303,13.5068855089709,15.8904535399658,1.24631008156595,""
1,1275,100,2,1.5,3125,refine,0,1,0,326.872826675678,300.373655424505,240.933468433153,0.000225278724083129,0.000164952369117857,0.109015907823675,0.0798230433356366,0.10472001576941,0.121155117274756,63.5229246728244,11.95004804321,14.0588800508353,1.10265725888904,""
1,1275,100,2,1.5,3175,refine,0,1,1,325.980770269608,299.476998398385,240.938549208191,0.000208723222393158,0.000152295254261711,0.101699959015662,0.0742055532543304,0.106801002342235,0.123590001739116,64.8168818179984,12.557833554184,14.7739218284518,1.15873896693739,""
1,1275,100,2,1.5,3150,refine,0,1,1,326.422231553727,299.920754018015,240.936005657551,0.000216930269895352,0.000158559637031359,0.105514093766885,0.0771228358196936,0.105762041855608,0.122374339327067,64.169923381424,12.2514754823627,14.4135005674856,1.13047063274396,""
2,1275,125,2.5,1.5,750,probe,0,1,0,597.182714647494,585.906762589754,231.415720981462,0.0544124138698254,0.0529076721556514,25.2015377914411,24.5057821465396,0.00732336056844026,0.00821952425125463,5.39506182942326,0.125259957948635,0.147364656410159,0.0115580122674634,""
2,1275,125,2.5,1.5,1000,probe,0,1,0,488.294116009091,467.003036832982,235.283059060312,0.0188314437695717,0.0174359655235972,7.82404408295417,7.24418695606073,0.0142513596407364,0.0157875439425,9.30924600335129,0.314929766154591,0.370505607240695,0.0290592633129957,""
2,1275,125,2.5,1.5,1500,probe,0,1,0,406.178833224657,381.143482247196,236.747209348908,0.00547283255401082,0.00473249567707962,2.30299080624582,1.99144861663689,0.0311822473300182,0.0352900308712517,19.6081232402721,1.15013612450942,1.35310132295226,0.10612559395704,""
2,1275,125,2.5,1.5,2000,probe,0,1,0,363.696116240364,337.618002786056,237.168429334791,0.00173758190081606,0.00141339560482389,0.754573056434708,0.61378932602338,0.0524760458847718,0.0600729262111875,32.2055223029117,2.89446910596792,3.40525777172696,0.267079040919762,""
2,1275,125,2.5,1.5,2500,probe,0,1,0,339.541172603967,313.140708792477,237.312391578271,0.000582117082163133,0.000447497374879259,0.253476503516424,0.194857630820991,0.0765622007359015,0.0882029085442568,46.2885848294221,5.90956189080858,6.95242575389244,0.545288294422937,""
2,1275,125,2.5,1.5,2675,probe,0,1,0,333.653792260686,307.202398565437,237.339667810075,0.000398707157628512,0.000300488925645904,0.177164265557565,0.133521291894112,0.0852470873890464,0.0983568955722437,51.4093427890039,7.32953745961567,8.62298524660667,0.676312568361307,""
2,1275,125,2.5,1.5,3000,probe,0,1,1,325.828591244585,299.327630681943,237.37256538144,0.000219543360141188,0.000160572304696217,0.103748967576564,0.0758811899494845,0.0996196523714055,0.11516758986847,60.0316046515096,10.5239770842755,12.3811495109123,0.971070549875477,""
2,1275,125,2.5,1.5,2825,refine,0,1,0,329.681826555336,303.204041801628,237.356151558505,0.000302041331765428,0.00022424082561804,0.143497889502271,0.1065354219254,0.0920652759517877,0.106330818000407,55.4708856110738,8.71089875656052,10.2481161841888,0.803773818367753,""
2,1275,125,2.5,1.5,2900,refine,0,1,0,327.953598614161,301.463498371166,237.364115504396,0.000259463958688542,0.000191360271868539,0.117457679735026,0.0866275733533257,0.0953393520158504,0.11016041064308,57.4389875479465,9.46064532348591,11.130170968807,0.872954585788781,""
2,1275,125,2.5,1.5,2950,refine,0,1,0,326.86976642431,300.372984197139,237.368837555043,0.000235905965449178,0.00017324963253297,0.105019212634033,0.0771262420703351,0.0974898358973633,0.112675977423971,58.7386896848742,9.9830800584842,11.7448000688049,0.921160789710191,""
2,1275,125,2.5,1.5,2975,refine,0,1,1,326.340890796901,299.842580100303,237.370466971966,0.000229142168711212,0.000167934593616677,0.107690115820219,0.078924348793123,0.0985571970642265,0.113924670898342,59.3857290597977,10.2512049513307,12.0602411192126,0.945901264251965,""
3,1275,150,3,1.5,750,probe,0,1,0,596.317256924572,585.023143524074,230.049172684466,0.0543505094132069,0.0528597675276684,25.0402063860386,24.3546563281947,0.00733023204287544,0.00822623759901838,5.3948015474889,0.125275546728155,0.147382996150771,0.0115594506784918,""
3,1275,150,3,1.5,1000,probe,0,1,0,486.469086247229,465.142909378838,233.277162406853,0.0186879705490166,0.0172946057763172,8.16935237746623,7.56020256336097,0.014282842488604,0.0158184006490642,9.30692378434954,0.315055465405353,0.37065348871218,0.0290708618597788,""
3,1275,150,3,1.5,1500,probe,0,1,0,403.954907024468,378.900530788869,234.489862323009,0.00538033628542018,0.00464509362498102,2.50817510136244,2.16542089573903,0.0312625241738096,0.0353746458633347,19.5951652605581,1.15084194553142,1.3539317006252,0.106190721617663,""
3,1275,150,3,1.5,2000,probe,0,1,0,361.42533862419,335.323773879186,234.84098410418,0.00164860882022497,0.00133674794458018,0.750788733568982,0.608764541939763,0.0526085501154338,0.0602162817743835,32.1695293726734,2.89648259325223,3.40762658029674,0.267264829827196,""
3,1275,150,3,1.5,2500,probe,0,1,0,337.200164101415,310.788282958238,234.956320754907,0.000536867689841264,0.000410582299170625,0.255763536928271,0.195601257255532,0.0767425850947983,0.088401235648415,46.2171017770524,5.91369735610901,6.95729100718707,0.545669882916633,""
3,1275,150,3,1.5,2675,probe,0,1,0,331.343934377093,304.879522784625,234.979449492706,0.000352301867469371,0.000263925257705704,0.155130756561277,0.11621545758436,0.0854017634961749,0.0985245820146219,51.3020817663273,7.33438148463733,8.62868409957332,0.676759537221437,""
3,1275,150,3,1.5,3000,probe,0,1,1,323.553950209543,297.041914195856,235.006025615929,0.000182056413192503,0.000132221037554204,0.0764591274282225,0.0555295233053243,0.0997362337184221,0.115258512680076,59.8502975648104,10.5300820072931,12.388331773286,0.971633864571452,""
3,1275,150,3,1.5,2825,refine,0,1,0,327.384104631042,300.895142995959,234.992472556983,0.00026270067803894,0.000193780685637718,0.122668267790914,0.0904860265824823,0.0921910894946431,0.106462748028433,55.3292074099275,8.71615067479095,10.2542949115188,0.804258424432845,""
3,1275,150,3,1.5,2900,refine,0,1,1,325.657170822731,299.157883674076,234.998390218754,0.000226135920209293,0.000165661085372269,0.104253077320266,0.0763729977360867,0.0954591806377894,0.110277075721972,57.2811835238826,9.46620549842609,11.1367123510895,0.87346763537957,""
3,1275,150,3,1.5,2850,refine,0,1,0,326.790039892558,300.297711002958,234.994414368827,0.000250478728126661,0.000184330811781347,0.117782100842362,0.0866775011203913,0.0932863077444402,0.107745077446245,55.984263145651,8.96164625715244,10.5431132437087,0.826910842643823,""
3,1275,150,3,1.5,2875,refine,0,1,1,326.224781239933,299.727392702635,234.996933466195,0.000234042798657591,0.00017184170572691,0.102632765267288,0.0753562592311141,0.0943774755497485,0.109011544170892,56.632265719071,9.21174122571123,10.8373426184838,0.84998765635167,""
4,1275,175,3.5,1.5,750,probe,0,1,0,595.4486475406,584.147995917582,229.068588337108,0.0543226276245562,0.0528440670811804,25.2200912364825,24.5348196673216,0.00733638474822517,0.00823253163034703,5.39456819408224,0.12528950496157,0.147399417601846,0.0115607386354389,""
4,1275,175,3.5,1.5,1000,probe,0,1,0,484.476461157607,463.176452379527,231.826078874418,0.0187108878713431,0.0173091800619706,9.27719378911848,8.58219097218597,0.0143115195674672,0.0158487937841651,9.30480388910413,0.315169949401758,0.370788175766774,0.0290814255503352,""
4,1275,175,3.5,1.5,1500,probe,0,1,0,402.503149734455,377.416026954172,232.880681543868,0.00526238567321229,0.00453806231770002,2.46328031400236,2.12422954782176,0.031317596785107,0.0354317141620639,19.5862564587248,1.15132607216973,1.35450126137615,0.10623539304911,""
4,1275,175,3.5,1.5,2000,probe,0,1,0,359.870150210693,333.738631640188,233.180032719384,0.00154924987625187,0.00125330479886875,0.648468388852564,0.524595293538937,0.0527017804387969,0.0603163429311769,32.1441502844464,2.89789877065041,3.40929267135343,0.267395503635563,""
4,1275,175,3.5,1.5,2500,probe,0,1,0,335.554200224393,309.127703587237,233.274173066086,0.000488209667650102,0.000371963248377113,0.215454130971864,0.164152866054621,0.0768712082553222,0.0885421647101148,46.1660280304422,5.91664435511497,6.96075806484114,0.545941809007148,""
4,1275,175,3.5,1.5,2675,probe,0,1,0,329.710756940187,303.235682406419,233.292772585118,0.0003156766275012,0.000235454282520145,0.128764785819726,0.0960419994358972,0.0855189844185851,0.0986330339793689,51.2176870705371,7.33810957715311,8.63307009076837,0.677103536530852,""
4,1275,175,3.5,1.5,3000,probe,0,1,1,321.927287783051,295.411305337004,233.313502431698,0.000166700102678243,0.000120453617480963,0.0756892501715356,0.0546912934149191,0.0998255465886436,0.115307347236564,59.7096056198473,10.5347827696128,12.3938620818974,0.972067614266465,""
4,1275,175,3.5,1.5,2825,refine,0,1,1,325.758568481281,299.26393924008,233.302440369907,0.000241213689142332,0.000177102841248271,0.117603820738111,0.0863465541669939,0.0922945180936385,0.106530458217614,55.210425260501,8.72050327426583,10.2594156167833,0.804660048375163,""
4,1275,175,3.5,1.5,2750,refine,0,1,0,327.631492664461,301.147463377986,233.29735675186,0.000279745459371929,0.00020694858397841,0.133030576757164,0.0984126419050995,0.0889584053716171,0.102645499889391,53.2406119332954,8.00992645659024,9.42344289010617,0.739093560008327,""
4,1275,175,3.5,1.5,2775,refine,0,1,0,326.999255826868,300.509014297087,233.299817917258,0.000259649850936074,0.000191588436251869,0.114145654855179,0.0842249189487916,0.0900805711270816,0.103950225923809,53.9012589008368,8.24245256535943,9.69700301806991,0.760549256319209,""
4,1275,175,3.5,1.5,2800,refine,0,1,1,326.377619313601,299.883095647339,233.301728085632,0.000244762904468367,0.000180150448142023,0.104986404317117,0.0772721169438455,0.0911917790835534,0.105245219284121,54.5580826877485,8.47928107242067,9.97562479108314,0.782401944398678,""
5,1275,200,4,1.5,750,probe,0,1,0,594.455094353104,583.158394797195,228.329933101536,0.0543236717531614,0.0528570819041406,25.7670444265596,25.07234997138,0.00734268014346314,0.00823930260702864,5.39432914335824,0.125303786229179,0.147416219093151,0.0115620563994628,""
5,1275,200,4,1.5,1000,probe,0,1,0,484.465091735441,463.073280749213,230.765903478747,0.0184453966696411,0.0170595261547719,8.22652364369156,7.60839411497381,0.0143201209595943,0.0158539585350492,9.30416764186035,0.315204285871913,0.370828571614016,0.0290845938520797,""
5,1275,200,4,1.5,1500,probe,0,1,0,401.55912886124,376.42702891709,231.676420539292,0.00512003179818875,0.00441160409539407,2.23220075913878,1.92333924452856,0.0313563004218563,0.0354707309748744,19.5799862820252,1.15166625980647,1.35490148212526,0.106266782911785,""
5,1275,200,4,1.5,2000,probe,0,1,0,358.581953858275,332.450912017105,231.926579544815,0.0015376077208916,0.00124177993429187,0.733727428854309,0.592561733470404,0.0527760453490999,0.0603973353209412,32.123901736355,2.8990265541646,3.41061947548776,0.267499566704923,""
5,1275,200,4,1.5,2500,probe,0,1,0,334.31049697609,307.877491678454,232.010446068757,0.000463938996547774,0.000352466175194697,0.209732102130602,0.159338733878542,0.0769793653075578,0.0886440315526888,46.1230147652532,5.91912127448248,6.96367208762644,0.546170359813839,""
5,1275,200,4,1.5,2675,probe,0,1,0,328.473595825252,301.996200842865,232.025612204082,0.000304695110407335,0.000226525306714863,0.139194182134759,0.10348380480616,0.085613829695711,0.0987060957188811,51.1474411437205,7.34116146057719,8.63666054185552,0.677385140537688,""
5,1275,200,4,1.5,3000,probe,0,1,1,320.714043617531,294.193197851481,232.044317208933,0.000150127614933916,0.00010805920007002,0.064100352324715,0.04613829848347,0.0998919302556736,0.115343597441067,59.6040257681598,10.5382899542815,12.3979881815077,0.972391229922171,""
5,1275,200,4,1.5,2825,refine,0,1,1,324.544752978832,298.044459200399,232.034875032065,0.000221905163356953,0.000162349391487102,0.10493372831246,0.0767712061556267,0.0923712580762886,0.106580506852726,55.1209456934788,8.72375296484805,10.2632387821742,0.804959904484249,""
5,1275,200,4,1.5,2750,refine,0,1,1,326.414131208096,299.92489644429,232.030328981483,0.000261054947002373,0.000192464004169659,0.124675836580934,0.0919178559913689,0.089043500446197,0.102702983990393,53.1586375484912,8.01311709384395,9.42719658099288,0.739387967136696,""
5,1275,200,4,1.5,2700,refine,0,1,0,327.773249612107,301.289050186548,232.027897676268,0.000282070466186151,0.000209100442624766,0.119880334790821,0.0888679991923027,0.0867708478024889,0.100054476609858,51.8252904893331,7.56089918912002,8.89517551661179,0.697660824832297,""
5,1275,200,4,1.5,2725,refine,0,1,0,327.08416803803,300.597008364389,232.029223042233,0.000270394755295045,0.00019988825766762,0.120477479918179,0.0890625090033836,0.0879138049759331,0.101385737386137,52.4949094917829,7.78488705799456,9.15869065646419,0.718328678938368,""
6,1275,250,5,1.5,750,probe,0,1,0,593.376563722858,582.076664887459,227.296882748189,0.0543027541109187,0.0528506762720647,26.1414498803579,25.4432354966941,0.00735001691294014,0.00824696205021722,5.3940503460326,0.125320429799998,0.147435799764703,0.0115635921384081,""
6,1275,250,5,1.5,1000,probe,0,1,0,483.869479263589,462.391839848417,229.261584430069,0.0181692007253538,0.0167981418698884,7.48039288384865,6.91584007631843,0.0143373603590559,0.0158681791155124,9.30289081675195,0.315273103929565,0.370909534034782,0.0290909438458653,""
6,1275,250,5,1.5,1500,probe,0,1,0,399.74981949451,374.621811503648,229.971445684589,0.00509544350260859,0.00438503589892418,2.54423027163665,2.1895115847056,0.0314204766793373,0.0355391877810537,19.5695720427296,1.15223025994903,1.35556501170474,0.106318824447431,""
6,1275,250,5,1.5,2000,probe,0,1,0,356.948672425284,330.785154216902,230.178138251517,0.00143274841024504,0.00115422361111865,0.613871012998118,0.494534663389857,0.0528751307111917,0.0605035466116884,32.0968414959231,2.90053083439233,3.41238921693215,0.267638369955463,""
6,1275,250,5,1.5,2500,probe,0,1,0,332.591681161884,306.145532738544,230.24114726512,0.000419254345161257,0.000317252282147375,0.175720792144148,0.132969028498223,0.0771377026714213,0.0887827727646305,46.0599360700799,5.92274545614285,6.9679358307563,0.546504771039709,""
6,1275,250,5,1.5,2675,probe,0,1,0,326.759386032474,300.274234823019,230.25214590138,0.000276931441457276,0.000204922184131147,0.126551831987626,0.0936451211329086,0.0857437147624186,0.0988060879824506,51.0483977801099,7.3453914727511,8.641637026766,0.677775453079686,""
6,1275,250,5,1.5,3000,probe,0,1,1,319.001184134576,292.477058778736,230.266135862893,0.000136895709229691,9.80022840190674e-05,0.064709037072646,0.0463245606905502,0.0999840181330945,0.115396478401714,59.456141979744,10.5431736873132,12.4037337497803,0.972841862727863,""
6,1275,250,5,1.5,2825,refine,0,1,1,322.836876142377,296.330694854866,230.259142224813,0.000200449804227533,0.000145915426105812,0.0965524813754541,0.0702844114344998,0.0924774271564267,0.106651290419771,54.9952583356862,8.72827698560779,10.2685611595386,0.805377345846163,""
6,1275,250,5,1.5,2750,refine,0,1,1,324.715875183082,298.216928920414,230.256286130565,0.000228842337266113,0.000167899040560998,0.0982449243444421,0.07208119116018,0.0891590290486873,0.102785103289175,53.0450861282249,8.0174851431551,9.43233546253541,0.739791016669444,""
6,1275,250,5,1.5,2700,refine,0,1,1,326.056998472178,299.566471368392,230.253678937021,0.000258555291754943,0.000190763062482781,0.114017005129426,0.0841221815804261,0.0868955624597886,0.10014800712729,51.7206991315664,7.56518702029141,8.90022002387224,0.698056472460568,""
7,1275,300,6,1.5,750,probe,0,1,0,596.35214766996,584.951933527256,226.622984344509,0.0540247080559037,0.052551079149477,21.8698321373803,21.276802941166,0.00733696792232417,0.00823010845223849,5.39454681321513,0.125290828463091,0.14740097466246,0.01156086075784,""
7,1275,300,6,1.5,1000,probe,0,1,0,482.268538832474,460.824358551102,228.238757269394,0.0182365625348711,0.016855514606417,8.50072055708671,7.85690830826707,0.0143594988999792,0.0158921171627479,9.30124831211288,0.31536147546761,0.37101350055013,0.0290990980823631,""
7,1275,300,6,1.5,1500,probe,0,1,0,398.739891843,373.587081859578,228.839199876082,0.00500931543598943,0.00430745902721268,2.48713780051304,2.13867034855133,0.0314595929471774,0.0355795810527263,19.5632140590096,1.15257397822286,1.35596938614454,0.106350540089768,""
7,1275,300,6,1.5,2000,probe,0,1,0,355.734816689172,329.573741053471,229.006627435174,0.00142661217532968,0.00114734861959476,0.701735252731282,0.564367967452654,0.0529456131301747,0.060580404133271,32.0775617395338,2.90160057916263,3.41364774019133,0.267737077662065,""
7,1275,300,6,1.5,2500,probe,0,1,0,331.419763018163,304.971276727407,229.059767625751,0.000407541233137853,0.000307551153797672,0.188945787653154,0.142587965242626,0.0772456962822608,0.0888768047110129,46.0168390626277,5.92521600013876,6.97084235310442,0.546732733576817,""
7,1275,300,6,1.5,2675,probe,0,1,1,325.609891353682,299.121195129548,229.069097002677,0.000262908041686431,0.000193931053712876,0.125828197914359,0.0928156908098003,0.0858287384334354,0.0988726952198597,50.9817819599217,7.3481917364749,8.64493145467636,0.678033839582459,""
7,1275,300,6,1.5,2575,refine,0,1,0,328.745841391147,302.27317920306,229.064905516602,0.000324405296576427,0.00024252299607637,0.131960221819554,0.0986525443796609,0.0810378386335158,0.0932902680475208,48.2035889232332,6.51039784852375,7.65929158649853,0.600728751882238,""
7,1275,300,6,1.5,2625,refine,0,1,0,327.097115355311,300.618727129156,229.066626862144,0.000298953274365051,0.000221918067577643,0.145817602145598,0.108242834352495,0.0834806333880247,0.0961375658284908,49.6179231528998,6.92104898814146,8.14241057428407,0.63862043719875,""
7,1275,300,6,1.5,2650,refine,0,1,1,326.358631949489,299.869885991195,229.068718887208,0.000266489349313602,0.000197181324799812,0.107955560885216,0.0798786924742103,0.0846639133250629,0.0975148380538481,50.3050635850717,7.13253508020048,8.39121774141232,0.658134724816653,""
8,1275,400,8,1.5,750,probe,0,1,0,593.662896518085,582.307848867836,225.750544319535,0.0541449525921409,0.0526995650947283,24.3568015477144,23.7083133019927,0.00735175805618949,0.00824710117769082,5.39398459615768,0.12532438070972,0.147440447893789,0.0115639566975521,""
8,1275,400,8,1.5,1000,probe,0,1,0,482.02055840162,460.485115814093,226.978752564915,0.01795664965818,0.0165920376241934,7.55177980655827,6.97779524564248,0.0143718446654378,0.0159011058847659,9.30033152004762,0.315410761085043,0.371071483629462,0.0291036457748598,""
8,1275,400,8,1.5,1500,probe,0,1,0,397.541294029976,372.348038315346,227.422399890202,0.00487881815648052,0.00419113755922534,2.32506134588459,1.99733428165098,0.0315074023487807,0.0356284690964586,19.5554324928016,1.15299402739465,1.35646356164077,0.106389298952217,""
8,1275,400,8,1.5,2000,probe,0,1,0,354.402739373938,328.212989160477,227.54620798461,0.00133706887788155,0.0010731000656166,0.585065824966534,0.469559596475506,0.053047347664811,0.0606643082080763,32.0496881404082,2.90314420993643,3.4154637763958,0.26787951187418,""
8,1275,400,8,1.5,2500,probe,0,1,0,329.989317493481,303.529678118505,227.583780156975,0.000370577320055384,0.000278697167481341,0.156260671863606,0.117517687953864,0.077381112569697,0.0889920422906729,45.9627132834479,5.92831236799218,6.97448513881433,0.547018442259947,""
8,1275,400,8,1.5,2675,probe,0,1,1,324.190985961508,297.693472188974,227.590457169379,0.000234132946035487,0.000172017666777435,0.0997120620340297,0.0732585254613696,0.0859338403968213,0.0989531752565808,50.8974868171402,7.35168699769339,8.64904352669811,0.678356355035146,""
8,1275,400,8,1.5,2575,refine,0,1,0,327.288087947157,300.811515081285,227.586728528392,0.000308262322173892,0.000229561260545175,0.137786615832226,0.102608895919047,0.0811694794361474,0.0934043971389365,48.142183618557,6.51370973622796,7.66318792497407,0.60103434705679,""
8,1275,400,8,1.5,2625,refine,0,1,1,325.677774187145,299.188918975025,227.588816842659,0.000265385604365849,0.000196230816963712,0.112384548592502,0.0830991075871452,0.0835963387565587,0.0962304260065222,49.5434994910562,6.92445893930984,8.14642228154099,0.638935080905175,""
8,1275,400,8,1.5,2600,refine,0,1,1,326.456152715346,299.975080825641,227.587572055148,0.000291019370863951,0.000215926295476926,0.135274431103312,0.100368912168278,0.0823963167320758,0.0948341005285766,48.8503096377268,6.7170313762728,7.90238985443859,0.619795282701066,""
9,1275,500,10,1.5,750,probe,0,1,0,593.885420229307,582.508551364821,225.233099608475,0.0540809950466068,0.052636541458945,23.6011784283824,22.9730149358473,0.0073517194343618,0.00824639330623829,5.39398624528258,0.125324292881773,0.147440344566791,0.0115639485934738,""
9,1275,500,10,1.5,1000,probe,0,1,0,481.293091069292,459.746613807416,226.214602687339,0.0179090399828648,0.016544738079014,7.71127110250416,7.12377361256557,0.014384380866226,0.0159134677152891,9.29939977806256,0.315460792912019,0.371130344602375,0.0291082623217549,""
9,1275,500,10,1.5,1500,probe,0,1,0,396.999673140604,371.756726609596,226.573018289695,0.0047305326710709,0.0040612607591138,1.98919623293932,1.70776195222021,0.0315326584937703,0.0356529605726908,19.551317028808,1.15321590497594,1.35672459408935,0.106409772085439,""
9,1275,500,10,1.5,2000,probe,0,1,0,353.536229188338,327.342305059611,226.667478336797,0.00131775314969591,0.00105626436695303,0.604861203623386,0.484835075703018,0.053110389591317,0.060717980241789,32.0323888118025,2.90410049329652,3.41658881564297,0.267967750246507,""
9,1275,500,10,1.5,2500,probe,0,1,0,329.098682774593,302.640107274699,226.696958352693,0.000369390197639536,0.000277240741250755,0.18027228850832,0.135300830638755,0.0774630971692783,0.0890637161988328,45.9298980200523,5.93018616712218,6.97668960837904,0.54719134183365,""
9,1275,500,10,1.5,2675,probe,0,1,1,323.331723954678,296.831455292381,226.702656945775,0.000223897313014992,0.000164101239250028,0.0971505595834969,0.0712046318820398,0.0859975386332959,0.0990000673986198,50.8453505484237,7.35382328344426,8.65155680405207,0.678553474827613,""
9,1275,500,10,1.5,2575,refine,0,1,1,326.409722004184,299.932297483625,226.699498154552,0.000302046519960041,0.0002244055232287,0.148637292470823,0.110430050904938,0.0812484755404564,0.0934709551333489,48.1037129902543,6.51573044624523,7.66556523087674,0.601220802421705,""
9,1275,500,10,1.5,2525,refine,0,1,0,328.192246775045,301.723170529098,226.69821365877,0.00033578566344718,0.000251220786545637,0.146620812813296,0.109695526970654,0.0787260149714107,0.0905339946116111,46.6548825608673,6.12124915544563,7.20146959464192,0.564821144677797,""
9,1275,500,10,1.5,2550,refine,0,1,0,327.297911054278,300.821092677868,226.699203944367,0.000309166102752731,0.000230574851124166,0.12769671064558,0.0952356772513099,0.0799920939523908,0.0920087651929651,47.382601396285,6.31641053966764,7.4310712231384,0.582829115540266,""
10,2550,100,2,1.5,750,probe,0,0,0,NaN,NaN,NaN,NaN,NaN,NaN,NaN,NaN,NaN,NaN,NaN,NaN,NaN,"다음 사용 중 오류가 발생함: run_highload_validation_B_UA_envelope>runOneB (371번 라인) | ['haps_260818_1722_duct/Solver Configuration']: 시간 2153.266413에서 하나 이상의 어설션이 트리거됩니다. 구체적인 정보를 보려면 원인을 확인하십시오. |  | 오류 발생: run_highload_validation_B_UA_envelope>evaluateIfNeededB (345번 라인) |     row=runOneB(model,c,rpm,stage,Search,Base); |     ^^^^^^^^^^^^^^^^^^^^^^^^^^^^^^^^^^^^^^^^^^^ | 오류 발생: run_highload_validation_B_UA_envelope>adaptiveSearchB (275번 라인) |         [Rows,row] = evaluateIfNeededB(Rows,model,c,rpm,'probe',Search,Base); |         ^^^^^^^^^^^^^^^^^^^^^^^^^^^^^^^^^^^^^^^^^^^^^^^^^^^^^^^^^^^^^^^^^^^^^ | 오류 발생: run_highload_validation_B_UA_envelope (144번 라인) |         [rows, info] = adaptiveSearchB(model, caseStruct, Search, Base); |         ^^^^^^^^^^^^^^^^^^^^^^^^^^^^^^^^^^^^^^^^^^^^^^^^^^^^^^^^^^^^^^^^ | 원인: |     다음 사용 중 오류가 발생함: Simulink.Simulation.internal.DesktopSimHelper |     포트 B에서의 온도는 최대 유효 온도보다 작거나 같아야 합니다. 어설션 발생 위치: |     블록 경로: <a href=""matlab:open_and_hilite_hyperlink ('haps_260818_1722_duct/Fan (MA)1','error')"">haps_260818_1722_duct/Fan (MA)1</a> |     어설션 위치: |         o (위치 정보가 보호되어 있음) |      |      |     오류 발생: Simulink.Simulation.internal.DesktopSimHelper.sim |      |     오류 발생: Simulink.SimulationInput/sim |      |     오류 발생: run_highload_validation_B_UA_envelope>runOneB (371번 라인) |             out=sim(simIn); |             ^^^^^^^^^^^^^^^ |     오류 발생: run_highload_validation_B_UA_envelope>evaluateIfNeededB (345번 라인) |         row=runOneB(model,c,rpm,stage,Search,Base); |         ^^^^^^^^^^^^^^^^^^^^^^^^^^^^^^^^^^^^^^^^^^^ |     오류 발생: run_highload_validation_B_UA_envelope>adaptiveSearchB (275번 라인) |             [Rows,row] = evaluateIfNeededB(Rows,model,c,rpm,'probe',Search,Base); |             ^^^^^^^^^^^^^^^^^^^^^^^^^^^^^^^^^^^^^^^^^^^^^^^^^^^^^^^^^^^^^^^^^^^^^ |     오류 발생: run_highload_validation_B_UA_envelope (144번 라인) |             [rows, info] = adaptiveSearchB(model, caseStruct, Search, Base); |             ^^^^^^^^^^^^^^^^^^^^^^^^^^^^^^^^^^^^^^^^^^^^^^^^^^^^^^^^^^^^^^^^ |     다음 사용 중 오류가 발생함: Simulink.Simulation.internal.DesktopSimHelper |     포트 A에서의 온도는 최대 유효 온도보다 작거나 같아야 합니다. 어설션 발생 위치: |     블록 경로: <a href=""matlab:open_and_hilite_hyperlink ('haps_260818_1722_duct/Local Restriction (MA) #1','error')"">haps_260818_1722_duct/Local Restriction (MA) #1</a> |     어설션 위치: |         o <a href=""matlab:opentoline(which('foundation.moist_air.elements.local_restriction'), 277, 5)"">파일 foundation.moist_air.elements.local_restriction의 라인: 277, 열: 5과(와) 라인: 277, 열: 11 사이</a> |      |      |     오류 발생: Simulink.Simulation.internal.DesktopSimHelper.sim |      |     오류 발생: Simulink.SimulationInput/sim |      |     오류 발생: run_highload_validation_B_UA_envelope>runOneB (371번 라인) |             out=sim(simIn); |             ^^^^^^^^^^^^^^^ |     오류 발생: run_highload_validation_B_UA_envelope>evaluateIfNeededB (345번 라인) |         row=runOneB(model,c,rpm,stage,Search,Base); |         ^^^^^^^^^^^^^^^^^^^^^^^^^^^^^^^^^^^^^^^^^^^ |     오류 발생: run_highload_validation_B_UA_envelope>adaptiveSearchB (275번 라인) |             [Rows,row] = evaluateIfNeededB(Rows,model,c,rpm,'probe',Search,Base); |             ^^^^^^^^^^^^^^^^^^^^^^^^^^^^^^^^^^^^^^^^^^^^^^^^^^^^^^^^^^^^^^^^^^^^^ |     오류 발생: run_highload_validation_B_UA_envelope (144번 라인) |             [rows, info] = adaptiveSearchB(model, caseStruct, Search, Base); |             ^^^^^^^^^^^^^^^^^^^^^^^^^^^^^^^^^^^^^^^^^^^^^^^^^^^^^^^^^^^^^^^^ |     다음 사용 중 오류가 발생함: Simulink.Simulation.internal.DesktopSimHelper |     포트 B에서의 온도는 최대 유효 온도보다 작거나 같아야 합니다. 어설션 발생 위치: |     블록 경로: <a href=""matlab:open_and_hilite_hyperlink ('haps_260818_1722_duct/Local Restriction (MA) #1','error')"">haps_260818_1722_duct/Local Restriction (MA) #1</a> |     어설션 위치: |         o <a href=""matlab:opentoline(which('foundation.moist_air.elements.local_restriction'), 281, 5)"">파일 foundation.moist_air.elements.local_restriction의 라인: 281, 열: 5과(와) 라인: 281, 열: 11 사이</a> |      |      |     오류 발생: Simulink.Simulation.internal.DesktopSimHelper.sim |      |     오류 발생: Simulink.SimulationInput/sim |      |     오류 발생: run_highload_validation_B_UA_envelope>runOneB (371번 라인) |             out=sim(simIn); |             ^^^^^^^^^^^^^^^ |     오류 발생: run_highload_validation_B_UA_envelope>evaluateIfNeededB (345번 라인) |         row=runOneB(model,c,rpm,stage,Search,Base); |         ^^^^^^^^^^^^^^^^^^^^^^^^^^^^^^^^^^^^^^^^^^^ |     오류 발생: run_highload_validation_B_UA_envelope>adaptiveSearchB (275번 라인) |             [Rows,row] = evaluateIfNeededB(Rows,model,c,rpm,'probe',Search,Base); |             ^^^^^^^^^^^^^^^^^^^^^^^^^^^^^^^^^^^^^^^^^^^^^^^^^^^^^^^^^^^^^^^^^^^^^ |     오류 발생: run_highload_validation_B_UA_envelope (144번 라인) |             [rows, info] = adaptiveSearchB(model, caseStruct, Search, Base); |             ^^^^^^^^^^^^^^^^^^^^^^^^^^^^^^^^^^^^^^^^^^^^^^^^^^^^^^^^^^^^^^^^ |     다음 사용 중 오류가 발생함: Simulink.Simulation.internal.DesktopSimHelper |     포트 A에서의 온도는 최대 유효 온도보다 작거나 같아야 합니다. 어설션 발생 위치: |     블록 경로: <a href=""matlab:open_and_hilite_hyperlink ('haps_260818_1722_duct/Pipe (MA)','error')"">haps_260818_1722_duct/Pipe (MA)</a> |     어설션 위치: |         o <a href=""matlab:opentoline(which('foundation.moist_air.elements.pipe'), 975, 5)"">파일 foundation.moist_air.elements.pipe의 라인: 975, 열: 5과(와) 라인: 975, 열: 11 사이</a> |      |      |     오류 발생: Simulink.Simulation.internal.DesktopSimHelper.sim |      |     오류 발생: Simulink.SimulationInput/sim |      |     오류 발생: run_highload_validation_B_UA_envelope>runOneB (371번 라인) |             out=sim(simIn); |             ^^^^^^^^^^^^^^^ |     오류 발생: run_highload_validation_B_UA_envelope>evaluateIfNeededB (345번 라인) |         row=runOneB(model,c,rpm,stage,Search,Base); |         ^^^^^^^^^^^^^^^^^^^^^^^^^^^^^^^^^^^^^^^^^^^ |     오류 발생: run_highload_validation_B_UA_envelope>adaptiveSearchB (275번 라인) |             [Rows,row] = evaluateIfNeededB(Rows,model,c,rpm,'probe',Search,Base); |             ^^^^^^^^^^^^^^^^^^^^^^^^^^^^^^^^^^^^^^^^^^^^^^^^^^^^^^^^^^^^^^^^^^^^^ |     오류 발생: run_highload_validation_B_UA_envelope (144번 라인) |             [rows, info] = adaptiveSearchB(model, caseStruct, Search, Base); |             ^^^^^^^^^^^^^^^^^^^^^^^^^^^^^^^^^^^^^^^^^^^^^^^^^^^^^^^^^^^^^^^^"
10,2550,100,2,1.5,1000,probe,0,0,0,NaN,NaN,NaN,NaN,NaN,NaN,NaN,NaN,NaN,NaN,NaN,NaN,NaN,"다음 사용 중 오류가 발생함: run_highload_validation_B_UA_envelope>runOneB (371번 라인) | ['haps_260818_1722_duct/Solver Configuration']: 시간 3197.718871에서 하나 이상의 어설션이 트리거됩니다. 구체적인 정보를 보려면 원인을 확인하십시오. |  | 오류 발생: run_highload_validation_B_UA_envelope>evaluateIfNeededB (345번 라인) |     row=runOneB(model,c,rpm,stage,Search,Base); |     ^^^^^^^^^^^^^^^^^^^^^^^^^^^^^^^^^^^^^^^^^^^ | 오류 발생: run_highload_validation_B_UA_envelope>adaptiveSearchB (275번 라인) |         [Rows,row] = evaluateIfNeededB(Rows,model,c,rpm,'probe',Search,Base); |         ^^^^^^^^^^^^^^^^^^^^^^^^^^^^^^^^^^^^^^^^^^^^^^^^^^^^^^^^^^^^^^^^^^^^^ | 오류 발생: run_highload_validation_B_UA_envelope (144번 라인) |         [rows, info] = adaptiveSearchB(model, caseStruct, Search, Base); |         ^^^^^^^^^^^^^^^^^^^^^^^^^^^^^^^^^^^^^^^^^^^^^^^^^^^^^^^^^^^^^^^^ | 원인: |     다음 사용 중 오류가 발생함: Simulink.Simulation.internal.DesktopSimHelper |     포트 B에서의 온도는 최대 유효 온도보다 작거나 같아야 합니다. 어설션 발생 위치: |     블록 경로: <a href=""matlab:open_and_hilite_hyperlink ('haps_260818_1722_duct/Fan (MA)1','error')"">haps_260818_1722_duct/Fan (MA)1</a> |     어설션 위치: |         o (위치 정보가 보호되어 있음) |      |      |     오류 발생: Simulink.Simulation.internal.DesktopSimHelper.sim |      |     오류 발생: Simulink.SimulationInput/sim |      |     오류 발생: run_highload_validation_B_UA_envelope>runOneB (371번 라인) |             out=sim(simIn); |             ^^^^^^^^^^^^^^^ |     오류 발생: run_highload_validation_B_UA_envelope>evaluateIfNeededB (345번 라인) |         row=runOneB(model,c,rpm,stage,Search,Base); |         ^^^^^^^^^^^^^^^^^^^^^^^^^^^^^^^^^^^^^^^^^^^ |     오류 발생: run_highload_validation_B_UA_envelope>adaptiveSearchB (275번 라인) |             [Rows,row] = evaluateIfNeededB(Rows,model,c,rpm,'probe',Search,Base); |             ^^^^^^^^^^^^^^^^^^^^^^^^^^^^^^^^^^^^^^^^^^^^^^^^^^^^^^^^^^^^^^^^^^^^^ |     오류 발생: run_highload_validation_B_UA_envelope (144번 라인) |             [rows, info] = adaptiveSearchB(model, caseStruct, Search, Base); |             ^^^^^^^^^^^^^^^^^^^^^^^^^^^^^^^^^^^^^^^^^^^^^^^^^^^^^^^^^^^^^^^^ |     다음 사용 중 오류가 발생함: Simulink.Simulation.internal.DesktopSimHelper |     포트 A에서의 온도는 최대 유효 온도보다 작거나 같아야 합니다. 어설션 발생 위치: |     블록 경로: <a href=""matlab:open_and_hilite_hyperlink ('haps_260818_1722_duct/Local Restriction (MA) #1','error')"">haps_260818_1722_duct/Local Restriction (MA) #1</a> |     어설션 위치: |         o <a href=""matlab:opentoline(which('foundation.moist_air.elements.local_restriction'), 277, 5)"">파일 foundation.moist_air.elements.local_restriction의 라인: 277, 열: 5과(와) 라인: 277, 열: 11 사이</a> |      |      |     오류 발생: Simulink.Simulation.internal.DesktopSimHelper.sim |      |     오류 발생: Simulink.SimulationInput/sim |      |     오류 발생: run_highload_validation_B_UA_envelope>runOneB (371번 라인) |             out=sim(simIn); |             ^^^^^^^^^^^^^^^ |     오류 발생: run_highload_validation_B_UA_envelope>evaluateIfNeededB (345번 라인) |         row=runOneB(model,c,rpm,stage,Search,Base); |         ^^^^^^^^^^^^^^^^^^^^^^^^^^^^^^^^^^^^^^^^^^^ |     오류 발생: run_highload_validation_B_UA_envelope>adaptiveSearchB (275번 라인) |             [Rows,row] = evaluateIfNeededB(Rows,model,c,rpm,'probe',Search,Base); |             ^^^^^^^^^^^^^^^^^^^^^^^^^^^^^^^^^^^^^^^^^^^^^^^^^^^^^^^^^^^^^^^^^^^^^ |     오류 발생: run_highload_validation_B_UA_envelope (144번 라인) |             [rows, info] = adaptiveSearchB(model, caseStruct, Search, Base); |             ^^^^^^^^^^^^^^^^^^^^^^^^^^^^^^^^^^^^^^^^^^^^^^^^^^^^^^^^^^^^^^^^"
10,2550,100,2,1.5,1500,probe,0,1,0,589.418438364851,540.864186717665,251.36874217358,0.016363122750396,0.014275612346564,7.01651895140787,6.12134350835208,0.0281322867769309,0.0311926823793279,20.0757524297175,1.12320951793209,1.32142296227305,0.0518205083244333,""
10,2550,100,2,1.5,2000,probe,0,1,0,505.903706898758,454.509844736636,252.786556688885,0.00622682648942755,0.00511015524163252,2.52720703505076,2.073989193096,0.0484375558317437,0.0546002005208798,33.2589791421196,2.83271019507589,3.33260022950104,0.130690205078472,""
10,2550,100,2,1.5,2500,probe,0,1,0,457.509080214685,405.184902051172,253.272203963486,0.00284215823288186,0.0022060978570256,1.41028030377544,1.09466604384068,0.0719465415730267,0.081900956019205,48.0604639011387,5.80280184852699,6.82682570414939,0.267718655064682,""
10,2550,100,2,1.5,2675,probe,0,1,0,445.591109734451,393.076251498818,253.377705523916,0.00217631354378127,0.00166004878041608,1.02993292423548,0.785609854737231,0.0806781073043429,0.0920641770422001,53.5177909273916,7.20675390688089,8.47853400809516,0.332491529729222,""
10,2550,100,2,1.5,3000,probe,0,1,0,428.273942573704,375.528092991404,253.513991651914,0.0013552445963453,0.000998942852528098,0.629390025946975,0.463918038596319,0.0967802541896164,0.110827275368285,63.6291867798742,10.3874101829185,12.2204825681395,0.479234610515273,""
10,2550,100,2,1.5,4000,probe,0,1,0,399.34574395116,346.373442427712,253.695930431381,0.000544768543734877,0.000375829349846152,0.257214310361746,0.177449155954434,0.138671281115505,0.159729348804567,91.3535419572678,25.5402047023317,30.047299649802,1.17832547646282,""
10,2550,100,2,1.5,5000,probe,0,1,0,383.16265449082,330.119478400791,253.824073861649,0.000289538566562529,0.000190373080461976,0.143665372145449,0.0944607240259643,0.177912209865635,0.205582664762983,122.412375864044,50.6924950117127,59.6382294255444,2.33875409511939,""
10,2550,100,2,1.5,6750,expanded_probe,1,1,0,367.145599019829,314.053748791076,254.135539321577,0.000120041269804362,7.4157590335816e-05,0.0505996155232538,0.0312587994877163,0.24244207858746,0.280978637530612,207.667158188885,125.482362508302,147.626308833297,5.78926701307046,""
10,2550,100,2,1.5,9125,expanded_probe,1,1,0,355.555741846556,302.446758239021,254.863199606048,5.75757373459938e-05,3.34620374338835e-05,0.0258509048387054,0.0150240941471793,0.328533313822515,0.381440574991412,371.945915645289,310.495759010838,365.289128248044,14.3250638528645,""
10,2550,100,2,1.5,12000,expanded_probe,1,1,0,348.90969872567,295.792756382267,256.405560139305,2.93322542982888e-05,1.61231127015137e-05,0.0120167845533956,0.00660528766059088,0.432434666429192,0.502348512246687,638.250289121507,706.578157800469,831.268420941729,32.598761605558,""
11,2550,125,2.5,1.5,750,probe,0,0,0,NaN,NaN,NaN,NaN,NaN,NaN,NaN,NaN,NaN,NaN,NaN,NaN,NaN,"다음 사용 중 오류가 발생함: run_highload_validation_B_UA_envelope>runOneB (371번 라인) | ['haps_260818_1722_duct/Solver Configuration']: 시간 2158.988892에서 하나 이상의 어설션이 트리거됩니다. 구체적인 정보를 보려면 원인을 확인하십시오. |  | 오류 발생: run_highload_validation_B_UA_envelope>evaluateIfNeededB (345번 라인) |     row=runOneB(model,c,rpm,stage,Search,Base); |     ^^^^^^^^^^^^^^^^^^^^^^^^^^^^^^^^^^^^^^^^^^^ | 오류 발생: run_highload_validation_B_UA_envelope>adaptiveSearchB (275번 라인) |         [Rows,row] = evaluateIfNeededB(Rows,model,c,rpm,'probe',Search,Base); |         ^^^^^^^^^^^^^^^^^^^^^^^^^^^^^^^^^^^^^^^^^^^^^^^^^^^^^^^^^^^^^^^^^^^^^ | 오류 발생: run_highload_validation_B_UA_envelope (144번 라인) |         [rows, info] = adaptiveSearchB(model, caseStruct, Search, Base); |         ^^^^^^^^^^^^^^^^^^^^^^^^^^^^^^^^^^^^^^^^^^^^^^^^^^^^^^^^^^^^^^^^ | 원인: |     다음 사용 중 오류가 발생함: Simulink.Simulation.internal.DesktopSimHelper |     포트 B에서의 온도는 최대 유효 온도보다 작거나 같아야 합니다. 어설션 발생 위치: |     블록 경로: <a href=""matlab:open_and_hilite_hyperlink ('haps_260818_1722_duct/Fan (MA)1','error')"">haps_260818_1722_duct/Fan (MA)1</a> |     어설션 위치: |         o (위치 정보가 보호되어 있음) |      |      |     오류 발생: Simulink.Simulation.internal.DesktopSimHelper.sim |      |     오류 발생: Simulink.SimulationInput/sim |      |     오류 발생: run_highload_validation_B_UA_envelope>runOneB (371번 라인) |             out=sim(simIn); |             ^^^^^^^^^^^^^^^ |     오류 발생: run_highload_validation_B_UA_envelope>evaluateIfNeededB (345번 라인) |         row=runOneB(model,c,rpm,stage,Search,Base); |         ^^^^^^^^^^^^^^^^^^^^^^^^^^^^^^^^^^^^^^^^^^^ |     오류 발생: run_highload_validation_B_UA_envelope>adaptiveSearchB (275번 라인) |             [Rows,row] = evaluateIfNeededB(Rows,model,c,rpm,'probe',Search,Base); |             ^^^^^^^^^^^^^^^^^^^^^^^^^^^^^^^^^^^^^^^^^^^^^^^^^^^^^^^^^^^^^^^^^^^^^ |     오류 발생: run_highload_validation_B_UA_envelope (144번 라인) |             [rows, info] = adaptiveSearchB(model, caseStruct, Search, Base); |             ^^^^^^^^^^^^^^^^^^^^^^^^^^^^^^^^^^^^^^^^^^^^^^^^^^^^^^^^^^^^^^^^ |     다음 사용 중 오류가 발생함: Simulink.Simulation.internal.DesktopSimHelper |     포트 A에서의 온도는 최대 유효 온도보다 작거나 같아야 합니다. 어설션 발생 위치: |     블록 경로: <a href=""matlab:open_and_hilite_hyperlink ('haps_260818_1722_duct/Local Restriction (MA) #1','error')"">haps_260818_1722_duct/Local Restriction (MA) #1</a> |     어설션 위치: |         o <a href=""matlab:opentoline(which('foundation.moist_air.elements.local_restriction'), 277, 5)"">파일 foundation.moist_air.elements.local_restriction의 라인: 277, 열: 5과(와) 라인: 277, 열: 11 사이</a> |      |      |     오류 발생: Simulink.Simulation.internal.DesktopSimHelper.sim |      |     오류 발생: Simulink.SimulationInput/sim |      |     오류 발생: run_highload_validation_B_UA_envelope>runOneB (371번 라인) |             out=sim(simIn); |             ^^^^^^^^^^^^^^^ |     오류 발생: run_highload_validation_B_UA_envelope>evaluateIfNeededB (345번 라인) |         row=runOneB(model,c,rpm,stage,Search,Base); |         ^^^^^^^^^^^^^^^^^^^^^^^^^^^^^^^^^^^^^^^^^^^ |     오류 발생: run_highload_validation_B_UA_envelope>adaptiveSearchB (275번 라인) |             [Rows,row] = evaluateIfNeededB(Rows,model,c,rpm,'probe',Search,Base); |             ^^^^^^^^^^^^^^^^^^^^^^^^^^^^^^^^^^^^^^^^^^^^^^^^^^^^^^^^^^^^^^^^^^^^^ |     오류 발생: run_highload_validation_B_UA_envelope (144번 라인) |             [rows, info] = adaptiveSearchB(model, caseStruct, Search, Base); |             ^^^^^^^^^^^^^^^^^^^^^^^^^^^^^^^^^^^^^^^^^^^^^^^^^^^^^^^^^^^^^^^^ |     다음 사용 중 오류가 발생함: Simulink.Simulation.internal.DesktopSimHelper |     포트 B에서의 온도는 최대 유효 온도보다 작거나 같아야 합니다. 어설션 발생 위치: |     블록 경로: <a href=""matlab:open_and_hilite_hyperlink ('haps_260818_1722_duct/Local Restriction (MA) #1','error')"">haps_260818_1722_duct/Local Restriction (MA) #1</a> |     어설션 위치: |         o <a href=""matlab:opentoline(which('foundation.moist_air.elements.local_restriction'), 281, 5)"">파일 foundation.moist_air.elements.local_restriction의 라인: 281, 열: 5과(와) 라인: 281, 열: 11 사이</a> |      |      |     오류 발생: Simulink.Simulation.internal.DesktopSimHelper.sim |      |     오류 발생: Simulink.SimulationInput/sim |      |     오류 발생: run_highload_validation_B_UA_envelope>runOneB (371번 라인) |             out=sim(simIn); |             ^^^^^^^^^^^^^^^ |     오류 발생: run_highload_validation_B_UA_envelope>evaluateIfNeededB (345번 라인) |         row=runOneB(model,c,rpm,stage,Search,Base); |         ^^^^^^^^^^^^^^^^^^^^^^^^^^^^^^^^^^^^^^^^^^^ |     오류 발생: run_highload_validation_B_UA_envelope>adaptiveSearchB (275번 라인) |             [Rows,row] = evaluateIfNeededB(Rows,model,c,rpm,'probe',Search,Base); |             ^^^^^^^^^^^^^^^^^^^^^^^^^^^^^^^^^^^^^^^^^^^^^^^^^^^^^^^^^^^^^^^^^^^^^ |     오류 발생: run_highload_validation_B_UA_envelope (144번 라인) |             [rows, info] = adaptiveSearchB(model, caseStruct, Search, Base); |             ^^^^^^^^^^^^^^^^^^^^^^^^^^^^^^^^^^^^^^^^^^^^^^^^^^^^^^^^^^^^^^^^ |     다음 사용 중 오류가 발생함: Simulink.Simulation.internal.DesktopSimHelper |     포트 A에서의 온도는 최대 유효 온도보다 작거나 같아야 합니다. 어설션 발생 위치: |     블록 경로: <a href=""matlab:open_and_hilite_hyperlink ('haps_260818_1722_duct/Pipe (MA)','error')"">haps_260818_1722_duct/Pipe (MA)</a> |     어설션 위치: |         o <a href=""matlab:opentoline(which('foundation.moist_air.elements.pipe'), 975, 5)"">파일 foundation.moist_air.elements.pipe의 라인: 975, 열: 5과(와) 라인: 975, 열: 11 사이</a> |      |      |     오류 발생: Simulink.Simulation.internal.DesktopSimHelper.sim |      |     오류 발생: Simulink.SimulationInput/sim |      |     오류 발생: run_highload_validation_B_UA_envelope>runOneB (371번 라인) |             out=sim(simIn); |             ^^^^^^^^^^^^^^^ |     오류 발생: run_highload_validation_B_UA_envelope>evaluateIfNeededB (345번 라인) |         row=runOneB(model,c,rpm,stage,Search,Base); |         ^^^^^^^^^^^^^^^^^^^^^^^^^^^^^^^^^^^^^^^^^^^ |     오류 발생: run_highload_validation_B_UA_envelope>adaptiveSearchB (275번 라인) |             [Rows,row] = evaluateIfNeededB(Rows,model,c,rpm,'probe',Search,Base); |             ^^^^^^^^^^^^^^^^^^^^^^^^^^^^^^^^^^^^^^^^^^^^^^^^^^^^^^^^^^^^^^^^^^^^^ |     오류 발생: run_highload_validation_B_UA_envelope (144번 라인) |             [rows, info] = adaptiveSearchB(model, caseStruct, Search, Base); |             ^^^^^^^^^^^^^^^^^^^^^^^^^^^^^^^^^^^^^^^^^^^^^^^^^^^^^^^^^^^^^^^^"
11,2550,125,2.5,1.5,1000,probe,0,0,0,NaN,NaN,NaN,NaN,NaN,NaN,NaN,NaN,NaN,NaN,NaN,NaN,NaN,"다음 사용 중 오류가 발생함: run_highload_validation_B_UA_envelope>runOneB (371번 라인) | ['haps_260818_1722_duct/Solver Configuration']: 시간 3233.796951에서 하나 이상의 어설션이 트리거됩니다. 구체적인 정보를 보려면 원인을 확인하십시오. |  | 오류 발생: run_highload_validation_B_UA_envelope>evaluateIfNeededB (345번 라인) |     row=runOneB(model,c,rpm,stage,Search,Base); |     ^^^^^^^^^^^^^^^^^^^^^^^^^^^^^^^^^^^^^^^^^^^ | 오류 발생: run_highload_validation_B_UA_envelope>adaptiveSearchB (275번 라인) |         [Rows,row] = evaluateIfNeededB(Rows,model,c,rpm,'probe',Search,Base); |         ^^^^^^^^^^^^^^^^^^^^^^^^^^^^^^^^^^^^^^^^^^^^^^^^^^^^^^^^^^^^^^^^^^^^^ | 오류 발생: run_highload_validation_B_UA_envelope (144번 라인) |         [rows, info] = adaptiveSearchB(model, caseStruct, Search, Base); |         ^^^^^^^^^^^^^^^^^^^^^^^^^^^^^^^^^^^^^^^^^^^^^^^^^^^^^^^^^^^^^^^^ | 원인: |     다음 사용 중 오류가 발생함: Simulink.Simulation.internal.DesktopSimHelper |     포트 B에서의 온도는 최대 유효 온도보다 작거나 같아야 합니다. 어설션 발생 위치: |     블록 경로: <a href=""matlab:open_and_hilite_hyperlink ('haps_260818_1722_duct/Fan (MA)1','error')"">haps_260818_1722_duct/Fan (MA)1</a> |     어설션 위치: |         o (위치 정보가 보호되어 있음) |      |      |     오류 발생: Simulink.Simulation.internal.DesktopSimHelper.sim |      |     오류 발생: Simulink.SimulationInput/sim |      |     오류 발생: run_highload_validation_B_UA_envelope>runOneB (371번 라인) |             out=sim(simIn); |             ^^^^^^^^^^^^^^^ |     오류 발생: run_highload_validation_B_UA_envelope>evaluateIfNeededB (345번 라인) |         row=runOneB(model,c,rpm,stage,Search,Base); |         ^^^^^^^^^^^^^^^^^^^^^^^^^^^^^^^^^^^^^^^^^^^ |     오류 발생: run_highload_validation_B_UA_envelope>adaptiveSearchB (275번 라인) |             [Rows,row] = evaluateIfNeededB(Rows,model,c,rpm,'probe',Search,Base); |             ^^^^^^^^^^^^^^^^^^^^^^^^^^^^^^^^^^^^^^^^^^^^^^^^^^^^^^^^^^^^^^^^^^^^^ |     오류 발생: run_highload_validation_B_UA_envelope (144번 라인) |             [rows, info] = adaptiveSearchB(model, caseStruct, Search, Base); |             ^^^^^^^^^^^^^^^^^^^^^^^^^^^^^^^^^^^^^^^^^^^^^^^^^^^^^^^^^^^^^^^^ |     다음 사용 중 오류가 발생함: Simulink.Simulation.internal.DesktopSimHelper |     포트 A에서의 온도는 최대 유효 온도보다 작거나 같아야 합니다. 어설션 발생 위치: |     블록 경로: <a href=""matlab:open_and_hilite_hyperlink ('haps_260818_1722_duct/Local Restriction (MA) #1','error')"">haps_260818_1722_duct/Local Restriction (MA) #1</a> |     어설션 위치: |         o <a href=""matlab:opentoline(which('foundation.moist_air.elements.local_restriction'), 277, 5)"">파일 foundation.moist_air.elements.local_restriction의 라인: 277, 열: 5과(와) 라인: 277, 열: 11 사이</a> |      |      |     오류 발생: Simulink.Simulation.internal.DesktopSimHelper.sim |      |     오류 발생: Simulink.SimulationInput/sim |      |     오류 발생: run_highload_validation_B_UA_envelope>runOneB (371번 라인) |             out=sim(simIn); |             ^^^^^^^^^^^^^^^ |     오류 발생: run_highload_validation_B_UA_envelope>evaluateIfNeededB (345번 라인) |         row=runOneB(model,c,rpm,stage,Search,Base); |         ^^^^^^^^^^^^^^^^^^^^^^^^^^^^^^^^^^^^^^^^^^^ |     오류 발생: run_highload_validation_B_UA_envelope>adaptiveSearchB (275번 라인) |             [Rows,row] = evaluateIfNeededB(Rows,model,c,rpm,'probe',Search,Base); |             ^^^^^^^^^^^^^^^^^^^^^^^^^^^^^^^^^^^^^^^^^^^^^^^^^^^^^^^^^^^^^^^^^^^^^ |     오류 발생: run_highload_validation_B_UA_envelope (144번 라인) |             [rows, info] = adaptiveSearchB(model, caseStruct, Search, Base); |             ^^^^^^^^^^^^^^^^^^^^^^^^^^^^^^^^^^^^^^^^^^^^^^^^^^^^^^^^^^^^^^^^"
11,2550,125,2.5,1.5,1500,probe,0,1,0,583.789142991388,535.181213289962,245.759421630626,0.0160637947976351,0.0139837476414872,7.89389132737745,6.87175181306714,0.0282764121808264,0.0313364298628855,20.0547366394167,1.12448654720202,1.32292534964944,0.0518794254764487,""
11,2550,125,2.5,1.5,2000,probe,0,1,0,500.222998792219,448.745936098374,246.899760964038,0.00590460739531043,0.00482424468035715,2.60979727901332,2.13227938398035,0.0486919997643446,0.0548624726135205,33.1950952140275,2.83662252899921,3.33720297529319,0.130870704913459,""
11,2550,125,2.5,1.5,2500,probe,0,1,0,451.868698228955,399.438873715566,247.294868700555,0.00249307460698979,0.00192139121595152,1.11017293409424,0.85560027687103,0.0723092741707551,0.0822809089155252,47.9252045395163,5.81125405395861,6.83676947524542,0.26810860687237,""
11,2550,125,2.5,1.5,2675,probe,0,1,0,439.841246522035,387.236539698434,247.372231340573,0.00187431689843129,0.00141961743034658,0.788425104721057,0.597157862644053,0.0810800214205384,0.092487475177816,53.3497374334256,7.21734657844959,8.49099597464658,0.332980234299866,""
11,2550,125,2.5,1.5,3000,probe,0,1,0,422.488972662773,369.698311542515,247.461779308245,0.00118891102834622,0.000867121940211349,0.576815231564524,0.420694658689797,0.0970954636145421,0.111148190146378,63.3073767650155,10.4013070148985,12.2368317822335,0.479875756166019,""
11,2550,125,2.5,1.5,4000,probe,0,1,0,393.518313496876,340.521842484386,247.597333333541,0.000454414880040921,0.000308673434709691,0.227551500058894,0.154570481384496,0.138862996803094,0.159900026229444,90.7367824272878,25.5612150870764,30.0720177495017,1.17929481370595,""
11,2550,125,2.5,1.5,5000,probe,0,1,0,377.293382738536,324.228606368548,247.698119734313,0.000216277889027941,0.000139343826920944,0.0973386367934381,0.0627134614041438,0.178052212219662,0.205687306329851,121.725887652232,50.7180688590852,59.6683163048061,2.33993397273749,""
11,2550,125,2.5,1.5,6750,expanded_probe,1,1,0,361.157454151995,308.056713592688,247.941848688062,8.74807837039394e-05,5.25681332595898e-05,0.038357361716578,0.0230492952624672,0.242495444594361,0.280973050423628,207.291070863641,125.500469796153,147.647611524885,5.79010241274061,""
11,2550,125,2.5,1.5,9125,expanded_probe,1,1,0,349.425772921012,296.31112578184,248.521336086906,3.73389331130763e-05,2.09222372710973e-05,0.0164306462185095,0.00920662607126133,0.328613467652789,0.381111449781013,371.169917194619,310.545698448793,365.347880527992,14.3273678638428,""
11,2550,125,2.5,1.5,12000,expanded_probe,1,1,0,342.449799927572,289.330227752894,249.751964031694,1.92007565552433e-05,1.00790760839659e-05,0.00934826821435308,0.00490719760074398,0.432529090427856,0.501700422418229,637.041012382819,706.680076352181,831.388325120213,32.6034637302045,""
12,2550,150,3,1.5,750,probe,0,0,0,NaN,NaN,NaN,NaN,NaN,NaN,NaN,NaN,NaN,NaN,NaN,NaN,NaN,"다음 사용 중 오류가 발생함: run_highload_validation_B_UA_envelope>runOneB (371번 라인) | ['haps_260818_1722_duct/Solver Configuration']: 시간 2162.896948에서 하나 이상의 어설션이 트리거됩니다. 구체적인 정보를 보려면 원인을 확인하십시오. |  | 오류 발생: run_highload_validation_B_UA_envelope>evaluateIfNeededB (345번 라인) |     row=runOneB(model,c,rpm,stage,Search,Base); |     ^^^^^^^^^^^^^^^^^^^^^^^^^^^^^^^^^^^^^^^^^^^ | 오류 발생: run_highload_validation_B_UA_envelope>adaptiveSearchB (275번 라인) |         [Rows,row] = evaluateIfNeededB(Rows,model,c,rpm,'probe',Search,Base); |         ^^^^^^^^^^^^^^^^^^^^^^^^^^^^^^^^^^^^^^^^^^^^^^^^^^^^^^^^^^^^^^^^^^^^^ | 오류 발생: run_highload_validation_B_UA_envelope (144번 라인) |         [rows, info] = adaptiveSearchB(model, caseStruct, Search, Base); |         ^^^^^^^^^^^^^^^^^^^^^^^^^^^^^^^^^^^^^^^^^^^^^^^^^^^^^^^^^^^^^^^^ | 원인: |     다음 사용 중 오류가 발생함: Simulink.Simulation.internal.DesktopSimHelper |     포트 B에서의 온도는 최대 유효 온도보다 작거나 같아야 합니다. 어설션 발생 위치: |     블록 경로: <a href=""matlab:open_and_hilite_hyperlink ('haps_260818_1722_duct/Fan (MA)1','error')"">haps_260818_1722_duct/Fan (MA)1</a> |     어설션 위치: |         o (위치 정보가 보호되어 있음) |      |      |     오류 발생: Simulink.Simulation.internal.DesktopSimHelper.sim |      |     오류 발생: Simulink.SimulationInput/sim |      |     오류 발생: run_highload_validation_B_UA_envelope>runOneB (371번 라인) |             out=sim(simIn); |             ^^^^^^^^^^^^^^^ |     오류 발생: run_highload_validation_B_UA_envelope>evaluateIfNeededB (345번 라인) |         row=runOneB(model,c,rpm,stage,Search,Base); |         ^^^^^^^^^^^^^^^^^^^^^^^^^^^^^^^^^^^^^^^^^^^ |     오류 발생: run_highload_validation_B_UA_envelope>adaptiveSearchB (275번 라인) |             [Rows,row] = evaluateIfNeededB(Rows,model,c,rpm,'probe',Search,Base); |             ^^^^^^^^^^^^^^^^^^^^^^^^^^^^^^^^^^^^^^^^^^^^^^^^^^^^^^^^^^^^^^^^^^^^^ |     오류 발생: run_highload_validation_B_UA_envelope (144번 라인) |             [rows, info] = adaptiveSearchB(model, caseStruct, Search, Base); |             ^^^^^^^^^^^^^^^^^^^^^^^^^^^^^^^^^^^^^^^^^^^^^^^^^^^^^^^^^^^^^^^^ |     다음 사용 중 오류가 발생함: Simulink.Simulation.internal.DesktopSimHelper |     포트 A에서의 온도는 최대 유효 온도보다 작거나 같아야 합니다. 어설션 발생 위치: |     블록 경로: <a href=""matlab:open_and_hilite_hyperlink ('haps_260818_1722_duct/Local Restriction (MA) #1','error')"">haps_260818_1722_duct/Local Restriction (MA) #1</a> |     어설션 위치: |         o <a href=""matlab:opentoline(which('foundation.moist_air.elements.local_restriction'), 277, 5)"">파일 foundation.moist_air.elements.local_restriction의 라인: 277, 열: 5과(와) 라인: 277, 열: 11 사이</a> |      |      |     오류 발생: Simulink.Simulation.internal.DesktopSimHelper.sim |      |     오류 발생: Simulink.SimulationInput/sim |      |     오류 발생: run_highload_validation_B_UA_envelope>runOneB (371번 라인) |             out=sim(simIn); |             ^^^^^^^^^^^^^^^ |     오류 발생: run_highload_validation_B_UA_envelope>evaluateIfNeededB (345번 라인) |         row=runOneB(model,c,rpm,stage,Search,Base); |         ^^^^^^^^^^^^^^^^^^^^^^^^^^^^^^^^^^^^^^^^^^^ |     오류 발생: run_highload_validation_B_UA_envelope>adaptiveSearchB (275번 라인) |             [Rows,row] = evaluateIfNeededB(Rows,model,c,rpm,'probe',Search,Base); |             ^^^^^^^^^^^^^^^^^^^^^^^^^^^^^^^^^^^^^^^^^^^^^^^^^^^^^^^^^^^^^^^^^^^^^ |     오류 발생: run_highload_validation_B_UA_envelope (144번 라인) |             [rows, info] = adaptiveSearchB(model, caseStruct, Search, Base); |             ^^^^^^^^^^^^^^^^^^^^^^^^^^^^^^^^^^^^^^^^^^^^^^^^^^^^^^^^^^^^^^^^"
12,2550,150,3,1.5,1000,probe,0,0,0,NaN,NaN,NaN,NaN,NaN,NaN,NaN,NaN,NaN,NaN,NaN,NaN,NaN,"다음 사용 중 오류가 발생함: run_highload_validation_B_UA_envelope>runOneB (371번 라인) | ['haps_260818_1722_duct/Solver Configuration']: 시간 3258.811116에서 하나 이상의 어설션이 트리거됩니다. 구체적인 정보를 보려면 원인을 확인하십시오. |  | 오류 발생: run_highload_validation_B_UA_envelope>evaluateIfNeededB (345번 라인) |     row=runOneB(model,c,rpm,stage,Search,Base); |     ^^^^^^^^^^^^^^^^^^^^^^^^^^^^^^^^^^^^^^^^^^^ | 오류 발생: run_highload_validation_B_UA_envelope>adaptiveSearchB (275번 라인) |         [Rows,row] = evaluateIfNeededB(Rows,model,c,rpm,'probe',Search,Base); |         ^^^^^^^^^^^^^^^^^^^^^^^^^^^^^^^^^^^^^^^^^^^^^^^^^^^^^^^^^^^^^^^^^^^^^ | 오류 발생: run_highload_validation_B_UA_envelope (144번 라인) |         [rows, info] = adaptiveSearchB(model, caseStruct, Search, Base); |         ^^^^^^^^^^^^^^^^^^^^^^^^^^^^^^^^^^^^^^^^^^^^^^^^^^^^^^^^^^^^^^^^ | 원인: |     다음 사용 중 오류가 발생함: Simulink.Simulation.internal.DesktopSimHelper |     포트 B에서의 온도는 최대 유효 온도보다 작거나 같아야 합니다. 어설션 발생 위치: |     블록 경로: <a href=""matlab:open_and_hilite_hyperlink ('haps_260818_1722_duct/Fan (MA)1','error')"">haps_260818_1722_duct/Fan (MA)1</a> |     어설션 위치: |         o (위치 정보가 보호되어 있음) |      |      |     오류 발생: Simulink.Simulation.internal.DesktopSimHelper.sim |      |     오류 발생: Simulink.SimulationInput/sim |      |     오류 발생: run_highload_validation_B_UA_envelope>runOneB (371번 라인) |             out=sim(simIn); |             ^^^^^^^^^^^^^^^ |     오류 발생: run_highload_validation_B_UA_envelope>evaluateIfNeededB (345번 라인) |         row=runOneB(model,c,rpm,stage,Search,Base); |         ^^^^^^^^^^^^^^^^^^^^^^^^^^^^^^^^^^^^^^^^^^^ |     오류 발생: run_highload_validation_B_UA_envelope>adaptiveSearchB (275번 라인) |             [Rows,row] = evaluateIfNeededB(Rows,model,c,rpm,'probe',Search,Base); |             ^^^^^^^^^^^^^^^^^^^^^^^^^^^^^^^^^^^^^^^^^^^^^^^^^^^^^^^^^^^^^^^^^^^^^ |     오류 발생: run_highload_validation_B_UA_envelope (144번 라인) |             [rows, info] = adaptiveSearchB(model, caseStruct, Search, Base); |             ^^^^^^^^^^^^^^^^^^^^^^^^^^^^^^^^^^^^^^^^^^^^^^^^^^^^^^^^^^^^^^^^ |     다음 사용 중 오류가 발생함: Simulink.Simulation.internal.DesktopSimHelper |     포트 A에서의 온도는 최대 유효 온도보다 작거나 같아야 합니다. 어설션 발생 위치: |     블록 경로: <a href=""matlab:open_and_hilite_hyperlink ('haps_260818_1722_duct/Local Restriction (MA) #1','error')"">haps_260818_1722_duct/Local Restriction (MA) #1</a> |     어설션 위치: |         o <a href=""matlab:opentoline(which('foundation.moist_air.elements.local_restriction'), 277, 5)"">파일 foundation.moist_air.elements.local_restriction의 라인: 277, 열: 5과(와) 라인: 277, 열: 11 사이</a> |      |      |     오류 발생: Simulink.Simulation.internal.DesktopSimHelper.sim |      |     오류 발생: Simulink.SimulationInput/sim |      |     오류 발생: run_highload_validation_B_UA_envelope>runOneB (371번 라인) |             out=sim(simIn); |             ^^^^^^^^^^^^^^^ |     오류 발생: run_highload_validation_B_UA_envelope>evaluateIfNeededB (345번 라인) |         row=runOneB(model,c,rpm,stage,Search,Base); |         ^^^^^^^^^^^^^^^^^^^^^^^^^^^^^^^^^^^^^^^^^^^ |     오류 발생: run_highload_validation_B_UA_envelope>adaptiveSearchB (275번 라인) |             [Rows,row] = evaluateIfNeededB(Rows,model,c,rpm,'probe',Search,Base); |             ^^^^^^^^^^^^^^^^^^^^^^^^^^^^^^^^^^^^^^^^^^^^^^^^^^^^^^^^^^^^^^^^^^^^^ |     오류 발생: run_highload_validation_B_UA_envelope (144번 라인) |             [rows, info] = adaptiveSearchB(model, caseStruct, Search, Base); |             ^^^^^^^^^^^^^^^^^^^^^^^^^^^^^^^^^^^^^^^^^^^^^^^^^^^^^^^^^^^^^^^^"
12,2550,150,3,1.5,1500,probe,0,1,0,581.416232582059,532.590340167637,242.070311231887,0.0153913555594016,0.013379430043085,6.61927419632548,5.75399080523823,0.0283547423433549,0.0314080447826118,20.0432708762431,1.12518041684782,1.32374166687979,0.0519114379168544,""
12,2550,150,3,1.5,2000,probe,0,1,0,496.457002817679,444.917895289511,242.965924250627,0.0056696424120297,0.00461846978181058,2.59546803984517,2.11425469421039,0.0488638309017781,0.0550390204673465,33.1517633641779,2.8392630971314,3.34030952603694,0.130992530432821,""
12,2550,150,3,1.5,2500,probe,0,1,0,447.998402427022,395.52035617373,243.288964567533,0.00232072411743076,0.0017795014571047,1.03152755317535,0.790961523532587,0.0725588255350595,0.0825428040246007,47.8317541916161,5.81706310349372,6.84360365116908,0.268376613771337,""
12,2550,150,3,1.5,2675,probe,0,1,0,435.90020847637,383.256051860661,243.350092211521,0.00172920372349567,0.00130173480259185,0.747812166369044,0.562885458792834,0.0813565063235349,0.0927791447184789,53.2336450989727,7.22462474891878,8.49955852813974,0.333316020711362,""
12,2550,150,3,1.5,3000,probe,0,1,0,418.655580795034,365.829048812091,243.423057960013,0.00106653615399451,0.000772129091068394,0.497003089459383,0.359809472787447,0.097300869624558,0.111356151451701,63.0872432663309,10.4105475174767,12.2477029617373,0.480302076930874,""
12,2550,150,3,1.5,4000,probe,0,1,0,389.664584732805,336.64169567753,243.532043607859,0.000369552218682785,0.000248336367962848,0.153313358704565,0.103025478578445,0.138990313188868,0.160011770233512,90.3232391712736,25.5752137420771,30.0884867553848,1.17994065707392,""
12,2550,150,3,1.5,5000,probe,0,1,0,373.367959822208,320.293280225524,243.609988427213,0.000180857574192924,0.00011487830920223,0.0809754408633125,0.0514345140583146,0.178144912806686,0.205755209890369,121.269236124295,50.735026376842,59.6882663256965,2.3407163264979,""
12,2550,150,3,1.5,6750,expanded_probe,1,1,0,357.222418365219,304.118338674092,243.810600079925,7.37759959443228e-05,4.34767869771352e-05,0.0368087159265542,0.021691671026133,0.242551227377448,0.280752647423686,206.897358847246,125.519405584368,147.669888922786,5.79097603618767,""
12,2550,150,3,1.5,9125,expanded_probe,1,1,0,345.352231249136,292.234806047371,244.292675196246,2.74097675329081e-05,1.49603336210153e-05,0.0118095075794713,0.00644565519553453,0.328674134475639,0.380812935614754,370.581746556529,310.583512426834,365.392367560981,14.3291124533718,""
12,2550,150,3,1.5,12000,expanded_probe,1,1,0,338.146691005746,285.025149959487,245.316963488843,1.25019087206694e-05,6.3444832009227e-06,0.00545144109628382,0.00276650361138309,0.432592321223459,0.501264539446453,636.230251420675,706.748349934206,831.468646981419,32.6066136071145,""
13,2550,175,3.5,1.5,750,probe,0,0,0,NaN,NaN,NaN,NaN,NaN,NaN,NaN,NaN,NaN,NaN,NaN,NaN,NaN,"다음 사용 중 오류가 발생함: run_highload_validation_B_UA_envelope>runOneB (371번 라인) | ['haps_260818_1722_duct/Solver Configuration']: 시간 2165.719098에서 하나 이상의 어설션이 트리거됩니다. 구체적인 정보를 보려면 원인을 확인하십시오. |  | 오류 발생: run_highload_validation_B_UA_envelope>evaluateIfNeededB (345번 라인) |     row=runOneB(model,c,rpm,stage,Search,Base); |     ^^^^^^^^^^^^^^^^^^^^^^^^^^^^^^^^^^^^^^^^^^^ | 오류 발생: run_highload_validation_B_UA_envelope>adaptiveSearchB (275번 라인) |         [Rows,row] = evaluateIfNeededB(Rows,model,c,rpm,'probe',Search,Base); |         ^^^^^^^^^^^^^^^^^^^^^^^^^^^^^^^^^^^^^^^^^^^^^^^^^^^^^^^^^^^^^^^^^^^^^ | 오류 발생: run_highload_validation_B_UA_envelope (144번 라인) |         [rows, info] = adaptiveSearchB(model, caseStruct, Search, Base); |         ^^^^^^^^^^^^^^^^^^^^^^^^^^^^^^^^^^^^^^^^^^^^^^^^^^^^^^^^^^^^^^^^ | 원인: |     다음 사용 중 오류가 발생함: Simulink.Simulation.internal.DesktopSimHelper |     포트 B에서의 온도는 최대 유효 온도보다 작거나 같아야 합니다. 어설션 발생 위치: |     블록 경로: <a href=""matlab:open_and_hilite_hyperlink ('haps_260818_1722_duct/Fan (MA)1','error')"">haps_260818_1722_duct/Fan (MA)1</a> |     어설션 위치: |         o (위치 정보가 보호되어 있음) |      |      |     오류 발생: Simulink.Simulation.internal.DesktopSimHelper.sim |      |     오류 발생: Simulink.SimulationInput/sim |      |     오류 발생: run_highload_validation_B_UA_envelope>runOneB (371번 라인) |             out=sim(simIn); |             ^^^^^^^^^^^^^^^ |     오류 발생: run_highload_validation_B_UA_envelope>evaluateIfNeededB (345번 라인) |         row=runOneB(model,c,rpm,stage,Search,Base); |         ^^^^^^^^^^^^^^^^^^^^^^^^^^^^^^^^^^^^^^^^^^^ |     오류 발생: run_highload_validation_B_UA_envelope>adaptiveSearchB (275번 라인) |             [Rows,row] = evaluateIfNeededB(Rows,model,c,rpm,'probe',Search,Base); |             ^^^^^^^^^^^^^^^^^^^^^^^^^^^^^^^^^^^^^^^^^^^^^^^^^^^^^^^^^^^^^^^^^^^^^ |     오류 발생: run_highload_validation_B_UA_envelope (144번 라인) |             [rows, info] = adaptiveSearchB(model, caseStruct, Search, Base); |             ^^^^^^^^^^^^^^^^^^^^^^^^^^^^^^^^^^^^^^^^^^^^^^^^^^^^^^^^^^^^^^^^ |     다음 사용 중 오류가 발생함: Simulink.Simulation.internal.DesktopSimHelper |     포트 A에서의 온도는 최대 유효 온도보다 작거나 같아야 합니다. 어설션 발생 위치: |     블록 경로: <a href=""matlab:open_and_hilite_hyperlink ('haps_260818_1722_duct/Local Restriction (MA) #1','error')"">haps_260818_1722_duct/Local Restriction (MA) #1</a> |     어설션 위치: |         o <a href=""matlab:opentoline(which('foundation.moist_air.elements.local_restriction'), 277, 5)"">파일 foundation.moist_air.elements.local_restriction의 라인: 277, 열: 5과(와) 라인: 277, 열: 11 사이</a> |      |      |     오류 발생: Simulink.Simulation.internal.DesktopSimHelper.sim |      |     오류 발생: Simulink.SimulationInput/sim |      |     오류 발생: run_highload_validation_B_UA_envelope>runOneB (371번 라인) |             out=sim(simIn); |             ^^^^^^^^^^^^^^^ |     오류 발생: run_highload_validation_B_UA_envelope>evaluateIfNeededB (345번 라인) |         row=runOneB(model,c,rpm,stage,Search,Base); |         ^^^^^^^^^^^^^^^^^^^^^^^^^^^^^^^^^^^^^^^^^^^ |     오류 발생: run_highload_validation_B_UA_envelope>adaptiveSearchB (275번 라인) |             [Rows,row] = evaluateIfNeededB(Rows,model,c,rpm,'probe',Search,Base); |             ^^^^^^^^^^^^^^^^^^^^^^^^^^^^^^^^^^^^^^^^^^^^^^^^^^^^^^^^^^^^^^^^^^^^^ |     오류 발생: run_highload_validation_B_UA_envelope (144번 라인) |             [rows, info] = adaptiveSearchB(model, caseStruct, Search, Base); |             ^^^^^^^^^^^^^^^^^^^^^^^^^^^^^^^^^^^^^^^^^^^^^^^^^^^^^^^^^^^^^^^^"
13,2550,175,3.5,1.5,1000,probe,0,0,0,NaN,NaN,NaN,NaN,NaN,NaN,NaN,NaN,NaN,NaN,NaN,NaN,NaN,"다음 사용 중 오류가 발생함: run_highload_validation_B_UA_envelope>runOneB (371번 라인) | ['haps_260818_1722_duct/Solver Configuration']: 시간 3277.090580에서 하나 이상의 어설션이 트리거됩니다. 구체적인 정보를 보려면 원인을 확인하십시오. |  | 오류 발생: run_highload_validation_B_UA_envelope>evaluateIfNeededB (345번 라인) |     row=runOneB(model,c,rpm,stage,Search,Base); |     ^^^^^^^^^^^^^^^^^^^^^^^^^^^^^^^^^^^^^^^^^^^ | 오류 발생: run_highload_validation_B_UA_envelope>adaptiveSearchB (275번 라인) |         [Rows,row] = evaluateIfNeededB(Rows,model,c,rpm,'probe',Search,Base); |         ^^^^^^^^^^^^^^^^^^^^^^^^^^^^^^^^^^^^^^^^^^^^^^^^^^^^^^^^^^^^^^^^^^^^^ | 오류 발생: run_highload_validation_B_UA_envelope (144번 라인) |         [rows, info] = adaptiveSearchB(model, caseStruct, Search, Base); |         ^^^^^^^^^^^^^^^^^^^^^^^^^^^^^^^^^^^^^^^^^^^^^^^^^^^^^^^^^^^^^^^^ | 원인: |     다음 사용 중 오류가 발생함: Simulink.Simulation.internal.DesktopSimHelper |     포트 B에서의 온도는 최대 유효 온도보다 작거나 같아야 합니다. 어설션 발생 위치: |     블록 경로: <a href=""matlab:open_and_hilite_hyperlink ('haps_260818_1722_duct/Fan (MA)1','error')"">haps_260818_1722_duct/Fan (MA)1</a> |     어설션 위치: |         o (위치 정보가 보호되어 있음) |      |      |     오류 발생: Simulink.Simulation.internal.DesktopSimHelper.sim |      |     오류 발생: Simulink.SimulationInput/sim |      |     오류 발생: run_highload_validation_B_UA_envelope>runOneB (371번 라인) |             out=sim(simIn); |             ^^^^^^^^^^^^^^^ |     오류 발생: run_highload_validation_B_UA_envelope>evaluateIfNeededB (345번 라인) |         row=runOneB(model,c,rpm,stage,Search,Base); |         ^^^^^^^^^^^^^^^^^^^^^^^^^^^^^^^^^^^^^^^^^^^ |     오류 발생: run_highload_validation_B_UA_envelope>adaptiveSearchB (275번 라인) |             [Rows,row] = evaluateIfNeededB(Rows,model,c,rpm,'probe',Search,Base); |             ^^^^^^^^^^^^^^^^^^^^^^^^^^^^^^^^^^^^^^^^^^^^^^^^^^^^^^^^^^^^^^^^^^^^^ |     오류 발생: run_highload_validation_B_UA_envelope (144번 라인) |             [rows, info] = adaptiveSearchB(model, caseStruct, Search, Base); |             ^^^^^^^^^^^^^^^^^^^^^^^^^^^^^^^^^^^^^^^^^^^^^^^^^^^^^^^^^^^^^^^^ |     다음 사용 중 오류가 발생함: Simulink.Simulation.internal.DesktopSimHelper |     포트 A에서의 온도는 최대 유효 온도보다 작거나 같아야 합니다. 어설션 발생 위치: |     블록 경로: <a href=""matlab:open_and_hilite_hyperlink ('haps_260818_1722_duct/Local Restriction (MA) #1','error')"">haps_260818_1722_duct/Local Restriction (MA) #1</a> |     어설션 위치: |         o <a href=""matlab:opentoline(which('foundation.moist_air.elements.local_restriction'), 277, 5)"">파일 foundation.moist_air.elements.local_restriction의 라인: 277, 열: 5과(와) 라인: 277, 열: 11 사이</a> |      |      |     오류 발생: Simulink.Simulation.internal.DesktopSimHelper.sim |      |     오류 발생: Simulink.SimulationInput/sim |      |     오류 발생: run_highload_validation_B_UA_envelope>runOneB (371번 라인) |             out=sim(simIn); |             ^^^^^^^^^^^^^^^ |     오류 발생: run_highload_validation_B_UA_envelope>evaluateIfNeededB (345번 라인) |         row=runOneB(model,c,rpm,stage,Search,Base); |         ^^^^^^^^^^^^^^^^^^^^^^^^^^^^^^^^^^^^^^^^^^^ |     오류 발생: run_highload_validation_B_UA_envelope>adaptiveSearchB (275번 라인) |             [Rows,row] = evaluateIfNeededB(Rows,model,c,rpm,'probe',Search,Base); |             ^^^^^^^^^^^^^^^^^^^^^^^^^^^^^^^^^^^^^^^^^^^^^^^^^^^^^^^^^^^^^^^^^^^^^ |     오류 발생: run_highload_validation_B_UA_envelope (144번 라인) |             [rows, info] = adaptiveSearchB(model, caseStruct, Search, Base); |             ^^^^^^^^^^^^^^^^^^^^^^^^^^^^^^^^^^^^^^^^^^^^^^^^^^^^^^^^^^^^^^^^"
13,2550,175,3.5,1.5,1500,probe,0,1,0,578.878645318228,530.00496480529,239.385141536059,0.015196865106381,0.0131961912870978,6.7925746087559,5.89830597814841,0.0284229884984016,0.031475191258331,20.0332545811931,1.12578484977978,1.32445276444681,0.0519393240959531,""
13,2550,175,3.5,1.5,2000,probe,0,1,0,494.067323043999,442.426215867293,240.166316346207,0.00534090914536164,0.00434142324475206,2.156215950187,1.75270125295839,0.048980601471945,0.0551564170351894,33.1222303822239,2.84105678143292,3.34241974286226,0.131075284033814,""
13,2550,175,3.5,1.5,2500,probe,0,1,0,445.214515397234,392.704806376107,240.42224814098,0.00220739301984284,0.001689046984562,0.980311165462524,0.750110993130477,0.0727396527839695,0.082732483836728,47.7638380173084,5.8212693769145,6.84855220813471,0.268570674828812,""
13,2550,175,3.5,1.5,2675,probe,0,1,0,433.035900214941,380.378939731142,240.46895730997,0.00166899671583619,0.00124956002289154,0.791873274552586,0.592866915795753,0.0815569911073284,0.0929913492673833,53.1492170336593,7.22989779295087,8.50576210935396,0.333559298406038,""
13,2550,175,3.5,1.5,3000,probe,0,1,0,415.874171795961,363.034020509598,240.531443477747,0.00101205704129101,0.00072962009870698,0.493974738428335,0.356110942800967,0.0974473337586699,0.111504208942261,62.9252542987742,10.4172232019359,12.2555567081599,0.480610066986664,""
13,2550,175,3.5,1.5,4000,probe,0,1,0,386.886981827594,333.853325761288,240.623526020376,0.000331140636878062,0.000220758441239729,0.134730549623782,0.0898195653915081,0.139081679091039,0.16009177427576,90.0245196709002,25.5852819876595,30.1003317501876,1.18040516667402,""
13,2550,175,3.5,1.5,5000,probe,0,1,0,370.596208940028,317.51602373357,240.688565998896,0.000160596180371077,0.000100947144591672,0.07347898559442,0.0461871752175966,0.178219161078238,0.205730131217418,120.90227288908,50.7486223016447,59.7042615313467,2.34134358946458,""
13,2550,175,3.5,1.5,6750,expanded_probe,1,1,0,354.418278152234,301.308901709631,240.860375829433,5.68081194396994e-05,3.29996606731553e-05,0.0232788734462019,0.0135225661356344,0.242590846026902,0.280599611257938,206.61736386313,125.53285964408,147.685717228329,5.79159675405212,""
13,2550,175,3.5,1.5,9125,expanded_probe,1,1,0,342.441711006495,289.322913030425,241.272033511915,2.23481025385533e-05,1.195822282336e-05,0.00991020388607922,0.00530283309194601,0.328717257869735,0.380602860792004,370.163224822769,310.610399753967,365.423999710549,14.3303529298255,""
13,2550,175,3.5,1.5,12000,expanded_probe,1,1,0,335.069903551561,281.947444940716,242.149350033068,9.24764353253606e-06,4.57358168298085e-06,0.00385813860015105,0.0019081089075712,0.4326347798904,0.500984691743053,635.68539836574,706.794205593474,831.522594815851,32.6087292084648,""
14,2550,200,4,1.5,750,probe,0,0,0,NaN,NaN,NaN,NaN,NaN,NaN,NaN,NaN,NaN,NaN,NaN,NaN,NaN,"다음 사용 중 오류가 발생함: run_highload_validation_B_UA_envelope>runOneB (371번 라인) | ['haps_260818_1722_duct/Solver Configuration']: 시간 2167.910711에서 하나 이상의 어설션이 트리거됩니다. 구체적인 정보를 보려면 원인을 확인하십시오. |  | 오류 발생: run_highload_validation_B_UA_envelope>evaluateIfNeededB (345번 라인) |     row=runOneB(model,c,rpm,stage,Search,Base); |     ^^^^^^^^^^^^^^^^^^^^^^^^^^^^^^^^^^^^^^^^^^^ | 오류 발생: run_highload_validation_B_UA_envelope>adaptiveSearchB (275번 라인) |         [Rows,row] = evaluateIfNeededB(Rows,model,c,rpm,'probe',Search,Base); |         ^^^^^^^^^^^^^^^^^^^^^^^^^^^^^^^^^^^^^^^^^^^^^^^^^^^^^^^^^^^^^^^^^^^^^ | 오류 발생: run_highload_validation_B_UA_envelope (144번 라인) |         [rows, info] = adaptiveSearchB(model, caseStruct, Search, Base); |         ^^^^^^^^^^^^^^^^^^^^^^^^^^^^^^^^^^^^^^^^^^^^^^^^^^^^^^^^^^^^^^^^ | 원인: |     다음 사용 중 오류가 발생함: Simulink.Simulation.internal.DesktopSimHelper |     포트 B에서의 온도는 최대 유효 온도보다 작거나 같아야 합니다. 어설션 발생 위치: |     블록 경로: <a href=""matlab:open_and_hilite_hyperlink ('haps_260818_1722_duct/Fan (MA)1','error')"">haps_260818_1722_duct/Fan (MA)1</a> |     어설션 위치: |         o (위치 정보가 보호되어 있음) |      |      |     오류 발생: Simulink.Simulation.internal.DesktopSimHelper.sim |      |     오류 발생: Simulink.SimulationInput/sim |      |     오류 발생: run_highload_validation_B_UA_envelope>runOneB (371번 라인) |             out=sim(simIn); |             ^^^^^^^^^^^^^^^ |     오류 발생: run_highload_validation_B_UA_envelope>evaluateIfNeededB (345번 라인) |         row=runOneB(model,c,rpm,stage,Search,Base); |         ^^^^^^^^^^^^^^^^^^^^^^^^^^^^^^^^^^^^^^^^^^^ |     오류 발생: run_highload_validation_B_UA_envelope>adaptiveSearchB (275번 라인) |             [Rows,row] = evaluateIfNeededB(Rows,model,c,rpm,'probe',Search,Base); |             ^^^^^^^^^^^^^^^^^^^^^^^^^^^^^^^^^^^^^^^^^^^^^^^^^^^^^^^^^^^^^^^^^^^^^ |     오류 발생: run_highload_validation_B_UA_envelope (144번 라인) |             [rows, info] = adaptiveSearchB(model, caseStruct, Search, Base); |             ^^^^^^^^^^^^^^^^^^^^^^^^^^^^^^^^^^^^^^^^^^^^^^^^^^^^^^^^^^^^^^^^ |     다음 사용 중 오류가 발생함: Simulink.Simulation.internal.DesktopSimHelper |     포트 A에서의 온도는 최대 유효 온도보다 작거나 같아야 합니다. 어설션 발생 위치: |     블록 경로: <a href=""matlab:open_and_hilite_hyperlink ('haps_260818_1722_duct/Local Restriction (MA) #1','error')"">haps_260818_1722_duct/Local Restriction (MA) #1</a> |     어설션 위치: |         o <a href=""matlab:opentoline(which('foundation.moist_air.elements.local_restriction'), 277, 5)"">파일 foundation.moist_air.elements.local_restriction의 라인: 277, 열: 5과(와) 라인: 277, 열: 11 사이</a> |      |      |     오류 발생: Simulink.Simulation.internal.DesktopSimHelper.sim |      |     오류 발생: Simulink.SimulationInput/sim |      |     오류 발생: run_highload_validation_B_UA_envelope>runOneB (371번 라인) |             out=sim(simIn); |             ^^^^^^^^^^^^^^^ |     오류 발생: run_highload_validation_B_UA_envelope>evaluateIfNeededB (345번 라인) |         row=runOneB(model,c,rpm,stage,Search,Base); |         ^^^^^^^^^^^^^^^^^^^^^^^^^^^^^^^^^^^^^^^^^^^ |     오류 발생: run_highload_validation_B_UA_envelope>adaptiveSearchB (275번 라인) |             [Rows,row] = evaluateIfNeededB(Rows,model,c,rpm,'probe',Search,Base); |             ^^^^^^^^^^^^^^^^^^^^^^^^^^^^^^^^^^^^^^^^^^^^^^^^^^^^^^^^^^^^^^^^^^^^^ |     오류 발생: run_highload_validation_B_UA_envelope (144번 라인) |             [rows, info] = adaptiveSearchB(model, caseStruct, Search, Base); |             ^^^^^^^^^^^^^^^^^^^^^^^^^^^^^^^^^^^^^^^^^^^^^^^^^^^^^^^^^^^^^^^^ |     다음 사용 중 오류가 발생함: Simulink.Simulation.internal.DesktopSimHelper |     포트 B에서의 온도는 최대 유효 온도보다 작거나 같아야 합니다. 어설션 발생 위치: |     블록 경로: <a href=""matlab:open_and_hilite_hyperlink ('haps_260818_1722_duct/Local Restriction (MA) #1','error')"">haps_260818_1722_duct/Local Restriction (MA) #1</a> |     어설션 위치: |         o <a href=""matlab:opentoline(which('foundation.moist_air.elements.local_restriction'), 281, 5)"">파일 foundation.moist_air.elements.local_restriction의 라인: 281, 열: 5과(와) 라인: 281, 열: 11 사이</a> |      |      |     오류 발생: Simulink.Simulation.internal.DesktopSimHelper.sim |      |     오류 발생: Simulink.SimulationInput/sim |      |     오류 발생: run_highload_validation_B_UA_envelope>runOneB (371번 라인) |             out=sim(simIn); |             ^^^^^^^^^^^^^^^ |     오류 발생: run_highload_validation_B_UA_envelope>evaluateIfNeededB (345번 라인) |         row=runOneB(model,c,rpm,stage,Search,Base); |         ^^^^^^^^^^^^^^^^^^^^^^^^^^^^^^^^^^^^^^^^^^^ |     오류 발생: run_highload_validation_B_UA_envelope>adaptiveSearchB (275번 라인) |             [Rows,row] = evaluateIfNeededB(Rows,model,c,rpm,'probe',Search,Base); |             ^^^^^^^^^^^^^^^^^^^^^^^^^^^^^^^^^^^^^^^^^^^^^^^^^^^^^^^^^^^^^^^^^^^^^ |     오류 발생: run_highload_validation_B_UA_envelope (144번 라인) |             [rows, info] = adaptiveSearchB(model, caseStruct, Search, Base); |             ^^^^^^^^^^^^^^^^^^^^^^^^^^^^^^^^^^^^^^^^^^^^^^^^^^^^^^^^^^^^^^^^ |     다음 사용 중 오류가 발생함: Simulink.Simulation.internal.DesktopSimHelper |     포트 A에서의 온도는 최대 유효 온도보다 작거나 같아야 합니다. 어설션 발생 위치: |     블록 경로: <a href=""matlab:open_and_hilite_hyperlink ('haps_260818_1722_duct/Pipe (MA)','error')"">haps_260818_1722_duct/Pipe (MA)</a> |     어설션 위치: |         o <a href=""matlab:opentoline(which('foundation.moist_air.elements.pipe'), 975, 5)"">파일 foundation.moist_air.elements.pipe의 라인: 975, 열: 5과(와) 라인: 975, 열: 11 사이</a> |      |      |     오류 발생: Simulink.Simulation.internal.DesktopSimHelper.sim |      |     오류 발생: Simulink.SimulationInput/sim |      |     오류 발생: run_highload_validation_B_UA_envelope>runOneB (371번 라인) |             out=sim(simIn); |             ^^^^^^^^^^^^^^^ |     오류 발생: run_highload_validation_B_UA_envelope>evaluateIfNeededB (345번 라인) |         row=runOneB(model,c,rpm,stage,Search,Base); |         ^^^^^^^^^^^^^^^^^^^^^^^^^^^^^^^^^^^^^^^^^^^ |     오류 발생: run_highload_validation_B_UA_envelope>adaptiveSearchB (275번 라인) |             [Rows,row] = evaluateIfNeededB(Rows,model,c,rpm,'probe',Search,Base); |             ^^^^^^^^^^^^^^^^^^^^^^^^^^^^^^^^^^^^^^^^^^^^^^^^^^^^^^^^^^^^^^^^^^^^^ |     오류 발생: run_highload_validation_B_UA_envelope (144번 라인) |             [rows, info] = adaptiveSearchB(model, caseStruct, Search, Base); |             ^^^^^^^^^^^^^^^^^^^^^^^^^^^^^^^^^^^^^^^^^^^^^^^^^^^^^^^^^^^^^^^^"
14,2550,200,4,1.5,1000,probe,0,0,0,NaN,NaN,NaN,NaN,NaN,NaN,NaN,NaN,NaN,NaN,NaN,NaN,NaN,"다음 사용 중 오류가 발생함: run_highload_validation_B_UA_envelope>runOneB (371번 라인) | ['haps_260818_1722_duct/Solver Configuration']: 시간 3291.178764에서 하나 이상의 어설션이 트리거됩니다. 구체적인 정보를 보려면 원인을 확인하십시오. |  | 오류 발생: run_highload_validation_B_UA_envelope>evaluateIfNeededB (345번 라인) |     row=runOneB(model,c,rpm,stage,Search,Base); |     ^^^^^^^^^^^^^^^^^^^^^^^^^^^^^^^^^^^^^^^^^^^ | 오류 발생: run_highload_validation_B_UA_envelope>adaptiveSearchB (275번 라인) |         [Rows,row] = evaluateIfNeededB(Rows,model,c,rpm,'probe',Search,Base); |         ^^^^^^^^^^^^^^^^^^^^^^^^^^^^^^^^^^^^^^^^^^^^^^^^^^^^^^^^^^^^^^^^^^^^^ | 오류 발생: run_highload_validation_B_UA_envelope (144번 라인) |         [rows, info] = adaptiveSearchB(model, caseStruct, Search, Base); |         ^^^^^^^^^^^^^^^^^^^^^^^^^^^^^^^^^^^^^^^^^^^^^^^^^^^^^^^^^^^^^^^^ | 원인: |     다음 사용 중 오류가 발생함: Simulink.Simulation.internal.DesktopSimHelper |     포트 B에서의 온도는 최대 유효 온도보다 작거나 같아야 합니다. 어설션 발생 위치: |     블록 경로: <a href=""matlab:open_and_hilite_hyperlink ('haps_260818_1722_duct/Fan (MA)1','error')"">haps_260818_1722_duct/Fan (MA)1</a> |     어설션 위치: |         o (위치 정보가 보호되어 있음) |      |      |     오류 발생: Simulink.Simulation.internal.DesktopSimHelper.sim |      |     오류 발생: Simulink.SimulationInput/sim |      |     오류 발생: run_highload_validation_B_UA_envelope>runOneB (371번 라인) |             out=sim(simIn); |             ^^^^^^^^^^^^^^^ |     오류 발생: run_highload_validation_B_UA_envelope>evaluateIfNeededB (345번 라인) |         row=runOneB(model,c,rpm,stage,Search,Base); |         ^^^^^^^^^^^^^^^^^^^^^^^^^^^^^^^^^^^^^^^^^^^ |     오류 발생: run_highload_validation_B_UA_envelope>adaptiveSearchB (275번 라인) |             [Rows,row] = evaluateIfNeededB(Rows,model,c,rpm,'probe',Search,Base); |             ^^^^^^^^^^^^^^^^^^^^^^^^^^^^^^^^^^^^^^^^^^^^^^^^^^^^^^^^^^^^^^^^^^^^^ |     오류 발생: run_highload_validation_B_UA_envelope (144번 라인) |             [rows, info] = adaptiveSearchB(model, caseStruct, Search, Base); |             ^^^^^^^^^^^^^^^^^^^^^^^^^^^^^^^^^^^^^^^^^^^^^^^^^^^^^^^^^^^^^^^^ |     다음 사용 중 오류가 발생함: Simulink.Simulation.internal.DesktopSimHelper |     포트 A에서의 온도는 최대 유효 온도보다 작거나 같아야 합니다. 어설션 발생 위치: |     블록 경로: <a href=""matlab:open_and_hilite_hyperlink ('haps_260818_1722_duct/Local Restriction (MA) #1','error')"">haps_260818_1722_duct/Local Restriction (MA) #1</a> |     어설션 위치: |         o <a href=""matlab:opentoline(which('foundation.moist_air.elements.local_restriction'), 277, 5)"">파일 foundation.moist_air.elements.local_restriction의 라인: 277, 열: 5과(와) 라인: 277, 열: 11 사이</a> |      |      |     오류 발생: Simulink.Simulation.internal.DesktopSimHelper.sim |      |     오류 발생: Simulink.SimulationInput/sim |      |     오류 발생: run_highload_validation_B_UA_envelope>runOneB (371번 라인) |             out=sim(simIn); |             ^^^^^^^^^^^^^^^ |     오류 발생: run_highload_validation_B_UA_envelope>evaluateIfNeededB (345번 라인) |         row=runOneB(model,c,rpm,stage,Search,Base); |         ^^^^^^^^^^^^^^^^^^^^^^^^^^^^^^^^^^^^^^^^^^^ |     오류 발생: run_highload_validation_B_UA_envelope>adaptiveSearchB (275번 라인) |             [Rows,row] = evaluateIfNeededB(Rows,model,c,rpm,'probe',Search,Base); |             ^^^^^^^^^^^^^^^^^^^^^^^^^^^^^^^^^^^^^^^^^^^^^^^^^^^^^^^^^^^^^^^^^^^^^ |     오류 발생: run_highload_validation_B_UA_envelope (144번 라인) |             [rows, info] = adaptiveSearchB(model, caseStruct, Search, Base); |             ^^^^^^^^^^^^^^^^^^^^^^^^^^^^^^^^^^^^^^^^^^^^^^^^^^^^^^^^^^^^^^^^"
14,2550,200,4,1.5,1500,probe,0,1,0,577.467360275656,528.492108287479,237.383494551135,0.0148685651726424,0.0129006342716254,6.26321372594282,5.43421314014995,0.0284676765517168,0.0315167319879649,20.0266831366365,1.12618058446445,1.32491833466406,0.0519575817515319,""
14,2550,200,4,1.5,2000,probe,0,1,0,491.655755928084,440.053363018968,238.03108790797,0.00541172692382818,0.00439143130610495,2.66139991401309,2.15963186445231,0.0490837903216483,0.0552654620785088,33.0960727410275,2.84264138057278,3.34428397714445,0.131148391260567,""
14,2550,200,4,1.5,2500,probe,0,1,0,443.13939290814,390.598865139446,238.271639541042,0.00210168908679898,0.00160362629780173,0.905696419991045,0.691061747838148,0.0728762503326651,0.0828754051455847,47.712421838798,5.82444511789378,6.85228837399268,0.268717191136968,""
14,2550,200,4,1.5,2675,probe,0,1,0,430.898628711325,378.229178206004,238.307814682544,0.00161529093402755,0.00120550287619827,0.8033135274693,0.599518282129281,0.0817081567204427,0.0931510126824912,53.0854208375628,7.23387114812373,8.51043664485145,0.333742613523586,""
14,2550,200,4,1.5,3000,probe,0,1,0,413.820255649783,360.957707982601,238.364761654852,0.000939673950816605,0.000675029978945536,0.430499081048481,0.309255899269886,0.0975556700166917,0.111612858126028,62.8027437284715,10.4222067363705,12.2614196898477,0.480839987837163,""
14,2550,200,4,1.5,4000,probe,0,1,0,384.778698085715,331.745420718701,238.439267317721,0.000326281296299551,0.00021621920432771,0.156896751079671,0.103971931186379,0.139150533561432,0.160152240457353,89.7983272775188,25.5928817362308,30.1092726308598,1.18075578944548,""
14,2550,200,4,1.5,5000,probe,0,1,0,368.531006383734,315.447912396727,238.49684463971,0.000148953595464768,9.28864487913184e-05,0.0716887578823844,0.0447046240226996,0.178278282520674,0.205678214186994,120.609305290614,50.7594569699421,59.7170081999319,2.34184345882086,""
14,2550,200,4,1.5,6750,expanded_probe,1,1,0,352.308583612628,299.198545932339,238.646553857486,5.33741791347838e-05,3.06590851769671e-05,0.0250787439452438,0.0144056808124446,0.242621016369252,0.28048146756529,206.403938697583,125.543108022815,147.697774144489,5.79206957429367,""
14,2550,200,4,1.5,9125,expanded_probe,1,1,0,340.256017372345,287.136501348573,239.006539493401,1.95259926882666e-05,1.02871730404473e-05,0.00922990407110547,0.00486272939116361,0.32874841956927,0.38046068187275,369.860568459211,310.629833251284,365.446862648569,14.3312495156302,""
14,2550,200,4,1.5,12000,expanded_probe,1,1,0,332.760079126431,279.637379129133,239.773754788658,8.14846530655421e-06,3.94888467036578e-06,0.00392109583719957,0.00190023100128656,0.432665095186668,0.500792301871908,635.296160636089,706.826951647054,831.56111958477,32.6102399837165,""
15,2550,250,5,1.5,750,probe,0,0,0,NaN,NaN,NaN,NaN,NaN,NaN,NaN,NaN,NaN,NaN,NaN,NaN,NaN,"다음 사용 중 오류가 발생함: run_highload_validation_B_UA_envelope>runOneB (371번 라인) | ['haps_260818_1722_duct/Solver Configuration']: 시간 2170.976781에서 하나 이상의 어설션이 트리거됩니다. 구체적인 정보를 보려면 원인을 확인하십시오. |  | 오류 발생: run_highload_validation_B_UA_envelope>evaluateIfNeededB (345번 라인) |     row=runOneB(model,c,rpm,stage,Search,Base); |     ^^^^^^^^^^^^^^^^^^^^^^^^^^^^^^^^^^^^^^^^^^^ | 오류 발생: run_highload_validation_B_UA_envelope>adaptiveSearchB (275번 라인) |         [Rows,row] = evaluateIfNeededB(Rows,model,c,rpm,'probe',Search,Base); |         ^^^^^^^^^^^^^^^^^^^^^^^^^^^^^^^^^^^^^^^^^^^^^^^^^^^^^^^^^^^^^^^^^^^^^ | 오류 발생: run_highload_validation_B_UA_envelope (144번 라인) |         [rows, info] = adaptiveSearchB(model, caseStruct, Search, Base); |         ^^^^^^^^^^^^^^^^^^^^^^^^^^^^^^^^^^^^^^^^^^^^^^^^^^^^^^^^^^^^^^^^ | 원인: |     다음 사용 중 오류가 발생함: Simulink.Simulation.internal.DesktopSimHelper |     포트 B에서의 온도는 최대 유효 온도보다 작거나 같아야 합니다. 어설션 발생 위치: |     블록 경로: <a href=""matlab:open_and_hilite_hyperlink ('haps_260818_1722_duct/Fan (MA)1','error')"">haps_260818_1722_duct/Fan (MA)1</a> |     어설션 위치: |         o (위치 정보가 보호되어 있음) |      |      |     오류 발생: Simulink.Simulation.internal.DesktopSimHelper.sim |      |     오류 발생: Simulink.SimulationInput/sim |      |     오류 발생: run_highload_validation_B_UA_envelope>runOneB (371번 라인) |             out=sim(simIn); |             ^^^^^^^^^^^^^^^ |     오류 발생: run_highload_validation_B_UA_envelope>evaluateIfNeededB (345번 라인) |         row=runOneB(model,c,rpm,stage,Search,Base); |         ^^^^^^^^^^^^^^^^^^^^^^^^^^^^^^^^^^^^^^^^^^^ |     오류 발생: run_highload_validation_B_UA_envelope>adaptiveSearchB (275번 라인) |             [Rows,row] = evaluateIfNeededB(Rows,model,c,rpm,'probe',Search,Base); |             ^^^^^^^^^^^^^^^^^^^^^^^^^^^^^^^^^^^^^^^^^^^^^^^^^^^^^^^^^^^^^^^^^^^^^ |     오류 발생: run_highload_validation_B_UA_envelope (144번 라인) |             [rows, info] = adaptiveSearchB(model, caseStruct, Search, Base); |             ^^^^^^^^^^^^^^^^^^^^^^^^^^^^^^^^^^^^^^^^^^^^^^^^^^^^^^^^^^^^^^^^ |     다음 사용 중 오류가 발생함: Simulink.Simulation.internal.DesktopSimHelper |     포트 A에서의 온도는 최대 유효 온도보다 작거나 같아야 합니다. 어설션 발생 위치: |     블록 경로: <a href=""matlab:open_and_hilite_hyperlink ('haps_260818_1722_duct/Local Restriction (MA) #1','error')"">haps_260818_1722_duct/Local Restriction (MA) #1</a> |     어설션 위치: |         o <a href=""matlab:opentoline(which('foundation.moist_air.elements.local_restriction'), 277, 5)"">파일 foundation.moist_air.elements.local_restriction의 라인: 277, 열: 5과(와) 라인: 277, 열: 11 사이</a> |      |      |     오류 발생: Simulink.Simulation.internal.DesktopSimHelper.sim |      |     오류 발생: Simulink.SimulationInput/sim |      |     오류 발생: run_highload_validation_B_UA_envelope>runOneB (371번 라인) |             out=sim(simIn); |             ^^^^^^^^^^^^^^^ |     오류 발생: run_highload_validation_B_UA_envelope>evaluateIfNeededB (345번 라인) |         row=runOneB(model,c,rpm,stage,Search,Base); |         ^^^^^^^^^^^^^^^^^^^^^^^^^^^^^^^^^^^^^^^^^^^ |     오류 발생: run_highload_validation_B_UA_envelope>adaptiveSearchB (275번 라인) |             [Rows,row] = evaluateIfNeededB(Rows,model,c,rpm,'probe',Search,Base); |             ^^^^^^^^^^^^^^^^^^^^^^^^^^^^^^^^^^^^^^^^^^^^^^^^^^^^^^^^^^^^^^^^^^^^^ |     오류 발생: run_highload_validation_B_UA_envelope (144번 라인) |             [rows, info] = adaptiveSearchB(model, caseStruct, Search, Base); |             ^^^^^^^^^^^^^^^^^^^^^^^^^^^^^^^^^^^^^^^^^^^^^^^^^^^^^^^^^^^^^^^^ |     다음 사용 중 오류가 발생함: Simulink.Simulation.internal.DesktopSimHelper |     포트 B에서의 온도는 최대 유효 온도보다 작거나 같아야 합니다. 어설션 발생 위치: |     블록 경로: <a href=""matlab:open_and_hilite_hyperlink ('haps_260818_1722_duct/Local Restriction (MA) #1','error')"">haps_260818_1722_duct/Local Restriction (MA) #1</a> |     어설션 위치: |         o <a href=""matlab:opentoline(which('foundation.moist_air.elements.local_restriction'), 281, 5)"">파일 foundation.moist_air.elements.local_restriction의 라인: 281, 열: 5과(와) 라인: 281, 열: 11 사이</a> |      |      |     오류 발생: Simulink.Simulation.internal.DesktopSimHelper.sim |      |     오류 발생: Simulink.SimulationInput/sim |      |     오류 발생: run_highload_validation_B_UA_envelope>runOneB (371번 라인) |             out=sim(simIn); |             ^^^^^^^^^^^^^^^ |     오류 발생: run_highload_validation_B_UA_envelope>evaluateIfNeededB (345번 라인) |         row=runOneB(model,c,rpm,stage,Search,Base); |         ^^^^^^^^^^^^^^^^^^^^^^^^^^^^^^^^^^^^^^^^^^^ |     오류 발생: run_highload_validation_B_UA_envelope>adaptiveSearchB (275번 라인) |             [Rows,row] = evaluateIfNeededB(Rows,model,c,rpm,'probe',Search,Base); |             ^^^^^^^^^^^^^^^^^^^^^^^^^^^^^^^^^^^^^^^^^^^^^^^^^^^^^^^^^^^^^^^^^^^^^ |     오류 발생: run_highload_validation_B_UA_envelope (144번 라인) |             [rows, info] = adaptiveSearchB(model, caseStruct, Search, Base); |             ^^^^^^^^^^^^^^^^^^^^^^^^^^^^^^^^^^^^^^^^^^^^^^^^^^^^^^^^^^^^^^^^ |     다음 사용 중 오류가 발생함: Simulink.Simulation.internal.DesktopSimHelper |     포트 A에서의 온도는 최대 유효 온도보다 작거나 같아야 합니다. 어설션 발생 위치: |     블록 경로: <a href=""matlab:open_and_hilite_hyperlink ('haps_260818_1722_duct/Pipe (MA)','error')"">haps_260818_1722_duct/Pipe (MA)</a> |     어설션 위치: |         o <a href=""matlab:opentoline(which('foundation.moist_air.elements.pipe'), 975, 5)"">파일 foundation.moist_air.elements.pipe의 라인: 975, 열: 5과(와) 라인: 975, 열: 11 사이</a> |      |      |     오류 발생: Simulink.Simulation.internal.DesktopSimHelper.sim |      |     오류 발생: Simulink.SimulationInput/sim |      |     오류 발생: run_highload_validation_B_UA_envelope>runOneB (371번 라인) |             out=sim(simIn); |             ^^^^^^^^^^^^^^^ |     오류 발생: run_highload_validation_B_UA_envelope>evaluateIfNeededB (345번 라인) |         row=runOneB(model,c,rpm,stage,Search,Base); |         ^^^^^^^^^^^^^^^^^^^^^^^^^^^^^^^^^^^^^^^^^^^ |     오류 발생: run_highload_validation_B_UA_envelope>adaptiveSearchB (275번 라인) |             [Rows,row] = evaluateIfNeededB(Rows,model,c,rpm,'probe',Search,Base); |             ^^^^^^^^^^^^^^^^^^^^^^^^^^^^^^^^^^^^^^^^^^^^^^^^^^^^^^^^^^^^^^^^^^^^^ |     오류 발생: run_highload_validation_B_UA_envelope (144번 라인) |             [rows, info] = adaptiveSearchB(model, caseStruct, Search, Base); |             ^^^^^^^^^^^^^^^^^^^^^^^^^^^^^^^^^^^^^^^^^^^^^^^^^^^^^^^^^^^^^^^^"
15,2550,250,5,1.5,1000,probe,0,0,0,NaN,NaN,NaN,NaN,NaN,NaN,NaN,NaN,NaN,NaN,NaN,NaN,NaN,"다음 사용 중 오류가 발생함: run_highload_validation_B_UA_envelope>runOneB (371번 라인) | ['haps_260818_1722_duct/Solver Configuration']: 시간 3311.270231에서 하나 이상의 어설션이 트리거됩니다. 구체적인 정보를 보려면 원인을 확인하십시오. |  | 오류 발생: run_highload_validation_B_UA_envelope>evaluateIfNeededB (345번 라인) |     row=runOneB(model,c,rpm,stage,Search,Base); |     ^^^^^^^^^^^^^^^^^^^^^^^^^^^^^^^^^^^^^^^^^^^ | 오류 발생: run_highload_validation_B_UA_envelope>adaptiveSearchB (275번 라인) |         [Rows,row] = evaluateIfNeededB(Rows,model,c,rpm,'probe',Search,Base); |         ^^^^^^^^^^^^^^^^^^^^^^^^^^^^^^^^^^^^^^^^^^^^^^^^^^^^^^^^^^^^^^^^^^^^^ | 오류 발생: run_highload_validation_B_UA_envelope (144번 라인) |         [rows, info] = adaptiveSearchB(model, caseStruct, Search, Base); |         ^^^^^^^^^^^^^^^^^^^^^^^^^^^^^^^^^^^^^^^^^^^^^^^^^^^^^^^^^^^^^^^^ | 원인: |     다음 사용 중 오류가 발생함: Simulink.Simulation.internal.DesktopSimHelper |     포트 B에서의 온도는 최대 유효 온도보다 작거나 같아야 합니다. 어설션 발생 위치: |     블록 경로: <a href=""matlab:open_and_hilite_hyperlink ('haps_260818_1722_duct/Fan (MA)1','error')"">haps_260818_1722_duct/Fan (MA)1</a> |     어설션 위치: |         o (위치 정보가 보호되어 있음) |      |      |     오류 발생: Simulink.Simulation.internal.DesktopSimHelper.sim |      |     오류 발생: Simulink.SimulationInput/sim |      |     오류 발생: run_highload_validation_B_UA_envelope>runOneB (371번 라인) |             out=sim(simIn); |             ^^^^^^^^^^^^^^^ |     오류 발생: run_highload_validation_B_UA_envelope>evaluateIfNeededB (345번 라인) |         row=runOneB(model,c,rpm,stage,Search,Base); |         ^^^^^^^^^^^^^^^^^^^^^^^^^^^^^^^^^^^^^^^^^^^ |     오류 발생: run_highload_validation_B_UA_envelope>adaptiveSearchB (275번 라인) |             [Rows,row] = evaluateIfNeededB(Rows,model,c,rpm,'probe',Search,Base); |             ^^^^^^^^^^^^^^^^^^^^^^^^^^^^^^^^^^^^^^^^^^^^^^^^^^^^^^^^^^^^^^^^^^^^^ |     오류 발생: run_highload_validation_B_UA_envelope (144번 라인) |             [rows, info] = adaptiveSearchB(model, caseStruct, Search, Base); |             ^^^^^^^^^^^^^^^^^^^^^^^^^^^^^^^^^^^^^^^^^^^^^^^^^^^^^^^^^^^^^^^^ |     다음 사용 중 오류가 발생함: Simulink.Simulation.internal.DesktopSimHelper |     포트 A에서의 온도는 최대 유효 온도보다 작거나 같아야 합니다. 어설션 발생 위치: |     블록 경로: <a href=""matlab:open_and_hilite_hyperlink ('haps_260818_1722_duct/Local Restriction (MA) #1','error')"">haps_260818_1722_duct/Local Restriction (MA) #1</a> |     어설션 위치: |         o <a href=""matlab:opentoline(which('foundation.moist_air.elements.local_restriction'), 277, 5)"">파일 foundation.moist_air.elements.local_restriction의 라인: 277, 열: 5과(와) 라인: 277, 열: 11 사이</a> |      |      |     오류 발생: Simulink.Simulation.internal.DesktopSimHelper.sim |      |     오류 발생: Simulink.SimulationInput/sim |      |     오류 발생: run_highload_validation_B_UA_envelope>runOneB (371번 라인) |             out=sim(simIn); |             ^^^^^^^^^^^^^^^ |     오류 발생: run_highload_validation_B_UA_envelope>evaluateIfNeededB (345번 라인) |         row=runOneB(model,c,rpm,stage,Search,Base); |         ^^^^^^^^^^^^^^^^^^^^^^^^^^^^^^^^^^^^^^^^^^^ |     오류 발생: run_highload_validation_B_UA_envelope>adaptiveSearchB (275번 라인) |             [Rows,row] = evaluateIfNeededB(Rows,model,c,rpm,'probe',Search,Base); |             ^^^^^^^^^^^^^^^^^^^^^^^^^^^^^^^^^^^^^^^^^^^^^^^^^^^^^^^^^^^^^^^^^^^^^ |     오류 발생: run_highload_validation_B_UA_envelope (144번 라인) |             [rows, info] = adaptiveSearchB(model, caseStruct, Search, Base); |             ^^^^^^^^^^^^^^^^^^^^^^^^^^^^^^^^^^^^^^^^^^^^^^^^^^^^^^^^^^^^^^^^"
15,2550,250,5,1.5,1500,probe,0,1,0,575.143978845323,526.070797351274,234.559045586212,0.0145302456363434,0.012592880813124,5.96066621884029,5.16589701504427,0.0285356104915258,0.0315817254198927,20.0166731736584,1.12678209488054,1.32562599397711,0.0519853330971414,""
15,2550,250,5,1.5,2000,probe,0,1,0,488.826794077146,437.175183571987,235.066190169674,0.00522979333953661,0.00423377189647148,2.6078233220943,2.11116910112781,0.0492160349970919,0.0554010437556793,33.0624697256911,2.84467149815578,3.34667235077151,0.131242052971432,""
15,2550,250,5,1.5,2500,probe,0,1,0,440.119874703365,387.562698572492,235.251404859621,0.00202655737642524,0.00154009459702858,0.953637344704589,0.724721761217211,0.0730728921723972,0.0830822546508786,47.6382351399661,5.82901424767545,6.85766382079465,0.268927992972339,""
15,2550,250,5,1.5,2675,probe,0,1,0,427.981951981182,375.27518628552,235.28432670504,0.00149263237285307,0.00110881439263518,0.702926499316959,0.522174606354781,0.0819186158480675,0.0933721186471153,52.9964042624512,7.23939940415609,8.51694047547776,0.33399766570501,""
15,2550,250,5,1.5,3000,probe,0,1,0,410.924974247306,358.036715328912,235.327317778361,0.000852704063897537,0.000608985518648521,0.367797594012586,0.262674165580449,0.0977067075765014,0.11176400336357,62.6281255753105,10.4292184141568,12.2696687225374,0.481163479315194,""
15,2550,250,5,1.5,4000,probe,0,1,0,381.92967141798,328.886738301298,235.383359315219,0.000292282258623897,0.00019204822503398,0.139405899509313,0.0915986292444586,0.139263134961406,0.160141135292061,89.4264291648433,25.6053326663255,30.1239207839124,1.18133022682009,""
15,2550,250,5,1.5,5000,probe,0,1,0,365.641035950138,312.552904648711,235.428330039759,0.000130702094841878,8.05931718227482e-05,0.0637832206774647,0.0393298406518738,0.178360065262851,0.205608591377628,120.202918150523,50.7744573731127,59.7346557330738,2.34253551894407,""
15,2550,250,5,1.5,6750,expanded_probe,1,1,0,349.358123506596,296.244839102167,235.547687880611,4.24059203623923e-05,2.3966371311717e-05,0.0181729882056629,0.0102707491382148,0.242662274410258,0.280328250315482,206.111789979375,125.557126902173,147.714266943733,5.79271635073461,""
15,2550,250,5,1.5,9125,expanded_probe,1,1,0,337.195117937143,284.074354828685,235.835020919598,1.51485993434681e-05,7.80236235987149e-06,0.00701126278551101,0.00361118275822037,0.328790856441371,0.380276589119627,369.448097613014,310.656304119588,365.478004846575,14.332470778297,""
15,2550,250,5,1.5,12000,expanded_probe,1,1,1,329.525033820153,276.401733592055,236.448344322212,6.00686021252768e-06,2.82507174058411e-06,0.0029148217838042,0.00137086237276662,0.432705171485604,0.500550858834498,634.781320134292,706.870248152096,831.612056649525,32.6122375156677,""
15,2550,250,5,1.5,10550,refine,1,1,0,332.711622346829,279.588989011299,236.097168846559,8.60034667903899e-06,4.22454058229106e-06,0.00362577499134886,0.00178099944912447,0.380351234456141,0.440008372404607,491.422517766606,480.287548645003,565.044174876474,22.158595093195,""
15,2550,250,5,1.5,11275,refine,1,1,0,330.969886698511,277.847012190553,236.261240966042,7.48807901867873e-06,3.59673130017496e-06,0.0036836179442048,0.00176934364912995,0.406543566553704,0.470309264746907,560.626271023485,586.316525146062,689.784147230661,27.0503587149279,""
15,2550,250,5,1.5,11625,refine,1,1,0,330.237551927717,277.114497677316,236.348589302248,6.81934665876993e-06,3.24176481040856e-06,0.00341873878210208,0.00162519142014617,0.419177121179722,0.484918266516679,595.802907812741,642.644359473298,756.052187615645,29.649105396692,""
15,2550,250,5,1.5,11800,refine,1,1,1,329.896317849624,276.772934152719,236.394381790401,5.86658732547265e-06,2.77501049596121e-06,0.00249967828767694,0.00118239573947676,0.425491119502301,0.492217594371212,613.827675480568,672.110096750676,790.717760883149,31.0085396424764,""
15,2550,250,5,1.5,11700,refine,1,1,0,330.089327295967,276.966099121315,236.368051430145,6.33926786454882e-06,3.00694398904529e-06,0.00291878005413082,0.00138448159083282,0.421883277116253,0.488047846519483,603.492955453083,655.164901678018,770.782237268257,30.2267544026767,""
15,2550,250,5,1.5,11750,refine,1,1,1,329.992058718963,276.868798988968,236.381150290018,6.23217001640663e-06,2.95184447108281e-06,0.0028568578243835,0.00135313901785139,0.423687250169438,0.49013315472893,608.648695364138,663.601495136926,780.707641337561,30.6159859348063,""
15,2550,250,5,1.5,11725,refine,1,1,0,330.041057162334,276.917675964502,236.37461086375,5.89712366218681e-06,2.79518697463006e-06,0.00244963265913611,0.00116110506269251,0.422785485459551,0.489088169674616,606.065299254663,659.374431824339,775.734625675693,30.4209657127723,""
16,2550,300,6,1.5,750,probe,0,0,0,NaN,NaN,NaN,NaN,NaN,NaN,NaN,NaN,NaN,NaN,NaN,NaN,NaN,"다음 사용 중 오류가 발생함: run_highload_validation_B_UA_envelope>runOneB (371번 라인) | ['haps_260818_1722_duct/Solver Configuration']: 시간 2172.981439에서 하나 이상의 어설션이 트리거됩니다. 구체적인 정보를 보려면 원인을 확인하십시오. |  | 오류 발생: run_highload_validation_B_UA_envelope>evaluateIfNeededB (345번 라인) |     row=runOneB(model,c,rpm,stage,Search,Base); |     ^^^^^^^^^^^^^^^^^^^^^^^^^^^^^^^^^^^^^^^^^^^ | 오류 발생: run_highload_validation_B_UA_envelope>adaptiveSearchB (275번 라인) |         [Rows,row] = evaluateIfNeededB(Rows,model,c,rpm,'probe',Search,Base); |         ^^^^^^^^^^^^^^^^^^^^^^^^^^^^^^^^^^^^^^^^^^^^^^^^^^^^^^^^^^^^^^^^^^^^^ | 오류 발생: run_highload_validation_B_UA_envelope (144번 라인) |         [rows, info] = adaptiveSearchB(model, caseStruct, Search, Base); |         ^^^^^^^^^^^^^^^^^^^^^^^^^^^^^^^^^^^^^^^^^^^^^^^^^^^^^^^^^^^^^^^^ | 원인: |     다음 사용 중 오류가 발생함: Simulink.Simulation.internal.DesktopSimHelper |     포트 B에서의 온도는 최대 유효 온도보다 작거나 같아야 합니다. 어설션 발생 위치: |     블록 경로: <a href=""matlab:open_and_hilite_hyperlink ('haps_260818_1722_duct/Fan (MA)1','error')"">haps_260818_1722_duct/Fan (MA)1</a> |     어설션 위치: |         o (위치 정보가 보호되어 있음) |      |      |     오류 발생: Simulink.Simulation.internal.DesktopSimHelper.sim |      |     오류 발생: Simulink.SimulationInput/sim |      |     오류 발생: run_highload_validation_B_UA_envelope>runOneB (371번 라인) |             out=sim(simIn); |             ^^^^^^^^^^^^^^^ |     오류 발생: run_highload_validation_B_UA_envelope>evaluateIfNeededB (345번 라인) |         row=runOneB(model,c,rpm,stage,Search,Base); |         ^^^^^^^^^^^^^^^^^^^^^^^^^^^^^^^^^^^^^^^^^^^ |     오류 발생: run_highload_validation_B_UA_envelope>adaptiveSearchB (275번 라인) |             [Rows,row] = evaluateIfNeededB(Rows,model,c,rpm,'probe',Search,Base); |             ^^^^^^^^^^^^^^^^^^^^^^^^^^^^^^^^^^^^^^^^^^^^^^^^^^^^^^^^^^^^^^^^^^^^^ |     오류 발생: run_highload_validation_B_UA_envelope (144번 라인) |             [rows, info] = adaptiveSearchB(model, caseStruct, Search, Base); |             ^^^^^^^^^^^^^^^^^^^^^^^^^^^^^^^^^^^^^^^^^^^^^^^^^^^^^^^^^^^^^^^^ |     다음 사용 중 오류가 발생함: Simulink.Simulation.internal.DesktopSimHelper |     포트 A에서의 온도는 최대 유효 온도보다 작거나 같아야 합니다. 어설션 발생 위치: |     블록 경로: <a href=""matlab:open_and_hilite_hyperlink ('haps_260818_1722_duct/Local Restriction (MA) #1','error')"">haps_260818_1722_duct/Local Restriction (MA) #1</a> |     어설션 위치: |         o <a href=""matlab:opentoline(which('foundation.moist_air.elements.local_restriction'), 277, 5)"">파일 foundation.moist_air.elements.local_restriction의 라인: 277, 열: 5과(와) 라인: 277, 열: 11 사이</a> |      |      |     오류 발생: Simulink.Simulation.internal.DesktopSimHelper.sim |      |     오류 발생: Simulink.SimulationInput/sim |      |     오류 발생: run_highload_validation_B_UA_envelope>runOneB (371번 라인) |             out=sim(simIn); |             ^^^^^^^^^^^^^^^ |     오류 발생: run_highload_validation_B_UA_envelope>evaluateIfNeededB (345번 라인) |         row=runOneB(model,c,rpm,stage,Search,Base); |         ^^^^^^^^^^^^^^^^^^^^^^^^^^^^^^^^^^^^^^^^^^^ |     오류 발생: run_highload_validation_B_UA_envelope>adaptiveSearchB (275번 라인) |             [Rows,row] = evaluateIfNeededB(Rows,model,c,rpm,'probe',Search,Base); |             ^^^^^^^^^^^^^^^^^^^^^^^^^^^^^^^^^^^^^^^^^^^^^^^^^^^^^^^^^^^^^^^^^^^^^ |     오류 발생: run_highload_validation_B_UA_envelope (144번 라인) |             [rows, info] = adaptiveSearchB(model, caseStruct, Search, Base); |             ^^^^^^^^^^^^^^^^^^^^^^^^^^^^^^^^^^^^^^^^^^^^^^^^^^^^^^^^^^^^^^^^ |     다음 사용 중 오류가 발생함: Simulink.Simulation.internal.DesktopSimHelper |     포트 B에서의 온도는 최대 유효 온도보다 작거나 같아야 합니다. 어설션 발생 위치: |     블록 경로: <a href=""matlab:open_and_hilite_hyperlink ('haps_260818_1722_duct/Local Restriction (MA) #1','error')"">haps_260818_1722_duct/Local Restriction (MA) #1</a> |     어설션 위치: |         o <a href=""matlab:opentoline(which('foundation.moist_air.elements.local_restriction'), 281, 5)"">파일 foundation.moist_air.elements.local_restriction의 라인: 281, 열: 5과(와) 라인: 281, 열: 11 사이</a> |      |      |     오류 발생: Simulink.Simulation.internal.DesktopSimHelper.sim |      |     오류 발생: Simulink.SimulationInput/sim |      |     오류 발생: run_highload_validation_B_UA_envelope>runOneB (371번 라인) |             out=sim(simIn); |             ^^^^^^^^^^^^^^^ |     오류 발생: run_highload_validation_B_UA_envelope>evaluateIfNeededB (345번 라인) |         row=runOneB(model,c,rpm,stage,Search,Base); |         ^^^^^^^^^^^^^^^^^^^^^^^^^^^^^^^^^^^^^^^^^^^ |     오류 발생: run_highload_validation_B_UA_envelope>adaptiveSearchB (275번 라인) |             [Rows,row] = evaluateIfNeededB(Rows,model,c,rpm,'probe',Search,Base); |             ^^^^^^^^^^^^^^^^^^^^^^^^^^^^^^^^^^^^^^^^^^^^^^^^^^^^^^^^^^^^^^^^^^^^^ |     오류 발생: run_highload_validation_B_UA_envelope (144번 라인) |             [rows, info] = adaptiveSearchB(model, caseStruct, Search, Base); |             ^^^^^^^^^^^^^^^^^^^^^^^^^^^^^^^^^^^^^^^^^^^^^^^^^^^^^^^^^^^^^^^^ |     다음 사용 중 오류가 발생함: Simulink.Simulation.internal.DesktopSimHelper |     포트 A에서의 온도는 최대 유효 온도보다 작거나 같아야 합니다. 어설션 발생 위치: |     블록 경로: <a href=""matlab:open_and_hilite_hyperlink ('haps_260818_1722_duct/Pipe (MA)','error')"">haps_260818_1722_duct/Pipe (MA)</a> |     어설션 위치: |         o <a href=""matlab:opentoline(which('foundation.moist_air.elements.pipe'), 975, 5)"">파일 foundation.moist_air.elements.pipe의 라인: 975, 열: 5과(와) 라인: 975, 열: 11 사이</a> |      |      |     오류 발생: Simulink.Simulation.internal.DesktopSimHelper.sim |      |     오류 발생: Simulink.SimulationInput/sim |      |     오류 발생: run_highload_validation_B_UA_envelope>runOneB (371번 라인) |             out=sim(simIn); |             ^^^^^^^^^^^^^^^ |     오류 발생: run_highload_validation_B_UA_envelope>evaluateIfNeededB (345번 라인) |         row=runOneB(model,c,rpm,stage,Search,Base); |         ^^^^^^^^^^^^^^^^^^^^^^^^^^^^^^^^^^^^^^^^^^^ |     오류 발생: run_highload_validation_B_UA_envelope>adaptiveSearchB (275번 라인) |             [Rows,row] = evaluateIfNeededB(Rows,model,c,rpm,'probe',Search,Base); |             ^^^^^^^^^^^^^^^^^^^^^^^^^^^^^^^^^^^^^^^^^^^^^^^^^^^^^^^^^^^^^^^^^^^^^ |     오류 발생: run_highload_validation_B_UA_envelope (144번 라인) |             [rows, info] = adaptiveSearchB(model, caseStruct, Search, Base); |             ^^^^^^^^^^^^^^^^^^^^^^^^^^^^^^^^^^^^^^^^^^^^^^^^^^^^^^^^^^^^^^^^"
16,2550,300,6,1.5,1000,probe,0,0,0,NaN,NaN,NaN,NaN,NaN,NaN,NaN,NaN,NaN,NaN,NaN,NaN,NaN,"다음 사용 중 오류가 발생함: run_highload_validation_B_UA_envelope>runOneB (371번 라인) | ['haps_260818_1722_duct/Solver Configuration']: 시간 3325.039471에서 하나 이상의 어설션이 트리거됩니다. 구체적인 정보를 보려면 원인을 확인하십시오. |  | 오류 발생: run_highload_validation_B_UA_envelope>evaluateIfNeededB (345번 라인) |     row=runOneB(model,c,rpm,stage,Search,Base); |     ^^^^^^^^^^^^^^^^^^^^^^^^^^^^^^^^^^^^^^^^^^^ | 오류 발생: run_highload_validation_B_UA_envelope>adaptiveSearchB (275번 라인) |         [Rows,row] = evaluateIfNeededB(Rows,model,c,rpm,'probe',Search,Base); |         ^^^^^^^^^^^^^^^^^^^^^^^^^^^^^^^^^^^^^^^^^^^^^^^^^^^^^^^^^^^^^^^^^^^^^ | 오류 발생: run_highload_validation_B_UA_envelope (144번 라인) |         [rows, info] = adaptiveSearchB(model, caseStruct, Search, Base); |         ^^^^^^^^^^^^^^^^^^^^^^^^^^^^^^^^^^^^^^^^^^^^^^^^^^^^^^^^^^^^^^^^ | 원인: |     다음 사용 중 오류가 발생함: Simulink.Simulation.internal.DesktopSimHelper |     포트 B에서의 온도는 최대 유효 온도보다 작거나 같아야 합니다. 어설션 발생 위치: |     블록 경로: <a href=""matlab:open_and_hilite_hyperlink ('haps_260818_1722_duct/Fan (MA)1','error')"">haps_260818_1722_duct/Fan (MA)1</a> |     어설션 위치: |         o (위치 정보가 보호되어 있음) |      |      |     오류 발생: Simulink.Simulation.internal.DesktopSimHelper.sim |      |     오류 발생: Simulink.SimulationInput/sim |      |     오류 발생: run_highload_validation_B_UA_envelope>runOneB (371번 라인) |             out=sim(simIn); |             ^^^^^^^^^^^^^^^ |     오류 발생: run_highload_validation_B_UA_envelope>evaluateIfNeededB (345번 라인) |         row=runOneB(model,c,rpm,stage,Search,Base); |         ^^^^^^^^^^^^^^^^^^^^^^^^^^^^^^^^^^^^^^^^^^^ |     오류 발생: run_highload_validation_B_UA_envelope>adaptiveSearchB (275번 라인) |             [Rows,row] = evaluateIfNeededB(Rows,model,c,rpm,'probe',Search,Base); |             ^^^^^^^^^^^^^^^^^^^^^^^^^^^^^^^^^^^^^^^^^^^^^^^^^^^^^^^^^^^^^^^^^^^^^ |     오류 발생: run_highload_validation_B_UA_envelope (144번 라인) |             [rows, info] = adaptiveSearchB(model, caseStruct, Search, Base); |             ^^^^^^^^^^^^^^^^^^^^^^^^^^^^^^^^^^^^^^^^^^^^^^^^^^^^^^^^^^^^^^^^ |     다음 사용 중 오류가 발생함: Simulink.Simulation.internal.DesktopSimHelper |     포트 A에서의 온도는 최대 유효 온도보다 작거나 같아야 합니다. 어설션 발생 위치: |     블록 경로: <a href=""matlab:open_and_hilite_hyperlink ('haps_260818_1722_duct/Local Restriction (MA) #1','error')"">haps_260818_1722_duct/Local Restriction (MA) #1</a> |     어설션 위치: |         o <a href=""matlab:opentoline(which('foundation.moist_air.elements.local_restriction'), 277, 5)"">파일 foundation.moist_air.elements.local_restriction의 라인: 277, 열: 5과(와) 라인: 277, 열: 11 사이</a> |      |      |     오류 발생: Simulink.Simulation.internal.DesktopSimHelper.sim |      |     오류 발생: Simulink.SimulationInput/sim |      |     오류 발생: run_highload_validation_B_UA_envelope>runOneB (371번 라인) |             out=sim(simIn); |             ^^^^^^^^^^^^^^^ |     오류 발생: run_highload_validation_B_UA_envelope>evaluateIfNeededB (345번 라인) |         row=runOneB(model,c,rpm,stage,Search,Base); |         ^^^^^^^^^^^^^^^^^^^^^^^^^^^^^^^^^^^^^^^^^^^ |     오류 발생: run_highload_validation_B_UA_envelope>adaptiveSearchB (275번 라인) |             [Rows,row] = evaluateIfNeededB(Rows,model,c,rpm,'probe',Search,Base); |             ^^^^^^^^^^^^^^^^^^^^^^^^^^^^^^^^^^^^^^^^^^^^^^^^^^^^^^^^^^^^^^^^^^^^^ |     오류 발생: run_highload_validation_B_UA_envelope (144번 라인) |             [rows, info] = adaptiveSearchB(model, caseStruct, Search, Base); |             ^^^^^^^^^^^^^^^^^^^^^^^^^^^^^^^^^^^^^^^^^^^^^^^^^^^^^^^^^^^^^^^^ |     다음 사용 중 오류가 발생함: Simulink.Simulation.internal.DesktopSimHelper |     포트 B에서의 온도는 최대 유효 온도보다 작거나 같아야 합니다. 어설션 발생 위치: |     블록 경로: <a href=""matlab:open_and_hilite_hyperlink ('haps_260818_1722_duct/Local Restriction (MA) #1','error')"">haps_260818_1722_duct/Local Restriction (MA) #1</a> |     어설션 위치: |         o <a href=""matlab:opentoline(which('foundation.moist_air.elements.local_restriction'), 281, 5)"">파일 foundation.moist_air.elements.local_restriction의 라인: 281, 열: 5과(와) 라인: 281, 열: 11 사이</a> |      |      |     오류 발생: Simulink.Simulation.internal.DesktopSimHelper.sim |      |     오류 발생: Simulink.SimulationInput/sim |      |     오류 발생: run_highload_validation_B_UA_envelope>runOneB (371번 라인) |             out=sim(simIn); |             ^^^^^^^^^^^^^^^ |     오류 발생: run_highload_validation_B_UA_envelope>evaluateIfNeededB (345번 라인) |         row=runOneB(model,c,rpm,stage,Search,Base); |         ^^^^^^^^^^^^^^^^^^^^^^^^^^^^^^^^^^^^^^^^^^^ |     오류 발생: run_highload_validation_B_UA_envelope>adaptiveSearchB (275번 라인) |             [Rows,row] = evaluateIfNeededB(Rows,model,c,rpm,'probe',Search,Base); |             ^^^^^^^^^^^^^^^^^^^^^^^^^^^^^^^^^^^^^^^^^^^^^^^^^^^^^^^^^^^^^^^^^^^^^ |     오류 발생: run_highload_validation_B_UA_envelope (144번 라인) |             [rows, info] = adaptiveSearchB(model, caseStruct, Search, Base); |             ^^^^^^^^^^^^^^^^^^^^^^^^^^^^^^^^^^^^^^^^^^^^^^^^^^^^^^^^^^^^^^^^ |     다음 사용 중 오류가 발생함: Simulink.Simulation.internal.DesktopSimHelper |     포트 A에서의 온도는 최대 유효 온도보다 작거나 같아야 합니다. 어설션 발생 위치: |     블록 경로: <a href=""matlab:open_and_hilite_hyperlink ('haps_260818_1722_duct/Pipe (MA)','error')"">haps_260818_1722_duct/Pipe (MA)</a> |     어설션 위치: |         o <a href=""matlab:opentoline(which('foundation.moist_air.elements.pipe'), 975, 5)"">파일 foundation.moist_air.elements.pipe의 라인: 975, 열: 5과(와) 라인: 975, 열: 11 사이</a> |      |      |     오류 발생: Simulink.Simulation.internal.DesktopSimHelper.sim |      |     오류 발생: Simulink.SimulationInput/sim |      |     오류 발생: run_highload_validation_B_UA_envelope>runOneB (371번 라인) |             out=sim(simIn); |             ^^^^^^^^^^^^^^^ |     오류 발생: run_highload_validation_B_UA_envelope>evaluateIfNeededB (345번 라인) |         row=runOneB(model,c,rpm,stage,Search,Base); |         ^^^^^^^^^^^^^^^^^^^^^^^^^^^^^^^^^^^^^^^^^^^ |     오류 발생: run_highload_validation_B_UA_envelope>adaptiveSearchB (275번 라인) |             [Rows,row] = evaluateIfNeededB(Rows,model,c,rpm,'probe',Search,Base); |             ^^^^^^^^^^^^^^^^^^^^^^^^^^^^^^^^^^^^^^^^^^^^^^^^^^^^^^^^^^^^^^^^^^^^^ |     오류 발생: run_highload_validation_B_UA_envelope (144번 라인) |             [rows, info] = adaptiveSearchB(model, caseStruct, Search, Base); |             ^^^^^^^^^^^^^^^^^^^^^^^^^^^^^^^^^^^^^^^^^^^^^^^^^^^^^^^^^^^^^^^^"
16,2550,300,6,1.5,1500,probe,0,1,0,573.373754107372,524.263900883156,232.665185916288,0.0143893692227019,0.0124617527337771,6.03832532018498,5.22940818358131,0.0285843533837863,0.0316294549850437,20.00947627123,1.12721361325778,1.32613366265621,0.0520052416727926,""
16,2550,300,6,1.5,2000,probe,0,1,0,487.021366625361,435.320602725346,233.089079847099,0.00506965624485967,0.00409781644684123,2.45186811240984,1.98184846381207,0.0493030683467986,0.0554894363162615,33.0403054889321,2.84600716348134,3.34824372174275,0.131303675362461,""
16,2550,300,6,1.5,2500,probe,0,1,0,438.128529256025,385.554777417716,233.237662219603,0.00196122248854177,0.00148639701882195,0.95006752627512,0.720048814597931,0.0732042115403652,0.083220019831491,47.5885812012202,5.83206385786894,6.86125159749287,0.269068690097759,""
16,2550,300,6,1.5,2675,probe,0,1,0,426.065371085532,373.325958723791,233.26765897897,0.0013891018148106,0.00102877241070545,0.590360074018008,0.437238505464052,0.0820589120799974,0.0935190106405901,52.9369370286028,7.2430822721901,8.52127326140012,0.334167578878436,""
16,2550,300,6,1.5,3000,probe,0,1,0,408.991350216182,356.089132325551,233.300263020575,0.000803801868586173,0.000571801985943844,0.339890918926756,0.241788786706934,0.0978094662806873,0.111859341444226,62.5067803825562,10.4340307638202,12.2753303103767,0.481385502367713,""
16,2550,300,6,1.5,4000,probe,0,1,0,380.029379868851,326.980086994248,233.345517676681,0.000270273134921827,0.000176576584869374,0.126880838372188,0.0828946185791324,0.139337804036096,0.160134842104997,89.1784501657651,25.6136045862513,30.1336524544133,1.18171186095739,""
16,2550,300,6,1.5,5000,probe,0,1,0,363.720748369076,310.627633759533,233.382677460678,0.00011465895375679,7.01521657694758e-05,0.0512565446826443,0.0313604021101241,0.178414464426792,0.20555832446115,119.931879827195,50.7844433426281,59.7464039325036,2.3429962326472,""
16,2550,300,6,1.5,6750,expanded_probe,1,1,0,347.387126408202,294.272961161189,233.481433923055,3.87899217017546e-05,2.1679479746155e-05,0.0178555275833787,0.00997935824045726,0.242689277007592,0.280232505861215,205.920404536751,125.566304552547,147.725064179467,5.7931397717438,""
16,2550,300,6,1.5,9125,expanded_probe,1,1,0,335.152383213666,282.030851666739,233.720730128925,1.25077295635759e-05,6.34235452739452e-06,0.0055291781840765,0.00280370874605751,0.328818057593542,0.380167555867835,369.183527899006,310.67327487299,365.497970438812,14.3332537426985,""
16,2550,300,6,1.5,12000,expanded_probe,1,1,1,327.366998652479,274.243325958137,234.2316006922,4.73558687673565e-06,2.18081909826818e-06,0.00220626351909914,0.00101602224196995,0.432730667210609,0.500403946783085,634.453626091757,706.897796532064,831.644466508311,32.613508490522,""
16,2550,300,6,1.5,10550,refine,1,1,0,330.617341274547,277.494449178165,233.939014186443,7.52647598998926e-06,3.62945385466551e-06,0.00349950288779155,0.00168754768913004,0.380378114522627,0.439881890889674,491.119126547892,480.309990277084,565.070576796569,22.1596304626105,""
16,2550,300,6,1.5,11275,refine,1,1,1,328.845283570424,275.721940464941,234.075737795567,5.9132883234469e-06,2.78520499015587e-06,0.00275330550829267,0.00129682806579012,0.406569716550277,0.470175107714329,560.310565553729,586.341467294632,689.813490934862,27.0515094484259,""
16,2550,300,6,1.5,10900,refine,1,1,1,329.721562881075,276.598358560432,234.002740534932,6.47575552943557e-06,3.08724552024242e-06,0.00286539976900713,0.00136604553142661,0.393025307856932,0.454522237945674,523.918203835085,529.741798243146,623.225644991936,24.4402213722328,""
16,2550,300,6,1.5,10725,refine,1,1,0,330.160677102806,277.037519906706,233.970363380357,6.69277721621169e-06,3.20913726543709e-06,0.00283793164715007,0.00136076628837145,0.386702925415092,0.447199477318822,507.372239628707,504.62349347701,593.674698208248,23.2813607140489,""
16,2550,300,6,1.5,10800,refine,1,1,1,329.970142527205,276.847052148325,233.984093160263,6.84080178054275e-06,3.27200825333555e-06,0.00313171761195008,0.00149792151660222,0.389412808959816,0.450337255299631,514.427499859009,515.28917255174,606.222555943224,23.7734335664009,""
16,2550,300,6,1.5,10750,refine,1,1,0,330.096510767899,276.973455141303,233.974905975719,6.9636433338832e-06,3.33625123117428e-06,0.00319166698682238,0.00152911325750438,0.387606178820722,0.448246351193162,509.719054313568,508.162166308126,597.837842715442,23.4446212829585,""
16,2550,300,6,1.5,10775,refine,1,1,0,330.033631986918,276.910447527261,233.979505087697,6.59124294584734e-06,3.15524668196078e-06,0.00280229352620154,0.00134146250610456,0.388509698157772,0.449289662955906,512.068215733918,511.717575523457,602.02067708642,23.608654003389,""
17,2550,400,8,1.5,750,probe,0,0,0,NaN,NaN,NaN,NaN,NaN,NaN,NaN,NaN,NaN,NaN,NaN,NaN,NaN,"다음 사용 중 오류가 발생함: run_highload_validation_B_UA_envelope>runOneB (371번 라인) | ['haps_260818_1722_duct/Solver Configuration']: 시간 2175.593896에서 하나 이상의 어설션이 트리거됩니다. 구체적인 정보를 보려면 원인을 확인하십시오. |  | 오류 발생: run_highload_validation_B_UA_envelope>evaluateIfNeededB (345번 라인) |     row=runOneB(model,c,rpm,stage,Search,Base); |     ^^^^^^^^^^^^^^^^^^^^^^^^^^^^^^^^^^^^^^^^^^^ | 오류 발생: run_highload_validation_B_UA_envelope>adaptiveSearchB (275번 라인) |         [Rows,row] = evaluateIfNeededB(Rows,model,c,rpm,'probe',Search,Base); |         ^^^^^^^^^^^^^^^^^^^^^^^^^^^^^^^^^^^^^^^^^^^^^^^^^^^^^^^^^^^^^^^^^^^^^ | 오류 발생: run_highload_validation_B_UA_envelope (144번 라인) |         [rows, info] = adaptiveSearchB(model, caseStruct, Search, Base); |         ^^^^^^^^^^^^^^^^^^^^^^^^^^^^^^^^^^^^^^^^^^^^^^^^^^^^^^^^^^^^^^^^ | 원인: |     다음 사용 중 오류가 발생함: Simulink.Simulation.internal.DesktopSimHelper |     포트 B에서의 온도는 최대 유효 온도보다 작거나 같아야 합니다. 어설션 발생 위치: |     블록 경로: <a href=""matlab:open_and_hilite_hyperlink ('haps_260818_1722_duct/Fan (MA)1','error')"">haps_260818_1722_duct/Fan (MA)1</a> |     어설션 위치: |         o (위치 정보가 보호되어 있음) |      |      |     오류 발생: Simulink.Simulation.internal.DesktopSimHelper.sim |      |     오류 발생: Simulink.SimulationInput/sim |      |     오류 발생: run_highload_validation_B_UA_envelope>runOneB (371번 라인) |             out=sim(simIn); |             ^^^^^^^^^^^^^^^ |     오류 발생: run_highload_validation_B_UA_envelope>evaluateIfNeededB (345번 라인) |         row=runOneB(model,c,rpm,stage,Search,Base); |         ^^^^^^^^^^^^^^^^^^^^^^^^^^^^^^^^^^^^^^^^^^^ |     오류 발생: run_highload_validation_B_UA_envelope>adaptiveSearchB (275번 라인) |             [Rows,row] = evaluateIfNeededB(Rows,model,c,rpm,'probe',Search,Base); |             ^^^^^^^^^^^^^^^^^^^^^^^^^^^^^^^^^^^^^^^^^^^^^^^^^^^^^^^^^^^^^^^^^^^^^ |     오류 발생: run_highload_validation_B_UA_envelope (144번 라인) |             [rows, info] = adaptiveSearchB(model, caseStruct, Search, Base); |             ^^^^^^^^^^^^^^^^^^^^^^^^^^^^^^^^^^^^^^^^^^^^^^^^^^^^^^^^^^^^^^^^ |     다음 사용 중 오류가 발생함: Simulink.Simulation.internal.DesktopSimHelper |     포트 A에서의 온도는 최대 유효 온도보다 작거나 같아야 합니다. 어설션 발생 위치: |     블록 경로: <a href=""matlab:open_and_hilite_hyperlink ('haps_260818_1722_duct/Local Restriction (MA) #1','error')"">haps_260818_1722_duct/Local Restriction (MA) #1</a> |     어설션 위치: |         o <a href=""matlab:opentoline(which('foundation.moist_air.elements.local_restriction'), 277, 5)"">파일 foundation.moist_air.elements.local_restriction의 라인: 277, 열: 5과(와) 라인: 277, 열: 11 사이</a> |      |      |     오류 발생: Simulink.Simulation.internal.DesktopSimHelper.sim |      |     오류 발생: Simulink.SimulationInput/sim |      |     오류 발생: run_highload_validation_B_UA_envelope>runOneB (371번 라인) |             out=sim(simIn); |             ^^^^^^^^^^^^^^^ |     오류 발생: run_highload_validation_B_UA_envelope>evaluateIfNeededB (345번 라인) |         row=runOneB(model,c,rpm,stage,Search,Base); |         ^^^^^^^^^^^^^^^^^^^^^^^^^^^^^^^^^^^^^^^^^^^ |     오류 발생: run_highload_validation_B_UA_envelope>adaptiveSearchB (275번 라인) |             [Rows,row] = evaluateIfNeededB(Rows,model,c,rpm,'probe',Search,Base); |             ^^^^^^^^^^^^^^^^^^^^^^^^^^^^^^^^^^^^^^^^^^^^^^^^^^^^^^^^^^^^^^^^^^^^^ |     오류 발생: run_highload_validation_B_UA_envelope (144번 라인) |             [rows, info] = adaptiveSearchB(model, caseStruct, Search, Base); |             ^^^^^^^^^^^^^^^^^^^^^^^^^^^^^^^^^^^^^^^^^^^^^^^^^^^^^^^^^^^^^^^^ |     다음 사용 중 오류가 발생함: Simulink.Simulation.internal.DesktopSimHelper |     포트 B에서의 온도는 최대 유효 온도보다 작거나 같아야 합니다. 어설션 발생 위치: |     블록 경로: <a href=""matlab:open_and_hilite_hyperlink ('haps_260818_1722_duct/Local Restriction (MA) #1','error')"">haps_260818_1722_duct/Local Restriction (MA) #1</a> |     어설션 위치: |         o <a href=""matlab:opentoline(which('foundation.moist_air.elements.local_restriction'), 281, 5)"">파일 foundation.moist_air.elements.local_restriction의 라인: 281, 열: 5과(와) 라인: 281, 열: 11 사이</a> |      |      |     오류 발생: Simulink.Simulation.internal.DesktopSimHelper.sim |      |     오류 발생: Simulink.SimulationInput/sim |      |     오류 발생: run_highload_validation_B_UA_envelope>runOneB (371번 라인) |             out=sim(simIn); |             ^^^^^^^^^^^^^^^ |     오류 발생: run_highload_validation_B_UA_envelope>evaluateIfNeededB (345번 라인) |         row=runOneB(model,c,rpm,stage,Search,Base); |         ^^^^^^^^^^^^^^^^^^^^^^^^^^^^^^^^^^^^^^^^^^^ |     오류 발생: run_highload_validation_B_UA_envelope>adaptiveSearchB (275번 라인) |             [Rows,row] = evaluateIfNeededB(Rows,model,c,rpm,'probe',Search,Base); |             ^^^^^^^^^^^^^^^^^^^^^^^^^^^^^^^^^^^^^^^^^^^^^^^^^^^^^^^^^^^^^^^^^^^^^ |     오류 발생: run_highload_validation_B_UA_envelope (144번 라인) |             [rows, info] = adaptiveSearchB(model, caseStruct, Search, Base); |             ^^^^^^^^^^^^^^^^^^^^^^^^^^^^^^^^^^^^^^^^^^^^^^^^^^^^^^^^^^^^^^^^ |     다음 사용 중 오류가 발생함: Simulink.Simulation.internal.DesktopSimHelper |     포트 A에서의 온도는 최대 유효 온도보다 작거나 같아야 합니다. 어설션 발생 위치: |     블록 경로: <a href=""matlab:open_and_hilite_hyperlink ('haps_260818_1722_duct/Pipe (MA)','error')"">haps_260818_1722_duct/Pipe (MA)</a> |     어설션 위치: |         o <a href=""matlab:opentoline(which('foundation.moist_air.elements.pipe'), 975, 5)"">파일 foundation.moist_air.elements.pipe의 라인: 975, 열: 5과(와) 라인: 975, 열: 11 사이</a> |      |      |     오류 발생: Simulink.Simulation.internal.DesktopSimHelper.sim |      |     오류 발생: Simulink.SimulationInput/sim |      |     오류 발생: run_highload_validation_B_UA_envelope>runOneB (371번 라인) |             out=sim(simIn); |             ^^^^^^^^^^^^^^^ |     오류 발생: run_highload_validation_B_UA_envelope>evaluateIfNeededB (345번 라인) |         row=runOneB(model,c,rpm,stage,Search,Base); |         ^^^^^^^^^^^^^^^^^^^^^^^^^^^^^^^^^^^^^^^^^^^ |     오류 발생: run_highload_validation_B_UA_envelope>adaptiveSearchB (275번 라인) |             [Rows,row] = evaluateIfNeededB(Rows,model,c,rpm,'probe',Search,Base); |             ^^^^^^^^^^^^^^^^^^^^^^^^^^^^^^^^^^^^^^^^^^^^^^^^^^^^^^^^^^^^^^^^^^^^^ |     오류 발생: run_highload_validation_B_UA_envelope (144번 라인) |             [rows, info] = adaptiveSearchB(model, caseStruct, Search, Base); |             ^^^^^^^^^^^^^^^^^^^^^^^^^^^^^^^^^^^^^^^^^^^^^^^^^^^^^^^^^^^^^^^^"
17,2550,400,8,1.5,1000,probe,0,0,0,NaN,NaN,NaN,NaN,NaN,NaN,NaN,NaN,NaN,NaN,NaN,NaN,NaN,"다음 사용 중 오류가 발생함: run_highload_validation_B_UA_envelope>runOneB (371번 라인) | ['haps_260818_1722_duct/Solver Configuration']: 시간 3342.482763에서 하나 이상의 어설션이 트리거됩니다. 구체적인 정보를 보려면 원인을 확인하십시오. |  | 오류 발생: run_highload_validation_B_UA_envelope>evaluateIfNeededB (345번 라인) |     row=runOneB(model,c,rpm,stage,Search,Base); |     ^^^^^^^^^^^^^^^^^^^^^^^^^^^^^^^^^^^^^^^^^^^ | 오류 발생: run_highload_validation_B_UA_envelope>adaptiveSearchB (275번 라인) |         [Rows,row] = evaluateIfNeededB(Rows,model,c,rpm,'probe',Search,Base); |         ^^^^^^^^^^^^^^^^^^^^^^^^^^^^^^^^^^^^^^^^^^^^^^^^^^^^^^^^^^^^^^^^^^^^^ | 오류 발생: run_highload_validation_B_UA_envelope (144번 라인) |         [rows, info] = adaptiveSearchB(model, caseStruct, Search, Base); |         ^^^^^^^^^^^^^^^^^^^^^^^^^^^^^^^^^^^^^^^^^^^^^^^^^^^^^^^^^^^^^^^^ | 원인: |     다음 사용 중 오류가 발생함: Simulink.Simulation.internal.DesktopSimHelper |     포트 B에서의 온도는 최대 유효 온도보다 작거나 같아야 합니다. 어설션 발생 위치: |     블록 경로: <a href=""matlab:open_and_hilite_hyperlink ('haps_260818_1722_duct/Fan (MA)1','error')"">haps_260818_1722_duct/Fan (MA)1</a> |     어설션 위치: |         o (위치 정보가 보호되어 있음) |      |      |     오류 발생: Simulink.Simulation.internal.DesktopSimHelper.sim |      |     오류 발생: Simulink.SimulationInput/sim |      |     오류 발생: run_highload_validation_B_UA_envelope>runOneB (371번 라인) |             out=sim(simIn); |             ^^^^^^^^^^^^^^^ |     오류 발생: run_highload_validation_B_UA_envelope>evaluateIfNeededB (345번 라인) |         row=runOneB(model,c,rpm,stage,Search,Base); |         ^^^^^^^^^^^^^^^^^^^^^^^^^^^^^^^^^^^^^^^^^^^ |     오류 발생: run_highload_validation_B_UA_envelope>adaptiveSearchB (275번 라인) |             [Rows,row] = evaluateIfNeededB(Rows,model,c,rpm,'probe',Search,Base); |             ^^^^^^^^^^^^^^^^^^^^^^^^^^^^^^^^^^^^^^^^^^^^^^^^^^^^^^^^^^^^^^^^^^^^^ |     오류 발생: run_highload_validation_B_UA_envelope (144번 라인) |             [rows, info] = adaptiveSearchB(model, caseStruct, Search, Base); |             ^^^^^^^^^^^^^^^^^^^^^^^^^^^^^^^^^^^^^^^^^^^^^^^^^^^^^^^^^^^^^^^^ |     다음 사용 중 오류가 발생함: Simulink.Simulation.internal.DesktopSimHelper |     포트 A에서의 온도는 최대 유효 온도보다 작거나 같아야 합니다. 어설션 발생 위치: |     블록 경로: <a href=""matlab:open_and_hilite_hyperlink ('haps_260818_1722_duct/Local Restriction (MA) #1','error')"">haps_260818_1722_duct/Local Restriction (MA) #1</a> |     어설션 위치: |         o <a href=""matlab:opentoline(which('foundation.moist_air.elements.local_restriction'), 277, 5)"">파일 foundation.moist_air.elements.local_restriction의 라인: 277, 열: 5과(와) 라인: 277, 열: 11 사이</a> |      |      |     오류 발생: Simulink.Simulation.internal.DesktopSimHelper.sim |      |     오류 발생: Simulink.SimulationInput/sim |      |     오류 발생: run_highload_validation_B_UA_envelope>runOneB (371번 라인) |             out=sim(simIn); |             ^^^^^^^^^^^^^^^ |     오류 발생: run_highload_validation_B_UA_envelope>evaluateIfNeededB (345번 라인) |         row=runOneB(model,c,rpm,stage,Search,Base); |         ^^^^^^^^^^^^^^^^^^^^^^^^^^^^^^^^^^^^^^^^^^^ |     오류 발생: run_highload_validation_B_UA_envelope>adaptiveSearchB (275번 라인) |             [Rows,row] = evaluateIfNeededB(Rows,model,c,rpm,'probe',Search,Base); |             ^^^^^^^^^^^^^^^^^^^^^^^^^^^^^^^^^^^^^^^^^^^^^^^^^^^^^^^^^^^^^^^^^^^^^ |     오류 발생: run_highload_validation_B_UA_envelope (144번 라인) |             [rows, info] = adaptiveSearchB(model, caseStruct, Search, Base); |             ^^^^^^^^^^^^^^^^^^^^^^^^^^^^^^^^^^^^^^^^^^^^^^^^^^^^^^^^^^^^^^^^"
17,2550,400,8,1.5,1500,probe,0,1,0,570.303766700789,521.262831694226,230.279573666671,0.014506646476195,0.0125511544984741,7.2522431566149,6.27460686822099,0.0286577212949948,0.0317055148005115,19.9986196560688,1.12786303753421,1.32689769121672,0.0520352035771263,""
17,2550,400,8,1.5,2000,probe,0,1,0,484.725138153519,432.969398364865,230.611828019983,0.00488505227456134,0.00394081185455735,2.30108848968098,1.85630125915071,0.0494136315901406,0.0556019350711459,33.012092498815,2.84770346007487,3.35023936479396,0.131381935874273,""
17,2550,400,8,1.5,2500,probe,0,1,0,435.707570042861,383.096152739894,230.720759370515,0.00183682178193128,0.00138625380818168,0.846248455023328,0.638646273376821,0.0733670933207146,0.0833899845692044,47.5268690736169,5.83584454178351,6.86569946092178,0.269243116114579,""
17,2550,400,8,1.5,2675,probe,0,1,0,423.549477844552,370.806189379309,230.739022158134,0.00136009428612053,0.00100348397128635,0.649574820936152,0.479259304456036,0.08225522018638,0.0937023231413234,52.8535570370344,7.24823231007084,8.52733212949511,0.334405181548828,""
17,2550,400,8,1.5,3000,probe,0,1,0,406.606489331859,353.695276517538,230.763971612255,0.000767375348150047,0.00054324540020346,0.34387441986803,0.243437805008341,0.0979587958948236,0.111937994166701,62.326771691085,10.4410837594038,12.2836279522397,0.481710900087832,""
17,2550,400,8,1.5,4000,probe,0,1,0,377.664563186722,324.604847910411,230.797914815058,0.000236207338872548,0.000153195248923323,0.0993565234638822,0.064438942474851,0.139431347413303,0.160122977601475,88.8662548649518,25.6239846080584,30.1458642447746,1.18219075469704,""
17,2550,400,8,1.5,5000,probe,0,1,0,361.307765123146,308.212424753659,230.824691587297,0.000105356931880518,6.38246988143026e-05,0.0507893633291587,0.0307679434721422,0.178481236954246,0.205502032798957,119.598405649267,50.7967094870942,59.7608346906991,2.3435621447333,""
17,2550,400,8,1.5,6750,expanded_probe,1,1,0,344.921805835455,291.806149716503,230.898650247987,3.33646374778082e-05,1.83850893137008e-05,0.0155738314340397,0.00858172210757857,0.242722185229866,0.280123170692205,205.686969577771,125.577492155118,147.738226064845,5.79365592411156,""
17,2550,400,8,1.5,9125,expanded_probe,1,1,0,332.595919809955,279.473847597637,231.077888988795,1.04420728144621e-05,5.18790783474703e-06,0.0048855227944955,0.00242726210655064,0.328850713624013,0.38004774311988,368.865711152437,310.693652517073,365.521944137733,14.3341938877542,""
17,2550,400,8,1.5,12000,expanded_probe,1,1,1,324.668645846578,271.544580697854,231.460872871367,3.39287063608544e-06,1.52010421884032e-06,0.00145033050205257,0.000649790596298772,0.432761409716804,0.500233406398658,634.058327105617,706.931018271612,831.683550907778,32.6150412120697,""
17,2550,400,8,1.5,10550,refine,1,1,1,327.999935125264,274.876559462752,231.241503257508,5.82506623537791e-06,2.74302940586194e-06,0.00265238879092067,0.00124901175490777,0.380411869413212,0.439722551073335,490.737940640312,480.338175901854,565.103736355123,22.1609308374558,""
17,2550,400,8,1.5,9825,refine,1,1,0,330.145388547677,277.02259456227,231.152322016793,7.85125134916115e-06,3.79711790407305e-06,0.00370455176283713,0.00179164039963098,0.354191450572031,0.409391453231379,426.43331246826,387.903578906036,456.35715165416,17.8963588883984,""
17,2550,400,8,1.5,10175,refine,1,1,1,329.062551242454,275.939517431503,231.193777481876,6.95514987659884e-06,3.32004980308082e-06,0.00336494215508765,0.00160625874957532,0.366852208047043,0.424050644645233,456.885022409476,430.886868441006,506.925727577654,19.8794402971629,""
17,2550,400,8,1.5,10000,refine,1,1,1,329.592588679556,276.469736117775,231.172676807481,7.54979648669192e-06,3.62734511415404e-06,0.0037438780735215,0.00179877059451883,0.360522539829514,0.416723527424217,441.520374141243,409.019411288474,481.199307398204,18.8705610744394,""
17,2550,400,8,1.5,9900,refine,1,1,1,329.905038422154,276.782203125332,231.160962005808,7.68049238524627e-06,3.70396022698713e-06,0.00367198864961438,0.00177083985602167,0.356904583090207,0.412538599472977,432.869127014036,396.861755359136,466.896182775455,18.3096542264884,""
17,2550,400,8,1.5,9850,refine,1,1,0,330.064233350759,276.941459590432,231.155185378964,7.88012204266771e-06,3.80740079929079e-06,0.00380529320926826,0.00183858315665475,0.355095578568817,0.410443824713633,428.575858948131,390.874312636896,459.852132513996,18.0334169613332,""
17,2550,400,8,1.5,9875,refine,1,1,1,329.984903495331,276.862036635626,231.158072312515,7.62003006242159e-06,3.6782697464615e-06,0.00353573546681218,0.00170673705304125,0.356000313190583,0.411488734601737,430.717366523842,393.860618889744,463.365433987934,18.1711934897229,""
18,2550,500,10,1.5,750,probe,0,0,0,NaN,NaN,NaN,NaN,NaN,NaN,NaN,NaN,NaN,NaN,NaN,NaN,NaN,"다음 사용 중 오류가 발생함: run_highload_validation_B_UA_envelope>runOneB (371번 라인) | ['haps_260818_1722_duct/Solver Configuration']: 시간 2177.165992에서 하나 이상의 어설션이 트리거됩니다. 구체적인 정보를 보려면 원인을 확인하십시오. |  | 오류 발생: run_highload_validation_B_UA_envelope>evaluateIfNeededB (345번 라인) |     row=runOneB(model,c,rpm,stage,Search,Base); |     ^^^^^^^^^^^^^^^^^^^^^^^^^^^^^^^^^^^^^^^^^^^ | 오류 발생: run_highload_validation_B_UA_envelope>adaptiveSearchB (275번 라인) |         [Rows,row] = evaluateIfNeededB(Rows,model,c,rpm,'probe',Search,Base); |         ^^^^^^^^^^^^^^^^^^^^^^^^^^^^^^^^^^^^^^^^^^^^^^^^^^^^^^^^^^^^^^^^^^^^^ | 오류 발생: run_highload_validation_B_UA_envelope (144번 라인) |         [rows, info] = adaptiveSearchB(model, caseStruct, Search, Base); |         ^^^^^^^^^^^^^^^^^^^^^^^^^^^^^^^^^^^^^^^^^^^^^^^^^^^^^^^^^^^^^^^^ | 원인: |     다음 사용 중 오류가 발생함: Simulink.Simulation.internal.DesktopSimHelper |     포트 B에서의 온도는 최대 유효 온도보다 작거나 같아야 합니다. 어설션 발생 위치: |     블록 경로: <a href=""matlab:open_and_hilite_hyperlink ('haps_260818_1722_duct/Fan (MA)1','error')"">haps_260818_1722_duct/Fan (MA)1</a> |     어설션 위치: |         o (위치 정보가 보호되어 있음) |      |      |     오류 발생: Simulink.Simulation.internal.DesktopSimHelper.sim |      |     오류 발생: Simulink.SimulationInput/sim |      |     오류 발생: run_highload_validation_B_UA_envelope>runOneB (371번 라인) |             out=sim(simIn); |             ^^^^^^^^^^^^^^^ |     오류 발생: run_highload_validation_B_UA_envelope>evaluateIfNeededB (345번 라인) |         row=runOneB(model,c,rpm,stage,Search,Base); |         ^^^^^^^^^^^^^^^^^^^^^^^^^^^^^^^^^^^^^^^^^^^ |     오류 발생: run_highload_validation_B_UA_envelope>adaptiveSearchB (275번 라인) |             [Rows,row] = evaluateIfNeededB(Rows,model,c,rpm,'probe',Search,Base); |             ^^^^^^^^^^^^^^^^^^^^^^^^^^^^^^^^^^^^^^^^^^^^^^^^^^^^^^^^^^^^^^^^^^^^^ |     오류 발생: run_highload_validation_B_UA_envelope (144번 라인) |             [rows, info] = adaptiveSearchB(model, caseStruct, Search, Base); |             ^^^^^^^^^^^^^^^^^^^^^^^^^^^^^^^^^^^^^^^^^^^^^^^^^^^^^^^^^^^^^^^^ |     다음 사용 중 오류가 발생함: Simulink.Simulation.internal.DesktopSimHelper |     포트 A에서의 온도는 최대 유효 온도보다 작거나 같아야 합니다. 어설션 발생 위치: |     블록 경로: <a href=""matlab:open_and_hilite_hyperlink ('haps_260818_1722_duct/Local Restriction (MA) #1','error')"">haps_260818_1722_duct/Local Restriction (MA) #1</a> |     어설션 위치: |         o <a href=""matlab:opentoline(which('foundation.moist_air.elements.local_restriction'), 277, 5)"">파일 foundation.moist_air.elements.local_restriction의 라인: 277, 열: 5과(와) 라인: 277, 열: 11 사이</a> |      |      |     오류 발생: Simulink.Simulation.internal.DesktopSimHelper.sim |      |     오류 발생: Simulink.SimulationInput/sim |      |     오류 발생: run_highload_validation_B_UA_envelope>runOneB (371번 라인) |             out=sim(simIn); |             ^^^^^^^^^^^^^^^ |     오류 발생: run_highload_validation_B_UA_envelope>evaluateIfNeededB (345번 라인) |         row=runOneB(model,c,rpm,stage,Search,Base); |         ^^^^^^^^^^^^^^^^^^^^^^^^^^^^^^^^^^^^^^^^^^^ |     오류 발생: run_highload_validation_B_UA_envelope>adaptiveSearchB (275번 라인) |             [Rows,row] = evaluateIfNeededB(Rows,model,c,rpm,'probe',Search,Base); |             ^^^^^^^^^^^^^^^^^^^^^^^^^^^^^^^^^^^^^^^^^^^^^^^^^^^^^^^^^^^^^^^^^^^^^ |     오류 발생: run_highload_validation_B_UA_envelope (144번 라인) |             [rows, info] = adaptiveSearchB(model, caseStruct, Search, Base); |             ^^^^^^^^^^^^^^^^^^^^^^^^^^^^^^^^^^^^^^^^^^^^^^^^^^^^^^^^^^^^^^^^ |     다음 사용 중 오류가 발생함: Simulink.Simulation.internal.DesktopSimHelper |     포트 B에서의 온도는 최대 유효 온도보다 작거나 같아야 합니다. 어설션 발생 위치: |     블록 경로: <a href=""matlab:open_and_hilite_hyperlink ('haps_260818_1722_duct/Local Restriction (MA) #1','error')"">haps_260818_1722_duct/Local Restriction (MA) #1</a> |     어설션 위치: |         o <a href=""matlab:opentoline(which('foundation.moist_air.elements.local_restriction'), 281, 5)"">파일 foundation.moist_air.elements.local_restriction의 라인: 281, 열: 5과(와) 라인: 281, 열: 11 사이</a> |      |      |     오류 발생: Simulink.Simulation.internal.DesktopSimHelper.sim |      |     오류 발생: Simulink.SimulationInput/sim |      |     오류 발생: run_highload_validation_B_UA_envelope>runOneB (371번 라인) |             out=sim(simIn); |             ^^^^^^^^^^^^^^^ |     오류 발생: run_highload_validation_B_UA_envelope>evaluateIfNeededB (345번 라인) |         row=runOneB(model,c,rpm,stage,Search,Base); |         ^^^^^^^^^^^^^^^^^^^^^^^^^^^^^^^^^^^^^^^^^^^ |     오류 발생: run_highload_validation_B_UA_envelope>adaptiveSearchB (275번 라인) |             [Rows,row] = evaluateIfNeededB(Rows,model,c,rpm,'probe',Search,Base); |             ^^^^^^^^^^^^^^^^^^^^^^^^^^^^^^^^^^^^^^^^^^^^^^^^^^^^^^^^^^^^^^^^^^^^^ |     오류 발생: run_highload_validation_B_UA_envelope (144번 라인) |             [rows, info] = adaptiveSearchB(model, caseStruct, Search, Base); |             ^^^^^^^^^^^^^^^^^^^^^^^^^^^^^^^^^^^^^^^^^^^^^^^^^^^^^^^^^^^^^^^^ |     다음 사용 중 오류가 발생함: Simulink.Simulation.internal.DesktopSimHelper |     포트 A에서의 온도는 최대 유효 온도보다 작거나 같아야 합니다. 어설션 발생 위치: |     블록 경로: <a href=""matlab:open_and_hilite_hyperlink ('haps_260818_1722_duct/Pipe (MA)','error')"">haps_260818_1722_duct/Pipe (MA)</a> |     어설션 위치: |         o <a href=""matlab:opentoline(which('foundation.moist_air.elements.pipe'), 975, 5)"">파일 foundation.moist_air.elements.pipe의 라인: 975, 열: 5과(와) 라인: 975, 열: 11 사이</a> |      |      |     오류 발생: Simulink.Simulation.internal.DesktopSimHelper.sim |      |     오류 발생: Simulink.SimulationInput/sim |      |     오류 발생: run_highload_validation_B_UA_envelope>runOneB (371번 라인) |             out=sim(simIn); |             ^^^^^^^^^^^^^^^ |     오류 발생: run_highload_validation_B_UA_envelope>evaluateIfNeededB (345번 라인) |         row=runOneB(model,c,rpm,stage,Search,Base); |         ^^^^^^^^^^^^^^^^^^^^^^^^^^^^^^^^^^^^^^^^^^^ |     오류 발생: run_highload_validation_B_UA_envelope>adaptiveSearchB (275번 라인) |             [Rows,row] = evaluateIfNeededB(Rows,model,c,rpm,'probe',Search,Base); |             ^^^^^^^^^^^^^^^^^^^^^^^^^^^^^^^^^^^^^^^^^^^^^^^^^^^^^^^^^^^^^^^^^^^^^ |     오류 발생: run_highload_validation_B_UA_envelope (144번 라인) |             [rows, info] = adaptiveSearchB(model, caseStruct, Search, Base); |             ^^^^^^^^^^^^^^^^^^^^^^^^^^^^^^^^^^^^^^^^^^^^^^^^^^^^^^^^^^^^^^^^"
18,2550,500,10,1.5,1000,probe,0,0,0,NaN,NaN,NaN,NaN,NaN,NaN,NaN,NaN,NaN,NaN,NaN,NaN,NaN,"다음 사용 중 오류가 발생함: run_highload_validation_B_UA_envelope>runOneB (371번 라인) | ['haps_260818_1722_duct/Solver Configuration']: 시간 3353.115713에서 하나 이상의 어설션이 트리거됩니다. 구체적인 정보를 보려면 원인을 확인하십시오. |  | 오류 발생: run_highload_validation_B_UA_envelope>evaluateIfNeededB (345번 라인) |     row=runOneB(model,c,rpm,stage,Search,Base); |     ^^^^^^^^^^^^^^^^^^^^^^^^^^^^^^^^^^^^^^^^^^^ | 오류 발생: run_highload_validation_B_UA_envelope>adaptiveSearchB (275번 라인) |         [Rows,row] = evaluateIfNeededB(Rows,model,c,rpm,'probe',Search,Base); |         ^^^^^^^^^^^^^^^^^^^^^^^^^^^^^^^^^^^^^^^^^^^^^^^^^^^^^^^^^^^^^^^^^^^^^ | 오류 발생: run_highload_validation_B_UA_envelope (144번 라인) |         [rows, info] = adaptiveSearchB(model, caseStruct, Search, Base); |         ^^^^^^^^^^^^^^^^^^^^^^^^^^^^^^^^^^^^^^^^^^^^^^^^^^^^^^^^^^^^^^^^ | 원인: |     다음 사용 중 오류가 발생함: Simulink.Simulation.internal.DesktopSimHelper |     포트 B에서의 온도는 최대 유효 온도보다 작거나 같아야 합니다. 어설션 발생 위치: |     블록 경로: <a href=""matlab:open_and_hilite_hyperlink ('haps_260818_1722_duct/Fan (MA)1','error')"">haps_260818_1722_duct/Fan (MA)1</a> |     어설션 위치: |         o (위치 정보가 보호되어 있음) |      |      |     오류 발생: Simulink.Simulation.internal.DesktopSimHelper.sim |      |     오류 발생: Simulink.SimulationInput/sim |      |     오류 발생: run_highload_validation_B_UA_envelope>runOneB (371번 라인) |             out=sim(simIn); |             ^^^^^^^^^^^^^^^ |     오류 발생: run_highload_validation_B_UA_envelope>evaluateIfNeededB (345번 라인) |         row=runOneB(model,c,rpm,stage,Search,Base); |         ^^^^^^^^^^^^^^^^^^^^^^^^^^^^^^^^^^^^^^^^^^^ |     오류 발생: run_highload_validation_B_UA_envelope>adaptiveSearchB (275번 라인) |             [Rows,row] = evaluateIfNeededB(Rows,model,c,rpm,'probe',Search,Base); |             ^^^^^^^^^^^^^^^^^^^^^^^^^^^^^^^^^^^^^^^^^^^^^^^^^^^^^^^^^^^^^^^^^^^^^ |     오류 발생: run_highload_validation_B_UA_envelope (144번 라인) |             [rows, info] = adaptiveSearchB(model, caseStruct, Search, Base); |             ^^^^^^^^^^^^^^^^^^^^^^^^^^^^^^^^^^^^^^^^^^^^^^^^^^^^^^^^^^^^^^^^ |     다음 사용 중 오류가 발생함: Simulink.Simulation.internal.DesktopSimHelper |     포트 A에서의 온도는 최대 유효 온도보다 작거나 같아야 합니다. 어설션 발생 위치: |     블록 경로: <a href=""matlab:open_and_hilite_hyperlink ('haps_260818_1722_duct/Local Restriction (MA) #1','error')"">haps_260818_1722_duct/Local Restriction (MA) #1</a> |     어설션 위치: |         o <a href=""matlab:opentoline(which('foundation.moist_air.elements.local_restriction'), 277, 5)"">파일 foundation.moist_air.elements.local_restriction의 라인: 277, 열: 5과(와) 라인: 277, 열: 11 사이</a> |      |      |     오류 발생: Simulink.Simulation.internal.DesktopSimHelper.sim |      |     오류 발생: Simulink.SimulationInput/sim |      |     오류 발생: run_highload_validation_B_UA_envelope>runOneB (371번 라인) |             out=sim(simIn); |             ^^^^^^^^^^^^^^^ |     오류 발생: run_highload_validation_B_UA_envelope>evaluateIfNeededB (345번 라인) |         row=runOneB(model,c,rpm,stage,Search,Base); |         ^^^^^^^^^^^^^^^^^^^^^^^^^^^^^^^^^^^^^^^^^^^ |     오류 발생: run_highload_validation_B_UA_envelope>adaptiveSearchB (275번 라인) |             [Rows,row] = evaluateIfNeededB(Rows,model,c,rpm,'probe',Search,Base); |             ^^^^^^^^^^^^^^^^^^^^^^^^^^^^^^^^^^^^^^^^^^^^^^^^^^^^^^^^^^^^^^^^^^^^^ |     오류 발생: run_highload_validation_B_UA_envelope (144번 라인) |             [rows, info] = adaptiveSearchB(model, caseStruct, Search, Base); |             ^^^^^^^^^^^^^^^^^^^^^^^^^^^^^^^^^^^^^^^^^^^^^^^^^^^^^^^^^^^^^^^^"
18,2550,500,10,1.5,1500,probe,0,1,0,569.712214008289,520.543714360547,228.866820099704,0.0141444334985182,0.0122308586256901,6.32539591776936,5.46962294464674,0.0286844164041309,0.031727923332193,19.9946633331322,1.12809930865708,1.32717565724363,0.0520461042056325,""
18,2550,500,10,1.5,2000,probe,0,1,0,483.243941971843,431.474697178292,229.121151396474,0.00482302056801242,0.0038860716013567,2.34757693166006,1.89151978933734,0.0494828135235405,0.055673233231781,32.994406866972,2.84876459720584,3.35148776141863,0.131430892604652,""
18,2550,500,10,1.5,2500,probe,0,1,0,434.35751347494,381.710855827049,229.210231667657,0.00172681746467515,0.00129984252850955,0.702591627514494,0.528867780487417,0.0734854124004754,0.0834787469336494,47.4819549739113,5.83858952738836,6.86892885575101,0.269369759049059,""
18,2550,500,10,1.5,2675,probe,0,1,0,422.098670728955,369.343498154757,229.222525452231,0.00131772553028269,0.000970112461591101,0.629395322128516,0.46336199076228,0.0823865516712722,0.093803004318686,52.7976640059521,7.25167563376047,8.53138309854173,0.334564043080068,""
18,2550,500,10,1.5,3000,probe,0,1,0,405.201840501922,352.277943233291,229.242497604228,0.000725397504612925,0.000512054775442269,0.30853254554637,0.217791704050683,0.0980470291999935,0.111982841361627,62.2183679463827,10.4452839107447,12.2885693067585,0.48190467869641,""
18,2550,500,10,1.5,4000,probe,0,1,0,376.230319610572,323.170084596893,229.268372678281,0.000231837454524186,0.000149698508620486,0.106828546551981,0.0689804299725552,0.139487633761694,0.160115648641223,88.6775803711619,25.6302395802722,30.1532230356144,1.18247933472997,""
18,2550,500,10,1.5,5000,probe,0,1,0,359.867179094501,306.767458026042,229.290140307149,9.17229690486991e-05,5.52295026256361e-05,0.0381027491678765,0.0229429555730007,0.178520717535481,0.205469943336712,119.400822929405,50.8039667052252,59.7693725943826,2.34389696448559,""
18,2550,500,10,1.5,6750,expanded_probe,1,1,0,343.441187741988,290.32451133622,229.348968426435,2.98688140382215e-05,1.63144198526283e-05,0.0135685827024759,0.00741118523762907,0.242741472606064,0.280063693325589,205.550056318258,125.58405055182,147.74594182567,5.79395850296747,""
18,2550,500,10,1.5,9125,expanded_probe,1,1,0,331.065965532973,277.943658344059,229.492214805089,9.47275810896376e-06,4.64822168498019e-06,0.00469481675406769,0.00230371650536654,0.328872199695251,0.37995476654333,368.656489829695,310.707062152196,365.537720179054,14.3348125560413,""
18,2550,500,10,1.5,12000,expanded_probe,1,1,1,323.048980380533,269.924833079329,229.798530192994,3.03508598755904e-06,1.33679439111928e-06,0.0014259377618373,0.000628049935528452,0.432779350682576,0.50013672926029,633.827550153345,706.950408184777,831.706362570326,32.6159357870716,""
18,2550,500,10,1.5,10550,refine,1,1,1,326.426177383219,273.302654565004,229.623079943177,5.21832853030421e-06,2.42099831728685e-06,0.00253365115224824,0.00117546509358135,0.380430056417414,0.439651496652405,490.532467109559,480.353364202578,565.12160494421,22.1616315664396,""
18,2550,500,10,1.5,9825,refine,1,1,1,328.593286264909,275.470166163465,229.551765330973,6.72751737218562e-06,3.20930649453457e-06,0.00309452655909581,0.00147621739347414,0.354210607400414,0.409318572757861,426.232044067423,387.917448023875,456.373468263383,17.8969987554268,""
18,2550,500,10,1.5,9475,refine,1,1,1,329.77793116026,276.65513341152,229.52089838644,7.8567669738772e-06,3.80051449058799e-06,0.00366745458313744,0.0017740378855251,0.341543742159284,0.394649945340033,396.899054687541,347.887108050489,409.278950647634,16.0501549273582,""
18,2550,500,10,1.5,9300,refine,1,1,0,330.406968212953,277.284371461429,229.506295876653,8.54533149703779e-06,4.16299896968339e-06,0.00404971391344588,0.00197288459759193,0.335207785169935,0.387314331785682,382.649458127897,328.94684928235,386.996293273353,15.176325226406,""
18,2550,500,10,1.5,9375,refine,1,1,0,330.133962856954,277.0113000465,229.512485926336,8.29972883040215e-06,4.03106141118257e-06,0.00395477733968619,0.00192077992204531,0.337923265113206,0.390459802240778,388.723862115175,336.977636317758,396.444278020891,15.5468344321918,""
18,2550,500,10,1.5,9425,refine,1,1,1,329.96017377778,276.837529387353,229.516644152009,8.29471433012266e-06,4.02069264380966e-06,0.00409112324996386,0.00198309019782528,0.339736388091171,0.392522314281792,392.771788607713,342.405327881259,402.829797507364,15.7972469610731,""
18,2550,500,10,1.5,9400,refine,1,1,0,330.049537458956,276.926929830657,229.514546194648,8.41195279511877e-06,4.08164849233695e-06,0.00417278884373218,0.00202472321257119,0.338831294704276,0.391474281604797,390.730465929012,339.685227473204,399.62967938024,15.6717521325584,""
