replicate,Type,alpha_range,alpha_range_percent,n_pairs
1,A,0.0128339588484333,1.28339588484333,13828
1,B,0.0648456788927175,6.48456788927175,3238
1,C,0.076710333793707,7.6710333793707,1779
1,D,0.046651916527234,4.6651916527234,5981
1,E,0.0814368123843832,8.14368123843832,536
2,A,0.0125064407769999,1.25064407769999,12699
2,B,0.0669463765771595,6.69463765771595,3036
2,C,0.0796034920874531,7.96034920874531,1566
2,D,0.0463589468413819,4.63589468413819,6296
2,E,0.0828836635288248,8.28836635288248,504
3,A,0.012754294755877,1.2754294755877,13285
3,B,0.0682622183121627,6.82622183121627,3170
3,C,0.0792747642570093,7.92747642570093,1632
3,D,0.0470925984731721,4.70925984731721,6050
3,E,0.071641289485272,7.1641289485272,504
4,A,0.0124811006426314,1.24811006426314,12435
4,B,0.0695688813050533,6.95688813050533,3028
4,C,0.0809779111377669,8.09779111377669,1613
4,D,0.0488284043513357,4.88284043513357,5983
4,E,0.0727099419856541,7.27099419856541,465
5,A,0.0120515091313818,1.20515091313818,14139
5,B,0.0622166212095428,6.22166212095428,3354
5,C,0.0724428932530947,7.24428932530947,1834
5,D,0.0466209085939624,4.66209085939624,6586
5,E,0.0685829037285697,6.85829037285697,503
6,A,0.0122027722020921,1.22027722020921,12369
6,B,0.0651269800085482,6.51269800085482,2927
6,C,0.0781539825555396,7.81539825555396,1567
6,D,0.0461786778236978,4.61786778236978,6128
6,E,0.0763479493719971,7.63479493719971,513
7,A,0.0123407258504582,1.23407258504582,14330
7,B,0.0653956106089835,6.53956106089835,3364
7,C,0.0751229460586269,7.51229460586269,1806
7,D,0.0487259740010369,4.87259740010369,6768
7,E,0.078465516331592,7.8465516331592,542
8,A,0.0125122612115187,1.25122612115187,13452
8,B,0.0699671996108125,6.99671996108125,3145
8,C,0.0788271719566894,7.88271719566894,1659
8,D,0.049204023383244,4.9204023383244,6151
8,E,0.0759679636036207,7.59679636036207,524
9,A,0.0127625600134236,1.27625600134236,13719
9,B,0.0666966316698045,6.66966316698045,3245
9,C,0.0751216560017235,7.51216560017235,1766
9,D,0.0477711464892552,4.77711464892552,6278
9,E,0.0782349958238874,7.82349958238874,446
10,A,0.0125511704151483,1.25511704151483,14079
10,B,0.0710932168956474,7.10932168956474,3351
10,C,0.0777835705866353,7.77835705866353,1797
10,D,0.0479155232551261,4.79155232551261,5982
10,E,0.0724643436248718,7.24643436248718,450
11,A,0.0121762190869157,1.21762190869157,12712
11,B,0.0638671859087687,6.38671859087687,3049
11,C,0.0767037528235038,7.67037528235038,1584
11,D,0.046816711458807,4.6816711458807,5766
11,E,0.076211749192925,7.6211749192925,536
12,A,0.0125423032855828,1.25423032855828,14216
12,B,0.0658088810566359,6.58088810566359,3553
12,C,0.0780341327455537,7.80341327455537,1867
12,D,0.0498387528969252,4.98387528969252,6468
12,E,0.0739922387062035,7.39922387062035,499
13,A,0.0121055119484936,1.21055119484936,13684
13,B,0.0635108073616874,6.35108073616874,3166
13,C,0.0731797682696808,7.31797682696808,1662
13,D,0.048328563807842,4.8328563807842,6069
13,E,0.0767895764444474,7.67895764444474,481
14,A,0.0123273566059131,1.23273566059131,14180
14,B,0.0626503487541878,6.26503487541878,3360
14,C,0.0732942001021605,7.32942001021605,1787
14,D,0.0474160373370341,4.74160373370341,6875
14,E,0.0791806162401407,7.91806162401407,597
15,A,0.0126859594026987,1.26859594026987,13132
15,B,0.0652548593884416,6.52548593884416,3086
15,C,0.0785709588028163,7.85709588028163,1648
15,D,0.0474742577531762,4.74742577531762,5697
15,E,0.0823340381726114,8.23340381726114,482
16,A,0.0123567241609686,1.23567241609686,13068
16,B,0.0684350152890597,6.84350152890597,3226
16,C,0.0798160914599308,7.98160914599308,1713
16,D,0.0502169073502139,5.02169073502139,6351
16,E,0.0755394950448645,7.55394950448645,462
17,A,0.0136964111706569,1.36964111706569,11926
17,B,0.0749131041429303,7.49131041429303,2950
17,C,0.0883635784192017,8.83635784192017,1566
17,D,0.0538794574331191,5.38794574331191,5173
17,E,0.078572823669504,7.8572823669504,503
18,A,0.012307625440701,1.2307625440701,12474
18,B,0.0635791176065326,6.35791176065326,3046
18,C,0.074611888734677,7.4611888734677,1634
18,D,0.0478742874124328,4.78742874124328,6120
18,E,0.0744731651614243,7.44731651614243,597
19,A,0.0131556463701447,1.31556463701447,12629
19,B,0.0718601902508646,7.18601902508646,3060
19,C,0.0804279758408094,8.04279758408094,1595
19,D,0.0472497352199193,4.72497352199193,5975
19,E,0.0718994585799647,7.18994585799647,563
20,A,0.0125923946142758,1.25923946142758,13978
20,B,0.0680567270990529,6.80567270990529,3306
20,C,0.0780791795080784,7.80791795080784,1782
20,D,0.0473350596424018,4.73350596424018,6410
20,E,0.0777975856347116,7.77975856347116,547
21,A,0.0123058817717973,1.23058817717973,13526
21,B,0.0668742018649254,6.68742018649254,3234
21,C,0.0811046701660963,8.11046701660963,1703
21,D,0.0486125875225072,4.86125875225072,6597
21,E,0.0812249609560671,8.12249609560671,519
22,A,0.0131527302382862,1.31527302382862,13962
22,B,0.0683007473070579,6.83007473070579,3268
22,C,0.0789727362266602,7.89727362266602,1739
22,D,0.051113478415259,5.1113478415259,6163
22,E,0.0775739634332696,7.75739634332696,508
23,A,0.0124485417335286,1.24485417335286,13406
23,B,0.0661650423215871,6.61650423215871,3206
23,C,0.0812175196459155,8.12175196459155,1690
23,D,0.0480882930497093,4.80882930497093,5984
23,E,0.070576420155833,7.0576420155833,458
24,A,0.0124417233183217,1.24417233183217,16160
24,B,0.0645359774190193,6.45359774190193,3633
24,C,0.0761526339099176,7.61526339099176,1925
24,D,0.048333778777925,4.8333778777925,7031
24,E,0.0690473254291234,6.90473254291234,495
25,A,0.012993314597112,1.2993314597112,13337
25,B,0.0685302024318234,6.85302024318234,3290
25,C,0.0806727941652741,8.06727941652741,1763
25,D,0.0508399108212257,5.08399108212256,6170
25,E,0.0745405537858368,7.45405537858368,545
26,A,0.0126860287787383,1.26860287787383,14390
26,B,0.0625303527126384,6.25303527126384,3275
26,C,0.0724934022938084,7.24934022938084,1703
26,D,0.0471861638974438,4.71861638974438,6772
26,E,0.0797113133795573,7.97113133795573,547
27,A,0.0121475537442174,1.21475537442174,14834
27,B,0.0637989424714411,6.37989424714411,3400
27,C,0.0772094924310772,7.72094924310772,1816
27,D,0.0479607505776723,4.79607505776723,6544
27,E,0.0681059862610402,6.81059862610402,445
28,A,0.0122361685275929,1.22361685275929,15028
28,B,0.0641942177942439,6.41942177942439,3408
28,C,0.0750725223046203,7.50725223046203,1864
28,D,0.0495142664880666,4.95142664880666,6717
28,E,0.0875823436552923,8.75823436552923,529
29,A,0.0128819887848216,1.28819887848216,13710
29,B,0.0687323353709434,6.87323353709434,3129
29,C,0.077350353450399,7.7350353450399,1653
29,D,0.0477998902525821,4.77998902525821,6395
29,E,0.0724112961622013,7.24112961622013,505
30,A,0.0124146815484594,1.24146815484594,14354
30,B,0.0633337698338777,6.33337698338777,3324
30,C,0.0790259400028277,7.90259400028277,1807
30,D,0.046922242847884,4.6922242847884,6332
30,E,0.068988312773627,6.8988312773627,493
31,A,0.0124423662490896,1.24423662490896,13968
31,B,0.068257705518916,6.8257705518916,3348
31,C,0.0784610158248687,7.84610158248687,1808
31,D,0.0507744213288424,5.07744213288424,6259
31,E,0.0788223725379183,7.88223725379183,548
32,A,0.0126610951077601,1.26610951077601,13827
32,B,0.0663885613123638,6.63885613123638,3246
32,C,0.0817928841184655,8.17928841184655,1711
32,D,0.0522242722174601,5.22242722174601,6551
32,E,0.0781408439045589,7.81408439045589,587
33,A,0.0120240937517359,1.20240937517359,14346
33,B,0.062415080998986,6.2415080998986,3539
33,C,0.0741292740215976,7.41292740215976,1845
33,D,0.0466327083332343,4.66327083332343,6901
33,E,0.0768847884914682,7.68847884914682,482
34,A,0.0121985835223017,1.21985835223017,12831
34,B,0.0650739766121834,6.50739766121834,2939
34,C,0.075844593942622,7.5844593942622,1529
34,D,0.0495851373284238,4.95851373284238,5680
34,E,0.0802117967470121,8.02117967470121,466
35,A,0.0123432409857624,1.23432409857624,12412
35,B,0.0687123261011435,6.87123261011435,2965
35,C,0.0832014586170707,8.32014586170708,1572
35,D,0.0485447374315609,4.85447374315609,5443
35,E,0.0760168122604132,7.60168122604132,440
36,A,0.0128397063960344,1.28397063960344,12710
36,B,0.0638888270314598,6.38888270314598,3135
36,C,0.0783336911419491,7.83336911419491,1668
36,D,0.0492684880032032,4.92684880032033,5728
36,E,0.0743333812054191,7.43333812054191,543
37,A,0.012133372146769,1.2133372146769,14269
37,B,0.0653891484534262,6.53891484534262,3286
37,C,0.0776314342571539,7.76314342571539,1722
37,D,0.049324324673586,4.9324324673586,6393
37,E,0.0797852138039421,7.97852138039421,499
38,A,0.012088578981024,1.2088578981024,14356
38,B,0.0624886714606951,6.24886714606951,3427
38,C,0.076226569736626,7.6226569736626,1815
38,D,0.0483610474053783,4.83610474053783,6513
38,E,0.0768931715309211,7.68931715309211,458
39,A,0.0119736247060133,1.19736247060133,13813
39,B,0.059979859799658,5.9979859799658,3271
39,C,0.072228522596211,7.2228522596211,1793
39,D,0.0459276027386015,4.59276027386015,6512
39,E,0.0732929742935671,7.32929742935671,521
40,A,0.012391706590545,1.2391706590545,14218
40,B,0.0624392396165178,6.24392396165178,3335
40,C,0.0732409949526176,7.32409949526176,1763
40,D,0.0497111246581294,4.97111246581294,6613
40,E,0.0738916256157635,7.38916256157635,474
41,A,0.0125475564271637,1.25475564271637,13249
41,B,0.0680064907173197,6.80064907173197,3230
41,C,0.0783113336367774,7.83113336367774,1678
41,D,0.0485622240782723,4.85622240782723,6505
41,E,0.0667794090970268,6.67794090970268,476
42,A,0.0124315447523647,1.24315447523647,14219
42,B,0.0592708424142039,5.92708424142039,3303
42,C,0.0724851471363185,7.24851471363185,1757
42,D,0.0477122040563606,4.77122040563606,6586
42,E,0.0663215496865687,6.63215496865687,476
43,A,0.0131635704311334,1.31635704311334,11090
43,B,0.0721766074236169,7.21766074236169,2720
43,C,0.0826308470688057,8.26308470688057,1476
43,D,0.0502037999578135,5.02037999578135,5209
43,E,0.0810504994063002,8.10504994063002,479
44,A,0.0122327900285439,1.22327900285439,12977
44,B,0.0685906439343456,6.85906439343456,3108
44,C,0.079125454571182,7.9125454571182,1651
44,D,0.0498734463611335,4.98734463611335,5997
44,E,0.0812739976081073,8.12739976081073,534
45,A,0.0127891024831443,1.27891024831443,13191
45,B,0.0627792847321856,6.27792847321856,3224
45,C,0.0702548588591203,7.02548588591203,1699
45,D,0.0491895577994542,4.91895577994542,5955
45,E,0.0705292716329279,7.05292716329279,532
46,A,0.0121352449299282,1.21352449299282,14761
46,B,0.0653497913794554,6.53497913794554,3393
46,C,0.0735410358565737,7.35410358565737,1816
46,D,0.0479438523624057,4.79438523624057,6751
46,E,0.079667801782105,7.9667801782105,453
47,A,0.0123203631059152,1.23203631059152,13753
47,B,0.0664820702730913,6.64820702730913,3224
47,C,0.0788891323583774,7.88891323583774,1774
47,D,0.0488139996752395,4.88139996752395,5992
47,E,0.0730065104891214,7.30065104891214,380
48,A,0.0125208569991142,1.25208569991142,14479
48,B,0.0699977589447831,6.99977589447832,3474
48,C,0.0843844433498848,8.43844433498849,1843
48,D,0.0495324487354105,4.95324487354105,6304
48,E,0.0785690087404296,7.85690087404296,485
49,A,0.0121355297268222,1.21355297268222,14488
49,B,0.0623445345005757,6.23445345005757,3362
49,C,0.0759716176775157,7.59716176775157,1793
49,D,0.0475625582041115,4.75625582041115,6906
49,E,0.0810209309674773,8.10209309674773,498
50,A,0.0121437837171499,1.21437837171499,13227
50,B,0.0634113791140855,6.34113791140855,3291
50,C,0.0802263719403918,8.02263719403918,1721
50,D,0.0464779006921262,4.64779006921262,6326
50,E,0.0834941306297876,8.34941306297876,498
51,A,0.0123966714140237,1.23966714140237,12234
51,B,0.0650977585391228,6.50977585391228,2836
51,C,0.0800223235763909,8.00223235763909,1610
51,D,0.0486725663716814,4.86725663716814,5943
51,E,0.0811566527995635,8.11566527995635,554
52,A,0.0125180577084805,1.25180577084805,12955
52,B,0.0618423349475241,6.18423349475241,3101
52,C,0.0769176735037932,7.69176735037932,1662
52,D,0.0453225160515199,4.53225160515199,6135
52,E,0.0733383962708846,7.33383962708846,472
53,A,0.0126391719746067,1.26391719746067,14227
53,B,0.064415118449027,6.4415118449027,3287
53,C,0.0780663713475127,7.80663713475127,1772
53,D,0.0504143678210909,5.04143678210909,6179
53,E,0.0751108224863766,7.51108224863766,524
54,A,0.0129187123851758,1.29187123851758,11350
54,B,0.0686211826153517,6.86211826153517,2782
54,C,0.0796691380238246,7.96691380238246,1476
54,D,0.047440524732866,4.7440524732866,5698
54,E,0.0757454461074371,7.57454461074371,545
55,A,0.012405895332498,1.2405895332498,13514
55,B,0.0650364712597643,6.50364712597643,3105
55,C,0.0765413332982172,7.65413332982172,1655
55,D,0.0464983374049393,4.64983374049393,5935
55,E,0.0781897193466905,7.81897193466905,540
56,A,0.0122255232582764,1.22255232582763,13970
56,B,0.0608118995627122,6.08118995627122,3293
56,C,0.0775911144274947,7.75911144274947,1752
56,D,0.046662879384993,4.6662879384993,6247
56,E,0.0690774389118174,6.90774389118174,483
57,A,0.0120690707041833,1.20690707041833,12949
57,B,0.0629811187299841,6.29811187299841,3221
57,C,0.0773340752018384,7.73340752018384,1638
57,D,0.0467388935106158,4.67388935106158,6142
57,E,0.0734111291838897,7.34111291838897,420
58,A,0.0116936582587027,1.16936582587027,13536
58,B,0.0588399333263692,5.88399333263692,3383
58,C,0.0693022090936849,6.93022090936849,1744
58,D,0.0462860923428556,4.62860923428556,6725
58,E,0.0660121080409811,6.60121080409811,501
59,A,0.01266021506882,1.266021506882,14069
59,B,0.066931175695399,6.6931175695399,3329
59,C,0.0799330293004837,7.99330293004837,1856
59,D,0.0492030559312309,4.92030559312309,6593
59,E,0.0700529637142213,7.00529637142213,529
60,A,0.0127735446271003,1.27735446271003,13526
60,B,0.0677686591961406,6.77686591961406,3313
60,C,0.0780561044137234,7.80561044137234,1777
60,D,0.0484902757132534,4.84902757132534,6274
60,E,0.0798709078962625,7.98709078962625,485
61,A,0.0114401323392875,1.14401323392875,13885
61,B,0.0630572609502275,6.30572609502275,3415
61,C,0.07146243606035,7.146243606035,1800
61,D,0.0468412080998713,4.68412080998713,6662
61,E,0.0656047418424134,6.56047418424134,520
62,A,0.0122348251282986,1.22348251282986,13323
62,B,0.0662601456046815,6.62601456046815,3142
62,C,0.0766453989129815,7.66453989129815,1684
62,D,0.0494961453069914,4.94961453069914,5958
62,E,0.0614325714221969,6.14325714221969,464
63,A,0.0127402549275039,1.27402549275039,12263
63,B,0.0709074743417882,7.09074743417882,2994
63,C,0.0816923151307519,8.16923151307519,1704
63,D,0.0519509582581067,5.19509582581067,5763
63,E,0.075559735016831,7.5559735016831,522
64,A,0.0120892994099012,1.20892994099012,14788
64,B,0.0617812231980554,6.17812231980554,3309
64,C,0.0714894806952743,7.14894806952743,1859
64,D,0.0497494476295002,4.97494476295002,6530
64,E,0.0719118499903344,7.19118499903344,518
65,A,0.01257862442062,1.257862442062,14483
65,B,0.0674239952115586,6.74239952115586,3420
65,C,0.0764802344095111,7.64802344095111,1811
65,D,0.0492402334379284,4.92402334379284,6462
65,E,0.0809174648529355,8.09174648529354,577
66,A,0.0123607516773479,1.23607516773479,14123
66,B,0.0656392237530147,6.56392237530147,3340
66,C,0.0771123857788731,7.71123857788731,1748
66,D,0.0490795416472567,4.90795416472567,6565
66,E,0.0797302986616996,7.97302986616996,516
67,A,0.0117965353145447,1.17965353145447,14721
67,B,0.0598785780819565,5.98785780819565,3257
67,C,0.0738684213481254,7.38684213481254,1629
67,D,0.0439242616976656,4.39242616976656,6618
67,E,0.0755620274879815,7.55620274879815,497
68,A,0.0126570178897632,1.26570178897632,13594
68,B,0.0686559744199579,6.86559744199579,3295
68,C,0.0835952724678933,8.35952724678933,1787
68,D,0.0515829763504094,5.15829763504094,6070
68,E,0.073236447187434,7.3236447187434,563
69,A,0.0124074837427304,1.24074837427304,12229
69,B,0.0633486690634564,6.33486690634564,2985
69,C,0.0723628142817919,7.23628142817919,1577
69,D,0.0480017444699541,4.80017444699541,5623
69,E,0.0725998118245944,7.25998118245944,518
70,A,0.0119056051698115,1.19056051698115,14507
70,B,0.060837768951573,6.0837768951573,3366
70,C,0.0741369772446687,7.41369772446687,1775
70,D,0.0468317907096069,4.68317907096069,6805
70,E,0.0743746969452077,7.43746969452077,647
71,A,0.0132455572199444,1.32455572199444,13184
71,B,0.0690472341850342,6.90472341850342,3137
71,C,0.0774487872446402,7.74487872446402,1647
71,D,0.0501830446277545,5.01830446277545,6307
71,E,0.0784319965376121,7.84319965376121,470
72,A,0.0133226454979282,1.33226454979282,13561
72,B,0.0730658403020816,7.30658403020816,3287
72,C,0.0841915285317848,8.41915285317848,1664
72,D,0.0517059014057135,5.17059014057135,6144
72,E,0.0874391196398296,8.74391196398296,509
73,A,0.0119112676091166,1.19112676091166,12141
73,B,0.0593807259512595,5.93807259512595,3028
73,C,0.0691426830579549,6.91426830579549,1640
73,D,0.0434145262381713,4.34145262381713,6258
73,E,0.0708782315640105,7.08782315640105,548
74,A,0.0120426022421717,1.20426022421717,13825
74,B,0.0671477129869603,6.71477129869603,3356
74,C,0.0766208414119455,7.66208414119455,1782
74,D,0.0478746482135376,4.78746482135376,6739
74,E,0.0749666869560926,7.49666869560926,567
75,A,0.0121004707049846,1.21004707049846,14157
75,B,0.0608221834694214,6.08221834694214,3303
75,C,0.0783794340495567,7.83794340495567,1729
75,D,0.0470145918401674,4.70145918401674,6327
75,E,0.074889335730171,7.4889335730171,511
76,A,0.0126077595436076,1.26077595436076,13615
76,B,0.0690321799520863,6.90321799520863,3283
76,C,0.0792857334754225,7.92857334754225,1686
76,D,0.0499888414214916,4.99888414214916,6142
76,E,0.0790902352540517,7.90902352540517,491
77,A,0.0128872148804799,1.28872148804799,12703
77,B,0.0665711753574936,6.65711753574936,3127
77,C,0.0772403292731897,7.72403292731897,1664
77,D,0.0513480525837923,5.13480525837923,5767
77,E,0.0735050841476057,7.35050841476057,559
78,A,0.0129101621296177,1.29101621296177,13201
78,B,0.0671265328601867,6.71265328601867,3201
78,C,0.0765385832882335,7.65385832882335,1692
78,D,0.048951934913754,4.8951934913754,5927
78,E,0.0734506553534719,7.34506553534719,479
79,A,0.0122683641291879,1.22683641291879,13958
79,B,0.0631806759121742,6.31806759121742,3432
79,C,0.0742913095745918,7.42913095745918,1864
79,D,0.0489351875162186,4.89351875162186,6601
79,E,0.0793162371995691,7.93162371995691,517
80,A,0.0128479082249457,1.28479082249457,13196
80,B,0.0645042516273858,6.45042516273858,3249
80,C,0.0811013891676965,8.11013891676965,1690
80,D,0.0495942174249792,4.95942174249793,6487
80,E,0.0801795704466287,8.01795704466287,531
81,A,0.012264682474885,1.2264682474885,12881
81,B,0.0663493453919285,6.63493453919285,3293
81,C,0.0781629618885303,7.81629618885303,1692
81,D,0.0469905707806323,4.69905707806323,6386
81,E,0.0789156801721881,7.89156801721881,564
82,A,0.0124166740510549,1.24166740510549,13412
82,B,0.0640693839170219,6.40693839170219,3256
82,C,0.0782347534957001,7.82347534957001,1679
82,D,0.0488084740780936,4.88084740780936,6249
82,E,0.0767354344466098,7.67354344466098,466
83,A,0.0125762657186407,1.25762657186407,13911
83,B,0.0644083676284743,6.44083676284743,3310
83,C,0.0780663536033363,7.80663536033363,1742
83,D,0.0495325929788435,4.95325929788435,6314
83,E,0.0710665636716469,7.10665636716469,490
84,A,0.0124129554312739,1.24129554312739,14318
84,B,0.0626421737781412,6.26421737781412,3543
84,C,0.0749447373585187,7.49447373585187,1873
84,D,0.0470098982471039,4.70098982471039,6430
84,E,0.0771555759975032,7.71555759975032,563
85,A,0.0125299436337042,1.25299436337042,14620
85,B,0.0664980086803208,6.64980086803208,3398
85,C,0.0804443849551599,8.04443849551599,1850
85,D,0.0503415788666986,5.03415788666986,6582
85,E,0.0777967800908179,7.77967800908179,524
86,A,0.0124813818490726,1.24813818490726,13124
86,B,0.0669610360440839,6.69610360440839,3022
86,C,0.0771471380411323,7.71471380411323,1623
86,D,0.0476462773482658,4.76462773482658,5815
86,E,0.0768264368181674,7.68264368181674,603
87,A,0.0117871400523998,1.17871400523998,13713
87,B,0.0678846732463118,6.78846732463118,3241
87,C,0.0779268939634556,7.79268939634556,1754
87,D,0.0480105893476205,4.80105893476205,6350
87,E,0.0785944582028877,7.85944582028877,508
88,A,0.01272756353636,1.272756353636,12503
88,B,0.0663443814002215,6.63443814002215,3056
88,C,0.0787511030933471,7.87511030933471,1535
88,D,0.0487332761272917,4.87332761272917,5403
88,E,0.0813022945044265,8.13022945044265,444
89,A,0.0125234426507012,1.25234426507012,13310
89,B,0.0709501664181795,7.09501664181795,3128
89,C,0.0772980431257616,7.72980431257616,1698
89,D,0.0494312141548192,4.94312141548192,6291
89,E,0.0801421474244693,8.01421474244693,556
90,A,0.0123683585711652,1.23683585711652,13136
90,B,0.0649950419595289,6.49950419595289,3157
90,C,0.0761173326995174,7.61173326995174,1645
90,D,0.0472469021123725,4.72469021123725,6005
90,E,0.0809920249598064,8.09920249598064,448
91,A,0.0123259373990787,1.23259373990788,14041
91,B,0.0658564597899998,6.58564597899998,3285
91,C,0.0734423134337071,7.34423134337071,1715
91,D,0.0483245344858708,4.83245344858708,6191
91,E,0.0714107456981295,7.14107456981295,502
92,A,0.0122850539131214,1.22850539131214,13701
92,B,0.0668372578630423,6.68372578630423,3392
92,C,0.0784003778900576,7.84003778900576,1770
92,D,0.0466734542373334,4.66734542373334,6638
92,E,0.0800614363392416,8.00614363392416,565
93,A,0.0126528755714361,1.26528755714361,13911
93,B,0.0640874290621864,6.40874290621864,3384
93,C,0.0774437012019703,7.74437012019703,1846
93,D,0.048764821886463,4.8764821886463,6607
93,E,0.0723480977718266,7.23480977718266,501
94,A,0.0123488942422467,1.23488942422467,13206
94,B,0.0626633133165666,6.26633133165666,2986
94,C,0.0789386905180942,7.89386905180942,1632
94,D,0.0460560659845479,4.60560659845479,6119
94,E,0.0771263843572021,7.71263843572021,528
95,A,0.0116221440127008,1.16221440127008,14657
95,B,0.0614207420338312,6.14207420338312,3402
95,C,0.0693035652342163,6.93035652342163,1748
95,D,0.044160019655317,4.4160019655317,6375
95,E,0.0690483097452737,6.90483097452737,498
96,A,0.0119286058190193,1.19286058190193,13495
96,B,0.0666930869590647,6.66930869590647,3049
96,C,0.0772577213577056,7.72577213577056,1664
96,D,0.0483845253915037,4.83845253915037,6675
96,E,0.0730679368521602,7.30679368521602,471
97,A,0.0127438718435811,1.27438718435811,13264
97,B,0.0724576413776858,7.24576413776858,3018
97,C,0.0814635373477811,8.14635373477811,1603
97,D,0.0503564694983175,5.03564694983175,5851
97,E,0.0889380873312027,8.89380873312027,581
98,A,0.0124418741119458,1.24418741119458,12969
98,B,0.0679676334472429,6.79676334472429,3238
98,C,0.0825121679685703,8.25121679685703,1679
98,D,0.0493145673439839,4.93145673439839,6222
98,E,0.0833982157339821,8.33982157339821,415
99,A,0.0122530122398801,1.22530122398801,14791
99,B,0.0672551373755935,6.72551373755935,3408
99,C,0.0788447624407107,7.88447624407107,1821
99,D,0.0462858495238424,4.62858495238424,6926
99,E,0.0837314171784888,8.37314171784888,518
100,A,0.0121252486466125,1.21252486466125,12813
100,B,0.0629224825123481,6.29224825123481,3099
100,C,0.0784716727518851,7.84716727518851,1585
100,D,0.0481905551151911,4.81905551151911,6088
100,E,0.0790848882978009,7.90848882978009,465
101,A,0.0119359995667192,1.19359995667192,16031
101,B,0.0617448518761187,6.17448518761187,3653
101,C,0.0672203834207747,6.72203834207747,1998
101,D,0.0472893066102328,4.72893066102328,7256
101,E,0.0706172756204806,7.06172756204806,527
102,A,0.0123126965126145,1.23126965126145,13751
102,B,0.0634397183485194,6.34397183485194,3294
102,C,0.0737768638563583,7.37768638563583,1728
102,D,0.047557045519441,4.7557045519441,6154
102,E,0.0805691282988387,8.05691282988387,479
103,A,0.0121564191067585,1.21564191067585,13708
103,B,0.0609221707404003,6.09221707404003,3209
103,C,0.0731659043296382,7.31659043296382,1714
103,D,0.0486664892590863,4.86664892590863,6164
103,E,0.0699354201306056,6.99354201306056,478
104,A,0.01184146314193,1.184146314193,14005
104,B,0.0647929925152344,6.47929925152344,3223
104,C,0.0781138651934325,7.81138651934325,1712
104,D,0.0467366558255213,4.67366558255213,6633
104,E,0.0733136834098503,7.33136834098503,462
105,A,0.0131834682493484,1.31834682493484,12651
105,B,0.0710936873469337,7.10936873469337,3034
105,C,0.0813474425133665,8.13474425133665,1594
105,D,0.0510543821765589,5.10543821765589,5895
105,E,0.0722877794587325,7.22877794587325,470
106,A,0.0120343200481534,1.20343200481534,13879
106,B,0.0637912419010721,6.37912419010721,3202
106,C,0.0750764030653784,7.50764030653784,1711
106,D,0.0482160096380159,4.82160096380159,6394
106,E,0.077946485978535,7.7946485978535,510
107,A,0.0120987644950773,1.20987644950773,14881
107,B,0.0654803385223758,6.54803385223758,3409
107,C,0.0784092752149843,7.84092752149843,1840
107,D,0.0486329827955198,4.86329827955198,6430
107,E,0.0827765338110166,8.27765338110166,578
108,A,0.0126056602202001,1.26056602202001,12608
108,B,0.0650370475232066,6.50370475232066,3062
108,C,0.0763810721125031,7.63810721125031,1626
108,D,0.0477372124033376,4.77372124033376,5431
108,E,0.0754116255799145,7.54116255799145,449
109,A,0.0127266265031504,1.27266265031504,12717
109,B,0.0671217392753542,6.71217392753542,3121
109,C,0.0788008158003191,7.88008158003191,1659
109,D,0.0504900032382111,5.04900032382111,6243
109,E,0.0754158800947687,7.54158800947687,475
110,A,0.0124219697958642,1.24219697958642,14005
110,B,0.069043542074364,6.9043542074364,3338
110,C,0.0824996043816925,8.24996043816925,1728
110,D,0.0508508393485778,5.08508393485778,6307
110,E,0.0794086318713174,7.94086318713174,470
111,A,0.0126803907197627,1.26803907197627,14069
111,B,0.0693259759779581,6.93259759779581,3291
111,C,0.0802685224464947,8.02685224464947,1792
111,D,0.0495979736848848,4.95979736848848,6284
111,E,0.0798448520209848,7.98448520209848,428
112,A,0.0127517534405677,1.27517534405677,13119
112,B,0.0654444941659713,6.54444941659713,3160
112,C,0.0775651128069011,7.75651128069011,1681
112,D,0.0488657206898874,4.88657206898874,6172
112,E,0.083631251510795,8.3631251510795,501
113,A,0.0116996278202585,1.16996278202585,14266
113,B,0.059613101933393,5.9613101933393,3429
113,C,0.0734851844386212,7.34851844386212,1883
113,D,0.0455297692258776,4.55297692258776,6393
113,E,0.0687259178690858,6.87259178690858,549
114,A,0.0127917521836666,1.27917521836666,11926
114,B,0.0646675741816734,6.46675741816734,2864
114,C,0.0765304620673821,7.65304620673821,1548
114,D,0.0482162148786637,4.82162148786637,5777
114,E,0.0795644836551055,7.95644836551055,529
115,A,0.0123588187806025,1.23588187806025,14101
115,B,0.0671483947351246,6.71483947351246,3394
115,C,0.0790564313802695,7.90564313802695,1801
115,D,0.0469713545282954,4.69713545282954,6686
115,E,0.077577395288727,7.7577395288727,575
116,A,0.0124605898873382,1.24605898873382,12521
116,B,0.0673943116192635,6.73943116192635,3035
116,C,0.0849532152418294,8.49532152418294,1572
116,D,0.0493345936761602,4.93345936761602,5744
116,E,0.0932701421800948,9.32701421800948,474
117,A,0.0124874213267232,1.24874213267232,12523
117,B,0.0686567474552128,6.86567474552128,3083
117,C,0.076315994641756,7.6315994641756,1654
117,D,0.047014125763414,4.7014125763414,5864
117,E,0.0775221307456061,7.75221307456061,489
118,A,0.0124632778420725,1.24632778420725,12212
118,B,0.0643504144428081,6.43504144428081,2913
118,C,0.0790481075062063,7.90481075062063,1527
118,D,0.0457899763178075,4.57899763178075,5915
118,E,0.0844359742263363,8.44359742263363,546
119,A,0.0124220999862865,1.24220999862865,13474
119,B,0.0630671615877832,6.30671615877832,3237
119,C,0.0764524201526349,7.64524201526349,1710
119,D,0.0499431939585104,4.99431939585104,6854
119,E,0.0835253673831741,8.3525367383174,517
120,A,0.0131525137690282,1.31525137690282,11943
120,B,0.0694664075531658,6.94664075531658,2838
120,C,0.0846762758967129,8.46762758967129,1485
120,D,0.0501677078211887,5.01677078211887,5542
120,E,0.0773701836098387,7.73701836098387,501
121,A,0.012172965418102,1.2172965418102,13384
121,B,0.0630062335478755,6.30062335478755,3207
121,C,0.0757185665076594,7.57185665076594,1673
121,D,0.0469358653492345,4.69358653492345,6334
121,E,0.0800915488614638,8.00915488614638,490
122,A,0.0119962912736525,1.19962912736525,14317
122,B,0.0606007208088629,6.06007208088629,3520
122,C,0.0736749949491548,7.36749949491548,1829
122,D,0.0465712086436774,4.65712086436774,6434
122,E,0.0847255766914842,8.47255766914842,559
123,A,0.0122570513572215,1.22570513572215,14109
123,B,0.0630032760926629,6.30032760926629,3224
123,C,0.0756072565130621,7.56072565130621,1682
123,D,0.049455731306011,4.9455731306011,6303
123,E,0.07376941709049,7.376941709049,451
124,A,0.0124954890192737,1.24954890192737,12816
124,B,0.064788469748794,6.4788469748794,3065
124,C,0.0793359950903281,7.93359950903281,1656
124,D,0.0485298861674483,4.85298861674483,5988
124,E,0.0764087870105062,7.64087870105062,486
125,A,0.0119962746550455,1.19962746550455,13815
125,B,0.0639733052390211,6.39733052390211,3207
125,C,0.0746297594103187,7.46297594103187,1667
125,D,0.0466522572568657,4.66522572568657,6471
125,E,0.0719797010045807,7.19797010045807,482
126,A,0.0122589540563304,1.22589540563304,14498
126,B,0.0672446183767823,6.72446183767823,3486
126,C,0.081188442074332,8.1188442074332,1824
126,D,0.0482699571495799,4.82699571495799,6595
126,E,0.0731503789589921,7.31503789589921,511
127,A,0.0120755668449811,1.20755668449811,13213
127,B,0.0672446618550768,6.72446618550768,3136
127,C,0.0785593537910647,7.85593537910647,1710
127,D,0.0484068265646343,4.84068265646343,6388
127,E,0.0787942389809655,7.87942389809655,454
128,A,0.012023038406314,1.2023038406314,14232
128,B,0.0595280448058962,5.95280448058962,3378
128,C,0.0738697850072398,7.38697850072398,1819
128,D,0.0471487447081649,4.71487447081649,6413
128,E,0.071058652757959,7.1058652757959,486
129,A,0.0129336128400436,1.29336128400436,13524
129,B,0.0672917477222755,6.72917477222755,3170
129,C,0.0793899014371455,7.93899014371455,1657
129,D,0.0494153272265276,4.94153272265276,6175
129,E,0.0748071409868205,7.48071409868205,495
130,A,0.0120544434530094,1.20544434530094,13278
130,B,0.0663937184520471,6.63937184520471,3093
130,C,0.0741060431855943,7.41060431855943,1667
130,D,0.0475749697126445,4.75749697126445,6096
130,E,0.071345975320438,7.1345975320438,589
131,A,0.0118955914477779,1.18955914477779,13233
131,B,0.0641531329949648,6.41531329949648,3217
131,C,0.0792536367183146,7.92536367183146,1685
131,D,0.0507833907965861,5.07833907965861,6336
131,E,0.0723001974273797,7.23001974273797,408
132,A,0.0125506431930002,1.25506431930002,14393
132,B,0.0610288222636928,6.10288222636929,3563
132,C,0.0695849344596012,6.95849344596012,1827
132,D,0.0469861379678308,4.69861379678308,6741
132,E,0.0760904431386199,7.60904431386199,470
133,A,0.0124193277138695,1.24193277138695,13337
133,B,0.0643550994547815,6.43550994547815,3264
133,C,0.0758190104325757,7.58190104325757,1698
133,D,0.0474300372802764,4.74300372802764,6417
133,E,0.0728190754108432,7.28190754108432,500
134,A,0.0126596806090072,1.26596806090072,13856
134,B,0.0663085089209529,6.63085089209529,3274
134,C,0.0788582740446843,7.88582740446843,1754
134,D,0.0513005569207646,5.13005569207646,6182
134,E,0.0829480315812243,8.29480315812243,509
135,A,0.0122165544692726,1.22165544692726,14457
135,B,0.0655157830344888,6.55157830344888,3333
135,C,0.0743769216738757,7.43769216738757,1793
135,D,0.0464345094827624,4.64345094827624,6487
135,E,0.0731045983350403,7.31045983350403,488
136,A,0.0122458481366845,1.22458481366845,13273
136,B,0.064542978718485,6.4542978718485,3251
136,C,0.0780909513092559,7.80909513092559,1692
136,D,0.0482175627496021,4.82175627496021,6234
136,E,0.0843200503520711,8.43200503520711,513
137,A,0.0122889733114884,1.22889733114884,12770
137,B,0.0633046316806289,6.33046316806289,3216
137,C,0.0758950387372729,7.58950387372729,1691
137,D,0.0474656564641652,4.74656564641652,6487
137,E,0.0804715768267306,8.04715768267307,532
138,A,0.0127194243560242,1.27194243560242,12337
138,B,0.0671850664855949,6.71850664855949,2946
138,C,0.0830047489389266,8.30047489389266,1585
138,D,0.0496006940906219,4.96006940906219,5531
138,E,0.0816859240063653,8.16859240063653,493
139,A,0.0125526445102794,1.25526445102794,13436
139,B,0.067647593544404,6.7647593544404,3243
139,C,0.0792942505758116,7.92942505758116,1688
139,D,0.0493413850182608,4.93413850182608,5844
139,E,0.0774947844228095,7.74947844228095,421
140,A,0.0117775522901608,1.17775522901608,14383
140,B,0.0610852969829817,6.10852969829817,3342
140,C,0.0709771836378554,7.09771836378554,1814
140,D,0.0465186582015169,4.65186582015169,6532
140,E,0.0725761515601783,7.25761515601783,607
141,A,0.0130345701744146,1.30345701744146,13714
141,B,0.0625548025431175,6.25548025431175,3186
141,C,0.0760013372980565,7.60013372980565,1658
141,D,0.0490504063249498,4.90504063249498,6347
141,E,0.0721396276075938,7.21396276075938,441
142,A,0.0124119552821921,1.24119552821921,12768
142,B,0.0695723677539979,6.95723677539979,3199
142,C,0.0761161602907756,7.61161602907756,1658
142,D,0.0479597425355601,4.79597425355601,6013
142,E,0.0797074112674796,7.97074112674796,521
143,A,0.0125965389802632,1.25965389802632,13437
143,B,0.0692000419583195,6.92000419583195,3311
143,C,0.0744370550035209,7.44370550035209,1804
143,D,0.04871076442664,4.871076442664,6614
143,E,0.0737481423255014,7.37481423255014,496
144,A,0.0130474816789778,1.30474816789778,12964
144,B,0.0652122574764869,6.52122574764869,3095
144,C,0.0785134403752481,7.85134403752481,1656
144,D,0.046323999548424,4.6323999548424,5850
144,E,0.0768376861906108,7.68376861906108,448
145,A,0.0121948696950925,1.21948696950925,14236
145,B,0.0614337518629345,6.14337518629345,3485
145,C,0.0725597586372446,7.25597586372446,1874
145,D,0.0488633270553187,4.88633270553187,6687
145,E,0.0684472422401739,6.84472422401739,524
146,A,0.0129662602465573,1.29662602465573,12222
146,B,0.0695431228726209,6.95431228726209,2970
146,C,0.0785156866401756,7.85156866401756,1603
146,D,0.0506831078069869,5.06831078069869,5557
146,E,0.0793132724640909,7.93132724640909,486
147,A,0.0124017007647147,1.24017007647147,12771
147,B,0.0620222773811326,6.20222773811326,2996
147,C,0.0733551983081528,7.33551983081528,1633
147,D,0.0463757565576104,4.63757565576104,5986
147,E,0.0671783281203136,6.71783281203136,495
148,A,0.0130190639349509,1.30190639349509,13079
148,B,0.069156094689719,6.9156094689719,3165
148,C,0.0828447345526946,8.28447345526946,1700
148,D,0.0518952246753625,5.18952246753625,5797
148,E,0.0785228556889749,7.85228556889749,467
149,A,0.0113775332718881,1.13775332718881,14377
149,B,0.0602554755498098,6.02554755498098,3405
149,C,0.070907292150173,7.0907292150173,1775
149,D,0.0443961769146747,4.43961769146747,6921
149,E,0.0686428328150038,6.86428328150038,519
150,A,0.0121728185085089,1.21728185085089,14050
150,B,0.0642453822991547,6.42453822991547,3422
150,C,0.0757744925274755,7.57744925274755,1750
150,D,0.0483449771825291,4.83449771825291,6343
150,E,0.0688919041157847,6.88919041157847,478
151,A,0.0125403614328407,1.25403614328407,13792
151,B,0.0670809524357014,6.70809524357014,3279
151,C,0.0797537564294682,7.97537564294682,1801
151,D,0.0493510854880881,4.93510854880881,6252
151,E,0.0657264762401068,6.57264762401068,418
152,A,0.0124323961476423,1.24323961476423,13488
152,B,0.0656751269035533,6.56751269035533,3101
152,C,0.0774763413682731,7.74763413682731,1688
152,D,0.0476164560588122,4.76164560588122,6667
152,E,0.0757138234809311,7.57138234809311,523
153,A,0.0121693124832387,1.21693124832387,12751
153,B,0.061878824268057,6.1878824268057,3131
153,C,0.0741074677197497,7.41074677197497,1684
153,D,0.0462287837248505,4.62287837248505,6429
153,E,0.0727816928089717,7.27816928089717,586
154,A,0.0123685969204813,1.23685969204813,13145
154,B,0.063503491138251,6.3503491138251,3144
154,C,0.0752249234049399,7.52249234049399,1664
154,D,0.0476815543414381,4.76815543414381,5881
154,E,0.0805215146194179,8.05215146194179,528
155,A,0.0124405834348617,1.24405834348617,12781
155,B,0.0662369288067612,6.62369288067612,3037
155,C,0.080412726450251,8.0412726450251,1549
155,D,0.0478833022198418,4.78833022198418,6091
155,E,0.0742291438409767,7.42291438409767,422
156,A,0.0126961530433477,1.26961530433477,12773
156,B,0.0660405946282331,6.60405946282331,3104
156,C,0.0781383902085302,7.81383902085302,1672
156,D,0.0519000513635287,5.19000513635287,5855
156,E,0.071433409342334,7.1433409342334,515
157,A,0.0126175485032657,1.26175485032657,12884
157,B,0.0609467655387989,6.09467655387989,3097
157,C,0.0703954533682892,7.03954533682892,1710
157,D,0.0467663709263802,4.67663709263802,6016
157,E,0.075506989564875,7.5506989564875,545
158,A,0.0123019061070582,1.23019061070582,13611
158,B,0.0670729134468666,6.70729134468666,3222
158,C,0.0812915476297531,8.12915476297531,1725
158,D,0.0491835362260906,4.91835362260906,6223
158,E,0.0705227073307646,7.05227073307646,564
159,A,0.0129823713191982,1.29823713191982,12403
159,B,0.0660883820548001,6.60883820548001,3004
159,C,0.0767966914661467,7.67966914661467,1621
159,D,0.0488706693021909,4.88706693021909,6085
159,E,0.0763676568475919,7.63676568475919,540
160,A,0.0124474891426114,1.24474891426114,12043
160,B,0.0634546069556262,6.34546069556262,2969
160,C,0.0734017559483236,7.34017559483236,1619
160,D,0.0496521845381175,4.96521845381175,6070
160,E,0.0783956348796955,7.83956348796955,560
161,A,0.0120898320608484,1.20898320608484,13491
161,B,0.059667349803664,5.9667349803664,3290
161,C,0.0724582789289903,7.24582789289903,1774
161,D,0.046152728781905,4.6152728781905,6280
161,E,0.0696289990612738,6.96289990612738,526
162,A,0.0126436265996783,1.26436265996783,14133
162,B,0.0647361724215545,6.47361724215545,3378
162,C,0.0788046406379081,7.88046406379081,1787
162,D,0.0473501986275563,4.73501986275563,6346
162,E,0.0799813235212131,7.99813235212131,481
163,A,0.0125187599510225,1.25187599510225,13302
163,B,0.0695858711514815,6.95858711514815,3113
163,C,0.0819546072352864,8.19546072352864,1621
163,D,0.0480477372328536,4.80477372328536,6035
163,E,0.0889231231682573,8.89231231682573,489
164,A,0.01268493966474,1.268493966474,12984
164,B,0.0642478398545487,6.42478398545487,3175
164,C,0.0761187505109058,7.61187505109058,1717
164,D,0.0470378971293048,4.70378971293048,5695
164,E,0.0696229898626621,6.96229898626621,445
165,A,0.0131054282362048,1.31054282362048,12135
165,B,0.0638953280011269,6.38953280011269,2903
165,C,0.076217150235455,7.6217150235455,1546
165,D,0.051570541826438,5.1570541826438,5710
165,E,0.0778795221288953,7.78795221288953,537
166,A,0.0122906244988152,1.22906244988152,13338
166,B,0.0665875868634343,6.65875868634343,3305
166,C,0.0756791785556404,7.56791785556404,1729
166,D,0.0480139976727325,4.80139976727325,6044
166,E,0.0733966649939725,7.33966649939725,527
167,A,0.0121927035945029,1.21927035945029,14086
167,B,0.0649193670617479,6.49193670617479,3313
167,C,0.0758372294738624,7.58372294738624,1727
167,D,0.0479028410948891,4.79028410948891,6532
167,E,0.0762441062769547,7.62441062769547,452
168,A,0.0123227457370451,1.23227457370451,14146
168,B,0.0658647510606694,6.58647510606694,3188
168,C,0.0775186692266297,7.75186692266297,1776
168,D,0.0464730315543813,4.64730315543813,6364
168,E,0.0717159734367165,7.17159734367165,514
169,A,0.0122226996132597,1.22226996132597,13956
169,B,0.066420974034347,6.6420974034347,3140
169,C,0.0758144280769657,7.58144280769657,1627
169,D,0.048829417594044,4.8829417594044,6526
169,E,0.0807649603736743,8.07649603736743,516
170,A,0.0123990826596897,1.23990826596897,13064
170,B,0.0637672108150696,6.37672108150696,3135
170,C,0.0763380712667784,7.63380712667784,1594
170,D,0.0493787270017229,4.93787270017229,5718
170,E,0.0775632947645779,7.75632947645779,538
171,A,0.0123807156256065,1.23807156256065,13567
171,B,0.062919054292438,6.2919054292438,3158
171,C,0.0763424732670288,7.63424732670288,1770
171,D,0.0467261047723806,4.67261047723806,6196
171,E,0.076424202739039,7.6424202739039,450
172,A,0.0125274200141634,1.25274200141634,13040
172,B,0.0656168936446174,6.56168936446174,3127
172,C,0.072086048011057,7.2086048011057,1648
172,D,0.0497103001540301,4.97103001540301,5926
172,E,0.0755591633011767,7.55591633011767,503
173,A,0.0123031937790757,1.23031937790757,13921
173,B,0.0652117518878203,6.52117518878203,3336
173,C,0.0763109345654595,7.63109345654595,1774
173,D,0.0473632436371207,4.73632436371207,6211
173,E,0.0751952900411662,7.51952900411661,445
174,A,0.0124722923402994,1.24722923402994,13791
174,B,0.0673565582917584,6.73565582917584,3321
174,C,0.0778689648082788,7.78689648082788,1721
174,D,0.0499751068342186,4.99751068342186,6624
174,E,0.078844449368491,7.8844449368491,584
175,A,0.0126738729424502,1.26738729424502,12567
175,B,0.0662582866663396,6.62582866663396,3094
175,C,0.0781868549757713,7.81868549757713,1678
175,D,0.0488008102727486,4.88008102727486,6072
175,E,0.066886709487816,6.6886709487816,565
176,A,0.0130756367476305,1.30756367476305,12582
176,B,0.0654454374795952,6.54454374795952,2973
176,C,0.0788242058986229,7.88242058986229,1612
176,D,0.0488543424548315,4.88543424548315,5597
176,E,0.080467365326779,8.0467365326779,519
177,A,0.0118591375375401,1.18591375375401,13925
177,B,0.0614259307260202,6.14259307260202,3241
177,C,0.0744405804652358,7.44405804652358,1695
177,D,0.0472085892632109,4.72085892632109,6104
177,E,0.0725706702399052,7.25706702399052,449
178,A,0.011980366704527,1.1980366704527,13697
178,B,0.0647011925591223,6.47011925591223,3303
178,C,0.0724217592188998,7.24217592188998,1799
178,D,0.0455790766791346,4.55790766791346,6205
178,E,0.0719322692340174,7.19322692340174,482
179,A,0.0122997382266445,1.22997382266445,13170
179,B,0.0619438913823553,6.19438913823553,3227
179,C,0.0749975042427873,7.49975042427873,1677
179,D,0.0468248962269488,4.68248962269488,5982
179,E,0.073770318394979,7.3770318394979,438
180,A,0.0122416483516783,1.22416483516783,13678
180,B,0.06238014821567,6.238014821567,3126
180,C,0.0759882497745846,7.59882497745846,1649
180,D,0.0462703353118806,4.62703353118806,6161
180,E,0.0766884531590414,7.66884531590414,539
181,A,0.0123197415412055,1.23197415412055,13604
181,B,0.0663658023190919,6.63658023190919,3287
181,C,0.0787389267013038,7.87389267013038,1737
181,D,0.0501790078711183,5.01790078711184,6312
181,E,0.0763554535122138,7.63554535122138,560
182,A,0.0126082986418182,1.26082986418182,12816
182,B,0.0666730102525804,6.66730102525804,3132
182,C,0.0800483641230056,8.00483641230056,1642
182,D,0.0512570472275602,5.12570472275602,6074
182,E,0.0768064494204619,7.68064494204619,575
183,A,0.0123609223269484,1.23609223269484,12862
183,B,0.0611778473624295,6.11778473624295,3220
183,C,0.0715748974812788,7.15748974812788,1682
183,D,0.0467686414043921,4.67686414043921,6194
183,E,0.0690076634440275,6.90076634440275,501
184,A,0.012420911415457,1.2420911415457,12360
184,B,0.0679431929161701,6.79431929161701,2946
184,C,0.079829826957583,7.9829826957583,1569
184,D,0.0483682484435045,4.83682484435045,5684
184,E,0.0729826122718661,7.29826122718661,479
185,A,0.012617502526484,1.2617502526484,13879
185,B,0.0656721618707238,6.56721618707238,3308
185,C,0.075249839206157,7.5249839206157,1783
185,D,0.046428689079891,4.6428689079891,6691
185,E,0.0737121117625047,7.37121117625047,508
186,A,0.0128251389189739,1.28251389189739,13777
186,B,0.0709517728693217,7.09517728693217,3329
186,C,0.0811685944597478,8.11685944597478,1810
186,D,0.0520068956790611,5.20068956790611,6066
186,E,0.0828710560004016,8.28710560004016,527
187,A,0.0131189218618005,1.31189218618005,11996
187,B,0.0709546140042661,7.09546140042661,2974
187,C,0.0807467049066985,8.07467049066985,1604
187,D,0.0505026305663941,5.05026305663941,5576
187,E,0.0734746212146641,7.34746212146641,448
188,A,0.0116221564817153,1.16221564817153,13550
188,B,0.059699152925572,5.9699152925572,3141
188,C,0.0745544839163448,7.45544839163448,1651
188,D,0.0482840101688286,4.82840101688286,6178
188,E,0.0798160354024894,7.98160354024894,482
189,A,0.0117456383378982,1.17456383378982,14090
189,B,0.0624737880813984,6.24737880813984,3233
189,C,0.0705992716976949,7.05992716976948,1696
189,D,0.0470086488644455,4.70086488644455,6621
189,E,0.0686972724260252,6.86972724260252,546
190,A,0.012021364606974,1.2021364606974,13366
190,B,0.0608606229353926,6.08606229353926,3216
190,C,0.072712107755802,7.2712107755802,1712
190,D,0.0463804851580946,4.63804851580946,6439
190,E,0.0762791409123461,7.62791409123461,476
191,A,0.0133579037341065,1.33579037341065,12676
191,B,0.0661226522868871,6.61226522868871,3037
191,C,0.0761950394793895,7.61950394793895,1609
191,D,0.0464350353210611,4.6435035321061,5931
191,E,0.0715035388465782,7.15035388465782,457
192,A,0.0130758305973992,1.30758305973992,14032
192,B,0.0605956428066944,6.05956428066944,3299
192,C,0.0713421129079113,7.13421129079113,1782
192,D,0.0477074046739156,4.77074046739156,6160
192,E,0.070811000691226,7.0811000691226,501
193,A,0.0125266326947863,1.25266326947863,12566
193,B,0.0604467397338239,6.04467397338239,3023
193,C,0.0691584657413245,6.91584657413245,1583
193,D,0.0466667522868619,4.66667522868619,5998
193,E,0.0738905560164127,7.38905560164127,550
194,A,0.0120114646455827,1.20114646455827,13684
194,B,0.0610969075053409,6.10969075053409,3294
194,C,0.0733583674639948,7.33583674639948,1735
194,D,0.0441246109128663,4.41246109128663,6423
194,E,0.0715696112387919,7.15696112387919,507
195,A,0.0127691014181272,1.27691014181272,12619
195,B,0.0698224792405076,6.98224792405076,3114
195,C,0.0771459058725249,7.71459058725249,1678
195,D,0.0494105387188324,4.94105387188324,6052
195,E,0.0767368783380153,7.67368783380153,602
196,A,0.0122057985147288,1.22057985147288,12398
196,B,0.0648914472787897,6.48914472787897,3029
196,C,0.0751496159031878,7.51496159031878,1570
196,D,0.047491942279024,4.7491942279024,5719
196,E,0.0755872401604168,7.55872401604168,569
197,A,0.0127054655052475,1.27054655052475,14066
197,B,0.0665375609211724,6.65375609211724,3217
197,C,0.0774982112836948,7.74982112836948,1722
197,D,0.04968730238964,4.968730238964,6212
197,E,0.0807207445053132,8.07207445053132,542
198,A,0.0128522435038978,1.28522435038978,12908
198,B,0.0677237505850538,6.77237505850538,3044
198,C,0.0752313371749489,7.52313371749489,1616
198,D,0.048888039971929,4.8888039971929,5989
198,E,0.0758979105115153,7.58979105115153,463
199,A,0.0124230116852258,1.24230116852258,14629
199,B,0.0630433343064114,6.30433343064114,3464
199,C,0.0730515946446065,7.30515946446065,1822
199,D,0.0462035212240653,4.62035212240653,6540
199,E,0.0696094963684888,6.96094963684888,470
200,A,0.0122870372342005,1.22870372342005,12556
200,B,0.0621340403794096,6.21340403794096,3102
200,C,0.0711580220541948,7.11580220541948,1695
200,D,0.0474254407042715,4.74254407042715,5744
200,E,0.0790767851169676,7.90767851169676,468
201,A,0.0120927719067107,1.20927719067107,14425
201,B,0.0583931091852529,5.83931091852529,3504
201,C,0.0736310288551686,7.36310288551686,1890
201,D,0.047607022251477,4.7607022251477,6697
201,E,0.0741815118672623,7.41815118672623,538
202,A,0.0122975637372929,1.22975637372929,14283
202,B,0.0618007577015613,6.18007577015613,3321
202,C,0.0730255394470667,7.30255394470667,1737
202,D,0.0450875857590444,4.50875857590444,6194
202,E,0.0739368250837616,7.39368250837616,509
203,A,0.0123451271126011,1.23451271126011,13661
203,B,0.0652216486586014,6.52216486586014,3271
203,C,0.0776812129211556,7.76812129211556,1707
203,D,0.0467717205300459,4.67717205300459,6160
203,E,0.0821792392005158,8.21792392005158,522
204,A,0.0119931704823133,1.19931704823133,14459
204,B,0.0628033695103603,6.28033695103603,3317
204,C,0.0726027004364631,7.26027004364632,1754
204,D,0.045958229251697,4.5958229251697,6504
204,E,0.0656919043253068,6.56919043253068,541
205,A,0.0123807093756456,1.23807093756456,13930
205,B,0.0626349482764066,6.26349482764066,3446
205,C,0.0746480452349517,7.46480452349517,1804
205,D,0.0470741313651212,4.70741313651212,6288
205,E,0.077396479537035,7.7396479537035,596
206,A,0.0124658590730712,1.24658590730712,12957
206,B,0.0649083483693037,6.49083483693037,2965
206,C,0.0783994982194585,7.83994982194585,1560
206,D,0.0477417173493908,4.77417173493908,6091
206,E,0.0725053409827408,7.25053409827408,491
207,A,0.0120167138848942,1.20167138848942,14869
207,B,0.0648176700257404,6.48176700257404,3435
207,C,0.0740229687752737,7.40229687752737,1809
207,D,0.0460490063867997,4.60490063867997,6735
207,E,0.076990957959171,7.6990957959171,535
208,A,0.012451604713648,1.2451604713648,14293
208,B,0.0627721866984669,6.27721866984669,3376
208,C,0.0808290040301012,8.08290040301011,1861
208,D,0.0490495439348578,4.90495439348578,6690
208,E,0.0783617122390551,7.83617122390551,532
209,A,0.0120231902737783,1.20231902737783,13469
209,B,0.061363988688151,6.1363988688151,3221
209,C,0.0741462593982607,7.41462593982607,1703
209,D,0.0479342302688909,4.79342302688909,5961
209,E,0.0749989412910603,7.49989412910603,454
210,A,0.0118813885568332,1.18813885568332,13511
210,B,0.0664427345545755,6.64427345545755,3221
210,C,0.0749043049196828,7.49043049196828,1723
210,D,0.0496673441527617,4.96673441527617,6380
210,E,0.0694204774230659,6.94204774230659,513
211,A,0.0123276044578314,1.23276044578314,13851
211,B,0.0683246927161522,6.83246927161522,3198
211,C,0.0752495490685803,7.52495490685803,1741
211,D,0.0465058486970066,4.65058486970066,6400
211,E,0.0784027286608542,7.84027286608542,527
212,A,0.0125862789650811,1.25862789650811,13651
212,B,0.0693314346380008,6.93314346380008,3195
212,C,0.0782824997260874,7.82824997260874,1674
212,D,0.0515075259103862,5.15075259103862,5830
212,E,0.0785367512910109,7.85367512910109,556
213,A,0.0121996633343639,1.21996633343639,13410
213,B,0.0622017464293472,6.22017464293472,3202
213,C,0.0749776027075838,7.49776027075838,1656
213,D,0.0471129272197746,4.71129272197746,6303
213,E,0.0702950624057787,7.02950624057787,564
214,A,0.0124427571198205,1.24427571198205,15247
214,B,0.062309953667003,6.2309953667003,3541
214,C,0.0709562114812722,7.09562114812722,1847
214,D,0.0477696732596946,4.77696732596946,7043
214,E,0.0655377219174095,6.55377219174095,503
215,A,0.012736454826769,1.2736454826769,13290
215,B,0.0666381060410591,6.66381060410591,3158
215,C,0.0759250771841995,7.59250771841995,1740
215,D,0.0520127943564396,5.20127943564396,6487
215,E,0.079266123430856,7.9266123430856,580
216,A,0.0127003922077681,1.27003922077681,12869
216,B,0.0665102448064021,6.65102448064022,3008
216,C,0.0819742763821365,8.19742763821365,1637
216,D,0.0485064286368787,4.85064286368787,5550
216,E,0.0831086773378265,8.31086773378265,527
217,A,0.0126021152542776,1.26021152542776,15247
217,B,0.0640850063956398,6.40850063956398,3554
217,C,0.0748059090779931,7.48059090779931,1871
217,D,0.0462981921376591,4.62981921376591,6743
217,E,0.070391222454378,7.0391222454378,537
218,A,0.0128023513513367,1.28023513513367,13762
218,B,0.0672761809943052,6.72761809943052,3231
218,C,0.0822096452932456,8.22096452932457,1766
218,D,0.0497674236137906,4.97674236137906,6229
218,E,0.0757682896715828,7.57682896715828,538
219,A,0.0123556360054989,1.23556360054989,13155
219,B,0.0609340159030502,6.09340159030502,3269
219,C,0.0719606602074103,7.19606602074103,1730
219,D,0.04867548846006,4.867548846006,6270
219,E,0.0748272213004455,7.48272213004455,478
220,A,0.0118089819423324,1.18089819423324,13862
220,B,0.0593999146865803,5.93999146865803,3369
220,C,0.0697696985379739,6.97696985379739,1799
220,D,0.0473018328982117,4.73018328982117,6077
220,E,0.0628866671959643,6.28866671959643,468
221,A,0.0127872240983207,1.27872240983207,14451
221,B,0.0665815839030325,6.65815839030325,3320
221,C,0.0770200644941959,7.70200644941959,1791
221,D,0.0504269187340183,5.04269187340183,6307
221,E,0.0799233077100605,7.99233077100605,559
222,A,0.0122733657551993,1.22733657551993,13564
222,B,0.063945178697038,6.3945178697038,3249
222,C,0.0728513149345462,7.28513149345462,1695
222,D,0.0475588564729035,4.75588564729035,6130
222,E,0.0763313233894002,7.63313233894002,501
223,A,0.0123844516658069,1.23844516658069,12758
223,B,0.0628172176610552,6.28172176610552,3064
223,C,0.0803748890946638,8.03748890946638,1657
223,D,0.0471821498568426,4.71821498568426,5888
223,E,0.066991982775716,6.6991982775716,441
224,A,0.0127470566134957,1.27470566134957,12988
224,B,0.0695953642994432,6.95953642994432,3174
224,C,0.0801872400689832,8.01872400689832,1719
224,D,0.0493727250756172,4.93727250756172,5893
224,E,0.0731601375861381,7.31601375861381,500
225,A,0.0128559323388812,1.28559323388812,14128
225,B,0.0677489600806361,6.7748960080636,3293
225,C,0.0776739258228663,7.76739258228663,1727
225,D,0.0512358242795648,5.12358242795648,6501
225,E,0.0755302335564184,7.55302335564184,480
226,A,0.0128405481792289,1.28405481792289,12760
226,B,0.0674548158604522,6.74548158604522,3061
226,C,0.0780703496910318,7.80703496910318,1673
226,D,0.0488386234525548,4.88386234525548,6047
226,E,0.0863651134074218,8.63651134074218,582
227,A,0.0124462121787791,1.24462121787791,12763
227,B,0.0640325217675294,6.40325217675294,2990
227,C,0.0755899980570045,7.55899980570045,1576
227,D,0.0479447822931122,4.79447822931122,5825
227,E,0.0750963413578973,7.50963413578973,479
228,A,0.0123089159211901,1.23089159211901,13485
228,B,0.0660361571564129,6.60361571564129,3219
228,C,0.0756069616816117,7.56069616816117,1706
228,D,0.0476565567137512,4.76565567137512,6338
228,E,0.0733996886645596,7.33996886645596,513
229,A,0.0120668907882752,1.20668907882752,14309
229,B,0.062281516380137,6.22815163801369,3474
229,C,0.0761988620969927,7.61988620969927,1742
229,D,0.0439438159334322,4.39438159334322,6550
229,E,0.079441416893733,7.9441416893733,474
230,A,0.0124890971633872,1.24890971633872,11731
230,B,0.0599086467726473,5.99086467726473,2979
230,C,0.070807105557922,7.0807105557922,1555
230,D,0.0485874021791222,4.85874021791222,5660
230,E,0.0702586740377078,7.02586740377078,458
231,A,0.0128063409019682,1.28063409019682,13551
231,B,0.072593271579283,7.2593271579283,3303
231,C,0.0836806923677789,8.36806923677789,1767
231,D,0.0491052292899802,4.91052292899802,5854
231,E,0.068070759447752,6.8070759447752,432
232,A,0.0120810463993495,1.20810463993495,14108
232,B,0.0597613651102616,5.97613651102616,3293
232,C,0.0696020758457298,6.96020758457298,1803
232,D,0.046873619504804,4.6873619504804,6452
232,E,0.0669486988501466,6.69486988501466,530
233,A,0.0122152925796948,1.22152925796948,14178
233,B,0.0642049478370826,6.42049478370826,3303
233,C,0.0775006094092793,7.75006094092793,1788
233,D,0.0463760806985766,4.63760806985766,6610
233,E,0.0675774957368077,6.75774957368077,418
234,A,0.0120377691936569,1.20377691936569,14157
234,B,0.0672846246585129,6.72846246585129,3192
234,C,0.0769187560997873,7.69187560997872,1695
234,D,0.0467795016455101,4.67795016455101,6199
234,E,0.0720046121565184,7.20046121565184,461
235,A,0.0125049489459255,1.25049489459255,13866
235,B,0.0652500916915544,6.52500916915544,3281
235,C,0.0759149159252646,7.59149159252646,1728
235,D,0.0480846397543018,4.80846397543018,6368
235,E,0.0711791331834214,7.11791331834214,538
236,A,0.0124912224197269,1.24912224197269,12918
236,B,0.0658848737429567,6.58848737429567,3054
236,C,0.0769516081417617,7.69516081417617,1600
236,D,0.0468007379115026,4.68007379115026,6260
236,E,0.0684214135645842,6.84214135645842,513
237,A,0.01258079790743,1.258079790743,15430
237,B,0.0619254945931264,6.19254945931264,3567
237,C,0.075746409896526,7.5746409896526,1890
237,D,0.0487253689173872,4.87253689173872,6498
237,E,0.0750412754737439,7.50412754737439,513
238,A,0.01172258560339,1.172258560339,13747
238,B,0.0621616324930795,6.21616324930795,3259
238,C,0.0772066402318503,7.72066402318503,1750
238,D,0.0479252548690479,4.79252548690479,6354
238,E,0.0708161566896979,7.08161566896979,496
239,A,0.0128949394565725,1.28949394565725,13995
239,B,0.0630976210865077,6.30976210865077,3306
239,C,0.0774301675977654,7.74301675977654,1762
239,D,0.0512199403194664,5.12199403194664,6418
239,E,0.0771462508529404,7.71462508529404,607
240,A,0.0125456161390865,1.25456161390865,12479
240,B,0.0694261514508709,6.94261514508709,3084
240,C,0.0789210163975466,7.89210163975466,1656
240,D,0.0491631484638883,4.91631484638883,5723
240,E,0.0724416894305526,7.24416894305526,502
241,A,0.0122592213552877,1.22592213552877,12698
241,B,0.0646555707189151,6.46555707189151,3097
241,C,0.0797614423482577,7.97614423482577,1609
241,D,0.0493492950023921,4.93492950023921,5954
241,E,0.083235295910468,8.32352959104679,527
242,A,0.0119832337700914,1.19832337700914,13969
242,B,0.0662393963244756,6.62393963244756,3241
242,C,0.0795582821243906,7.95582821243906,1682
242,D,0.0481706127211346,4.81706127211346,6262
242,E,0.0758750628664079,7.58750628664079,454
243,A,0.0127095229807527,1.27095229807527,14559
243,B,0.0633774914145199,6.33774914145199,3420
243,C,0.075595193324809,7.5595193324809,1833
243,D,0.0479166809313457,4.79166809313457,6326
243,E,0.075686992621577,7.5686992621577,523
244,A,0.0122552319267123,1.22552319267123,14282
244,B,0.0629623265832471,6.29623265832471,3469
244,C,0.0765274035290448,7.65274035290448,1792
244,D,0.0480208014779666,4.80208014779666,6212
244,E,0.0758956818082154,7.58956818082154,487
245,A,0.0116379729205585,1.16379729205585,13005
245,B,0.0681229879502281,6.81229879502281,3166
245,C,0.0730298238768986,7.30298238768986,1687
245,D,0.0464906806225528,4.64906806225528,6280
245,E,0.0699428490435188,6.99428490435188,611
246,A,0.0120780811554626,1.20780811554626,13326
246,B,0.0654539138899083,6.54539138899083,3244
246,C,0.0750872533024486,7.50872533024486,1708
246,D,0.0476516140287225,4.76516140287225,6040
246,E,0.0738908883583366,7.38908883583366,468
247,A,0.0122263590208331,1.22263590208331,12883
247,B,0.0660607759138407,6.60607759138407,3056
247,C,0.0775709814644902,7.75709814644902,1637
247,D,0.0485576540446352,4.85576540446352,6152
247,E,0.0728449483259373,7.28449483259373,441
248,A,0.0126486329556673,1.26486329556673,13496
248,B,0.0641180401655648,6.41180401655648,3394
248,C,0.0784667762898217,7.84667762898217,1775
248,D,0.0480402271275075,4.80402271275075,6743
248,E,0.0848569644367505,8.48569644367505,433
249,A,0.0133381213185611,1.33381213185611,13212
249,B,0.07125880351294,7.125880351294,3217
249,C,0.0836637556798579,8.36637556798579,1715
249,D,0.0529747368267318,5.29747368267318,6168
249,E,0.0760112658564712,7.60112658564712,559
250,A,0.0121458708286187,1.21458708286187,13192
250,B,0.0683203605704206,6.83203605704206,3261
250,C,0.0813798129478926,8.13798129478926,1716
250,D,0.0506304728177682,5.06304728177682,6268
250,E,0.0762539539087212,7.62539539087212,552
251,A,0.0127681043392506,1.27681043392506,13618
251,B,0.0729317091531651,7.29317091531651,3076
251,C,0.0796141077034694,7.96141077034694,1703
251,D,0.0513449839372344,5.13449839372344,6023
251,E,0.0792043187419317,7.92043187419317,577
252,A,0.0123428158768482,1.23428158768482,12971
252,B,0.0607679655267817,6.07679655267817,2995
252,C,0.0722278866608764,7.22278866608764,1600
252,D,0.0450707450164573,4.50707450164573,6230
252,E,0.0748698752882316,7.48698752882316,560
253,A,0.0126588054330327,1.26588054330327,13112
253,B,0.0649259109507856,6.49259109507856,3097
253,C,0.0776991218483472,7.76991218483472,1648
253,D,0.0490136979030417,4.90136979030417,5930
253,E,0.0715254758807815,7.15254758807816,463
254,A,0.0125373963090344,1.25373963090344,14119
254,B,0.0681503214444182,6.81503214444182,3247
254,C,0.077680354197413,7.7680354197413,1669
254,D,0.0480219004702577,4.80219004702577,6040
254,E,0.0761348142256562,7.61348142256562,463
255,A,0.012742584539495,1.2742584539495,14030
255,B,0.0666273624796432,6.66273624796432,3250
255,C,0.0775354752775937,7.75354752775937,1784
255,D,0.0479462038118942,4.79462038118942,6665
255,E,0.0747930563133224,7.47930563133224,533
256,A,0.0122377972491966,1.22377972491966,13880
256,B,0.0631889756605967,6.31889756605967,3408
256,C,0.0758069327203571,7.58069327203571,1837
256,D,0.0493114877490303,4.93114877490303,6710
256,E,0.0707619162649742,7.07619162649742,565
257,A,0.0125614622839316,1.25614622839316,12953
257,B,0.0676265948447023,6.76265948447023,3078
257,C,0.0818855727170673,8.18855727170673,1615
257,D,0.0503345622180455,5.03345622180455,5959
257,E,0.0917797335665499,9.17797335665498,554
258,A,0.012469112052043,1.2469112052043,12051
258,B,0.0686306913369594,6.86306913369594,2941
258,C,0.0829780764023529,8.29780764023529,1549
258,D,0.0478183253371917,4.78183253371917,5772
258,E,0.0761650866418347,7.61650866418347,490
259,A,0.0123941640321233,1.23941640321233,12183
259,B,0.0658809437690443,6.58809437690443,2894
259,C,0.0794069869774402,7.94069869774402,1517
259,D,0.0484247669202411,4.84247669202411,5781
259,E,0.0748789693388992,7.48789693388992,518
260,A,0.0120169582670059,1.20169582670059,15052
260,B,0.0613154280219728,6.13154280219728,3539
260,C,0.074650929382954,7.4650929382954,1874
260,D,0.0470364168856924,4.70364168856924,6946
260,E,0.0733695309047288,7.33695309047288,507
261,A,0.0124424495174911,1.24424495174911,12826
261,B,0.0650550190817345,6.50550190817345,3159
261,C,0.076521266102367,7.6521266102367,1727
261,D,0.0480990062756187,4.80990062756187,6183
261,E,0.0747510231528179,7.47510231528179,509
262,A,0.0130488028703654,1.30488028703654,12738
262,B,0.0698858327552121,6.98858327552121,3108
262,C,0.0765866774543413,7.65866774543413,1656
262,D,0.0512288241010277,5.12288241010277,5954
262,E,0.0800939869449555,8.00939869449555,533
263,A,0.0124067530217489,1.24067530217489,13848
263,B,0.0655970810488723,6.55970810488723,3248
263,C,0.0746781439305061,7.46781439305061,1667
263,D,0.0485126864035034,4.85126864035034,6584
263,E,0.0802085863921673,8.02085863921673,544
264,A,0.0126429441706909,1.26429441706909,12529
264,B,0.069980503549865,6.9980503549865,3013
264,C,0.079191518766366,7.9191518766366,1628
264,D,0.048623701534086,4.8623701534086,5816
264,E,0.0757494218434105,7.57494218434105,456
265,A,0.012076110576938,1.2076110576938,13441
265,B,0.06043057005513,6.043057005513,3178
265,C,0.0752639432941615,7.52639432941615,1689
265,D,0.0467397585493542,4.67397585493543,6258
265,E,0.0716077602217206,7.16077602217206,530
266,A,0.0130156475906788,1.30156475906788,13100
266,B,0.073009061495,7.3009061495,3174
266,C,0.0803211828115896,8.03211828115896,1679
266,D,0.0519878408725116,5.19878408725116,5748
266,E,0.0750180284947669,7.50180284947669,471
267,A,0.0125943307915692,1.25943307915692,13272
267,B,0.0646969741905348,6.46969741905348,3217
267,C,0.0797430276738069,7.97430276738069,1697
267,D,0.0486150431864911,4.86150431864911,6113
267,E,0.0842578856828455,8.42578856828455,480
268,A,0.0122228981211401,1.22228981211401,14658
268,B,0.0683398117192538,6.83398117192538,3386
268,C,0.0764146262169978,7.64146262169977,1734
268,D,0.0477409535333864,4.77409535333864,6860
268,E,0.0738101314278423,7.38101314278423,508
269,A,0.0118311367421023,1.18311367421023,13496
269,B,0.0644778159832173,6.44778159832173,3352
269,C,0.0772968684775007,7.72968684775007,1700
269,D,0.0477442231629311,4.77442231629311,6485
269,E,0.077881012581107,7.7881012581107,552
270,A,0.0117382504116396,1.17382504116396,14207
270,B,0.0615533389515143,6.15533389515143,3240
270,C,0.0748758193496504,7.48758193496504,1795
270,D,0.0444845600761777,4.44845600761777,6726
270,E,0.0733056889086557,7.33056889086557,476
271,A,0.0119953784303408,1.19953784303408,14810
271,B,0.0609966558404284,6.09966558404284,3311
271,C,0.0712782883409727,7.12782883409727,1776
271,D,0.0448356658227043,4.48356658227043,6431
271,E,0.0687203228869896,6.87203228869896,514
272,A,0.0120063616688994,1.20063616688994,14034
272,B,0.0603493541498932,6.03493541498932,3318
272,C,0.0784863312786959,7.84863312786959,1805
272,D,0.0477929503841088,4.77929503841088,6515
272,E,0.0757715657533298,7.57715657533298,548
273,A,0.0117513999542977,1.17513999542977,14149
273,B,0.0638080993164199,6.38080993164199,3368
273,C,0.0763771260586547,7.63771260586547,1742
273,D,0.0463231225443452,4.63231225443452,6701
273,E,0.0710480389455314,7.10480389455314,553
274,A,0.0125292542713747,1.25292542713747,13812
274,B,0.0620094809376479,6.20094809376479,3299
274,C,0.0752413050184515,7.52413050184515,1817
274,D,0.0480849743646997,4.80849743646997,6048
274,E,0.0703261456381594,7.03261456381594,593
275,A,0.0121273871198654,1.21273871198654,13907
275,B,0.0648987038523041,6.48987038523041,3291
275,C,0.0755544988281648,7.55544988281648,1781
275,D,0.0463638379008255,4.63638379008255,6227
275,E,0.0683925973380593,6.83925973380593,519
276,A,0.0126985177243,1.26985177243,12561
276,B,0.0669000858158637,6.69000858158637,3162
276,C,0.076147182434171,7.6147182434171,1734
276,D,0.0484035874683727,4.84035874683727,5921
276,E,0.0734500849774625,7.34500849774625,486
277,A,0.0120839399128859,1.20839399128859,14298
277,B,0.0613610762611681,6.13610762611681,3385
277,C,0.0739086831964037,7.39086831964037,1782
277,D,0.0459084766378066,4.59084766378066,6635
277,E,0.0741690321399139,7.41690321399139,533
278,A,0.0128188175136382,1.28188175136382,14012
278,B,0.064764194470176,6.4764194470176,3396
278,C,0.0750228931200233,7.50228931200233,1815
278,D,0.0466877978245483,4.66877978245483,6800
278,E,0.0677487882036476,6.77487882036476,447
279,A,0.0124902185788251,1.24902185788251,13411
279,B,0.0631762294457243,6.31762294457243,3023
279,C,0.0700765830272088,7.00765830272088,1636
279,D,0.0465828066115721,4.65828066115721,5716
279,E,0.0756606397774687,7.56606397774687,542
280,A,0.0119944160423427,1.19944160423427,14513
280,B,0.061087138323654,6.1087138323654,3388
280,C,0.0748604004774345,7.48604004774345,1810
280,D,0.0466054813915858,4.66054813915858,6366
280,E,0.071915993109845,7.1915993109845,477
281,A,0.0118302474017035,1.18302474017035,13861
281,B,0.0639770112587844,6.39770112587844,3358
281,C,0.0773686903367398,7.73686903367398,1767
281,D,0.0452268812172025,4.52268812172025,6431
281,E,0.0627304827982325,6.27304827982325,450
282,A,0.0121220971959584,1.21220971959584,14962
282,B,0.0629065001114062,6.29065001114062,3466
282,C,0.0746792894640766,7.46792894640766,1876
282,D,0.0469534945882215,4.69534945882215,7031
282,E,0.0663317076364112,6.63317076364112,520
283,A,0.0118160313741029,1.18160313741029,15697
283,B,0.0606407226210184,6.06407226210184,3708
283,C,0.074869160050422,7.4869160050422,1891
283,D,0.0460620873242582,4.60620873242582,7214
283,E,0.0728508984944148,7.28508984944148,538
284,A,0.0125046335940017,1.25046335940017,13674
284,B,0.0664950278193484,6.64950278193484,3196
284,C,0.083184665884685,8.3184665884685,1690
284,D,0.0491341502364241,4.91341502364241,6068
284,E,0.0738880370350787,7.38880370350788,549
285,A,0.0122780344087586,1.22780344087586,12967
285,B,0.0607173645547049,6.07173645547049,3320
285,C,0.0729237034606551,7.29237034606551,1819
285,D,0.0465902562556838,4.65902562556838,6418
285,E,0.0643008103314606,6.43008103314606,591
286,A,0.0119363014955501,1.19363014955501,14229
286,B,0.0625821064345883,6.25821064345883,3391
286,C,0.0776087471204976,7.76087471204976,1809
286,D,0.045073456684636,4.5073456684636,6694
286,E,0.0804603161407551,8.04603161407551,555
287,A,0.0120379221740596,1.20379221740596,14149
287,B,0.0614860636833354,6.14860636833354,3437
287,C,0.0747726802631034,7.47726802631034,1796
287,D,0.0482160223392941,4.82160223392941,6816
287,E,0.07587886219302,7.587886219302,507
288,A,0.0128354102467847,1.28354102467847,12441
288,B,0.0648720123346145,6.48720123346145,3082
288,C,0.0771077474736084,7.71077474736084,1608
288,D,0.0502290934844038,5.02290934844038,5996
288,E,0.0764914591369091,7.64914591369091,485
289,A,0.0127839629413286,1.27839629413286,14577
289,B,0.0651252700202284,6.51252700202284,3512
289,C,0.0756138937805979,7.56138937805979,1830
289,D,0.0488995292453186,4.88995292453186,6688
289,E,0.0710665904206022,7.10665904206022,465
290,A,0.0120151443763217,1.20151443763217,15004
290,B,0.0671096176458294,6.71096176458294,3451
290,C,0.0798646764096614,7.98646764096614,1845
290,D,0.0492161273058657,4.92161273058657,6982
290,E,0.0803091708360286,8.03091708360286,506
291,A,0.0120200174450638,1.20200174450638,14419
291,B,0.0582847376379665,5.82847376379665,3392
291,C,0.0704702788317782,7.04702788317782,1821
291,D,0.0451524146652486,4.51524146652486,6200
291,E,0.0751849391673621,7.51849391673621,539
292,A,0.012825551633723,1.2825551633723,13121
292,B,0.0636606306323349,6.36606306323349,3093
292,C,0.0770581268189743,7.70581268189743,1759
292,D,0.0474441080234532,4.74441080234532,5962
292,E,0.0821997497748771,8.21997497748771,468
293,A,0.0125567682401263,1.25567682401263,13139
293,B,0.0685341036395115,6.85341036395115,3254
293,C,0.0834715914197032,8.34715914197032,1692
293,D,0.0487083856597872,4.87083856597872,6619
293,E,0.0699880616137204,6.99880616137204,537
294,A,0.0121450401958365,1.21450401958365,13382
294,B,0.0629025802231703,6.29025802231703,3174
294,C,0.0739514255543822,7.39514255543823,1750
294,D,0.045139941306309,4.5139941306309,6073
294,E,0.0737690147613113,7.37690147613113,438
295,A,0.0123269786701438,1.23269786701438,13584
295,B,0.0645446001796768,6.45446001796768,3222
295,C,0.0781843324861713,7.81843324861713,1659
295,D,0.0470732019222572,4.70732019222572,5755
295,E,0.0758659970799172,7.58659970799172,420
296,A,0.0130327846823528,1.30327846823528,12952
296,B,0.0654068967144644,6.54068967144644,3055
296,C,0.0811712944711807,8.11712944711807,1586
296,D,0.0501886480769989,5.01886480769989,5966
296,E,0.0813445225557083,8.13445225557083,503
297,A,0.0122407410075835,1.22407410075835,13845
297,B,0.0641896175040614,6.41896175040614,3206
297,C,0.0760284130825072,7.60284130825072,1721
297,D,0.0481500526740507,4.81500526740507,6788
297,E,0.0761068316779957,7.61068316779957,553
298,A,0.0125508832221705,1.25508832221705,13866
298,B,0.0659875970676922,6.59875970676922,3158
298,C,0.0791398532231082,7.91398532231082,1667
298,D,0.0506164882065468,5.06164882065468,6660
298,E,0.0833039200247615,8.33039200247615,569
299,A,0.0122580503287569,1.22580503287569,12687
299,B,0.0625584308194979,6.25584308194979,3050
299,C,0.0761332587932378,7.61332587932379,1621
299,D,0.0463772878385459,4.63772878385459,5874
299,E,0.0836477581082827,8.36477581082827,535
300,A,0.012126513334414,1.2126513334414,14326
300,B,0.0623435600874517,6.23435600874517,3375
300,C,0.0712019040063467,7.12019040063467,1884
300,D,0.046702036371641,4.6702036371641,6721
300,E,0.0710551669488578,7.10551669488578,575
301,A,0.0131939308644562,1.31939308644562,12604
301,B,0.0688162074547804,6.88162074547804,3042
301,C,0.080471026252271,8.0471026252271,1594
301,D,0.0515015187652322,5.15015187652322,5691
301,E,0.0772837005471582,7.72837005471582,478
302,A,0.0124970167767258,1.24970167767258,14765
302,B,0.0653873590970097,6.53873590970097,3449
302,C,0.0772536815817929,7.72536815817929,1839
302,D,0.051049337093429,5.1049337093429,6080
302,E,0.0685341295265821,6.85341295265821,512
303,A,0.0128430331782798,1.28430331782798,13445
303,B,0.0675472547861048,6.75472547861049,3307
303,C,0.0747516519081224,7.47516519081224,1723
303,D,0.0484871802810882,4.84871802810882,6252
303,E,0.0766941420751274,7.66941420751274,492
304,A,0.0125390002767414,1.25390002767414,12979
304,B,0.0663916406740002,6.63916406740002,3018
304,C,0.0782621088421524,7.82621088421524,1644
304,D,0.0482505305345728,4.82505305345728,6283
304,E,0.0801479087852039,8.01479087852039,562
305,A,0.011913293014666,1.1913293014666,15349
305,B,0.059869492256113,5.9869492256113,3500
305,C,0.0747314932440236,7.47314932440236,1882
305,D,0.0462991229114974,4.62991229114974,6633
305,E,0.0785830766443196,7.85830766443196,525
306,A,0.0121151800209012,1.21151800209012,13791
306,B,0.063738127933352,6.3738127933352,3258
306,C,0.0755988356294545,7.55988356294545,1726
306,D,0.0478952724626137,4.78952724626137,6666
306,E,0.0786279581763449,7.86279581763449,507
307,A,0.0131052449971378,1.31052449971378,12918
307,B,0.0765123149596347,7.65123149596347,3233
307,C,0.0827636836277861,8.27636836277861,1713
307,D,0.0544963683789974,5.44963683789974,6310
307,E,0.0902246698792165,9.02246698792165,552
308,A,0.0122115240636501,1.22115240636501,13969
308,B,0.0621608565669421,6.21608565669421,3129
308,C,0.0754486439995358,7.54486439995358,1746
308,D,0.0459331741446391,4.59331741446391,6565
308,E,0.0746621663238029,7.46621663238029,513
309,A,0.0138185854518233,1.38185854518233,12764
309,B,0.073110570661257,7.3110570661257,3048
309,C,0.0837254507087883,8.37254507087883,1625
309,D,0.0504961724296896,5.04961724296896,5779
309,E,0.0789357395370054,7.89357395370054,422
310,A,0.0116919284060608,1.16919284060608,13354
310,B,0.0612969930975686,6.12969930975686,3169
310,C,0.0733871651150685,7.33871651150685,1577
310,D,0.0437789763138089,4.37789763138089,6280
310,E,0.0662904876846668,6.62904876846668,499
311,A,0.0121906908886395,1.21906908886395,12982
311,B,0.0610286388581519,6.10286388581519,2979
311,C,0.0724659158269117,7.24659158269117,1641
311,D,0.045760293930015,4.5760293930015,5529
311,E,0.0773020639827304,7.73020639827304,478
312,A,0.012511068444073,1.2511068444073,14616
312,B,0.0632766047139375,6.32766047139375,3483
312,C,0.0751477321335213,7.51477321335213,1805
312,D,0.0480507456807668,4.80507456807668,6556
312,E,0.0667791270660607,6.67791270660607,526
313,A,0.0126878480739621,1.26878480739621,13042
313,B,0.0682412229460803,6.82412229460803,3130
313,C,0.0821353951632074,8.21353951632073,1743
313,D,0.0476559672058126,4.76559672058126,6366
313,E,0.0770348197385218,7.70348197385218,509
314,A,0.0131171290624591,1.31171290624591,11800
314,B,0.0677268570797009,6.77268570797009,2931
314,C,0.0810569107199513,8.10569107199513,1602
314,D,0.0521729190302954,5.21729190302954,5642
314,E,0.0735029826194365,7.35029826194365,518
315,A,0.0121580665280781,1.21580665280781,13813
315,B,0.0595751571585289,5.95751571585289,3367
315,C,0.0726310039820982,7.26310039820982,1778
315,D,0.0463823533276527,4.63823533276527,6346
315,E,0.0728364421493122,7.28364421493122,583
316,A,0.012032147077132,1.2032147077132,12976
316,B,0.0633298052012182,6.33298052012182,3101
316,C,0.0770970807511611,7.70970807511611,1592
316,D,0.0476374883310594,4.76374883310594,6307
316,E,0.0823861793598512,8.23861793598512,491
317,A,0.0134880061904272,1.34880061904272,13223
317,B,0.0746398905918269,7.46398905918269,3203
317,C,0.08426691498678,8.426691498678,1681
317,D,0.0488895411054002,4.88895411054002,5859
317,E,0.0728888619267168,7.28888619267168,417
318,A,0.0122171169926879,1.22171169926879,14714
318,B,0.0667548192104972,6.67548192104972,3308
318,C,0.0795412581179167,7.95412581179167,1783
318,D,0.0517320055087963,5.17320055087963,6429
318,E,0.080558835340162,8.0558835340162,543
319,A,0.0125644771708789,1.25644771708789,13583
319,B,0.062638576218219,6.2638576218219,3249
319,C,0.0755589229603591,7.55589229603591,1624
319,D,0.04625332534546,4.625332534546,6395
319,E,0.0803957822527701,8.03957822527701,492
320,A,0.0122039357284328,1.22039357284328,14140
320,B,0.068183454667022,6.8183454667022,3336
320,C,0.0821327349094417,8.21327349094417,1871
320,D,0.0510669542426343,5.10669542426343,6691
320,E,0.0741161414173732,7.41161414173732,569
321,A,0.0127002084289877,1.27002084289877,13801
321,B,0.0654003254984376,6.54003254984375,3256
321,C,0.0784186057727917,7.84186057727917,1738
321,D,0.0477192779237565,4.77192779237565,6159
321,E,0.0735507289076403,7.35507289076403,502
322,A,0.0120308637802879,1.20308637802879,14563
322,B,0.0616326784679694,6.16326784679694,3279
322,C,0.0728562372573543,7.28562372573543,1769
322,D,0.0477355317590984,4.77355317590984,6411
322,E,0.0883240279412133,8.83240279412133,521
323,A,0.012298376670694,1.2298376670694,13986
323,B,0.0649756489278994,6.49756489278994,3277
323,C,0.0774478243691329,7.74478243691329,1793
323,D,0.048256504113549,4.8256504113549,6550
323,E,0.0727684538349607,7.27684538349607,488
324,A,0.0126849300625478,1.26849300625478,13962
324,B,0.0757469442767906,7.57469442767906,3357
324,C,0.0853231977179243,8.53231977179243,1823
324,D,0.0528708983221363,5.28708983221363,6132
324,E,0.0729734654686646,7.29734654686646,436
325,A,0.0120368216858292,1.20368216858292,14419
325,B,0.0648920388371365,6.48920388371365,3306
325,C,0.0784294051739996,7.84294051739996,1788
325,D,0.0485019255321475,4.85019255321475,6734
325,E,0.0790765645940103,7.90765645940103,500
326,A,0.012357055014048,1.2357055014048,13364
326,B,0.0670319599639085,6.70319599639085,3107
326,C,0.0806277702329607,8.06277702329607,1665
326,D,0.0492693737556363,4.92693737556363,6047
326,E,0.0799166793679825,7.99166793679825,470
327,A,0.0118515154842852,1.18515154842852,15268
327,B,0.0613002546345046,6.13002546345046,3617
327,C,0.0756935177105379,7.56935177105379,1886
327,D,0.0480786126209011,4.80786126209011,6953
327,E,0.0730165704243033,7.30165704243033,495
328,A,0.0123645935423591,1.23645935423591,13330
328,B,0.0705378052259652,7.05378052259652,3080
328,C,0.0776020839056951,7.76020839056951,1677
328,D,0.0485373041388613,4.85373041388613,6324
328,E,0.0742740199710667,7.42740199710667,454
329,A,0.0125132410650336,1.25132410650336,12822
329,B,0.0685421530319262,6.85421530319262,2995
329,C,0.0777725181006185,7.77725181006185,1526
329,D,0.0485222208291065,4.85222208291065,5997
329,E,0.080221836387236,8.0221836387236,553
330,A,0.0122166262016222,1.22166262016222,14491
330,B,0.0643873820499111,6.43873820499111,3297
330,C,0.076698891854156,7.6698891854156,1734
330,D,0.0462747940053903,4.62747940053903,6484
330,E,0.0803323755918656,8.03323755918656,537
331,A,0.0122989834426954,1.22989834426954,13839
331,B,0.0673958104689609,6.73958104689609,3253
331,C,0.0803641674818194,8.03641674818194,1625
331,D,0.048767538905593,4.8767538905593,6835
331,E,0.0768913817853155,7.68913817853155,524
332,A,0.0123826178270956,1.23826178270956,15298
332,B,0.0647807376417785,6.47807376417785,3572
332,C,0.0778844112541679,7.78844112541679,1911
332,D,0.0486866953730783,4.86866953730783,7075
332,E,0.0756559337248265,7.56559337248265,457
333,A,0.0129646797501339,1.29646797501339,12952
333,B,0.0652879009095032,6.52879009095032,3139
333,C,0.0821034941874642,8.21034941874642,1690
333,D,0.0511106335724902,5.11106335724902,5542
333,E,0.0799079191866589,7.99079191866589,548
334,A,0.0121963308177469,1.21963308177469,12837
334,B,0.0664426617220232,6.64426617220232,3150
334,C,0.074737023382338,7.4737023382338,1663
334,D,0.0477357706041838,4.77357706041838,6140
334,E,0.0738419634948086,7.38419634948086,510
335,A,0.0123003745577387,1.23003745577387,13671
335,B,0.0645210798093871,6.45210798093871,3202
335,C,0.0766944571126973,7.66944571126973,1723
335,D,0.0484929662117923,4.84929662117923,6229
335,E,0.0763853630898508,7.63853630898508,447
336,A,0.0125217303819961,1.25217303819961,12604
336,B,0.0658951770486304,6.58951770486304,3158
336,C,0.0751243971789368,7.51243971789368,1692
336,D,0.0490932315245616,4.90932315245616,5745
336,E,0.0774474365548899,7.74474365548899,496
337,A,0.0124431348097218,1.24431348097218,14013
337,B,0.0642601530561855,6.42601530561855,3373
337,C,0.0751023761877626,7.51023761877626,1805
337,D,0.0477222101865893,4.77222101865893,6357
337,E,0.0810231749848238,8.10231749848238,585
338,A,0.0119739725640394,1.19739725640394,14997
338,B,0.0592937893671299,5.92937893671299,3524
338,C,0.0735377925292341,7.35377925292341,1857
338,D,0.0446733619815557,4.46733619815557,6690
338,E,0.0681131287318476,6.81131287318476,526
339,A,0.0118465269258204,1.18465269258204,13782
339,B,0.059535973953179,5.9535973953179,3311
339,C,0.074876793782663,7.4876793782663,1723
339,D,0.0484875973914709,4.84875973914709,6576
339,E,0.081075531182432,8.1075531182432,517
340,A,0.0118101390477951,1.18101390477951,13790
340,B,0.0630242436038439,6.30242436038439,3340
340,C,0.0758301642822229,7.58301642822229,1744
340,D,0.0485743286979978,4.85743286979978,6460
340,E,0.0751453352473037,7.51453352473037,567
341,A,0.0121030723407752,1.21030723407752,12744
341,B,0.0596539216865056,5.96539216865056,3117
341,C,0.0720487577964058,7.20487577964058,1648
341,D,0.0462147610363026,4.62147610363026,6040
341,E,0.0828618470288879,8.28618470288879,429
342,A,0.0126418185013629,1.26418185013629,12617
342,B,0.0641138617390217,6.41138617390217,3004
342,C,0.0754739743316103,7.54739743316104,1647
342,D,0.0461385156796338,4.61385156796338,5742
342,E,0.0744293287080573,7.44293287080573,457
343,A,0.0115107321077754,1.15107321077754,14982
343,B,0.0594718536648203,5.94718536648203,3604
343,C,0.0712551874105142,7.12551874105142,1923
343,D,0.0458565525797125,4.58565525797125,7573
343,E,0.0757185058391541,7.57185058391541,611
344,A,0.0125629152294841,1.25629152294841,13317
344,B,0.0638862243705136,6.38862243705136,3156
344,C,0.0713491774786791,7.13491774786791,1708
344,D,0.0487011722654366,4.87011722654366,6015
344,E,0.0763090772693173,7.63090772693173,516
345,A,0.0127526852978623,1.27526852978623,13665
345,B,0.0642927758079695,6.42927758079695,3393
345,C,0.0743483540429496,7.43483540429496,1811
345,D,0.0471205705013715,4.71205705013715,6288
345,E,0.0687633424360932,6.87633424360931,523
346,A,0.0124401858566709,1.24401858566709,14432
346,B,0.0658213395256274,6.58213395256274,3393
346,C,0.077039197538243,7.7039197538243,1798
346,D,0.0473080466862697,4.73080466862697,6022
346,E,0.0709726972829901,7.09726972829901,562
347,A,0.0116086191295837,1.16086191295837,15259
347,B,0.0625125556881699,6.25125556881699,3531
347,C,0.0709148621191083,7.09148621191083,1800
347,D,0.0445054588815001,4.45054588815001,6798
347,E,0.0712934134950883,7.12934134950883,473
348,A,0.0122608645085549,1.22608645085549,14239
348,B,0.0681029732477551,6.81029732477551,3245
348,C,0.0816757352434741,8.16757352434741,1727
348,D,0.0496797872738849,4.96797872738849,6005
348,E,0.077682090775455,7.7682090775455,487
349,A,0.0121420488080652,1.21420488080652,15398
349,B,0.0609071319777358,6.09071319777358,3471
349,C,0.0712690886824232,7.12690886824232,1914
349,D,0.0466800813836109,4.66800813836109,7217
349,E,0.0708593438703679,7.08593438703679,556
350,A,0.0126017920803163,1.26017920803163,14269
350,B,0.0669020371040276,6.69020371040276,3442
350,C,0.075646833819395,7.5646833819395,1834
350,D,0.0493768899824928,4.93768899824928,6393
350,E,0.0859316762203429,8.59316762203429,536
351,A,0.0119522370128413,1.19522370128413,13676
351,B,0.0657242958850927,6.57242958850927,3158
351,C,0.0781452211053991,7.81452211053991,1730
351,D,0.0473306205021188,4.73306205021188,6560
351,E,0.0768431739622885,7.68431739622885,529
352,A,0.012941511515355,1.2941511515355,13261
352,B,0.0699240285268866,6.99240285268866,3063
352,C,0.0785081581731728,7.85081581731728,1657
352,D,0.0488284148029505,4.88284148029505,6038
352,E,0.077310618848521,7.7310618848521,495
353,A,0.0123947272790346,1.23947272790346,13129
353,B,0.0618880147520654,6.18880147520654,3012
353,C,0.0774230484272917,7.74230484272917,1647
353,D,0.0470849699969285,4.70849699969285,6490
353,E,0.0837193266477792,8.37193266477792,418
354,A,0.0127097298207998,1.27097298207998,13414
354,B,0.0622523343202004,6.22523343202004,3229
354,C,0.0752164206104782,7.52164206104782,1748
354,D,0.0485737376935993,4.85737376935993,6319
354,E,0.0661535261077595,6.61535261077595,412
355,A,0.0126185728226545,1.26185728226545,12255
355,B,0.0696302306711487,6.96302306711487,2967
355,C,0.0787498601807656,7.87498601807656,1592
355,D,0.049214023723576,4.9214023723576,5412
355,E,0.0842416352953594,8.42416352953594,487
356,A,0.012490429211367,1.2490429211367,13053
356,B,0.0666417079773124,6.66417079773124,3107
356,C,0.0765326398806661,7.65326398806661,1595
356,D,0.0486168624623829,4.86168624623829,6087
356,E,0.0797625390060126,7.97625390060126,540
357,A,0.0123165558292377,1.23165558292377,13072
357,B,0.0600259478436844,6.00259478436844,3112
357,C,0.0761046504511971,7.61046504511971,1688
357,D,0.0476983021377772,4.76983021377772,6200
357,E,0.0782993259523592,7.82993259523592,554
358,A,0.012804904460622,1.2804904460622,12973
358,B,0.0701484710719279,7.01484710719279,3045
358,C,0.0799958532879688,7.99958532879687,1636
358,D,0.0503482492275213,5.03482492275213,6321
358,E,0.0710028629218608,7.10028629218608,468
359,A,0.0119416748991066,1.19416748991066,13454
359,B,0.0608657794812012,6.08657794812012,3335
359,C,0.0753165935578015,7.53165935578015,1773
359,D,0.0460481993215691,4.60481993215691,6360
359,E,0.0773576119988236,7.73576119988236,546
360,A,0.0137445199480841,1.37445199480841,11690
360,B,0.0775174896909376,7.75174896909376,2866
360,C,0.0947741720176754,9.47741720176754,1459
360,D,0.0538572947801002,5.38572947801002,5685
360,E,0.0848235074974388,8.48235074974388,406
361,A,0.012990318437899,1.2990318437899,12206
361,B,0.0726055574414019,7.26055574414019,2916
361,C,0.0851428108487636,8.51428108487636,1576
361,D,0.0489008756008268,4.89008756008268,5489
361,E,0.080995235574378,8.0995235574378,515
362,A,0.0121718300182037,1.21718300182037,13440
362,B,0.0655278106570045,6.55278106570045,3187
362,C,0.0751486083518482,7.51486083518482,1579
362,D,0.0468082594159247,4.68082594159247,6134
362,E,0.08354960685709,8.354960685709,457
363,A,0.0122730034125567,1.22730034125567,13310
363,B,0.0632134269267203,6.32134269267203,3115
363,C,0.0792583082299287,7.92583082299287,1652
363,D,0.0494136674808545,4.94136674808545,6075
363,E,0.0784957156458267,7.84957156458267,524
364,A,0.0119704132771129,1.19704132771129,12828
364,B,0.065391383740879,6.5391383740879,3120
364,C,0.0757700031111237,7.57700031111237,1608
364,D,0.0452239258912544,4.52239258912544,6145
364,E,0.0787270944875952,7.87270944875952,507
365,A,0.0131549048734181,1.31549048734181,11865
365,B,0.0673003238849256,6.73003238849256,2838
365,C,0.0782311973820379,7.82311973820379,1542
365,D,0.0500656642663966,5.00656642663966,5553
365,E,0.0908418891170431,9.08418891170431,494
366,A,0.0125174731311121,1.25174731311121,13305
366,B,0.0654093817906342,6.54093817906342,3092
366,C,0.0787271250483169,7.87271250483169,1704
366,D,0.048464369472882,4.8464369472882,5916
366,E,0.0697993754025251,6.97993754025251,481
367,A,0.0127881731464037,1.27881731464037,13604
367,B,0.0690023323184306,6.90023323184306,3315
367,C,0.0814156037379428,8.14156037379428,1753
367,D,0.0501149736586536,5.01149736586536,6389
367,E,0.0721360686813009,7.21360686813009,471
368,A,0.0120900543973839,1.20900543973839,13464
368,B,0.0606329768395854,6.06329768395854,3240
368,C,0.0742230925168388,7.42230925168388,1651
368,D,0.0478463094922454,4.78463094922454,5981
368,E,0.0770639502813224,7.70639502813224,452
369,A,0.012705561025185,1.2705561025185,11818
369,B,0.0672167487938801,6.72167487938801,2951
369,C,0.079793666161813,7.9793666161813,1501
369,D,0.0475718963813984,4.75718963813984,5590
369,E,0.070721841574584,7.0721841574584,498
370,A,0.0129273044423804,1.29273044423804,13050
370,B,0.0689880369281919,6.89880369281919,3061
370,C,0.0799447043428331,7.99447043428331,1652
370,D,0.0504994760342628,5.04994760342628,5764
370,E,0.0762663707289027,7.62663707289027,464
371,A,0.0118820298141886,1.18820298141886,13660
371,B,0.0643676999516164,6.43676999516164,3231
371,C,0.0777923514218856,7.77923514218856,1774
371,D,0.0499229886905834,4.99229886905834,6251
371,E,0.072092505580055,7.2092505580055,488
372,A,0.0121963622621229,1.21963622621229,14072
372,B,0.0615933885037489,6.15933885037489,3356
372,C,0.0728287922792272,7.28287922792272,1778
372,D,0.0459937897096497,4.59937897096497,6466
372,E,0.0741357283883706,7.41357283883706,577
373,A,0.0125836390508753,1.25836390508753,13488
373,B,0.0681707397072255,6.81707397072255,3114
373,C,0.079612585843044,7.9612585843044,1672
373,D,0.0495415893298784,4.95415893298784,5919
373,E,0.0696073380746252,6.96073380746252,466
374,A,0.0122848409992008,1.22848409992008,12705
374,B,0.0635267050188612,6.35267050188612,3101
374,C,0.0777036091930105,7.77036091930105,1697
374,D,0.048526889741677,4.8526889741677,5925
374,E,0.086231504136083,8.6231504136083,491
375,A,0.0121036050116656,1.21036050116656,15013
375,B,0.0605661741360813,6.05661741360813,3388
375,C,0.0703135591579029,7.03135591579029,1828
375,D,0.0460079572336511,4.60079572336511,6961
375,E,0.0808014803995322,8.08014803995322,571
376,A,0.0125567228875657,1.25567228875657,13523
376,B,0.0650904329763114,6.50904329763114,3220
376,C,0.0758394566156205,7.58394566156205,1633
376,D,0.0501840085474938,5.01840085474938,6259
376,E,0.0760792456094818,7.60792456094818,556
377,A,0.0129091527608893,1.29091527608893,12693
377,B,0.0667154512211062,6.67154512211062,2968
377,C,0.0753946325609126,7.53946325609126,1566
377,D,0.0477517042111992,4.77517042111992,5747
377,E,0.0772338432719326,7.72338432719326,500
378,A,0.0121181107391105,1.21181107391105,13854
378,B,0.0618478017836303,6.18478017836303,3318
378,C,0.0734123981347781,7.34123981347781,1738
378,D,0.047107779629782,4.7107779629782,6689
378,E,0.0890743332504938,8.90743332504938,529
379,A,0.0129480324434964,1.29480324434964,13672
379,B,0.0689822650673339,6.89822650673339,3190
379,C,0.0793771098160913,7.93771098160913,1667
379,D,0.0501242061940046,5.01242061940046,5957
379,E,0.0777172354459421,7.77172354459421,479
380,A,0.012200703517018,1.2200703517018,13740
380,B,0.0652335812730432,6.52335812730432,3330
380,C,0.0757522129512206,7.57522129512206,1838
380,D,0.0506411990207106,5.06411990207106,6609
380,E,0.0729707737581753,7.29707737581753,482
381,A,0.0127872698157211,1.27872698157211,13738
381,B,0.0678548623552747,6.78548623552747,3146
381,C,0.0765415998449148,7.65415998449148,1686
381,D,0.0503368507496911,5.03368507496911,6631
381,E,0.0735419226770016,7.35419226770016,501
382,A,0.0121156987143805,1.21156987143805,13334
382,B,0.0665027654673231,6.65027654673231,3208
382,C,0.0787751781853875,7.87751781853875,1736
382,D,0.0480380509637243,4.80380509637243,5996
382,E,0.0790609531173745,7.90609531173745,517
383,A,0.012549800432068,1.2549800432068,14145
383,B,0.0636370024859234,6.36370024859234,3431
383,C,0.0775663764729818,7.75663764729818,1815
383,D,0.0508798191931199,5.08798191931199,6592
383,E,0.0795589229976854,7.95589229976854,543
384,A,0.0124441584704477,1.24441584704477,12229
384,B,0.0659092957275462,6.59092957275462,2969
384,C,0.0772061397119338,7.72061397119338,1578
384,D,0.0472687724858389,4.72687724858389,5564
384,E,0.0814620319260033,8.14620319260033,572
385,A,0.0124708509239818,1.24708509239818,14259
385,B,0.0638424197162061,6.38424197162061,3337
385,C,0.0765821879689791,7.65821879689791,1755
385,D,0.047917018657527,4.7917018657527,6525
385,E,0.079541370869863,7.9541370869863,497
386,A,0.0122916376348037,1.22916376348037,14781
386,B,0.0637884675403067,6.37884675403067,3532
386,C,0.0748605231614858,7.48605231614858,1795
386,D,0.0476163734717767,4.76163734717767,6721
386,E,0.0783598541023688,7.83598541023688,479
387,A,0.0125889548309032,1.25889548309032,13497
387,B,0.0655384668594697,6.55384668594697,3132
387,C,0.0763738871653826,7.63738871653826,1692
387,D,0.0468973344406558,4.68973344406558,6310
387,E,0.070175935311072,7.0175935311072,501
388,A,0.0125179263776443,1.25179263776443,12789
388,B,0.0668620059082746,6.68620059082746,3210
388,C,0.0830339335992492,8.30339335992492,1689
388,D,0.0478107752724997,4.78107752724997,5757
388,E,0.0707331961461735,7.07331961461735,482
389,A,0.0124349953904261,1.24349953904261,13669
389,B,0.0632490718799553,6.32490718799553,3233
389,C,0.0824751874643708,8.24751874643708,1718
389,D,0.0484919995995629,4.84919995995629,6133
389,E,0.0899034240561896,8.99034240561896,402
390,A,0.0123417599701588,1.23417599701588,13631
390,B,0.0652174749511335,6.52174749511335,3210
390,C,0.0779551016435385,7.79551016435385,1715
390,D,0.0490072913524468,4.90072913524468,6243
390,E,0.0721990376502246,7.21990376502246,414
391,A,0.0122590869081853,1.22590869081853,12724
391,B,0.0623587224558187,6.23587224558187,3095
391,C,0.0768443118900543,7.68443118900543,1626
391,D,0.0483275575901383,4.83275575901383,5982
391,E,0.0720376863234912,7.20376863234912,503
392,A,0.0128774591935271,1.28774591935271,13582
392,B,0.0690079194014582,6.90079194014582,3242
392,C,0.0804011147732912,8.04011147732913,1787
392,D,0.0531283500344863,5.31283500344863,5954
392,E,0.0754460445628347,7.54460445628347,476
393,A,0.0130899574205913,1.30899574205913,12895
393,B,0.0666900322588226,6.66900322588226,3060
393,C,0.0763741628331297,7.63741628331297,1631
393,D,0.0486988528951262,4.86988528951262,5962
393,E,0.0645557003756804,6.45557003756804,500
394,A,0.0129382825459586,1.29382825459586,14566
394,B,0.0669542412864345,6.69542412864345,3349
394,C,0.0760096457911274,7.60096457911274,1734
394,D,0.0501929884557674,5.01929884557674,6302
394,E,0.0716234045898591,7.16234045898591,441
395,A,0.0130312077409451,1.30312077409451,13173
395,B,0.0681822262245728,6.81822262245728,3244
395,C,0.0775788983289407,7.75788983289407,1739
395,D,0.0514422539551974,5.14422539551974,5845
395,E,0.0755377298218215,7.55377298218215,456
396,A,0.0121348476361802,1.21348476361802,12188
396,B,0.0643941255467307,6.43941255467307,3105
396,C,0.0726520797572228,7.26520797572228,1608
396,D,0.0460928358152592,4.60928358152592,6108
396,E,0.0802662954930459,8.02662954930459,628
397,A,0.0122044307037043,1.22044307037043,13664
397,B,0.0691806316051976,6.91806316051976,3193
397,C,0.0784109992284201,7.84109992284201,1706
397,D,0.0488172869968329,4.88172869968329,5941
397,E,0.0641272870652008,6.41272870652008,475
398,A,0.0125684924174844,1.25684924174844,13144
398,B,0.0633318437907981,6.33318437907981,3161
398,C,0.0771054129412019,7.71054129412019,1660
398,D,0.0490379514678488,4.90379514678488,6442
398,E,0.0729861912277846,7.29861912277846,455
399,A,0.0128875604709222,1.28875604709222,11966
399,B,0.0687219810905963,6.87219810905963,2915
399,C,0.0798829724159349,7.98829724159349,1630
399,D,0.049631342962696,4.9631342962696,6006
399,E,0.0727667514102718,7.27667514102718,550
400,A,0.0126840768587658,1.26840768587658,13166
400,B,0.0638391498452097,6.38391498452097,3102
400,C,0.0743644256242381,7.43644256242381,1689
400,D,0.0446709665099661,4.46709665099661,6254
400,E,0.0710319181902696,7.10319181902696,488
401,A,0.0123062160357521,1.23062160357521,13056
401,B,0.0640265070870975,6.40265070870974,3209
401,C,0.0761255924170616,7.61255924170616,1676
401,D,0.047348472753514,4.7348472753514,6150
401,E,0.0766819064548925,7.66819064548925,479
402,A,0.012311235240678,1.2311235240678,13828
402,B,0.0647114187867684,6.47114187867684,3252
402,C,0.0734109918390844,7.34109918390843,1735
402,D,0.04556626295481,4.556626295481,6559
402,E,0.0758671067582923,7.58671067582923,557
403,A,0.0126614707924994,1.26614707924994,15613
403,B,0.0646907066021683,6.46907066021683,3535
403,C,0.0782068491867761,7.82068491867761,1931
403,D,0.051054917309375,5.1054917309375,6901
403,E,0.0825840002397866,8.25840002397866,443
404,A,0.0123899884483882,1.23899884483882,12617
404,B,0.0678628470811038,6.78628470811037,3049
404,C,0.0780046672360742,7.80046672360742,1645
404,D,0.0475113722617664,4.75113722617664,5852
404,E,0.0786062729313158,7.86062729313158,395
405,A,0.0124685043484319,1.24685043484319,12684
405,B,0.0657715825891061,6.57715825891061,3104
405,C,0.076125167190706,7.6125167190706,1663
405,D,0.0474567320008904,4.74567320008904,6078
405,E,0.0797836375929682,7.97836375929682,489
406,A,0.0122362070020713,1.22362070020713,12796
406,B,0.0631528779367299,6.31528779367299,3218
406,C,0.0754417124633389,7.54417124633389,1713
406,D,0.048139634512833,4.8139634512833,6195
406,E,0.0749176439583608,7.49176439583608,506
407,A,0.0124166657357732,1.24166657357732,13632
407,B,0.0670351875959353,6.70351875959353,3180
407,C,0.0756495603774027,7.56495603774027,1696
407,D,0.0475660950927108,4.75660950927108,6194
407,E,0.0628701786488178,6.28701786488178,451
408,A,0.0119749545979054,1.19749545979054,13803
408,B,0.0668235698160092,6.68235698160092,3281
408,C,0.0727056780839063,7.27056780839063,1705
408,D,0.0468147090454488,4.68147090454488,6375
408,E,0.0702032039852822,7.02032039852822,486
409,A,0.012465860930595,1.2465860930595,13253
409,B,0.066049182941487,6.6049182941487,3168
409,C,0.0805181362329172,8.05181362329172,1735
409,D,0.0477371882700384,4.77371882700384,6089
409,E,0.0813064441291381,8.13064441291381,478
410,A,0.0120828230126733,1.20828230126733,13752
410,B,0.0631148882457916,6.31148882457916,3192
410,C,0.0742877047752723,7.42877047752723,1725
410,D,0.0495033594379734,4.95033594379734,6403
410,E,0.0818554997934996,8.18554997934996,525
411,A,0.0125697790970342,1.25697790970342,13574
411,B,0.0689505498195167,6.89505498195167,3203
411,C,0.0821887925899202,8.21887925899202,1724
411,D,0.0513381196722059,5.13381196722059,6281
411,E,0.0819931728837788,8.19931728837788,495
412,A,0.0117746892320897,1.17746892320897,14512
412,B,0.0604199563487524,6.04199563487524,3494
412,C,0.0751787243363801,7.51787243363801,1846
412,D,0.047792580621686,4.7792580621686,6598
412,E,0.0817469074859167,8.17469074859167,590
413,A,0.0127263169912565,1.27263169912565,12476
413,B,0.0671703306060998,6.71703306060998,3102
413,C,0.0776512107575271,7.76512107575271,1668
413,D,0.0493502046235683,4.93502046235683,6042
413,E,0.0701769155053619,7.01769155053619,457
414,A,0.0117535395845706,1.17535395845706,14513
414,B,0.0597245890476699,5.97245890476699,3381
414,C,0.0686297593705802,6.86297593705802,1835
414,D,0.0469377406348629,4.69377406348629,6317
414,E,0.0739949160901951,7.39949160901951,501
415,A,0.0121192974562346,1.21192974562346,14077
415,B,0.0631147812562733,6.31147812562733,3179
415,C,0.0737987332049166,7.37987332049166,1706
415,D,0.0466472073499279,4.66472073499279,6173
415,E,0.0723107532909123,7.23107532909123,498
416,A,0.0126688644058931,1.26688644058931,12253
416,B,0.0637324764307091,6.37324764307091,2989
416,C,0.08009782880747,8.009782880747,1615
416,D,0.0465731073056316,4.65731073056316,6123
416,E,0.0740876821521983,7.40876821521983,527
417,A,0.0126907621757715,1.26907621757715,14588
417,B,0.0623269731813257,6.23269731813257,3503
417,C,0.0745654845836569,7.45654845836569,1914
417,D,0.0481073852823158,4.81073852823158,6667
417,E,0.0761560719189586,7.61560719189586,522
418,A,0.0126312593333386,1.26312593333386,13361
418,B,0.0634845480914617,6.34845480914617,3169
418,C,0.0763384501494539,7.63384501494539,1703
418,D,0.048777761656806,4.8777761656806,6055
418,E,0.0711047993307784,7.11047993307784,459
419,A,0.0124457501692197,1.24457501692197,12774
419,B,0.0652777874347287,6.52777874347287,3060
419,C,0.079692044603611,7.9692044603611,1656
419,D,0.0513663121840589,5.13663121840589,6222
419,E,0.0765150928578539,7.65150928578539,576
420,A,0.0126852657876853,1.26852657876853,14432
420,B,0.0675186018129618,6.75186018129618,3224
420,C,0.0800143506338196,8.00143506338197,1790
420,D,0.0502453364721911,5.02453364721911,6517
420,E,0.0857433261736729,8.57433261736729,497
421,A,0.0131906851466457,1.31906851466457,12989
421,B,0.0665626749527042,6.65626749527042,2974
421,C,0.0770352249954952,7.70352249954952,1599
421,D,0.0492613817291988,4.92613817291988,5576
421,E,0.0749992217414314,7.49992217414314,505
422,A,0.011509827941877,1.1509827941877,15948
422,B,0.0592718919378476,5.92718919378476,3686
422,C,0.0703936035264163,7.03936035264163,1959
422,D,0.0467438061553855,4.67438061553855,7613
422,E,0.0606926475646215,6.06926475646215,548
423,A,0.012400896770209,1.2400896770209,12213
423,B,0.0693610099723556,6.93610099723556,3029
423,C,0.0778235312725033,7.78235312725033,1552
423,D,0.0484603512975833,4.84603512975833,5957
423,E,0.070715592915413,7.0715592915413,489
424,A,0.0119562873504243,1.19562873504243,15415
424,B,0.0623634185974841,6.23634185974841,3547
424,C,0.0729593258684853,7.29593258684853,1844
424,D,0.0478778912808195,4.78778912808195,6713
424,E,0.0709038250980115,7.09038250980115,460
425,A,0.012161651359419,1.2161651359419,14184
425,B,0.0613497582621366,6.13497582621366,3426
425,C,0.0731707317073171,7.31707317073171,1798
425,D,0.0470952535911405,4.70952535911405,6663
425,E,0.0705595372511608,7.05595372511608,509
426,A,0.0125370745555817,1.25370745555817,13745
426,B,0.0706440281149432,7.06440281149432,3152
426,C,0.078781694485584,7.8781694485584,1773
426,D,0.0494449762886609,4.94449762886609,6152
426,E,0.0735131572624107,7.35131572624107,434
427,A,0.0124822426916953,1.24822426916953,13108
427,B,0.0664634647332424,6.64634647332424,3166
427,C,0.0758412481621106,7.58412481621106,1687
427,D,0.0466926671001848,4.66926671001848,6176
427,E,0.075324264473268,7.5324264473268,503
428,A,0.0132199514952962,1.32199514952962,12356
428,B,0.0693516482066574,6.93516482066574,3059
428,C,0.0802644133887697,8.02644133887697,1659
428,D,0.0486659673093519,4.86659673093519,5872
428,E,0.0748619970105519,7.48619970105519,427
429,A,0.0127215644264132,1.27215644264132,12309
429,B,0.0731690712415819,7.31690712415819,2931
429,C,0.0856591057687472,8.56591057687472,1505
429,D,0.0487973437982333,4.87973437982333,5632
429,E,0.0788515053911745,7.88515053911745,429
430,A,0.0122527961170902,1.22527961170902,14060
430,B,0.0623501854649023,6.23501854649023,3258
430,C,0.0726688793575344,7.26688793575344,1772
430,D,0.0461560594469594,4.61560594469594,6658
430,E,0.0768121688353819,7.68121688353819,555
431,A,0.0126404510243932,1.26404510243932,13155
431,B,0.0656999300387967,6.56999300387967,2956
431,C,0.0809101063920269,8.09101063920269,1626
431,D,0.0460148231348797,4.60148231348797,6295
431,E,0.0792153459977068,7.92153459977068,511
432,A,0.0124432270581243,1.24432270581243,13400
432,B,0.0641192903838791,6.41192903838791,3070
432,C,0.0742966437451614,7.42966437451614,1625
432,D,0.0476820812467928,4.76820812467928,6116
432,E,0.0808793031936955,8.08793031936955,497
433,A,0.0123504056564359,1.23504056564359,12484
433,B,0.0657657520843322,6.57657520843322,2972
433,C,0.0811983633407672,8.11983633407672,1530
433,D,0.0480710216961526,4.80710216961526,5478
433,E,0.0734561242115992,7.34561242115992,461
434,A,0.0126609804725679,1.26609804725679,12744
434,B,0.063967997614729,6.3967997614729,3131
434,C,0.0737718136981252,7.37718136981252,1670
434,D,0.0467370718537974,4.67370718537974,5954
434,E,0.0753265291556634,7.53265291556634,485
435,A,0.0123554658396091,1.23554658396091,13686
435,B,0.0673620016643015,6.73620016643015,3183
435,C,0.0798158374462589,7.98158374462589,1619
435,D,0.0505285119353235,5.05285119353235,6133
435,E,0.0774695160183826,7.74695160183826,441
436,A,0.0120681949654226,1.20681949654226,13682
436,B,0.0598585712455827,5.98585712455827,3330
436,C,0.07332263195635,7.332263195635,1754
436,D,0.0454407724034055,4.54407724034055,6492
436,E,0.0872716654229259,8.72716654229259,504
437,A,0.0126311864459446,1.26311864459446,13630
437,B,0.0661687584162187,6.61687584162187,3314
437,C,0.0747215552455482,7.47215552455482,1722
437,D,0.0492721899848393,4.92721899848393,5851
437,E,0.0710745208160487,7.10745208160487,572
438,A,0.0123525860400465,1.23525860400465,13937
438,B,0.0621814641957113,6.21814641957113,3378
438,C,0.0787642177724742,7.87642177724743,1768
438,D,0.0484871031746032,4.84871031746032,6642
438,E,0.0819506932465516,8.19506932465516,542
439,A,0.0125154453563521,1.25154453563521,13795
439,B,0.0675994266238178,6.75994266238178,3291
439,C,0.0809357490105118,8.09357490105118,1781
439,D,0.0499535581575748,4.99535581575748,6123
439,E,0.0738774687045334,7.38774687045334,445
440,A,0.012250052852577,1.2250052852577,15488
440,B,0.0657536220712584,6.57536220712584,3694
440,C,0.0779331165329465,7.79331165329465,1983
440,D,0.0480534759019143,4.80534759019143,6954
440,E,0.0733476773695244,7.33476773695244,550
441,A,0.0123444188516611,1.23444188516611,12573
441,B,0.0691839008929476,6.91839008929476,3180
441,C,0.0780999194881139,7.80999194881139,1653
441,D,0.0508043355287839,5.08043355287839,6108
441,E,0.0762494364096695,7.62494364096695,553
442,A,0.0120369862586522,1.20369862586522,13880
442,B,0.0638910409741544,6.38910409741544,3235
442,C,0.0737838818973863,7.37838818973863,1704
442,D,0.0480225054476181,4.80225054476181,6221
442,E,0.0725997575786814,7.25997575786814,533
443,A,0.0116805027189059,1.16805027189059,14867
443,B,0.0661642733570173,6.61642733570173,3551
443,C,0.0782495187581068,7.82495187581068,1876
443,D,0.0467418917126621,4.67418917126621,7197
443,E,0.0874592505837331,8.74592505837331,522
444,A,0.0123757561380619,1.23757561380619,12728
444,B,0.0616266711295325,6.16266711295325,2906
444,C,0.0732083833516962,7.32083833516962,1501
444,D,0.0460771336937221,4.60771336937221,5627
444,E,0.0731055544951327,7.31055544951327,528
445,A,0.0122160950449905,1.22160950449905,13925
445,B,0.0597679767584543,5.97679767584543,3261
445,C,0.0705726183017712,7.05726183017712,1728
445,D,0.0481055976285192,4.81055976285192,6516
445,E,0.0698938321536906,6.98938321536906,484
446,A,0.0128853600069905,1.28853600069905,13557
446,B,0.0688812701413491,6.88812701413491,3266
446,C,0.0813396186186347,8.13396186186347,1681
446,D,0.0488167989338584,4.88167989338584,6264
446,E,0.0795289917264582,7.95289917264582,461
447,A,0.0118430882069255,1.18430882069255,14403
447,B,0.0635177214200946,6.35177214200946,3378
447,C,0.0717426250449743,7.17426250449743,1765
447,D,0.0471287625912031,4.71287625912032,6490
447,E,0.0777204007383145,7.77204007383145,575
448,A,0.0127473386413751,1.27473386413751,13962
448,B,0.0668719962478614,6.68719962478614,3248
448,C,0.079259167316831,7.9259167316831,1685
448,D,0.0510042813137629,5.10042813137629,6512
448,E,0.0882976324689966,8.82976324689966,588
449,A,0.0124804742945425,1.24804742945425,12997
449,B,0.0650719754469602,6.50719754469602,3036
449,C,0.073813089710948,7.3813089710948,1614
449,D,0.0467948049293991,4.67948049293991,5924
449,E,0.0804205453358372,8.04205453358372,528
450,A,0.0125860958611682,1.25860958611682,12958
450,B,0.065121779241712,6.5121779241712,3026
450,C,0.0771294445334106,7.71294445334106,1654
450,D,0.0486889201070058,4.86889201070058,6042
450,E,0.0722123024433632,7.22123024433632,466
451,A,0.012560118423411,1.2560118423411,13013
451,B,0.0655420554158539,6.55420554158539,3203
451,C,0.0775110424258878,7.75110424258878,1666
451,D,0.0492958463994204,4.92958463994204,5563
451,E,0.072355937281534,7.2355937281534,430
452,A,0.0125314970935188,1.25314970935188,13198
452,B,0.0672797667433757,6.72797667433757,3230
452,C,0.0776725200246457,7.76725200246457,1659
452,D,0.0472436501444443,4.72436501444443,6073
452,E,0.0772026722439946,7.72026722439946,484
453,A,0.012076192338932,1.2076192338932,13761
453,B,0.0683488201819424,6.83488201819424,3322
453,C,0.0729182109353183,7.29182109353183,1751
453,D,0.0477530877230022,4.77530877230022,6137
453,E,0.0737087100528153,7.37087100528153,547
454,A,0.0122912412009925,1.22912412009925,12761
454,B,0.0623605776005783,6.23605776005783,3148
454,C,0.0769318254515471,7.69318254515471,1684
454,D,0.0478771723662927,4.78771723662927,6065
454,E,0.0716474933654131,7.16474933654131,473
455,A,0.0122735539093016,1.22735539093016,13398
455,B,0.0660972993660082,6.60972993660082,3201
455,C,0.077876581643824,7.7876581643824,1701
455,D,0.0489944811141559,4.89944811141559,6063
455,E,0.0842095699576015,8.42095699576014,569
456,A,0.0123313584497303,1.23313584497303,14270
456,B,0.063620184409549,6.3620184409549,3345
456,C,0.0762878913234512,7.62878913234512,1866
456,D,0.0483476144531183,4.83476144531183,6343
456,E,0.0839838474420615,8.39838474420615,493
457,A,0.0122267126178573,1.22267126178573,13725
457,B,0.0665803042097736,6.65803042097736,3210
457,C,0.0752609838941421,7.52609838941421,1637
457,D,0.0476298977034317,4.76298977034317,6457
457,E,0.0831793107877629,8.31793107877629,457
458,A,0.0126147399097674,1.26147399097674,14138
458,B,0.070648394046257,7.0648394046257,3348
458,C,0.0829352822726215,8.29352822726215,1835
458,D,0.0497248707762481,4.97248707762481,6663
458,E,0.0711563324893606,7.11563324893606,450
459,A,0.01279839369828,1.279839369828,12316
459,B,0.0682629818778374,6.82629818778374,2924
459,C,0.0800046473800395,8.00046473800395,1541
459,D,0.0503873664205506,5.03873664205506,5671
459,E,0.0818230888604008,8.18230888604008,520
460,A,0.0122553118645767,1.22553118645767,13025
460,B,0.0649393941543197,6.49393941543197,3121
460,C,0.0753323085759907,7.53323085759907,1646
460,D,0.0481183625490746,4.81183625490746,5727
460,E,0.0769351032228766,7.69351032228766,450
461,A,0.0122488904071932,1.22488904071932,13896
461,B,0.0620463907180335,6.20463907180335,3250
461,C,0.0715679364203774,7.15679364203774,1763
461,D,0.046837253591445,4.6837253591445,6290
461,E,0.0699304614626608,6.99304614626608,522
462,A,0.0125332393457867,1.25332393457867,12313
462,B,0.0667632302148163,6.67632302148163,2969
462,C,0.0814361686235846,8.14361686235846,1554
462,D,0.0500083814406877,5.00083814406877,5758
462,E,0.0870431044342333,8.70431044342333,480
463,A,0.0126714545223352,1.26714545223352,12659
463,B,0.0664739426358569,6.64739426358569,3124
463,C,0.0813384291083009,8.13384291083009,1741
463,D,0.049163252331727,4.9163252331727,5896
463,E,0.0866395376183927,8.66395376183927,467
464,A,0.012066005939031,1.2066005939031,13589
464,B,0.0654290825998947,6.54290825998947,3215
464,C,0.0776415279838407,7.76415279838407,1692
464,D,0.0478352808077669,4.78352808077669,6668
464,E,0.0833200361682889,8.33200361682889,507
465,A,0.012486713595251,1.2486713595251,13357
465,B,0.0668805839315922,6.68805839315922,3079
465,C,0.0825529725080102,8.25529725080102,1621
465,D,0.0486420834022925,4.86420834022925,6043
465,E,0.0696871598006073,6.96871598006073,407
466,A,0.0120417010065275,1.20417010065275,12753
466,B,0.0688410200532238,6.88410200532238,3003
466,C,0.0781168547687422,7.81168547687422,1610
466,D,0.0464321738512246,4.64321738512246,6101
466,E,0.0722751628324831,7.22751628324831,514
467,A,0.0138308021164194,1.38308021164194,13176
467,B,0.0711153399416408,7.11153399416408,3143
467,C,0.0819522091896303,8.19522091896303,1663
467,D,0.0531649499271912,5.31649499271912,5779
467,E,0.0749157255472921,7.49157255472921,423
468,A,0.0124488094570247,1.24488094570247,14080
468,B,0.0715648722314024,7.15648722314024,3403
468,C,0.0834467934427538,8.34467934427538,1801
468,D,0.0494912265820321,4.94912265820321,6413
468,E,0.0709953557229671,7.09953557229671,481
469,A,0.0124628035414702,1.24628035414702,12013
469,B,0.0674879211246714,6.74879211246714,2917
469,C,0.084054788898579,8.4054788898579,1538
469,D,0.049114503884103,4.9114503884103,5844
469,E,0.0741211956599431,7.41211956599431,449
470,A,0.012638456492243,1.2638456492243,14545
470,B,0.0669320176712852,6.69320176712852,3550
470,C,0.075086090848113,7.5086090848113,1901
470,D,0.0488079404919543,4.88079404919543,6528
470,E,0.0834177819710895,8.34177819710895,569
471,A,0.0123422019059767,1.23422019059767,13587
471,B,0.0633856623959786,6.33856623959786,3308
471,C,0.0756569379610248,7.56569379610248,1830
471,D,0.0479576304209094,4.79576304209094,6128
471,E,0.071853834389338,7.1853834389338,570
472,A,0.0119733908287162,1.19733908287162,13189
472,B,0.0626214404535746,6.26214404535746,3201
472,C,0.0736043160646069,7.36043160646069,1676
472,D,0.0476222762034813,4.76222762034813,6268
472,E,0.0845254704988683,8.45254704988683,552
473,A,0.0127434531441011,1.27434531441011,12806
473,B,0.0660131376434729,6.60131376434729,2974
473,C,0.0752287609672587,7.52287609672587,1636
473,D,0.0519945027645216,5.19945027645216,6055
473,E,0.0666502896926921,6.66502896926921,506
474,A,0.0123708203389981,1.23708203389981,13543
474,B,0.0665696921310507,6.65696921310507,3163
474,C,0.0786663615906949,7.86663615906949,1674
474,D,0.0508657343359357,5.08657343359357,5853
474,E,0.083484896409932,8.3484896409932,541
475,A,0.0124472373365101,1.24472373365101,14806
475,B,0.0687030417614448,6.87030417614448,3482
475,C,0.0818515240072637,8.18515240072637,1826
475,D,0.0485638869879754,4.85638869879754,6740
475,E,0.0795107576510687,7.95107576510687,544
476,A,0.012086587983846,1.2086587983846,13685
476,B,0.0628262522341253,6.28262522341253,3178
476,C,0.0770778505974208,7.70778505974208,1649
476,D,0.0476416963515219,4.76416963515219,6161
476,E,0.0752875777007379,7.52875777007379,403
477,A,0.0120464695232348,1.20464695232348,12249
477,B,0.0680183771339318,6.80183771339318,3029
477,C,0.0777951798779775,7.77951798779775,1675
477,D,0.0489704992750446,4.89704992750446,6054
477,E,0.0707043427719296,7.07043427719296,508
478,A,0.0124386886237956,1.24386886237956,14121
478,B,0.0636144009814562,6.36144009814562,3253
478,C,0.0754388853790007,7.54388853790007,1742
478,D,0.048014022989714,4.8014022989714,6155
478,E,0.0792992023832404,7.92992023832404,546
479,A,0.0120942645487301,1.20942645487301,14741
479,B,0.0608337826866018,6.08337826866018,3487
479,C,0.0763433898744011,7.63433898744012,1821
479,D,0.0491426554823717,4.91426554823717,6580
479,E,0.0719790002943433,7.19790002943433,581
480,A,0.0124591809995285,1.24591809995285,13280
480,B,0.0683396236998574,6.83396236998574,3087
480,C,0.0790440000284376,7.90440000284376,1632
480,D,0.0486610640451092,4.86610640451092,6078
480,E,0.0760810969178484,7.60810969178484,555
481,A,0.0128920016934754,1.28920016934754,13323
481,B,0.0631694135553979,6.31694135553979,3241
481,C,0.0812713279068737,8.12713279068737,1644
481,D,0.0499335716860164,4.99335716860164,6208
481,E,0.0831511992018777,8.31511992018777,571
482,A,0.0118508202428984,1.18508202428984,13597
482,B,0.0620293138035956,6.20293138035956,3312
482,C,0.072466604345585,7.2466604345585,1737
482,D,0.0459835140793109,4.59835140793109,6133
482,E,0.0749650279776179,7.49650279776179,544
483,A,0.0123564995526299,1.23564995526299,13975
483,B,0.0642458100558659,6.42458100558659,3420
483,C,0.0723822018672316,7.23822018672316,1754
483,D,0.0494629546337928,4.94629546337928,6748
483,E,0.0760841289248459,7.60841289248459,498
484,A,0.0125482704795895,1.25482704795895,13061
484,B,0.0658971201324041,6.58971201324041,3146
484,C,0.0727754887273249,7.27754887273248,1638
484,D,0.0462533471247148,4.62533471247148,5970
484,E,0.0808775911635648,8.08775911635648,528
485,A,0.0121531745928028,1.21531745928028,13933
485,B,0.0662160672337322,6.62160672337322,3324
485,C,0.0803446299991025,8.03446299991025,1743
485,D,0.0487545113665835,4.87545113665835,6662
485,E,0.0721343085106383,7.21343085106383,461
486,A,0.012273577414699,1.2273577414699,12591
486,B,0.0672753145672564,6.72753145672564,2991
486,C,0.0819118885176688,8.19118885176688,1624
486,D,0.050018150121673,5.0018150121673,5766
486,E,0.0802307223748493,8.02307223748493,506
487,A,0.0125573182028717,1.25573182028717,13122
487,B,0.0647685481291973,6.47685481291973,3006
487,C,0.0778418630546929,7.78418630546929,1641
487,D,0.0513840766312591,5.13840766312591,5913
487,E,0.0724823244310091,7.24823244310091,475
488,A,0.0119657737001253,1.19657737001253,14658
488,B,0.0637772284273439,6.37772284273439,3499
488,C,0.0756319201692971,7.56319201692971,1830
488,D,0.0472522136559403,4.72522136559403,6864
488,E,0.0706532914663629,7.06532914663629,567
489,A,0.012562170401316,1.2562170401316,12674
489,B,0.0676034332639432,6.76034332639432,2943
489,C,0.0849153068969721,8.49153068969721,1610
489,D,0.0471318410297099,4.71318410297099,5775
489,E,0.0866362961327741,8.66362961327741,525
490,A,0.0119769741240801,1.19769741240801,12372
490,B,0.064346185869333,6.4346185869333,2999
490,C,0.0786550913243299,7.86550913243299,1675
490,D,0.0498517973303627,4.98517973303627,5945
490,E,0.0756887747301471,7.56887747301471,441
491,A,0.0119940658353016,1.19940658353016,15088
491,B,0.0614710984227229,6.14710984227229,3522
491,C,0.0750352622512919,7.50352622512919,1916
491,D,0.0486772593867017,4.86772593867017,6574
491,E,0.0738104279434386,7.38104279434386,513
492,A,0.0129035350425232,1.29035350425232,13140
492,B,0.0643573401757822,6.43573401757822,3187
492,C,0.075946067795655,7.5946067795655,1739
492,D,0.0473263662672764,4.73263662672764,6107
492,E,0.0693215539084836,6.93215539084836,479
493,A,0.0133626435130975,1.33626435130975,13291
493,B,0.0691851965263632,6.91851965263632,3147
493,C,0.082024301168543,8.2024301168543,1758
493,D,0.0518494746830937,5.18494746830937,6048
493,E,0.0743074110532977,7.43074110532977,555
494,A,0.0124144646537972,1.24144646537972,13540
494,B,0.0649308792365627,6.49308792365627,3356
494,C,0.0787768114567205,7.87768114567205,1771
494,D,0.0493194189425684,4.93194189425683,6407
494,E,0.0747582549076679,7.47582549076679,492
495,A,0.0121738453064496,1.21738453064496,13849
495,B,0.0601291690163353,6.01291690163353,3345
495,C,0.0714173535416634,7.14173535416634,1718
495,D,0.0461629008871718,4.61629008871718,7041
495,E,0.0769502552419011,7.69502552419011,527
496,A,0.0124890252799842,1.24890252799842,14686
496,B,0.0649021071165177,6.49021071165177,3577
496,C,0.0778086074537748,7.78086074537748,1862
496,D,0.0499838941066589,4.99838941066589,6599
496,E,0.0780268131707851,7.80268131707851,541
497,A,0.0124810197333958,1.24810197333958,13444
497,B,0.0645200679138208,6.45200679138208,3179
497,C,0.0757462752514095,7.57462752514095,1654
497,D,0.0497797543748162,4.97797543748162,6355
497,E,0.0766287575911767,7.66287575911767,455
498,A,0.0133809672178185,1.33809672178185,12889
498,B,0.069226166951546,6.9226166951546,2948
498,C,0.0818603637325196,8.18603637325196,1572
498,D,0.0486119064295042,4.86119064295042,5310
498,E,0.0748735599887609,7.48735599887609,432
499,A,0.0125364399804853,1.25364399804853,13059
499,B,0.0647009640434332,6.47009640434332,3309
499,C,0.0759070620376067,7.59070620376067,1742
499,D,0.0486477751041171,4.86477751041171,6502
499,E,0.0751023097731844,7.51023097731844,513
500,A,0.0124838064184978,1.24838064184978,12405
500,B,0.0662780289037944,6.62780289037944,3067
500,C,0.0775734351794456,7.75734351794456,1599
500,D,0.0496120106499228,4.96120106499228,5961
500,E,0.0765291402192729,7.65291402192729,580
501,A,0.0121915453443869,1.21915453443869,14336
501,B,0.0613908221400091,6.13908221400091,3493
501,C,0.0733031748914461,7.33031748914461,1806
501,D,0.0480933751559649,4.80933751559649,6548
501,E,0.0782293143348721,7.82293143348721,532
502,A,0.0122419352405761,1.22419352405761,14575
502,B,0.0607458417033507,6.07458417033507,3399
502,C,0.0693170234454638,6.93170234454638,1898
502,D,0.0487412028936439,4.87412028936439,6447
502,E,0.0729046492463914,7.29046492463914,594
503,A,0.0132415084825127,1.32415084825127,13255
503,B,0.0648859219861364,6.48859219861364,3072
503,C,0.0744788792566353,7.44788792566353,1646
503,D,0.0479814511868377,4.79814511868377,6272
503,E,0.0716357146840667,7.16357146840667,559
504,A,0.0124329958968248,1.24329958968248,12538
504,B,0.0706431152776927,7.06431152776927,3064
504,C,0.0812625026936213,8.12625026936213,1610
504,D,0.0502686265100461,5.02686265100461,6230
504,E,0.0768659423419066,7.68659423419066,554
505,A,0.0125796398351504,1.25796398351504,12802
505,B,0.0732129292334201,7.32129292334201,3039
505,C,0.083152015353737,8.3152015353737,1634
505,D,0.0521518990120505,5.21518990120506,5738
505,E,0.071197722553051,7.1197722553051,430
506,A,0.0122875297502753,1.22875297502753,13337
506,B,0.0640080487085639,6.40080487085639,3333
506,C,0.0743834560065052,7.43834560065052,1728
506,D,0.0503798311007891,5.03798311007891,6481
506,E,0.0648159207375683,6.48159207375683,487
507,A,0.0125082390424729,1.25082390424729,12841
507,B,0.0671936516565183,6.71936516565183,3081
507,C,0.0802160762121024,8.02160762121024,1684
507,D,0.049365182181918,4.9365182181918,6010
507,E,0.0862392418528189,8.62392418528189,541
508,A,0.0128120171077685,1.28120171077685,12996
508,B,0.0658192577130789,6.58192577130789,3106
508,C,0.0778888044077532,7.78888044077532,1634
508,D,0.0498445475340993,4.98445475340993,6076
508,E,0.0746668161497821,7.46668161497821,471
509,A,0.0129529984679985,1.29529984679985,13132
509,B,0.0754127284183995,7.54127284183995,3190
509,C,0.0843207069623783,8.43207069623783,1691
509,D,0.0504194972074874,5.04194972074874,5882
509,E,0.0821379490499392,8.21379490499393,556
510,A,0.0123559215988223,1.23559215988223,13413
510,B,0.0612972855202359,6.12972855202359,3202
510,C,0.0760105870173853,7.60105870173853,1720
510,D,0.0440431398154554,4.40431398154554,6455
510,E,0.0816628801666897,8.16628801666897,539
511,A,0.0125333174977674,1.25333174977674,13148
511,B,0.0680694061973638,6.80694061973638,3131
511,C,0.0777617991959092,7.77617991959092,1718
511,D,0.0480490731832006,4.80490731832006,5822
511,E,0.0774557731979278,7.74557731979278,492
512,A,0.0129800190100805,1.29800190100805,13743
512,B,0.062746333297067,6.2746333297067,3403
512,C,0.0733875323164632,7.33875323164632,1833
512,D,0.0499442163101643,4.99442163101643,6462
512,E,0.0703582669457705,7.03582669457705,576
513,A,0.0126053801893135,1.26053801893135,14607
513,B,0.0622574424117774,6.22574424117774,3475
513,C,0.0751522073024706,7.51522073024706,1909
513,D,0.0446392162724441,4.46392162724441,6810
513,E,0.0790959080370474,7.90959080370474,501
514,A,0.0118704981910615,1.18704981910615,14823
514,B,0.0631872322894238,6.31872322894238,3431
514,C,0.0759841323185821,7.59841323185821,1863
514,D,0.0466070801455063,4.66070801455063,6941
514,E,0.0717363304107905,7.17363304107905,482
515,A,0.0123087379166031,1.23087379166031,15702
515,B,0.0642141143619151,6.42141143619151,3622
515,C,0.0696655048182537,6.96655048182537,1947
515,D,0.0479204198034503,4.79204198034503,6932
515,E,0.0662333967265158,6.62333967265158,565
516,A,0.0123957265155372,1.23957265155372,14218
516,B,0.0633332938290333,6.33332938290333,3406
516,C,0.0772643934680926,7.72643934680926,1843
516,D,0.0475749285594874,4.75749285594874,6304
516,E,0.0772042596311055,7.72042596311055,518
517,A,0.0119615770779987,1.19615770779987,15023
517,B,0.0625078276325293,6.25078276325293,3532
517,C,0.0732364618619503,7.32364618619503,1886
517,D,0.047490342412675,4.7490342412675,6674
517,E,0.0696387289506467,6.96387289506467,469
518,A,0.0124821063527188,1.24821063527188,13745
518,B,0.06252651115923,6.252651115923,3227
518,C,0.0785247595637974,7.85247595637974,1660
518,D,0.0511842465640251,5.11842465640251,6520
518,E,0.0896180734729654,8.96180734729654,455
519,A,0.0120970811786189,1.20970811786189,13058
519,B,0.0654811577262216,6.54811577262216,3093
519,C,0.0798051310808916,7.98051310808916,1588
519,D,0.047057858441831,4.7057858441831,6164
519,E,0.0830347303334455,8.30347303334455,484
520,A,0.012631275519182,1.2631275519182,13388
520,B,0.0637141097987381,6.37141097987381,3165
520,C,0.07721429994059,7.721429994059,1734
520,D,0.0494165369537489,4.94165369537489,5959
520,E,0.07298635962865,7.298635962865,464
521,A,0.0129582643099266,1.29582643099266,13039
521,B,0.0671664077767199,6.716640777672,3058
521,C,0.0803565883595016,8.03565883595016,1584
521,D,0.052396650518781,5.2396650518781,5689
521,E,0.0867145620808086,8.67145620808086,403
522,A,0.0124901642233232,1.24901642233232,13613
522,B,0.0671002264069642,6.71002264069642,3334
522,C,0.0789810400939893,7.89810400939893,1744
522,D,0.0490353749765433,4.90353749765433,6383
522,E,0.0844507104960487,8.44507104960487,474
523,A,0.0121516589583303,1.21516589583303,13188
523,B,0.0656679004920501,6.56679004920501,3124
523,C,0.076859610628085,7.6859610628085,1657
523,D,0.0479388787208432,4.79388787208432,5853
523,E,0.0692728174167352,6.92728174167352,483
524,A,0.0127511810802854,1.27511810802854,13760
524,B,0.0685662353813407,6.85662353813407,3253
524,C,0.0774168640870405,7.74168640870405,1707
524,D,0.0495372960697214,4.95372960697214,6318
524,E,0.070759449299537,7.0759449299537,496
525,A,0.0122308796804337,1.22308796804337,14182
525,B,0.061918841563311,6.1918841563311,3305
525,C,0.0702747300919316,7.02747300919316,1827
525,D,0.0462927302851962,4.62927302851962,6348
525,E,0.0718755646075259,7.18755646075259,574
526,A,0.0126559978694386,1.26559978694386,13948
526,B,0.0636533798520399,6.365337985204,3351
526,C,0.0747323447266924,7.47323447266924,1768
526,D,0.0501293073822667,5.01293073822667,6348
526,E,0.0728953626634958,7.28953626634959,521
527,A,0.0121268185929763,1.21268185929763,13406
527,B,0.062682155663238,6.2682155663238,3110
527,C,0.0736477447257498,7.36477447257498,1643
527,D,0.0466171687584788,4.66171687584788,6335
527,E,0.074999272811891,7.4999272811891,560
528,A,0.0124894487937812,1.24894487937812,14266
528,B,0.0669131899358287,6.69131899358287,3245
528,C,0.078603577972724,7.8603577972724,1774
528,D,0.0482929864269426,4.82929864269426,6744
528,E,0.0739222508971312,7.39222508971312,445
529,A,0.0122227196138855,1.22227196138855,15152
529,B,0.0609478429880974,6.09478429880974,3490
529,C,0.0716080914444929,7.16080914444929,1859
529,D,0.0494901233324892,4.94901233324892,6700
529,E,0.0696287373963049,6.96287373963049,497
530,A,0.0120087881853628,1.20087881853628,12913
530,B,0.0650419753705491,6.50419753705491,2960
530,C,0.0765323886527802,7.65323886527802,1585
530,D,0.0464009814906993,4.64009814906993,5806
530,E,0.0660002040191778,6.60002040191778,444
531,A,0.0129571542571303,1.29571542571303,12865
531,B,0.065599530338596,6.5599530338596,3043
531,C,0.0773770108339511,7.73770108339511,1632
531,D,0.0499935885512305,4.99935885512305,6209
531,E,0.076131640380345,7.6131640380345,537
532,A,0.0125228212501242,1.25228212501242,13491
532,B,0.0661372797378687,6.61372797378687,3431
532,C,0.0758290645513947,7.58290645513947,1731
532,D,0.050442369979273,5.0442369979273,6083
532,E,0.084574811991697,8.4574811991697,504
533,A,0.0122035122234131,1.22035122234131,13036
533,B,0.0673357383129769,6.73357383129769,3173
533,C,0.0781777468206054,7.81777468206054,1692
533,D,0.0478032904671116,4.78032904671116,6113
533,E,0.0675668607040643,6.75668607040643,473
534,A,0.0124692493517431,1.24692493517431,13382
534,B,0.0684874483119452,6.84874483119452,3249
534,C,0.0784244372990354,7.84244372990354,1686
534,D,0.0499996773138746,4.99996773138746,5925
534,E,0.0878385066817507,8.78385066817507,495
535,A,0.0124522904741807,1.24522904741807,13800
535,B,0.0660437231436878,6.60437231436878,3201
535,C,0.0786220798387387,7.86220798387387,1641
535,D,0.0468162575522766,4.68162575522766,6393
535,E,0.0846756940010138,8.46756940010138,506
536,A,0.0120135694184426,1.20135694184426,13550
536,B,0.0663948560935873,6.63948560935873,3133
536,C,0.0747422899007496,7.47422899007496,1722
536,D,0.0465260907895657,4.65260907895657,6027
536,E,0.066053598369246,6.6053598369246,536
537,A,0.0125532303167817,1.25532303167817,14183
537,B,0.0622882947314701,6.22882947314701,3385
537,C,0.0751970014064319,7.51970014064319,1780
537,D,0.0487664672100434,4.87664672100434,6466
537,E,0.0689751932893519,6.89751932893519,508
538,A,0.0124016317952074,1.24016317952074,12257
538,B,0.0698775486764777,6.98775486764777,3043
538,C,0.0785175678414113,7.85175678414113,1585
538,D,0.0499042741600532,4.99042741600532,6029
538,E,0.0757874922665824,7.57874922665824,490
539,A,0.0124133924853899,1.24133924853899,13606
539,B,0.0664344794918198,6.64344794918198,3153
539,C,0.0793886006494718,7.93886006494718,1631
539,D,0.0477875720224864,4.77875720224864,6177
539,E,0.075508938941578,7.5508938941578,476
540,A,0.0127940378168829,1.27940378168829,14247
540,B,0.0611162541840456,6.11162541840456,3243
540,C,0.072787495684217,7.2787495684217,1788
540,D,0.0470994186583744,4.70994186583744,6244
540,E,0.0721561647985459,7.21561647985459,501
541,A,0.0116175971470853,1.16175971470853,15424
541,B,0.0579391988966151,5.79391988966151,3465
541,C,0.0719116272350967,7.19116272350967,1825
541,D,0.0453876189545602,4.53876189545602,6692
541,E,0.066424372250871,6.6424372250871,494
542,A,0.0127565902225671,1.27565902225671,13582
542,B,0.0698341806701716,6.98341806701715,3281
542,C,0.0815967859268567,8.15967859268567,1760
542,D,0.0511295497674743,5.11295497674743,6153
542,E,0.0734304749848284,7.34304749848284,471
543,A,0.012121031294638,1.2121031294638,12785
543,B,0.0675366586959243,6.75366586959243,2970
543,C,0.0782218034914327,7.82218034914327,1616
543,D,0.0469827928642188,4.69827928642188,5726
543,E,0.069463179313656,6.9463179313656,521
544,A,0.0117788852725793,1.17788852725793,14633
544,B,0.0592485893088076,5.92485893088076,3490
544,C,0.0734269400516648,7.34269400516648,1873
544,D,0.0469940087931856,4.69940087931856,6698
544,E,0.0710715008617887,7.10715008617887,513
545,A,0.0121823785755351,1.21823785755351,13814
545,B,0.0694594371032115,6.94594371032115,3163
545,C,0.0800453127003804,8.00453127003804,1690
545,D,0.0485148484372739,4.85148484372739,6158
545,E,0.0665616406642612,6.65616406642612,510
546,A,0.0122833326043114,1.22833326043114,13678
546,B,0.069885252395217,6.9885252395217,3192
546,C,0.0771528910632051,7.71528910632051,1742
546,D,0.0485652175067087,4.85652175067087,6216
546,E,0.0736089447368038,7.36089447368037,466
547,A,0.0128157396931255,1.28157396931255,13519
547,B,0.0674066486493786,6.74066486493786,3191
547,C,0.0784754073488687,7.84754073488687,1711
547,D,0.0510856154873016,5.10856154873016,6166
547,E,0.0705677557579004,7.05677557579004,446
548,A,0.0122925399049079,1.22925399049079,13097
548,B,0.0661672271965102,6.61672271965102,3231
548,C,0.0827399075606195,8.27399075606195,1721
548,D,0.0518533034775574,5.18533034775574,5995
548,E,0.0694282150594105,6.94282150594105,474
549,A,0.011726330118458,1.1726330118458,14324
549,B,0.0605031820249005,6.05031820249005,3234
549,C,0.0733332968817492,7.33332968817492,1692
549,D,0.0468389498956735,4.68389498956735,6349
549,E,0.079366390770756,7.9366390770756,418
550,A,0.0124658758727321,1.24658758727321,13236
550,B,0.0681392906324225,6.81392906324225,3165
550,C,0.0795975384532427,7.95975384532427,1754
550,D,0.0488258142534427,4.88258142534427,6509
550,E,0.0696176679591985,6.96176679591985,551
551,A,0.0120996407436203,1.20996407436203,14230
551,B,0.0632682933063068,6.32682933063068,3201
551,C,0.0759814814166786,7.59814814166786,1723
551,D,0.0459451046526289,4.59451046526289,6567
551,E,0.0795055119219526,7.95055119219526,471
552,A,0.0121412114873694,1.21412114873694,14636
552,B,0.0600314800875811,6.00314800875811,3428
552,C,0.0754623878237149,7.54623878237149,1802
552,D,0.0468580813510815,4.68580813510815,6754
552,E,0.0725843063903971,7.25843063903971,543
553,A,0.0128046116583774,1.28046116583774,12707
553,B,0.0639576112903387,6.39576112903387,3058
553,C,0.0776911726098332,7.76911726098332,1643
553,D,0.0489567549341809,4.89567549341809,5670
553,E,0.0766783328030544,7.66783328030544,555
554,A,0.0118599544282376,1.18599544282376,14498
554,B,0.0616179088248218,6.16179088248218,3424
554,C,0.0716281432562865,7.16281432562865,1787
554,D,0.0452878279097615,4.52878279097615,6594
554,E,0.0721676637694247,7.21676637694247,519
555,A,0.0121608923581856,1.21608923581856,13814
555,B,0.0711647276401151,7.11647276401151,3149
555,C,0.0796291787749915,7.96291787749915,1671
555,D,0.0478336122888677,4.78336122888677,6453
555,E,0.0799254441624365,7.99254441624365,436
556,A,0.0118437511438221,1.18437511438221,12830
556,B,0.0629373402967345,6.29373402967345,3165
556,C,0.0769380451760927,7.69380451760926,1724
556,D,0.0461555841916689,4.61555841916689,6041
556,E,0.0677052836159318,6.77052836159318,505
557,A,0.0124945349888151,1.24945349888151,13168
557,B,0.0680925610454323,6.80925610454323,3100
557,C,0.0762709913458014,7.62709913458014,1624
557,D,0.0475156411190778,4.75156411190778,6042
557,E,0.0751768902403368,7.51768902403368,497
558,A,0.0127799100810372,1.27799100810372,12846
558,B,0.064724653323635,6.4724653323635,3124
558,C,0.0764017633489478,7.64017633489478,1641
558,D,0.0481615176741723,4.81615176741723,6050
558,E,0.0723903031853652,7.23903031853652,576
559,A,0.0122754469222002,1.22754469222002,13732
559,B,0.0666041726757043,6.66041726757043,3296
559,C,0.0757134587604583,7.57134587604583,1744
559,D,0.0473190773143968,4.73190773143968,6652
559,E,0.0848487005207406,8.48487005207406,565
560,A,0.0122600775674731,1.22600775674731,13359
560,B,0.0634915140150969,6.34915140150969,3275
560,C,0.0731686833716107,7.31686833716107,1704
560,D,0.0455087354555544,4.55087354555544,6178
560,E,0.0644389205774299,6.44389205774299,494
561,A,0.0124679125811377,1.24679125811377,12626
561,B,0.0655216534739483,6.55216534739483,3079
561,C,0.0781913618075724,7.81913618075724,1672
561,D,0.0501845128283209,5.01845128283209,5783
561,E,0.0705082718054879,7.05082718054879,507
562,A,0.0126312485002667,1.26312485002667,12910
562,B,0.063637010874444,6.3637010874444,3064
562,C,0.0743014891340701,7.43014891340701,1623
562,D,0.0481702685262442,4.81702685262442,5896
562,E,0.0828338431661714,8.28338431661714,439
563,A,0.0129202940037026,1.29202940037026,13105
563,B,0.0684080375750412,6.84080375750412,3060
563,C,0.0819557510619534,8.19557510619534,1642
563,D,0.0505552110383318,5.05552110383318,5748
563,E,0.0738316715869214,7.38316715869214,429
564,A,0.0132169009274674,1.32169009274674,12969
564,B,0.0712209579173127,7.12209579173127,3100
564,C,0.0826669249052417,8.26669249052417,1707
564,D,0.0526665528125946,5.26665528125946,6068
564,E,0.0682654768544339,6.82654768544339,436
565,A,0.0133539618728629,1.33539618728629,13862
565,B,0.0680570741157869,6.80570741157869,3246
565,C,0.0815078511886929,8.15078511886929,1693
565,D,0.0514647746283502,5.14647746283502,6288
565,E,0.0779153674832962,7.79153674832962,509
566,A,0.0118289054358946,1.18289054358946,14572
566,B,0.062383229506721,6.2383229506721,3424
566,C,0.0701163897293865,7.01163897293865,1877
566,D,0.0451804751051299,4.51804751051299,6816
566,E,0.0728135518402031,7.28135518402031,592
567,A,0.0128917668501408,1.28917668501408,13793
567,B,0.0663992292393246,6.63992292393246,3271
567,C,0.0779240273083473,7.79240273083473,1689
567,D,0.0489339041254002,4.89339041254002,6004
567,E,0.0762484655645196,7.62484655645196,532
568,A,0.0124537891369441,1.24537891369441,13466
568,B,0.0656914501730086,6.56914501730086,3160
568,C,0.0751837186198733,7.51837186198733,1733
568,D,0.0486320553142168,4.86320553142169,6288
568,E,0.080612609104773,8.0612609104773,526
569,A,0.0123392627603985,1.23392627603985,13767
569,B,0.0693970463702761,6.93970463702761,3303
569,C,0.0771976834794319,7.71976834794319,1694
569,D,0.0506961027593416,5.06961027593416,5987
569,E,0.0821912723277257,8.21912723277257,471
570,A,0.0121228477966755,1.21228477966755,14216
570,B,0.0620583163432777,6.20583163432777,3374
570,C,0.0756840462782288,7.56840462782288,1808
570,D,0.0462806430579773,4.62806430579773,6660
570,E,0.0804447099173394,8.04447099173394,523
571,A,0.0122366270482227,1.22366270482227,12352
571,B,0.0657249842748047,6.57249842748046,3030
571,C,0.0801819527428293,8.01819527428293,1582
571,D,0.0480490676380465,4.80490676380465,5728
571,E,0.0897687044370129,8.97687044370129,470
572,A,0.0125522302526525,1.25522302526525,13565
572,B,0.0656679127783941,6.56679127783941,3292
572,C,0.0742159467036068,7.42159467036068,1834
572,D,0.0471089996484512,4.71089996484512,6326
572,E,0.0695623210499683,6.95623210499683,460
573,A,0.01343735782233,1.343735782233,13319
573,B,0.0706653330650578,7.06653330650578,3197
573,C,0.0814079811042528,8.14079811042529,1724
573,D,0.0506331680234553,5.06331680234553,6007
573,E,0.0786055593286116,7.86055593286116,501
574,A,0.0123516577525448,1.23516577525448,13220
574,B,0.0668738766979119,6.6873876697912,3154
574,C,0.0796485599228867,7.96485599228867,1745
574,D,0.0472008681550288,4.72008681550288,6283
574,E,0.0658041826289016,6.58041826289016,468
575,A,0.0122834396132848,1.22834396132848,14612
575,B,0.0622052605856842,6.22052605856842,3397
575,C,0.0744246036230036,7.44246036230036,1859
575,D,0.0480449937522932,4.80449937522932,6406
575,E,0.0747340121267589,7.47340121267589,466
576,A,0.0127304140024543,1.27304140024543,11645
576,B,0.0650577691966145,6.50577691966145,2889
576,C,0.0748589220042148,7.48589220042148,1593
576,D,0.0473297303612371,4.73297303612371,5472
576,E,0.0723702241955819,7.23702241955819,456
577,A,0.0126540157019986,1.26540157019986,12496
577,B,0.0653593422803561,6.53593422803561,3075
577,C,0.0753031525681217,7.53031525681217,1616
577,D,0.0484082704299311,4.84082704299311,5868
577,E,0.0609404775249411,6.09404775249411,517
578,A,0.0120977710066328,1.20977710066328,13629
578,B,0.0619717041543264,6.19717041543264,3197
578,C,0.0765887459368978,7.65887459368978,1630
578,D,0.0456537820491177,4.56537820491177,6252
578,E,0.0743832593332107,7.43832593332107,476
579,A,0.0129582109971781,1.29582109971781,13406
579,B,0.0660417454782022,6.60417454782022,3309
579,C,0.0810550968004612,8.10550968004612,1750
579,D,0.0461147976044418,4.61147976044419,6223
579,E,0.0767284991568297,7.67284991568297,430
580,A,0.0122434599850846,1.22434599850846,12371
580,B,0.0655649525645801,6.55649525645801,2992
580,C,0.0745425949384251,7.45425949384251,1555
580,D,0.0464845975198282,4.64845975198282,5921
580,E,0.0746853146853147,7.46853146853147,541
581,A,0.0130446173548374,1.30446173548374,12195
581,B,0.0688078604491685,6.88078604491685,2942
581,C,0.0779404818138876,7.79404818138876,1519
581,D,0.0473951678138828,4.73951678138828,5663
581,E,0.084583563680729,8.4583563680729,516
582,A,0.0121247520055501,1.21247520055501,13783
582,B,0.0662240368657414,6.62240368657414,3421
582,C,0.0753991636116941,7.53991636116941,1863
582,D,0.0482859051367821,4.82859051367821,6474
582,E,0.0693907261074202,6.93907261074202,499
583,A,0.0123647317635973,1.23647317635973,13326
583,B,0.0588693199283945,5.88693199283945,3298
583,C,0.0718123456954768,7.18123456954768,1761
583,D,0.0473602834927781,4.73602834927781,6008
583,E,0.0727544174863953,7.27544174863953,474
584,A,0.012180121686476,1.2180121686476,14477
584,B,0.0605976836785964,6.05976836785965,3344
584,C,0.0724281560861136,7.24281560861136,1806
584,D,0.0457649193772487,4.57649193772487,6749
584,E,0.0718386914833615,7.18386914833615,558
585,A,0.0129419806395668,1.29419806395668,13740
585,B,0.0651766258506952,6.51766258506952,3304
585,C,0.0745772578633534,7.45772578633534,1780
585,D,0.0485432618088005,4.85432618088005,6139
585,E,0.0718046500806709,7.18046500806709,566
586,A,0.0127217309525602,1.27217309525602,14036
586,B,0.0648965511738563,6.48965511738563,3389
586,C,0.0779863607599198,7.79863607599198,1773
586,D,0.049852527759887,4.9852527759887,5793
586,E,0.0700841576849254,7.00841576849254,484
587,A,0.0116969139636506,1.16969139636506,13596
587,B,0.0607786389676294,6.07786389676294,3195
587,C,0.074257985489494,7.4257985489494,1670
587,D,0.0455339808844245,4.55339808844245,6394
587,E,0.0738046560706984,7.38046560706984,518
588,A,0.0122841479664085,1.22841479664085,12467
588,B,0.0676501582803565,6.76501582803565,3037
588,C,0.0794061003737564,7.94061003737564,1598
588,D,0.047764413694466,4.7764413694466,6005
588,E,0.0770218303068326,7.70218303068326,550
589,A,0.0130028072005838,1.30028072005838,13115
589,B,0.0653265995773737,6.53265995773737,3232
589,C,0.0756220114226157,7.56220114226157,1673
589,D,0.0492018516958468,4.92018516958468,6229
589,E,0.0769850984761304,7.69850984761304,436
590,A,0.0131101721589437,1.31101721589437,13493
590,B,0.0681154955122541,6.81154955122541,3093
590,C,0.0756060554093804,7.56060554093804,1696
590,D,0.0519765709566622,5.19765709566622,6361
590,E,0.0843708016121809,8.43708016121809,478
591,A,0.0120489217086063,1.20489217086063,12847
591,B,0.0632617907895476,6.32617907895476,3070
591,C,0.0758732551593852,7.58732551593852,1590
591,D,0.0488733011213355,4.88733011213355,5627
591,E,0.0756185262705952,7.56185262705952,504
592,A,0.0122805139100958,1.22805139100958,14214
592,B,0.0616340955170083,6.16340955170083,3513
592,C,0.0735380961236668,7.35380961236668,1814
592,D,0.0477678427901682,4.77678427901682,6826
592,E,0.0759098940418626,7.59098940418626,562
593,A,0.012638268531614,1.2638268531614,13907
593,B,0.0671412884368146,6.71412884368146,3321
593,C,0.0727522080716591,7.27522080716591,1832
593,D,0.0487118675359376,4.87118675359376,6382
593,E,0.0718638382457993,7.18638382457993,467
594,A,0.012177891716655,1.2177891716655,13841
594,B,0.0651497971155738,6.51497971155738,3233
594,C,0.0807891982524747,8.07891982524747,1754
594,D,0.0467889787585003,4.67889787585003,6659
594,E,0.0823861362362923,8.23861362362923,518
595,A,0.0119510758334971,1.19510758334971,12972
595,B,0.0626679189135,6.26679189135,3066
595,C,0.0779828345616394,7.79828345616394,1648
595,D,0.0463492445323621,4.63492445323621,5552
595,E,0.0707948609832285,7.07948609832285,383
596,A,0.0117473676253672,1.17473676253672,14358
596,B,0.0637164070741201,6.37164070741201,3415
596,C,0.0786471927394738,7.86471927394738,1795
596,D,0.0472663947136144,4.72663947136143,6799
596,E,0.0746699549420558,7.46699549420558,540
597,A,0.0141431651229396,1.41431651229396,12369
597,B,0.0725084735534613,7.25084735534613,3002
597,C,0.0897423522353257,8.97423522353257,1584
597,D,0.0529400485117708,5.29400485117708,5530
597,E,0.0951479342252608,9.51479342252608,485
598,A,0.0121537457933792,1.21537457933792,13574
598,B,0.0652100340585196,6.52100340585196,3279
598,C,0.0751859922694105,7.51859922694105,1693
598,D,0.0463038751536885,4.63038751536885,6392
598,E,0.0746812056223736,7.46812056223736,541
599,A,0.0119098824429847,1.19098824429847,14242
599,B,0.0610652005068097,6.10652005068097,3321
599,C,0.075419688405048,7.54196884050481,1717
599,D,0.0464743622488073,4.64743622488073,6634
599,E,0.0766199003786734,7.66199003786734,487
600,A,0.0119695178571337,1.19695178571337,14526
600,B,0.0624957421293553,6.24957421293553,3433
600,C,0.0725392893675659,7.25392893675659,1787
600,D,0.0450841658355471,4.50841658355471,6883
600,E,0.0805343981330322,8.05343981330322,607
601,A,0.0124329667117432,1.24329667117432,13637
601,B,0.0624298387256108,6.24298387256108,3356
601,C,0.0756834498250084,7.56834498250084,1739
601,D,0.0486381899548251,4.86381899548251,6124
601,E,0.0756626940049833,7.56626940049833,528
602,A,0.0124386820008396,1.24386820008396,12966
602,B,0.0665532259454563,6.65532259454563,3128
602,C,0.0799915491433031,7.99915491433031,1680
602,D,0.048569864168094,4.8569864168094,5807
602,E,0.0752393643273122,7.52393643273122,508
603,A,0.0123140331058095,1.23140331058095,14079
603,B,0.0658059951922899,6.58059951922899,3402
603,C,0.0778198687812501,7.78198687812501,1797
603,D,0.0490860363020342,4.90860363020342,6082
603,E,0.0768013728222572,7.68013728222572,502
604,A,0.012513635492181,1.2513635492181,14614
604,B,0.0648050802261676,6.48050802261676,3337
604,C,0.0747199217739608,7.47199217739608,1885
604,D,0.0480331205868249,4.80331205868249,6601
604,E,0.0700420314689139,7.00420314689139,564
605,A,0.0124799258006063,1.24799258006063,13044
605,B,0.0656912605263728,6.56912605263728,3113
605,C,0.0749236307104432,7.49236307104432,1602
605,D,0.049466640341094,4.9466640341094,6092
605,E,0.0769613181194072,7.69613181194072,497
606,A,0.0132892949506791,1.32892949506791,13326
606,B,0.0688096528823215,6.88096528823215,3176
606,C,0.0801616409302457,8.01616409302457,1631
606,D,0.0499340473337401,4.99340473337401,6441
606,E,0.0812764021576656,8.12764021576656,496
607,A,0.0120981566375624,1.20981566375624,14739
607,B,0.0606732399069524,6.06732399069524,3560
607,C,0.0751819490339976,7.51819490339976,1864
607,D,0.0479311234963881,4.79311234963881,6748
607,E,0.0741519772590442,7.41519772590442,462
608,A,0.0124746707761529,1.24746707761529,12604
608,B,0.0648100004980328,6.48100004980328,3071
608,C,0.0779790446406353,7.79790446406353,1574
608,D,0.0474184666465711,4.74184666465711,5516
608,E,0.0807988122319716,8.07988122319716,532
609,A,0.0126467343920849,1.26467343920849,13894
609,B,0.0658677143012224,6.58677143012224,3233
609,C,0.0779537943865244,7.79537943865244,1699
609,D,0.0509228443537198,5.09228443537198,6159
609,E,0.0809533047370652,8.09533047370652,444
610,A,0.0124936990272146,1.24936990272146,12593
610,B,0.0718676944429127,7.18676944429127,2938
610,C,0.0796021805320061,7.96021805320061,1569
610,D,0.0491935275123682,4.91935275123682,5590
610,E,0.0799704594608852,7.99704594608852,410
611,A,0.0122135021078812,1.22135021078812,13366
611,B,0.0660610078134339,6.60610078134339,3123
611,C,0.0775898226885583,7.75898226885583,1724
611,D,0.0462201738296624,4.62201738296624,6820
611,E,0.0697951951010765,6.97951951010765,512
612,A,0.0122350332288248,1.22350332288248,14177
612,B,0.0643587697827782,6.43587697827782,3406
612,C,0.0761853168855321,7.61853168855321,1795
612,D,0.0472162417502458,4.72162417502458,6828
612,E,0.0767161885245902,7.67161885245901,517
613,A,0.0122309225519901,1.22309225519901,14651
613,B,0.0619455278370577,6.19455278370577,3319
613,C,0.0717735446169448,7.17735446169448,1844
613,D,0.0476564455554075,4.76564455554075,6700
613,E,0.0653761952835218,6.53761952835218,512
614,A,0.0113389360318009,1.13389360318009,12506
614,B,0.0637560552374923,6.37560552374923,3073
614,C,0.0767434734886535,7.67434734886535,1606
614,D,0.0470249138002041,4.70249138002041,5999
614,E,0.0799169427763928,7.99169427763928,533
615,A,0.0118825473576116,1.18825473576116,14596
615,B,0.0606430632886003,6.06430632886003,3427
615,C,0.0723121160499405,7.23121160499405,1810
615,D,0.0433001556163189,4.33001556163189,6461
615,E,0.0737604376430769,7.37604376430769,514
616,A,0.0120917056293073,1.20917056293073,13722
616,B,0.0646634807304082,6.46634807304082,3246
616,C,0.0757938977764707,7.57938977764707,1712
616,D,0.0476533875425853,4.76533875425853,6323
616,E,0.0734423035948011,7.34423035948011,514
617,A,0.0123724322328921,1.23724322328921,14186
617,B,0.0680142585404045,6.80142585404045,3387
617,C,0.0792112316063574,7.92112316063574,1723
617,D,0.0499591296464372,4.99591296464372,6306
617,E,0.0779194795840789,7.79194795840789,537
618,A,0.0123516783794888,1.23516783794888,13720
618,B,0.0616229956721756,6.16229956721756,3329
618,C,0.0752639887987073,7.52639887987073,1742
618,D,0.0466669375076174,4.66669375076174,6189
618,E,0.0784423450409823,7.84423450409823,623
619,A,0.0122575843926804,1.22575843926804,13167
619,B,0.0700438555267363,7.00438555267363,3185
619,C,0.0806251391977101,8.06251391977101,1673
619,D,0.0473727561717549,4.73727561717549,6389
619,E,0.0811586887636353,8.11586887636353,586
620,A,0.0124708187853412,1.24708187853412,12923
620,B,0.063801416694663,6.3801416694663,3197
620,C,0.077234138191317,7.7234138191317,1737
620,D,0.0494092241872327,4.94092241872327,6156
620,E,0.0788011652001562,7.88011652001562,566
621,A,0.0121511978708331,1.21511978708331,13975
621,B,0.0635744001855139,6.35744001855139,3291
621,C,0.0752854186839946,7.52854186839946,1774
621,D,0.0500675708262316,5.00675708262316,6306
621,E,0.0681681299080359,6.81681299080359,494
622,A,0.0125318838042492,1.25318838042492,12633
622,B,0.0681315892229598,6.81315892229598,3106
622,C,0.0771497127046473,7.71497127046473,1630
622,D,0.0497868816230255,4.97868816230255,5639
622,E,0.0757012777663673,7.57012777663673,490
623,A,0.0123307806747138,1.23307806747138,13306
623,B,0.0653449854039879,6.53449854039879,3108
623,C,0.0750693642861752,7.50693642861752,1638
623,D,0.0489387590283527,4.89387590283527,6012
623,E,0.0773566973566973,7.73566973566973,559
624,A,0.0122202173807684,1.22202173807684,13303
624,B,0.0626638746543191,6.26638746543191,3098
624,C,0.0716266515374234,7.16266515374234,1655
624,D,0.0480010165841145,4.80010165841145,5995
624,E,0.0830450278731543,8.30450278731543,554
625,A,0.012666159804136,1.2666159804136,14346
625,B,0.0623411585895819,6.23411585895819,3439
625,C,0.0756776688705376,7.56776688705376,1805
625,D,0.0460491307737688,4.60491307737689,6238
625,E,0.0742862485974317,7.42862485974317,510
626,A,0.012738362913858,1.2738362913858,12776
626,B,0.0625174067841029,6.25174067841029,3225
626,C,0.0802113098387836,8.02113098387836,1698
626,D,0.0500831070621971,5.00831070621971,6160
626,E,0.0861547178154884,8.61547178154884,456
627,A,0.0127889190135603,1.27889190135603,14197
627,B,0.0717223171181727,7.17223171181727,3323
627,C,0.0800760453719472,8.00760453719472,1744
627,D,0.0501670854039843,5.01670854039843,6203
627,E,0.076565692871929,7.6565692871929,475
628,A,0.0122051873790876,1.22051873790876,13366
628,B,0.0642542448393644,6.42542448393644,3168
628,C,0.0782191938167172,7.82191938167172,1663
628,D,0.0477583777567437,4.77583777567437,6385
628,E,0.077489807258855,7.7489807258855,541
629,A,0.012275913662686,1.2275913662686,13645
629,B,0.0638551255926355,6.38551255926355,3046
629,C,0.0744853586809572,7.44853586809572,1681
629,D,0.0467386956733818,4.67386956733818,6477
629,E,0.0802264215185563,8.02264215185564,425
630,A,0.01237638820167,1.237638820167,13695
630,B,0.0628283977078868,6.28283977078868,3511
630,C,0.075607391888934,7.5607391888934,1844
630,D,0.0482547289951548,4.82547289951548,6457
630,E,0.0783171061047545,7.83171061047545,485
631,A,0.0128661973599451,1.28661973599451,13244
631,B,0.0675280162733278,6.75280162733278,3130
631,C,0.0795483526535387,7.95483526535387,1681
631,D,0.0500905366073911,5.00905366073911,6147
631,E,0.0784742892188581,7.84742892188581,530
632,A,0.0132362301195695,1.32362301195695,13796
632,B,0.0648265324795916,6.48265324795916,3231
632,C,0.0777573381510712,7.77573381510712,1664
632,D,0.0476775111362744,4.76775111362744,6002
632,E,0.0735376399679871,7.35376399679871,417
633,A,0.0120564795993743,1.20564795993743,13942
633,B,0.0618192401195714,6.18192401195714,3356
633,C,0.0740435873952164,7.40435873952164,1832
633,D,0.0459043095927968,4.59043095927968,6819
633,E,0.0763501255930784,7.63501255930784,588
634,A,0.012919322462177,1.2919322462177,13469
634,B,0.0661731778396707,6.61731778396707,3080
634,C,0.0766087007035876,7.66087007035877,1673
634,D,0.0485295209898297,4.85295209898297,5944
634,E,0.0766765053128689,7.66765053128689,508
635,A,0.0120977635179768,1.20977635179768,15174
635,B,0.0630666286147114,6.30666286147114,3482
635,C,0.0731306939232223,7.31306939232223,1863
635,D,0.0476963658302789,4.76963658302789,7137
635,E,0.0700065130525093,7.00065130525093,540
636,A,0.0124054482007423,1.24054482007423,14967
636,B,0.0620363813243489,6.20363813243489,3412
636,C,0.0763202600636141,7.63202600636141,1826
636,D,0.0477709028057645,4.77709028057645,6900
636,E,0.0798234979729642,7.98234979729642,527
637,A,0.0120712936194945,1.20712936194945,15209
637,B,0.0611379328652509,6.11379328652509,3621
637,C,0.0721276281935727,7.21276281935727,1892
637,D,0.0472626251094113,4.72626251094113,6522
637,E,0.0756196952461906,7.56196952461906,540
638,A,0.0123531566352669,1.23531566352669,13517
638,B,0.0660988900646497,6.60988900646497,3227
638,C,0.0776266935503701,7.76266935503701,1711
638,D,0.0488479307494043,4.88479307494043,6385
638,E,0.0724385424927084,7.24385424927084,433
639,A,0.0119731603348108,1.19731603348108,12316
639,B,0.0666365352404754,6.66365352404754,3095
639,C,0.0763899452388196,7.63899452388196,1605
639,D,0.0466740407810179,4.66740407810179,5580
639,E,0.0724685448969648,7.24685448969648,465
640,A,0.0122504817192455,1.22504817192455,13733
640,B,0.0669759989516852,6.69759989516852,3171
640,C,0.0787325735898932,7.87325735898932,1691
640,D,0.0489585846966107,4.89585846966107,6348
640,E,0.089734404106986,8.9734404106986,560
641,A,0.0131074522288467,1.31074522288467,13394
641,B,0.0728144461630243,7.28144461630243,3220
641,C,0.0828164020187314,8.28164020187314,1747
641,D,0.0506358635039757,5.06358635039757,6095
641,E,0.0835656191530795,8.35656191530795,536
642,A,0.013043707692975,1.3043707692975,13749
642,B,0.0686931260446237,6.86931260446237,3310
642,C,0.0777462781121318,7.77462781121318,1822
642,D,0.0511432757335147,5.11432757335147,5990
642,E,0.0794006178127352,7.94006178127353,512
643,A,0.0120008684002902,1.20008684002902,13903
643,B,0.0623547203895249,6.23547203895249,3313
643,C,0.074711896011535,7.4711896011535,1710
643,D,0.0455557767035829,4.55557767035829,6509
643,E,0.0776078520885642,7.76078520885642,552
644,A,0.012645822561647,1.2645822561647,13745
644,B,0.0662660974563297,6.62660974563297,3380
644,C,0.080312865733435,8.0312865733435,1756
644,D,0.0490309397765343,4.90309397765343,6485
644,E,0.0791459407509384,7.91459407509384,499
645,A,0.0123313296125764,1.23313296125764,11931
645,B,0.0689350667631475,6.89350667631475,2827
645,C,0.0800653561565052,8.00653561565052,1424
645,D,0.0458832733698082,4.58832733698082,5652
645,E,0.0847251459039744,8.47251459039744,559
646,A,0.0128993345330394,1.28993345330394,13248
646,B,0.0702103167319708,7.02103167319708,3049
646,C,0.0854819378211464,8.54819378211464,1713
646,D,0.0511578663988362,5.11578663988362,5953
646,E,0.07193259913161,7.193259913161,498
647,A,0.0124625163190152,1.24625163190152,13137
647,B,0.0689902112822134,6.89902112822134,3094
647,C,0.0818364584359527,8.18364584359527,1699
647,D,0.0471834192827765,4.71834192827765,6624
647,E,0.0813964286661891,8.13964286661891,466
648,A,0.0125935805733486,1.25935805733486,13308
648,B,0.0636625559715188,6.36625559715188,3304
648,C,0.0745051370934026,7.45051370934026,1725
648,D,0.0494424973778556,4.94424973778556,6244
648,E,0.0804993495169817,8.04993495169817,569
649,A,0.0131247115023273,1.31247115023273,13271
649,B,0.0679932036638605,6.79932036638605,3145
649,C,0.076817432219133,7.6817432219133,1621
649,D,0.0488860130506493,4.88860130506493,6204
649,E,0.0778112489283551,7.78112489283551,403
650,A,0.012486059865888,1.2486059865888,12682
650,B,0.0691307779064529,6.91307779064529,3154
650,C,0.0789229242005247,7.89229242005247,1671
650,D,0.0487314677121356,4.87314677121356,6229
650,E,0.0730430515036671,7.30430515036671,444
651,A,0.0124361108802139,1.24361108802139,14201
651,B,0.0647783038346666,6.47783038346666,3226
651,C,0.0755365231812669,7.55365231812669,1767
651,D,0.0495677022882638,4.95677022882638,5972
651,E,0.0752266163392525,7.52266163392525,458
652,A,0.0127597723415294,1.27597723415294,14087
652,B,0.0692884425988904,6.92884425988904,3255
652,C,0.0833514366403311,8.33514366403311,1746
652,D,0.0520129883165375,5.20129883165375,6227
652,E,0.0814139542717588,8.14139542717588,563
653,A,0.0128091660986732,1.28091660986732,13771
653,B,0.0665830379160427,6.65830379160427,3263
653,C,0.0774367004955547,7.74367004955547,1781
653,D,0.0484231315945638,4.84231315945638,6390
653,E,0.0764724351561842,7.64724351561842,432
654,A,0.0119400536294606,1.19400536294606,13313
654,B,0.0635099465329098,6.35099465329098,3122
654,C,0.0765450342283645,7.65450342283645,1629
654,D,0.0454731928439986,4.54731928439986,5838
654,E,0.0739080736373481,7.39080736373481,546
655,A,0.0123883769033231,1.23883769033231,12690
655,B,0.0659327463114164,6.59327463114164,3271
655,C,0.0757412924338059,7.57412924338059,1728
655,D,0.0500650756890643,5.00650756890643,6144
655,E,0.0846657373174132,8.46657373174132,570
656,A,0.0126587437377205,1.26587437377206,14713
656,B,0.0640166961396985,6.40166961396985,3386
656,C,0.0778177001407401,7.78177001407401,1771
656,D,0.0486303718246789,4.86303718246789,6618
656,E,0.0727502634351949,7.27502634351949,483
657,A,0.0123216893059041,1.23216893059041,13806
657,B,0.0670170255151192,6.70170255151192,3409
657,C,0.0756217342165414,7.56217342165414,1760
657,D,0.0474910716105853,4.74910716105853,6503
657,E,0.0717789239482201,7.17789239482201,483
658,A,0.0121495042432377,1.21495042432377,15392
658,B,0.0659527301004381,6.59527301004381,3440
658,C,0.0735795445536391,7.35795445536391,1871
658,D,0.048820749860764,4.8820749860764,6538
658,E,0.0731460174677057,7.31460174677057,464
659,A,0.0121562257527634,1.21562257527634,13720
659,B,0.063400798648741,6.3400798648741,3246
659,C,0.0748735627215354,7.48735627215354,1705
659,D,0.0447937900272897,4.47937900272897,6228
659,E,0.0763913430683762,7.63913430683762,480
660,A,0.0122580342908089,1.22580342908089,13165
660,B,0.0602860225845032,6.02860225845032,3242
660,C,0.0724469820554649,7.24469820554649,1647
660,D,0.0480322298047575,4.80322298047575,6340
660,E,0.0700648304541476,7.00648304541476,499
661,A,0.0127331744484757,1.27331744484757,13570
661,B,0.0673484831981603,6.73484831981603,3246
661,C,0.0795656452566341,7.95656452566341,1718
661,D,0.049561736110875,4.9561736110875,6659
661,E,0.0813701068755083,8.13701068755083,510
662,A,0.0126693154674648,1.26693154674648,12340
662,B,0.0667296692857284,6.67296692857284,3145
662,C,0.0838668669611957,8.38668669611957,1647
662,D,0.0495256826431531,4.95256826431531,5971
662,E,0.0828198808790306,8.28198808790306,440
663,A,0.0117801676470117,1.17801676470117,13715
663,B,0.0589812665386563,5.89812665386563,3218
663,C,0.0675817963335097,6.75817963335097,1713
663,D,0.0461721076649854,4.61721076649854,6484
663,E,0.0656822209096279,6.56822209096279,532
664,A,0.0125454054797683,1.25454054797683,14867
664,B,0.0644681048425241,6.44681048425241,3393
664,C,0.0783884286923294,7.83884286923294,1816
664,D,0.0485779899253029,4.85779899253029,6671
664,E,0.0732337112835394,7.32337112835394,526
665,A,0.0124483328180746,1.24483328180746,13368
665,B,0.0660478486091565,6.60478486091565,3182
665,C,0.0756233279453582,7.56233279453582,1689
665,D,0.0472077215878195,4.72077215878195,5996
665,E,0.0711182772773306,7.11182772773306,488
666,A,0.0120164229600966,1.20164229600966,13101
666,B,0.0616238235139602,6.16238235139602,3071
666,C,0.0742977582052469,7.42977582052469,1653
666,D,0.047282190543154,4.7282190543154,6204
666,E,0.0778348654076416,7.78348654076416,486
667,A,0.0127362682650786,1.27362682650786,12445
667,B,0.06886016843855,6.886016843855,3055
667,C,0.0802410926762624,8.02410926762624,1636
667,D,0.0463907418830377,4.63907418830377,5806
667,E,0.0824904252185014,8.24904252185014,534
668,A,0.0121949743773216,1.21949743773216,14038
668,B,0.064888276931509,6.4888276931509,3258
668,C,0.0774681977393511,7.74681977393511,1729
668,D,0.0488301237855954,4.88301237855954,6350
668,E,0.0743239969824692,7.43239969824692,467
669,A,0.0126371798124798,1.26371798124798,12317
669,B,0.065951064587,6.59510645869999,2835
669,C,0.080145552455466,8.0145552455466,1495
669,D,0.0480125902602581,4.80125902602581,5709
669,E,0.0751376333854415,7.51376333854415,468
670,A,0.0123029991182921,1.23029991182921,14356
670,B,0.0667919688075234,6.67919688075234,3363
670,C,0.0798058969391844,7.98058969391844,1752
670,D,0.0472184319046881,4.72184319046881,6707
670,E,0.0769001131269116,7.69001131269116,599
671,A,0.0119752241251227,1.19752241251227,13839
671,B,0.06482163204067,6.482163204067,3312
671,C,0.0742885693039067,7.42885693039067,1771
671,D,0.0459408993425961,4.59408993425961,6544
671,E,0.0762781132174968,7.62781132174968,497
672,A,0.012621966345871,1.2621966345871,12220
672,B,0.0666686826425556,6.66686826425556,2883
672,C,0.0834722998061315,8.34722998061315,1489
672,D,0.0484973854774916,4.84973854774916,5877
672,E,0.0799061715342936,7.99061715342936,499
673,A,0.0118038999729786,1.18038999729786,14290
673,B,0.0596848166570476,5.96848166570476,3430
673,C,0.0754018385011185,7.54018385011185,1920
673,D,0.0462887703621052,4.62887703621052,6793
673,E,0.0736036464582638,7.36036464582638,472
674,A,0.0130793380419738,1.30793380419738,12609
674,B,0.0778336200838442,7.78336200838442,3138
674,C,0.0860222462840831,8.60222462840831,1711
674,D,0.0529854845253834,5.29854845253834,5669
674,E,0.0797532816700933,7.97532816700933,460
675,A,0.0116126213549716,1.16126213549716,14567
675,B,0.0621341045177317,6.21341045177317,3409
675,C,0.0716554538982608,7.16554538982609,1787
675,D,0.0451646642847887,4.51646642847887,6846
675,E,0.0739182426148191,7.39182426148191,504
676,A,0.0124569606106986,1.24569606106986,12161
676,B,0.0652778370568083,6.52778370568083,2921
676,C,0.0777124085642483,7.77124085642483,1543
676,D,0.0489868974764904,4.89868974764904,5758
676,E,0.0847490609318151,8.47490609318151,514
677,A,0.0124706186347306,1.24706186347306,13758
677,B,0.0648794226928799,6.48794226928799,3192
677,C,0.0780669343947306,7.80669343947306,1722
677,D,0.0500647942549282,5.00647942549282,5993
677,E,0.07659247719903,7.65924771990299,562
678,A,0.0113928326611204,1.13928326611204,12917
678,B,0.0539989608655914,5.39989608655914,3219
678,C,0.0671308708503562,6.71308708503562,1655
678,D,0.0445675859089339,4.4567585908934,6351
678,E,0.07291800196556,7.291800196556,560
679,A,0.0126230357210162,1.26230357210162,13375
679,B,0.0654233058952267,6.54233058952267,3081
679,C,0.0766060044445588,7.66060044445588,1706
679,D,0.0458734463691407,4.58734463691407,6443
679,E,0.0741362582714127,7.41362582714127,549
680,A,0.0125586253200267,1.25586253200267,13000
680,B,0.0650063923476572,6.50063923476572,3037
680,C,0.0793850723282548,7.93850723282548,1590
680,D,0.0488868633446564,4.88868633446564,6059
680,E,0.0771578971303834,7.71578971303834,549
681,A,0.0123821713703832,1.23821713703832,13533
681,B,0.0651540499689819,6.51540499689819,3202
681,C,0.0748342429567024,7.48342429567024,1737
681,D,0.0505730918781367,5.05730918781367,6220
681,E,0.0808635792569606,8.08635792569606,574
682,A,0.0124585684719553,1.24585684719553,13685
682,B,0.0692507741191233,6.92507741191233,3189
682,C,0.0788530033618629,7.88530033618629,1707
682,D,0.0481837372337182,4.81837372337182,6364
682,E,0.0753733581239129,7.53733581239129,519
683,A,0.012304573167955,1.2304573167955,13561
683,B,0.0655456478619038,6.55456478619038,3109
683,C,0.0790722513890484,7.90722513890484,1695
683,D,0.04783078553166,4.783078553166,6570
683,E,0.0786224716812214,7.86224716812214,581
684,A,0.0118599659835294,1.18599659835294,13541
684,B,0.060822748449649,6.0822748449649,3170
684,C,0.0739670191836063,7.39670191836063,1705
684,D,0.0455846377112056,4.55846377112055,6192
684,E,0.0762910440948237,7.62910440948237,530
685,A,0.0122705368189357,1.22705368189357,14978
685,B,0.0641054656030697,6.41054656030697,3324
685,C,0.0767719802575287,7.67719802575287,1785
685,D,0.0472611454033556,4.72611454033556,6807
685,E,0.0717505237831755,7.17505237831755,527
686,A,0.0123387660008229,1.23387660008229,13311
686,B,0.0642538142090728,6.42538142090728,3085
686,C,0.0753687736378611,7.53687736378611,1634
686,D,0.0487250277462253,4.87250277462253,6103
686,E,0.0756576117526387,7.56576117526387,458
687,A,0.0123863034864421,1.23863034864421,12977
687,B,0.0644108977083297,6.44108977083297,3160
687,C,0.0774893310018464,7.74893310018464,1719
687,D,0.0470312284933038,4.70312284933038,6130
687,E,0.071610385202783,7.1610385202783,523
688,A,0.0121035170822089,1.21035170822089,14151
688,B,0.0627417455868013,6.27417455868013,3318
688,C,0.0717364003815511,7.17364003815511,1761
688,D,0.047378316479683,4.7378316479683,6582
688,E,0.0824638609395123,8.24638609395123,505
689,A,0.0122731562376913,1.22731562376913,14133
689,B,0.0620357944079563,6.20357944079563,3364
689,C,0.0760203281467417,7.60203281467417,1816
689,D,0.0475494195979602,4.75494195979602,5914
689,E,0.0751202939322664,7.51202939322664,413
690,A,0.0127926280737972,1.27926280737972,13864
690,B,0.0715019634075579,7.15019634075579,3269
690,C,0.0838622239292609,8.38622239292609,1755
690,D,0.0487354126761174,4.87354126761174,6099
690,E,0.0725361286999727,7.25361286999727,487
691,A,0.0115409506694102,1.15409506694102,15433
691,B,0.0595777029047996,5.95777029047995,3500
691,C,0.0703283213582268,7.03283213582267,1803
691,D,0.0451783523001183,4.51783523001183,7164
691,E,0.0759910863092451,7.59910863092451,543
692,A,0.0121246611488114,1.21246611488114,13262
692,B,0.0640434333832427,6.40434333832427,3044
692,C,0.0741597672938168,7.41597672938168,1638
692,D,0.0476070425001924,4.76070425001924,5885
692,E,0.0824868461985852,8.24868461985852,518
693,A,0.0122017697284018,1.22017697284018,13000
693,B,0.0625317950448851,6.25317950448851,3179
693,C,0.0748951764375361,7.48951764375361,1724
693,D,0.0471315868925051,4.71315868925051,5812
693,E,0.0737971604123172,7.37971604123172,552
694,A,0.0121961319256471,1.21961319256471,14772
694,B,0.0693041787972874,6.93041787972874,3497
694,C,0.080361473835348,8.0361473835348,1818
694,D,0.0483947195203268,4.83947195203268,6757
694,E,0.0739633198632266,7.39633198632266,457
695,A,0.012735684488268,1.2735684488268,13599
695,B,0.0672020313617158,6.72020313617158,3341
695,C,0.0826791839921138,8.26791839921138,1760
695,D,0.0500059144987553,5.00059144987553,6229
695,E,0.0780446641150056,7.80446641150056,499
696,A,0.0123157410891475,1.23157410891475,13710
696,B,0.066365206123804,6.63652061238041,3346
696,C,0.0759778851009284,7.59778851009284,1767
696,D,0.0470812620247111,4.70812620247111,6262
696,E,0.0749092043403668,7.49092043403668,572
697,A,0.0121873169141938,1.21873169141938,13886
697,B,0.0690155790792765,6.90155790792765,3280
697,C,0.083724948784181,8.3724948784181,1661
697,D,0.046983485164701,4.6983485164701,6511
697,E,0.0818644213534053,8.18644213534053,519
698,A,0.0124529354265949,1.24529354265949,13456
698,B,0.0728911386456095,7.28911386456095,3230
698,C,0.0809293955397087,8.09293955397087,1726
698,D,0.0496515984819667,4.96515984819667,6238
698,E,0.0713072480775764,7.13072480775763,502
699,A,0.0127818392060389,1.27818392060389,13846
699,B,0.0695575266260843,6.95575266260843,3205
699,C,0.0777507345411883,7.77507345411883,1694
699,D,0.0496902159632753,4.96902159632753,5959
699,E,0.083530042544895,8.3530042544895,488
700,A,0.0118733270683989,1.18733270683989,14278
700,B,0.0586125959338153,5.86125959338152,3458
700,C,0.0716679306807969,7.16679306807969,1847
700,D,0.0461538764917927,4.61538764917927,6784
700,E,0.0699116051983545,6.99116051983545,472
701,A,0.0122579655839919,1.22579655839919,13104
701,B,0.0631714097572937,6.31714097572937,3244
701,C,0.0775207167865832,7.75207167865832,1789
701,D,0.0489877753076752,4.89877753076752,6260
701,E,0.0801279191858191,8.01279191858191,475
702,A,0.0118456455935164,1.18456455935164,13348
702,B,0.0647299200233795,6.47299200233795,3202
702,C,0.0749077364495509,7.49077364495509,1672
702,D,0.0478531794620577,4.78531794620577,6528
702,E,0.068044773744054,6.8044773744054,530
703,A,0.0121260096269432,1.21260096269432,14647
703,B,0.0636871015825113,6.36871015825113,3404
703,C,0.073045548289779,7.3045548289779,1824
703,D,0.048221704865767,4.8221704865767,6612
703,E,0.0762405498744471,7.62405498744471,456
704,A,0.0125133200440912,1.25133200440912,13332
704,B,0.0621654958520765,6.21654958520765,3118
704,C,0.0800738383099399,8.00738383099399,1653
704,D,0.0497668848467115,4.97668848467115,5820
704,E,0.0835381047222438,8.35381047222438,413
705,A,0.012299743366047,1.2299743366047,12956
705,B,0.0647744462151879,6.47744462151879,3124
705,C,0.072429184607014,7.2429184607014,1710
705,D,0.0475290446980988,4.75290446980988,5739
705,E,0.0689614110296229,6.89614110296229,446
706,A,0.0120796411320519,1.20796411320519,13085
706,B,0.0625436725527351,6.25436725527351,3123
706,C,0.0756938636136923,7.56938636136923,1601
706,D,0.0468372584947134,4.68372584947134,5961
706,E,0.0738535702186506,7.38535702186506,540
707,A,0.0121851112680203,1.21851112680203,13377
707,B,0.0628403769048038,6.28403769048038,3229
707,C,0.0761482771573951,7.61482771573951,1731
707,D,0.0446739303049416,4.46739303049416,6210
707,E,0.0831713843120687,8.31713843120687,586
708,A,0.0124409991991636,1.24409991991636,13072
708,B,0.0721444020428269,7.21444020428269,3064
708,C,0.0800462518544376,8.00462518544376,1604
708,D,0.0503473842357247,5.03473842357247,5912
708,E,0.0799955444035363,7.99955444035363,567
709,A,0.0121494028082594,1.21494028082594,13351
709,B,0.0690334814377857,6.90334814377857,3227
709,C,0.082254264342163,8.2254264342163,1701
709,D,0.0479887162014107,4.79887162014107,6622
709,E,0.0736792173139638,7.36792173139638,562
710,A,0.0118127810507937,1.18127810507937,13449
710,B,0.0627925075631257,6.27925075631257,3301
710,C,0.078449556201564,7.8449556201564,1798
710,D,0.0472379533948688,4.72379533948688,6337
710,E,0.0791797931533896,7.91797931533896,554
711,A,0.0121325062030769,1.21325062030769,14163
711,B,0.0629348611942503,6.29348611942503,3327
711,C,0.0732145865223346,7.32145865223346,1699
711,D,0.0460490146734291,4.60490146734291,6404
711,E,0.0686667195431472,6.86667195431472,470
712,A,0.0121688706738905,1.21688706738905,14233
712,B,0.0634682186933632,6.34682186933632,3359
712,C,0.0798316468700159,7.98316468700159,1806
712,D,0.0485261928209463,4.85261928209463,6577
712,E,0.0734349795739263,7.34349795739263,499
713,A,0.0125350343395195,1.25350343395195,13095
713,B,0.0653417160326445,6.53417160326445,3197
713,C,0.0784705047341694,7.84705047341694,1698
713,D,0.0493041902567388,4.93041902567388,6036
713,E,0.0795981452859351,7.95981452859351,457
714,A,0.0129770771338194,1.29770771338194,12600
714,B,0.0687574072568789,6.87574072568789,3096
714,C,0.0764862785877593,7.64862785877593,1637
714,D,0.0502868978794975,5.02868978794975,6203
714,E,0.0727263701350278,7.27263701350278,517
715,A,0.0122347028699427,1.22347028699427,13884
715,B,0.0665910841921384,6.65910841921384,3245
715,C,0.0804005918365302,8.04005918365302,1736
715,D,0.0476087847159037,4.76087847159037,6261
715,E,0.0700508100279485,7.00508100279485,512
716,A,0.0118886422409896,1.18886422409896,13374
716,B,0.0607118601198143,6.07118601198143,3320
716,C,0.0714134400376604,7.14134400376604,1752
716,D,0.0477293100536355,4.77293100536355,6390
716,E,0.0743616710487876,7.43616710487876,570
717,A,0.0122259965824185,1.22259965824185,15849
717,B,0.0616814275188993,6.16814275188993,3761
717,C,0.0726149109564772,7.26149109564772,1962
717,D,0.0492278107142602,4.92278107142602,6778
717,E,0.0712648617676551,7.12648617676551,446
718,A,0.0124383105268174,1.24383105268174,13667
718,B,0.0681539826413287,6.81539826413287,3258
718,C,0.0820914359215513,8.20914359215513,1776
718,D,0.0484108979812622,4.84108979812622,6124
718,E,0.0826304649482361,8.26304649482361,535
719,A,0.0125496019606996,1.25496019606996,14327
719,B,0.0618082504184062,6.18082504184062,3284
719,C,0.0739235460597122,7.39235460597122,1875
719,D,0.0481154811926663,4.81154811926663,6376
719,E,0.079904879746346,7.9904879746346,485
720,A,0.0128486768833349,1.28486768833349,12740
720,B,0.0684963310631407,6.84963310631407,3189
720,C,0.0793853027182057,7.93853027182058,1622
720,D,0.0505267987091059,5.05267987091059,6167
720,E,0.0819155453967057,8.19155453967057,559
721,A,0.0123760199637277,1.23760199637277,13376
721,B,0.0675243599353032,6.75243599353032,3170
721,C,0.0775196238928766,7.75196238928766,1656
721,D,0.0476255842243421,4.76255842243422,6229
721,E,0.073875898478606,7.3875898478606,528
722,A,0.012013891658737,1.2013891658737,13255
722,B,0.0586236540309919,5.86236540309919,3144
722,C,0.0694883024285532,6.94883024285532,1713
722,D,0.0469701303022581,4.69701303022581,6072
722,E,0.0669297400249768,6.69297400249768,531
723,A,0.0120116778044071,1.20116778044071,14466
723,B,0.0616876815019609,6.16876815019609,3322
723,C,0.075492266126422,7.5492266126422,1815
723,D,0.0466013176924313,4.66013176924313,6390
723,E,0.0798500512611816,7.98500512611816,449
724,A,0.0123583880272564,1.23583880272564,13645
724,B,0.0606121183515192,6.06121183515192,3340
724,C,0.0731064651452885,7.31064651452885,1763
724,D,0.0488460209531285,4.88460209531285,6089
724,E,0.082239014478029,8.2239014478029,517
725,A,0.0121794268986418,1.21794268986418,13817
725,B,0.0615699015401404,6.15699015401404,3053
725,C,0.0749962691876547,7.49962691876547,1693
725,D,0.0471342624376797,4.71342624376797,5862
725,E,0.0751184537420839,7.51184537420839,482
726,A,0.0124687285688068,1.24687285688068,12213
726,B,0.0661181683238477,6.61181683238477,2954
726,C,0.0760407932988035,7.60407932988035,1525
726,D,0.048001396984841,4.8001396984841,5831
726,E,0.08187805744582,8.187805744582,475
727,A,0.0127241744280596,1.27241744280596,14214
727,B,0.0661499407618203,6.61499407618203,3246
727,C,0.0797574306311651,7.97574306311651,1702
727,D,0.0497729397521354,4.97729397521354,6406
727,E,0.0777904091470546,7.77904091470546,585
728,A,0.0127951528554387,1.27951528554387,13752
728,B,0.0622367734569348,6.22367734569348,3158
728,C,0.0748159903168182,7.48159903168182,1734
728,D,0.0494961570726505,4.94961570726505,5743
728,E,0.0715762356084219,7.15762356084219,549
729,A,0.0121591100434126,1.21591100434126,13878
729,B,0.0612152331885853,6.12152331885853,3321
729,C,0.0714505188021461,7.14505188021461,1765
729,D,0.0456982332873307,4.56982332873307,6400
729,E,0.0754856842820521,7.54856842820521,545
730,A,0.0127909336179103,1.27909336179103,12724
730,B,0.0651032466345861,6.51032466345861,3096
730,C,0.0762158045041983,7.62158045041982,1639
730,D,0.0500116174295445,5.00116174295445,5737
730,E,0.0666766392994609,6.66766392994609,509
731,A,0.0126469525127678,1.26469525127678,13945
731,B,0.0646857555507158,6.46857555507158,3155
731,C,0.074715910040687,7.4715910040687,1653
731,D,0.0470891170098647,4.70891170098646,6312
731,E,0.0720302719092332,7.20302719092332,507
732,A,0.0124118322334668,1.24118322334668,13172
732,B,0.0704006916260805,7.04006916260805,3126
732,C,0.0796863195007975,7.96863195007975,1643
732,D,0.0500234613468264,5.00234613468264,6626
732,E,0.0854486230381996,8.54486230381996,557
733,A,0.0122502760283116,1.22502760283116,12995
733,B,0.0724730629910884,7.24730629910884,3349
733,C,0.0827766900840723,8.27766900840723,1737
733,D,0.0514160093527999,5.14160093527999,6188
733,E,0.0785909339158929,7.85909339158929,598
734,A,0.0122979137405603,1.22979137405603,15277
734,B,0.0619577110440522,6.19577110440522,3557
734,C,0.0773233457210695,7.73233457210695,1878
734,D,0.0473320316048912,4.73320316048912,6741
734,E,0.0778393739278957,7.78393739278957,454
735,A,0.012474450884388,1.2474450884388,14277
735,B,0.0701331687965599,7.01331687965599,3288
735,C,0.0795213764855116,7.95213764855116,1663
735,D,0.049016315536379,4.9016315536379,6809
735,E,0.0796212597283318,7.96212597283318,503
736,A,0.0119265478319177,1.19265478319177,13922
736,B,0.0628272790512383,6.28272790512383,3352
736,C,0.0721564705032956,7.21564705032956,1726
736,D,0.0471177137838926,4.71177137838926,6617
736,E,0.0721581434130072,7.21581434130072,560
737,A,0.0117325251293494,1.17325251293494,13514
737,B,0.0593319145883647,5.93319145883647,3221
737,C,0.0729240892341436,7.29240892341436,1685
737,D,0.0450288844525456,4.50288844525456,6708
737,E,0.0705873693508023,7.05873693508023,463
738,A,0.0124282335742146,1.24282335742146,11416
738,B,0.0667223685319275,6.67223685319275,2721
738,C,0.0753210047063638,7.53210047063638,1458
738,D,0.0483220004118091,4.83220004118091,5213
738,E,0.0721978460311129,7.21978460311129,505
739,A,0.0123748939409154,1.23748939409154,12709
739,B,0.0649483863446023,6.49483863446023,2989
739,C,0.07387500926681,7.387500926681,1557
739,D,0.0465984329646563,4.65984329646563,5953
739,E,0.0798178117109104,7.98178117109104,535
740,A,0.0118597593367255,1.18597593367255,13545
740,B,0.0627405654392938,6.27405654392938,3160
740,C,0.0762942830016568,7.62942830016568,1703
740,D,0.0457082509972178,4.57082509972178,6071
740,E,0.0644711028205705,6.44711028205705,468
741,A,0.0120732212908333,1.20732212908333,13226
741,B,0.0665588282085543,6.65588282085543,3348
741,C,0.0760056893621766,7.60056893621766,1772
741,D,0.048921986571459,4.8921986571459,6046
741,E,0.0724188744317291,7.24188744317291,513
742,A,0.0122224366197634,1.22224366197634,13893
742,B,0.0645089708798905,6.45089708798905,3261
742,C,0.0759550545642766,7.59550545642766,1656
742,D,0.0463542625017589,4.63542625017589,6554
742,E,0.0841740080425838,8.41740080425838,538
743,A,0.0124715954841465,1.24715954841465,13887
743,B,0.0635381016635773,6.35381016635773,3303
743,C,0.0740180148095387,7.40180148095387,1804
743,D,0.0469957447698407,4.69957447698407,6523
743,E,0.0721504463214941,7.21504463214941,462
744,A,0.0117613554011011,1.17613554011011,13804
744,B,0.0635354460807767,6.35354460807767,3254
744,C,0.0740306611360081,7.40306611360081,1785
744,D,0.045860971204288,4.5860971204288,6490
744,E,0.0692043769549641,6.92043769549641,591
745,A,0.0125488598524035,1.25488598524035,12427
745,B,0.0686399130371893,6.86399130371893,2908
745,C,0.0748498787534873,7.48498787534873,1587
745,D,0.0464673938839207,4.64673938839207,6276
745,E,0.0768176518740853,7.68176518740853,528
746,A,0.0130551467311317,1.30551467311317,13657
746,B,0.0678891361672682,6.78891361672682,3300
746,C,0.0801423194857904,8.01423194857904,1717
746,D,0.0493166217732065,4.93166217732065,6507
746,E,0.0735811792041824,7.35811792041824,514
747,A,0.0124114614835062,1.24114614835062,14087
747,B,0.0625931431564391,6.25931431564391,3278
747,C,0.0746959715582388,7.46959715582388,1723
747,D,0.0477396598192781,4.77396598192781,6666
747,E,0.0795993799928461,7.95993799928461,580
748,A,0.0133267383479256,1.33267383479256,12532
748,B,0.0659143087378936,6.59143087378936,3125
748,C,0.0791709193687681,7.91709193687681,1687
748,D,0.0492529150741983,4.92529150741983,5957
748,E,0.063590646798452,6.3590646798452,470
749,A,0.0125358638393966,1.25358638393966,13590
749,B,0.062125402151854,6.2125402151854,3273
749,C,0.078335417406384,7.8335417406384,1767
749,D,0.0495492967573331,4.95492967573331,6196
749,E,0.0797782227013707,7.97782227013707,512
750,A,0.011759924425407,1.1759924425407,14100
750,B,0.0600565459316999,6.00565459316999,3303
750,C,0.0743109858853531,7.43109858853531,1743
750,D,0.0462957634114976,4.62957634114976,6676
750,E,0.077735267476916,7.7735267476916,481
751,A,0.012006881055369,1.2006881055369,13726
751,B,0.0609390246289167,6.09390246289167,3278
751,C,0.0751872013927586,7.51872013927586,1788
751,D,0.0454190162198257,4.54190162198257,6662
751,E,0.0800555711336002,8.00555711336001,555
752,A,0.0126468683119524,1.26468683119524,13551
752,B,0.0669791679202821,6.69791679202821,3143
752,C,0.080293606452111,8.0293606452111,1649
752,D,0.0485584195249581,4.85584195249581,6258
752,E,0.0776555327844294,7.76555327844294,532
753,A,0.0123614154937204,1.23614154937204,12467
753,B,0.064028712407692,6.4028712407692,2888
753,C,0.0744081374743611,7.44081374743611,1544
753,D,0.0464117075389325,4.64117075389325,6199
753,E,0.0792069673241166,7.92069673241166,523
754,A,0.0118195537124618,1.18195537124618,15183
754,B,0.056497297081911,5.6497297081911,3677
754,C,0.0693830268151569,6.93830268151569,1874
754,D,0.0462838079693026,4.62838079693026,7002
754,E,0.0672498054474708,6.72498054474708,472
755,A,0.0121220589652672,1.21220589652672,15661
755,B,0.0611714918579131,6.11714918579131,3667
755,C,0.0720518958992973,7.20518958992973,1950
755,D,0.0477766307620351,4.77766307620351,7159
755,E,0.0701236768265514,7.01236768265514,519
756,A,0.0121507278046801,1.21507278046801,12917
756,B,0.0630379994175971,6.30379994175971,3137
756,C,0.073264880326852,7.3264880326852,1655
756,D,0.0484016505204994,4.84016505204994,6080
756,E,0.0741381245008284,7.41381245008284,484
757,A,0.0125000893739026,1.25000893739026,14797
757,B,0.0640678014992482,6.40678014992482,3454
757,C,0.0779515022860875,7.79515022860875,1807
757,D,0.0471891809099919,4.71891809099919,6654
757,E,0.0764142293939672,7.64142293939672,682
758,A,0.0119625846352457,1.19625846352457,13448
758,B,0.0626231372775818,6.26231372775818,3240
758,C,0.0746668657119601,7.46668657119601,1676
758,D,0.0471391982104364,4.71391982104364,6381
758,E,0.0679840464104424,6.79840464104424,480
759,A,0.0119622751021863,1.19622751021863,13960
759,B,0.0645696663130053,6.45696663130053,3322
759,C,0.0735748319649004,7.35748319649004,1747
759,D,0.0469853639490694,4.69853639490694,6433
759,E,0.0750178721200556,7.50178721200556,565
760,A,0.0126872915474941,1.26872915474941,13842
760,B,0.0648508467640243,6.48508467640243,3278
760,C,0.0772062615942139,7.72062615942139,1746
760,D,0.0480372812910259,4.80372812910259,6149
760,E,0.0728668428270395,7.28668428270395,543
761,A,0.0122493981017929,1.22493981017929,14128
761,B,0.0583425863311655,5.83425863311655,3282
761,C,0.0730059369396622,7.30059369396622,1800
761,D,0.0470105798746337,4.70105798746337,6463
761,E,0.0703101860915749,7.03101860915749,628
762,A,0.0123220050465821,1.23220050465821,12492
762,B,0.0636790566521405,6.36790566521405,3028
762,C,0.0745973927748325,7.45973927748325,1694
762,D,0.0479237138705901,4.79237138705901,5508
762,E,0.0605555220661616,6.05555220661616,413
763,A,0.0117082021645303,1.17082021645303,14256
763,B,0.0618232991945107,6.18232991945107,3324
763,C,0.0738233921044662,7.38233921044662,1780
763,D,0.0452696312088622,4.52696312088622,6059
763,E,0.0747638888888889,7.47638888888889,490
764,A,0.0121684742985145,1.21684742985145,14331
764,B,0.0653705373425584,6.53705373425584,3357
764,C,0.0724610066145848,7.24610066145847,1792
764,D,0.0473895506723207,4.73895506723207,6275
764,E,0.0694315318592775,6.94315318592775,487
765,A,0.0127642563353608,1.27642563353608,13374
765,B,0.0692,6.92,3231
765,C,0.083114924207576,8.3114924207576,1676
765,D,0.0501156247256506,5.01156247256506,6569
765,E,0.0803734933886657,8.03734933886657,482
766,A,0.0128688040436513,1.28688040436513,12120
766,B,0.0657469490135546,6.57469490135546,2848
766,C,0.0768308812162552,7.68308812162552,1558
766,D,0.0487271131571455,4.87271131571455,5447
766,E,0.0733634724436198,7.33634724436198,575
767,A,0.0116855340146967,1.16855340146967,14415
767,B,0.062090604103257,6.2090604103257,3339
767,C,0.0724075278706175,7.24075278706175,1749
767,D,0.0468574406994646,4.68574406994646,6498
767,E,0.0816235566141546,8.16235566141546,498
768,A,0.0124569005622923,1.24569005622923,12867
768,B,0.0641301636756907,6.41301636756907,3110
768,C,0.0759483981679107,7.59483981679107,1674
768,D,0.0486945288556157,4.86945288556157,5969
768,E,0.0850819479324492,8.50819479324492,495
769,A,0.0124470794567822,1.24470794567822,13108
769,B,0.0620004175684855,6.20004175684855,3202
769,C,0.0705959977310714,7.05959977310714,1683
769,D,0.0467420573751484,4.67420573751484,5789
769,E,0.0726809453893132,7.26809453893132,515
770,A,0.0120294627014193,1.20294627014193,13479
770,B,0.0643045066493542,6.43045066493542,3208
770,C,0.0744171599471073,7.44171599471073,1648
770,D,0.0476010033955264,4.76010033955264,6622
770,E,0.0863356279328972,8.63356279328972,535
771,A,0.0121869087378388,1.21869087378388,13872
771,B,0.0637369165487977,6.37369165487977,3296
771,C,0.0756208515376477,7.56208515376477,1728
771,D,0.0501344143573415,5.01344143573415,6596
771,E,0.0730387630636406,7.30387630636406,503
772,A,0.0122623125656661,1.22623125656661,13507
772,B,0.0652707312827664,6.52707312827664,3186
772,C,0.0766512997196137,7.66512997196137,1747
772,D,0.0462983752424418,4.62983752424418,6420
772,E,0.0803293318363704,8.03293318363704,545
773,A,0.0121624959606706,1.21624959606706,13069
773,B,0.063232607755916,6.32326077559159,3280
773,C,0.0743112592460685,7.43112592460685,1777
773,D,0.0485106553239686,4.85106553239686,6415
773,E,0.0716039425460497,7.16039425460497,506
774,A,0.0118307380627963,1.18307380627963,14301
774,B,0.0643344245640348,6.43344245640348,3136
774,C,0.0747547834496097,7.47547834496097,1710
774,D,0.0471979157616986,4.71979157616986,6513
774,E,0.0782821356737978,7.82821356737978,450
775,A,0.0129852160627365,1.29852160627365,13432
775,B,0.0702620194940313,7.02620194940313,3182
775,C,0.08497677305298,8.497677305298,1647
775,D,0.0497704589214032,4.97704589214032,6269
775,E,0.0902193369132537,9.02193369132537,525
776,A,0.0118918730092352,1.18918730092352,14880
776,B,0.0605354009949232,6.05354009949232,3531
776,C,0.0712989339618381,7.12989339618381,1801
776,D,0.0463039736528174,4.63039736528174,6822
776,E,0.076140959745581,7.6140959745581,521
777,A,0.0127720767624591,1.27720767624591,13297
777,B,0.0707321784135646,7.07321784135646,3129
777,C,0.0801031701026213,8.01031701026213,1606
777,D,0.0497241103967896,4.97241103967896,6345
777,E,0.0810635257437319,8.10635257437319,447
778,A,0.0128221255565933,1.28221255565933,13200
778,B,0.0672716109645042,6.72716109645042,3175
778,C,0.0789583024459173,7.89583024459173,1608
778,D,0.0488138813318674,4.88138813318674,6202
778,E,0.0806347915081219,8.06347915081219,485
779,A,0.0118479183783922,1.18479183783922,15439
779,B,0.0621864790743551,6.21864790743551,3736
779,C,0.0742720746507712,7.42720746507713,1900
779,D,0.0465962653848475,4.65962653848475,7264
779,E,0.0683618870508845,6.83618870508845,562
780,A,0.0120384029930789,1.20384029930789,14518
780,B,0.0595831852212886,5.95831852212886,3380
780,C,0.069115528948374,6.9115528948374,1841
780,D,0.0459959503013311,4.59959503013311,6735
780,E,0.0698378629627604,6.98378629627604,447
781,A,0.0125043636441356,1.25043636441356,12445
781,B,0.0633400709871469,6.33400709871469,3077
781,C,0.0737209959657733,7.37209959657733,1670
781,D,0.0497914273427396,4.97914273427396,5894
781,E,0.0684902324194201,6.84902324194201,544
782,A,0.0117437387381589,1.17437387381589,14604
782,B,0.0617081247534531,6.17081247534531,3192
782,C,0.0741957247354591,7.41957247354591,1784
782,D,0.045835065802135,4.5835065802135,6890
782,E,0.0738346503951185,7.38346503951185,522
783,A,0.0131978721046084,1.31978721046084,12458
783,B,0.0705729943443347,7.05729943443347,3012
783,C,0.0794795639518593,7.94795639518593,1666
783,D,0.0510553723758676,5.10553723758676,5516
783,E,0.0793761088113542,7.93761088113542,431
784,A,0.0118447649569993,1.18447649569993,14884
784,B,0.0609166521702325,6.09166521702325,3403
784,C,0.0717284778101526,7.17284778101526,1776
784,D,0.0462440412376695,4.62440412376695,6631
784,E,0.079076334015833,7.9076334015833,450
785,A,0.0116702582817897,1.16702582817897,14274
785,B,0.0635264160527111,6.35264160527111,3353
785,C,0.074002908184462,7.4002908184462,1771
785,D,0.0467531541364224,4.67531541364224,6292
785,E,0.0739532075815564,7.39532075815564,549
786,A,0.012987641993007,1.2987641993007,12265
786,B,0.0685827485203866,6.85827485203866,2912
786,C,0.0810678051194256,8.10678051194256,1579
786,D,0.0498105297287074,4.98105297287074,5634
786,E,0.0755817117975235,7.55817117975235,454
787,A,0.0126118019361891,1.26118019361891,12445
787,B,0.0718614793032278,7.18614793032278,2985
787,C,0.078497602459205,7.8497602459205,1589
787,D,0.0478150852993352,4.78150852993352,5985
787,E,0.0729426817415696,7.29426817415696,503
788,A,0.0129984097477135,1.29984097477135,12067
788,B,0.0737578289205487,7.37578289205487,2967
788,C,0.0839156721827863,8.39156721827863,1547
788,D,0.0504312550818975,5.04312550818975,5660
788,E,0.0697079485410821,6.97079485410821,441
789,A,0.0128411706820286,1.28411706820286,12831
789,B,0.0718829483613371,7.18829483613371,3017
789,C,0.0788149201363836,7.88149201363836,1584
789,D,0.0481023072777007,4.81023072777007,6088
789,E,0.0813540522978332,8.13540522978332,570
790,A,0.012579496043098,1.2579496043098,13314
790,B,0.0654991265868074,6.54991265868074,3209
790,C,0.0787886525638905,7.87886525638905,1636
790,D,0.0491675105811317,4.91675105811317,6193
790,E,0.072539563947565,7.2539563947565,509
791,A,0.012429691403069,1.2429691403069,15194
791,B,0.0676389975647818,6.76389975647818,3636
791,C,0.0730918274045369,7.30918274045369,1951
791,D,0.0474370390009859,4.74370390009859,6817
791,E,0.0679480565798608,6.79480565798608,447
792,A,0.01228723436075,1.228723436075,13824
792,B,0.0641935359387986,6.41935359387986,3330
792,C,0.0787916361381953,7.87916361381953,1761
792,D,0.0452952470965731,4.52952470965731,6405
792,E,0.0743895095183669,7.43895095183669,572
793,A,0.012085306539015,1.2085306539015,14127
793,B,0.0583410140754697,5.83410140754697,3418
793,C,0.0730343039121731,7.30343039121731,1799
793,D,0.0489129761745272,4.89129761745272,6083
793,E,0.0776228865748517,7.76228865748517,478
794,A,0.0123161443909825,1.23161443909825,14504
794,B,0.0663515590363678,6.63515590363678,3420
794,C,0.0774325081064043,7.74325081064043,1777
794,D,0.0478063871422829,4.78063871422829,6614
794,E,0.0784540455616654,7.84540455616654,507
795,A,0.0123976053665726,1.23976053665726,12528
795,B,0.0639946766593223,6.39946766593223,3123
795,C,0.0748337428835118,7.48337428835118,1604
795,D,0.0475667139088519,4.75667139088519,6009
795,E,0.0723404005334179,7.23404005334179,518
796,A,0.011763519364726,1.1763519364726,14915
796,B,0.0627964373859856,6.27964373859856,3512
796,C,0.0769835113471369,7.69835113471369,1868
796,D,0.0457966332102773,4.57966332102773,6431
796,E,0.079880844797001,7.9880844797001,485
797,A,0.0119854150080577,1.19854150080577,13725
797,B,0.0649749691914445,6.49749691914445,3275
797,C,0.0797602889455839,7.97602889455839,1738
797,D,0.0486868710110705,4.86868710110705,6806
797,E,0.0800957114812008,8.00957114812008,540
798,A,0.0117466973792966,1.17466973792966,13880
798,B,0.0613602759980286,6.13602759980286,3322
798,C,0.0731646643203932,7.31646643203932,1807
798,D,0.0476130198056618,4.76130198056618,6315
798,E,0.0704150502205452,7.04150502205452,476
799,A,0.0119045637678041,1.19045637678041,12525
799,B,0.0635609030121366,6.35609030121366,3004
799,C,0.0797306521538603,7.97306521538603,1631
799,D,0.0460873138313968,4.60873138313968,6001
799,E,0.0680556466568476,6.80556466568476,553
800,A,0.0117678329143142,1.17678329143142,13790
800,B,0.0664412597580373,6.64412597580373,3301
800,C,0.0721554010605939,7.21554010605939,1801
800,D,0.046736999802557,4.6736999802557,6416
800,E,0.0719253537203684,7.19253537203684,504
801,A,0.0118854289967385,1.18854289967385,12432
801,B,0.0625532958631451,6.25532958631451,2972
801,C,0.0751599291177163,7.51599291177163,1576
801,D,0.0443336620106742,4.43336620106742,5834
801,E,0.0811523865680894,8.11523865680894,431
802,A,0.0123630245872116,1.23630245872116,13260
802,B,0.0687030727721743,6.87030727721743,3195
802,C,0.0790615914386457,7.90615914386457,1713
802,D,0.0470698527780444,4.70698527780443,6150
802,E,0.0765381314071939,7.65381314071939,431
803,A,0.0126892541059532,1.26892541059532,13190
803,B,0.0676947205845084,6.76947205845084,3165
803,C,0.0783116601758076,7.83116601758076,1707
803,D,0.0520909737012963,5.20909737012963,5836
803,E,0.0686498303078614,6.86498303078614,491
804,A,0.0125813828524299,1.25813828524299,13474
804,B,0.0701364633807389,7.01364633807389,3175
804,C,0.0818392985104078,8.18392985104078,1731
804,D,0.0513367490342399,5.13367490342399,6282
804,E,0.0786614571840237,7.86614571840237,478
805,A,0.0123491960811159,1.23491960811159,12380
805,B,0.0642948585057886,6.42948585057886,2890
805,C,0.0731144276491556,7.31144276491556,1593
805,D,0.0456224688128372,4.56224688128372,5894
805,E,0.0757398030288953,7.57398030288953,562
806,A,0.0125034113495273,1.25034113495273,14430
806,B,0.0658911955185363,6.58911955185363,3377
806,C,0.0758044591057115,7.58044591057115,1797
806,D,0.0478850872703443,4.78850872703443,6782
806,E,0.0785125644460683,7.85125644460683,530
807,A,0.0128030639732387,1.28030639732387,13070
807,B,0.0672556250920548,6.72556250920548,3204
807,C,0.0780497015191379,7.80497015191379,1696
807,D,0.0499634642335203,4.99634642335203,6014
807,E,0.0819373829274819,8.19373829274819,495
808,A,0.0131916940992785,1.31916940992785,11518
808,B,0.0718982866874613,7.18982866874613,2774
808,C,0.0835786377279883,8.35786377279883,1447
808,D,0.0489638225307073,4.89638225307073,5193
808,E,0.0815721453550251,8.15721453550251,454
809,A,0.0124922682884771,1.24922682884771,12579
809,B,0.0648646146086984,6.48646146086984,3013
809,C,0.0829966203529853,8.29966203529853,1643
809,D,0.0496018234653777,4.96018234653777,5823
809,E,0.0713343092243884,7.13343092243884,506
810,A,0.0127665086791533,1.27665086791533,12323
810,B,0.063981106584679,6.3981106584679,2930
810,C,0.0779016693482753,7.79016693482753,1597
810,D,0.0475396940626307,4.75396940626307,5714
810,E,0.0763649002347834,7.63649002347834,424
811,A,0.0128148103555856,1.28148103555856,13095
811,B,0.067977375221586,6.7977375221586,3060
811,C,0.0829757149859932,8.29757149859932,1692
811,D,0.0488821107486896,4.88821107486896,5729
811,E,0.0919224077014839,9.19224077014839,478
812,A,0.0121372006883669,1.21372006883669,14613
812,B,0.0618547534319134,6.18547534319134,3274
812,C,0.0753381099758341,7.53381099758341,1821
812,D,0.0453407389618154,4.53407389618154,6254
812,E,0.0702760715736625,7.02760715736625,544
813,A,0.0119231680233645,1.19231680233645,14101
813,B,0.0597744092709387,5.97744092709387,3457
813,C,0.0714668089669577,7.14668089669577,1815
813,D,0.046819378158427,4.6819378158427,6468
813,E,0.0766048670477789,7.66048670477789,504
814,A,0.0121874127689618,1.21874127689618,14247
814,B,0.0652646555442693,6.52646555442693,3571
814,C,0.079584804425316,7.9584804425316,1846
814,D,0.0488687167825436,4.88687167825436,6503
814,E,0.0720471098713777,7.20471098713777,511
815,A,0.0121570280646682,1.21570280646682,13272
815,B,0.0589550060065378,5.89550060065378,3155
815,C,0.0734523897342355,7.34523897342355,1760
815,D,0.0473493406975979,4.73493406975979,6228
815,E,0.07960465566968,7.960465566968,572
816,A,0.0126160391817577,1.26160391817577,14395
816,B,0.0675121780601817,6.75121780601817,3438
816,C,0.0765578848315341,7.65578848315341,1795
816,D,0.0501771303343889,5.01771303343889,6682
816,E,0.0723588765546807,7.23588765546807,560
817,A,0.0128651429038585,1.28651429038585,13733
817,B,0.0643844744294519,6.43844744294519,3124
817,C,0.0795344095560708,7.95344095560708,1704
817,D,0.0485555177571072,4.85555177571072,6272
817,E,0.077425343276894,7.7425343276894,517
818,A,0.0123233174836773,1.23233174836773,13761
818,B,0.0606753725634347,6.06753725634347,3145
818,C,0.0733143869187364,7.33143869187364,1670
818,D,0.0476230022020649,4.76230022020649,6012
818,E,0.0698446978117954,6.98446978117954,489
819,A,0.0124383216726418,1.24383216726418,14696
819,B,0.0678716330414133,6.78716330414133,3315
819,C,0.0767457002652099,7.67457002652099,1802
819,D,0.0498223232251132,4.98223232251132,6824
819,E,0.0785840785042387,7.85840785042388,447
820,A,0.0126446120997246,1.26446120997246,13236
820,B,0.0660161969657449,6.60161969657449,3024
820,C,0.0731805979480013,7.31805979480013,1590
820,D,0.0459381200476197,4.59381200476197,6034
820,E,0.0780163128655556,7.80163128655556,508
821,A,0.0125019531034104,1.25019531034104,12708
821,B,0.0678767918108978,6.78767918108978,3218
821,C,0.0775510059406502,7.75510059406502,1735
821,D,0.0484140814575718,4.84140814575718,6393
821,E,0.0690780205785897,6.90780205785897,543
822,A,0.0131727016423434,1.31727016423434,11952
822,B,0.0724473133112836,7.24473133112836,2907
822,C,0.0807481838808702,8.07481838808702,1559
822,D,0.0519756900320722,5.19756900320722,5723
822,E,0.0852127659574468,8.52127659574468,422
823,A,0.0117855665985141,1.17855665985141,14283
823,B,0.0641693548387097,6.41693548387097,3211
823,C,0.0747823494560152,7.47823494560152,1659
823,D,0.0451869595225529,4.51869595225529,6696
823,E,0.0763789052356916,7.63789052356916,495
824,A,0.012047675896216,1.2047675896216,15152
824,B,0.0663817100573855,6.63817100573855,3607
824,C,0.0770779398337296,7.70779398337296,1884
824,D,0.0486091217768736,4.86091217768736,7055
824,E,0.0745899824684222,7.45899824684222,507
825,A,0.0128031013843307,1.28031013843307,13556
825,B,0.0706294483448413,7.06294483448413,3233
825,C,0.083447209919173,8.3447209919173,1676
825,D,0.0499129205036551,4.99129205036551,6255
825,E,0.0815680722199028,8.15680722199028,547
826,A,0.0127227452233312,1.27227452233312,13488
826,B,0.0653415911898198,6.53415911898198,3135
826,C,0.07587356824373,7.587356824373,1643
826,D,0.048877162197919,4.8877162197919,6022
826,E,0.0810181452263154,8.10181452263154,510
827,A,0.0118720284313882,1.18720284313882,14355
827,B,0.0590972872050668,5.90972872050668,3535
827,C,0.0720403208498766,7.20403208498766,1866
827,D,0.0470833764216614,4.70833764216614,6615
827,E,0.0710348575421163,7.10348575421163,602
828,A,0.0118779882618249,1.18779882618249,13143
828,B,0.0640629755117775,6.40629755117775,3132
828,C,0.07302809130434,7.302809130434,1679
828,D,0.047293161846309,4.7293161846309,6143
828,E,0.0704420161126443,7.04420161126443,485
829,A,0.0125509915900878,1.25509915900878,13163
829,B,0.0642545466255545,6.42545466255545,3225
829,C,0.0699608694606582,6.99608694606582,1737
829,D,0.0473010238155612,4.73010238155612,6355
829,E,0.0729147023697278,7.29147023697278,518
830,A,0.0130338840892039,1.30338840892039,12766
830,B,0.0774541585211947,7.74541585211947,2930
830,C,0.0840986924034869,8.40986924034869,1571
830,D,0.0494739828684146,4.94739828684146,5660
830,E,0.0762901965324611,7.62901965324611,457
831,A,0.0122794004890142,1.22794004890142,13978
831,B,0.0661022730459975,6.61022730459975,3369
831,C,0.0757176289362206,7.57176289362206,1765
831,D,0.0500367403009049,5.00367403009049,6077
831,E,0.0828690050473711,8.28690050473711,524
832,A,0.01259325568936,1.259325568936,11925
832,B,0.0651105431161859,6.51105431161859,2917
832,C,0.0767275217494433,7.67275217494433,1505
832,D,0.0486778507893216,4.86778507893216,5811
832,E,0.0790973775157552,7.90973775157552,405
833,A,0.0126332798712103,1.26332798712103,12350
833,B,0.070120947880347,7.0120947880347,2995
833,C,0.076253258418103,7.6253258418103,1626
833,D,0.0478015244978919,4.78015244978919,5660
833,E,0.0811722568744123,8.11722568744123,465
834,A,0.0120798745447844,1.20798745447844,12710
834,B,0.0660508544986553,6.60508544986553,3093
834,C,0.077419584400797,7.7419584400797,1685
834,D,0.049937989228814,4.9937989228814,5978
834,E,0.0722988727406602,7.22988727406602,526
835,A,0.0125759124929891,1.25759124929891,14226
835,B,0.0649516446654001,6.49516446654001,3363
835,C,0.0771083045336895,7.71083045336895,1819
835,D,0.0488353518558519,4.88353518558519,6520
835,E,0.0753796668696926,7.53796668696926,599
836,A,0.0124526772319107,1.24526772319107,12838
836,B,0.0663280284141889,6.63280284141889,3087
836,C,0.0761779377916297,7.61779377916297,1690
836,D,0.0472776365113902,4.72776365113902,6175
836,E,0.0775839454354669,7.75839454354669,484
837,A,0.0118918902451873,1.18918902451873,14342
837,B,0.0678240906253684,6.78240906253684,3399
837,C,0.0773364836124902,7.73364836124902,1845
837,D,0.0485417118816675,4.85417118816675,6637
837,E,0.0698377182048679,6.98377182048679,477
838,A,0.0129017060113752,1.29017060113752,14157
838,B,0.0638581305102221,6.38581305102221,3303
838,C,0.0726748704868679,7.26748704868679,1786
838,D,0.0483988826691856,4.83988826691856,6491
838,E,0.0630602361132491,6.30602361132491,479
839,A,0.0122809627172927,1.22809627172927,12230
839,B,0.0663355995144055,6.63355995144055,2868
839,C,0.0840343713615716,8.40343713615716,1549
839,D,0.0509758089241968,5.09758089241968,5603
839,E,0.0786669745501328,7.86669745501328,422
840,A,0.0130594849870582,1.30594849870582,13357
840,B,0.0677235843938959,6.77235843938959,3195
840,C,0.0789042060513734,7.89042060513734,1663
840,D,0.0513583211877328,5.13583211877328,6246
840,E,0.076868211481652,7.6868211481652,531
841,A,0.0133653959204226,1.33653959204226,12291
841,B,0.070510341754967,7.0510341754967,2940
841,C,0.0853717885327405,8.53717885327405,1548
841,D,0.0506613237378694,5.06613237378694,5961
841,E,0.0797154754554888,7.97154754554889,513
842,A,0.012413164727907,1.2413164727907,14461
842,B,0.0683983864996005,6.83983864996005,3321
842,C,0.0774573616116765,7.74573616116765,1781
842,D,0.0466324289159983,4.66324289159983,6315
842,E,0.0803871675080387,8.03871675080387,443
843,A,0.0119429299699661,1.19429299699661,13157
843,B,0.0627898402132593,6.27898402132593,3193
843,C,0.0745463087598671,7.45463087598671,1666
843,D,0.0456143848341856,4.56143848341856,6239
843,E,0.0740143201909359,7.40143201909359,510
844,A,0.012315770707525,1.2315770707525,13168
844,B,0.0636083117521999,6.36083117521999,3125
844,C,0.0761274176475124,7.61274176475124,1724
844,D,0.0474374493724459,4.74374493724459,5685
844,E,0.073687589207056,7.3687589207056,471
845,A,0.0130091137181788,1.30091137181788,13355
845,B,0.0684108766697828,6.84108766697828,3201
845,C,0.0819392493811098,8.19392493811098,1680
845,D,0.0498179465528699,4.98179465528699,6115
845,E,0.0760339253202366,7.60339253202366,460
846,A,0.0132079304736758,1.32079304736758,13343
846,B,0.0690638002350224,6.90638002350224,3032
846,C,0.0830427066364925,8.30427066364925,1660
846,D,0.0518617253389824,5.18617253389824,6283
846,E,0.0791748647319233,7.91748647319233,534
847,A,0.013872567063649,1.3872567063649,12973
847,B,0.0744285222419768,7.44285222419768,3037
847,C,0.0882396155486352,8.82396155486352,1600
847,D,0.0532458027749268,5.32458027749268,5651
847,E,0.0843477915685289,8.43477915685289,483
848,A,0.0125570503800827,1.25570503800827,13687
848,B,0.0653021946424935,6.53021946424935,3047
848,C,0.0779465599165534,7.79465599165534,1559
848,D,0.0479906463173933,4.79906463173933,6063
848,E,0.0844965945107559,8.44965945107559,460
849,A,0.0119850742650844,1.19850742650844,12905
849,B,0.0663247706876607,6.63247706876607,3184
849,C,0.080766931567076,8.0766931567076,1584
849,D,0.0485442838601063,4.85442838601063,6127
849,E,0.0757562202963377,7.57562202963377,526
850,A,0.0118132012587266,1.18132012587266,14606
850,B,0.0621774987462154,6.21774987462154,3481
850,C,0.0728865460282991,7.28865460282991,1882
850,D,0.0456238613768369,4.56238613768369,6731
850,E,0.0664858514511146,6.64858514511146,597
851,A,0.0125531564408962,1.25531564408962,14332
851,B,0.0697002733812685,6.97002733812685,3422
851,C,0.0806869206558118,8.06869206558118,1822
851,D,0.048412378043672,4.8412378043672,6256
851,E,0.0725922245984769,7.25922245984769,519
852,A,0.0122579712804766,1.22579712804766,13534
852,B,0.0692730034991278,6.92730034991278,3370
852,C,0.0801825833961065,8.01825833961064,1759
852,D,0.0501750083955561,5.01750083955561,6596
852,E,0.0739852997608997,7.39852997608997,524
853,A,0.0123780622603001,1.23780622603001,14493
853,B,0.069569970394339,6.9569970394339,3274
853,C,0.0788220578876917,7.88220578876917,1776
853,D,0.0480993748947389,4.80993748947389,6839
853,E,0.0752824709298908,7.52824709298908,532
854,A,0.0120533764068417,1.20533764068417,13837
854,B,0.0650908106172919,6.50908106172919,3330
854,C,0.078077258486483,7.8077258486483,1792
854,D,0.0505489476114967,5.05489476114967,6197
854,E,0.0804683916239973,8.04683916239973,498
855,A,0.0123668136194951,1.23668136194951,13150
855,B,0.0629652518192904,6.29652518192904,3221
855,C,0.0786859057134213,7.86859057134213,1743
855,D,0.0475126174228245,4.75126174228245,6195
855,E,0.0792327107521454,7.92327107521454,473
856,A,0.0124177990192381,1.24177990192381,14450
856,B,0.0624757456142298,6.24757456142298,3391
856,C,0.0740407789144425,7.40407789144425,1835
856,D,0.049933309021516,4.9933309021516,6568
856,E,0.072816074116152,7.2816074116152,511
857,A,0.0125545391411978,1.25545391411978,13891
857,B,0.0683378847861424,6.83378847861424,3269
857,C,0.0760524596685007,7.60524596685007,1702
857,D,0.0466496958147482,4.66496958147482,6321
857,E,0.0705165957352239,7.05165957352239,541
858,A,0.0125694571697435,1.25694571697435,13627
858,B,0.0651662276996472,6.51662276996472,3157
858,C,0.072770350024,7.2770350024,1689
858,D,0.0480641020654246,4.80641020654246,6145
858,E,0.0724159861609301,7.24159861609301,586
859,A,0.012206489197325,1.2206489197325,14540
859,B,0.0662579448726787,6.62579448726787,3235
859,C,0.077283453294235,7.7283453294235,1781
859,D,0.0477397323678554,4.77397323678553,6392
859,E,0.0745711435100254,7.45711435100254,578
860,A,0.0124933531518714,1.24933531518714,13844
860,B,0.0621446930649557,6.21446930649557,3352
860,C,0.0740880540628239,7.40880540628239,1761
860,D,0.0479445070925888,4.79445070925888,6449
860,E,0.0730123046622435,7.30123046622435,588
861,A,0.0123131920537912,1.23131920537912,12854
861,B,0.0700892769608475,7.00892769608475,3025
861,C,0.0772791214775151,7.72791214775151,1571
861,D,0.050563867542203,5.0563867542203,5752
861,E,0.0714023527995908,7.14023527995908,510
862,A,0.012420469834399,1.2420469834399,11795
862,B,0.0718183319130259,7.18183319130259,3092
862,C,0.0838410173932652,8.38410173932652,1612
862,D,0.0485992503656108,4.85992503656108,6134
862,E,0.0737326889176549,7.37326889176549,484
863,A,0.0127040513301059,1.27040513301059,14001
863,B,0.0652194496573377,6.52194496573377,3231
863,C,0.0804949881600054,8.04949881600054,1800
863,D,0.0510415516563099,5.10415516563099,6036
863,E,0.0763526503707773,7.63526503707773,492
864,A,0.0119659569784984,1.19659569784984,14633
864,B,0.0631926341607489,6.31926341607489,3411
864,C,0.0728222478225643,7.28222478225643,1866
864,D,0.0471793403062976,4.71793403062977,6645
864,E,0.0679183656042525,6.79183656042525,535
865,A,0.012659801717328,1.2659801717328,11822
865,B,0.0721187841421876,7.21187841421876,2870
865,C,0.0811059041479239,8.11059041479239,1530
865,D,0.0508563709669104,5.08563709669104,5279
865,E,0.0817927797026936,8.17927797026936,494
866,A,0.012833452790857,1.2833452790857,12965
866,B,0.0680850937244667,6.80850937244667,3026
866,C,0.0800316097996951,8.00316097996951,1702
866,D,0.0495940090665465,4.95940090665465,6126
866,E,0.0671962795725562,6.71962795725562,512
867,A,0.0120413241208532,1.20413241208532,13770
867,B,0.0584728916628371,5.84728916628371,3338
867,C,0.0727830214377162,7.27830214377162,1761
867,D,0.0476499500962502,4.76499500962502,6339
867,E,0.0685612872973759,6.85612872973759,511
868,A,0.0122364774185455,1.22364774185455,14543
868,B,0.062242593271163,6.2242593271163,3383
868,C,0.0717502286329486,7.17502286329486,1763
868,D,0.0510403266861175,5.10403266861175,6240
868,E,0.0681188562606222,6.81188562606222,468
869,A,0.012667369154171,1.2667369154171,13207
869,B,0.0643659624189686,6.43659624189686,3253
869,C,0.0754428252284155,7.54428252284155,1728
869,D,0.0479880796140491,4.79880796140491,6192
869,E,0.0684214067827023,6.84214067827023,527
870,A,0.013101213734402,1.3101213734402,13191
870,B,0.0683342666056753,6.83342666056754,3071
870,C,0.0846309345340389,8.46309345340389,1691
870,D,0.0498760132637934,4.98760132637934,5969
870,E,0.0755900888291081,7.55900888291081,447
871,A,0.0114154331687661,1.14154331687661,12984
871,B,0.0618611877014836,6.18611877014836,3091
871,C,0.0728032441636421,7.28032441636421,1617
871,D,0.0460567202656022,4.60567202656022,6056
871,E,0.0750941649043335,7.50941649043335,521
872,A,0.012266754735675,1.2266754735675,14451
872,B,0.0645114516636734,6.45114516636734,3503
872,C,0.0762896160137375,7.62896160137375,1940
872,D,0.0486134950318675,4.86134950318675,6630
872,E,0.0673239949477134,6.73239949477134,540
873,A,0.0138980135072571,1.38980135072571,12358
873,B,0.0702294950951202,7.02294950951202,3051
873,C,0.0839882641182765,8.39882641182765,1629
873,D,0.0522639053100115,5.22639053100115,5652
873,E,0.074130426408844,7.4130426408844,450
874,A,0.0122476834527726,1.22476834527726,13775
874,B,0.067603346339552,6.7603346339552,3317
874,C,0.0778978607641894,7.78978607641894,1781
874,D,0.0481924606369932,4.81924606369932,6338
874,E,0.0769819288184045,7.69819288184045,551
875,A,0.0121732896608528,1.21732896608528,13149
875,B,0.0658194936462023,6.58194936462024,3294
875,C,0.0799356604911224,7.99356604911224,1644
875,D,0.0474834225368812,4.74834225368812,5988
875,E,0.0839809732894255,8.39809732894255,446
876,A,0.0121733753083081,1.21733753083081,13697
876,B,0.0653148703114491,6.53148703114491,3215
876,C,0.0777142239476837,7.77142239476837,1679
876,D,0.0482079177211987,4.82079177211987,6323
876,E,0.0810367454068242,8.10367454068242,478
877,A,0.0118342449921745,1.18342449921745,14079
877,B,0.0624146938742979,6.24146938742979,3240
877,C,0.0761527916687066,7.61527916687066,1803
877,D,0.0464986721321085,4.64986721321084,6453
877,E,0.0784026364547581,7.84026364547581,468
878,A,0.0125062095024123,1.25062095024123,13808
878,B,0.0631028573125532,6.31028573125532,3256
878,C,0.0754493029140492,7.54493029140492,1802
878,D,0.0500329884735056,5.00329884735056,6095
878,E,0.0695507427310065,6.95507427310065,530
879,A,0.0121180520162776,1.21180520162776,14332
879,B,0.0694646160073611,6.94646160073611,3401
879,C,0.0774745361994071,7.74745361994071,1804
879,D,0.0489485649332197,4.89485649332197,6620
879,E,0.0736376766678557,7.36376766678557,511
880,A,0.01276011702655,1.276011702655,13438
880,B,0.062488714197134,6.2488714197134,3182
880,C,0.0785684171936578,7.85684171936578,1718
880,D,0.0480558916575758,4.80558916575758,6461
880,E,0.0766732026143791,7.66732026143791,512
881,A,0.0128762143694268,1.28762143694268,12915
881,B,0.0696459318400577,6.96459318400577,3164
881,C,0.0840874023865191,8.40874023865191,1736
881,D,0.0496011966531836,4.96011966531836,6433
881,E,0.0746570944960019,7.46570944960019,536
882,A,0.0125221489583153,1.25221489583153,13066
882,B,0.0696372965668514,6.96372965668514,3176
882,C,0.0810911162518952,8.10911162518952,1658
882,D,0.0494537084308653,4.94537084308653,6045
882,E,0.0880052112981884,8.80052112981884,563
883,A,0.0127801675934065,1.27801675934065,13890
883,B,0.0622876234181479,6.22876234181479,3113
883,C,0.0722485846592088,7.22485846592088,1649
883,D,0.0468589695933388,4.68589695933388,5997
883,E,0.0871161230168344,8.71161230168344,480
884,A,0.0131403351303504,1.31403351303504,13358
884,B,0.0705030247218529,7.05030247218528,3099
884,C,0.0792656513218964,7.92656513218964,1677
884,D,0.0510491291434317,5.10491291434317,5809
884,E,0.0792869039364675,7.92869039364675,464
885,A,0.0121720448247652,1.21720448247652,13412
885,B,0.0599839104036148,5.99839104036148,3257
885,C,0.0774055236693287,7.74055236693287,1721
885,D,0.045641060798591,4.5641060798591,5963
885,E,0.076294918241457,7.6294918241457,459
886,A,0.0117746466508647,1.17746466508647,13807
886,B,0.0601783321387391,6.01783321387391,3325
886,C,0.0708264602819363,7.08264602819363,1733
886,D,0.0456836206856819,4.56836206856819,6406
886,E,0.0761894154336765,7.61894154336765,571
887,A,0.0123852989355651,1.23852989355651,13318
887,B,0.0659289378158075,6.59289378158075,3235
887,C,0.0815231339559421,8.15231339559421,1730
887,D,0.0487994885382335,4.87994885382335,6140
887,E,0.0783546325878594,7.83546325878594,472
888,A,0.0123691688026768,1.23691688026768,13907
888,B,0.0649746174148813,6.49746174148813,3319
888,C,0.0778320571501903,7.78320571501903,1745
888,D,0.0471021344594005,4.71021344594005,5900
888,E,0.0798389228353313,7.98389228353313,451
889,A,0.012053648200709,1.2053648200709,14500
889,B,0.0606607352256189,6.06607352256189,3403
889,C,0.0734353747576665,7.34353747576665,1824
889,D,0.0475508581425272,4.75508581425272,6458
889,E,0.0720966600664776,7.20966600664776,512
890,A,0.0117515920355083,1.17515920355083,13169
890,B,0.0608073342552797,6.08073342552797,3233
890,C,0.0771438329000132,7.71438329000132,1714
890,D,0.0482637565571967,4.82637565571967,6377
890,E,0.0735410130256478,7.35410130256478,542
891,A,0.0122027644635445,1.22027644635445,13606
891,B,0.0658556214583379,6.58556214583379,3343
891,C,0.0792563617104682,7.92563617104682,1800
891,D,0.0478220849818531,4.78220849818531,6190
891,E,0.0777857674500751,7.77857674500751,515
892,A,0.0125799719791901,1.25799719791901,14182
892,B,0.0595777947394693,5.95777947394693,3406
892,C,0.0790218624409063,7.90218624409063,1805
892,D,0.0483673632695693,4.83673632695693,6233
892,E,0.0804290238799977,8.04290238799977,527
893,A,0.0130128933622502,1.30128933622502,12400
893,B,0.0707787355816979,7.0778735581698,3116
893,C,0.0820803362309181,8.20803362309181,1633
893,D,0.05112791948785,5.112791948785,5676
893,E,0.0752675286702058,7.52675286702058,521
894,A,0.0118248968916967,1.18248968916967,13415
894,B,0.0598289939990969,5.98289939990969,3159
894,C,0.0738511471987179,7.38511471987179,1662
894,D,0.0468778562918791,4.68778562918791,6000
894,E,0.0700925247953139,7.00925247953139,433
895,A,0.0118183410002824,1.18183410002824,13990
895,B,0.0617342243727226,6.17342243727226,3308
895,C,0.0728024010507337,7.28024010507337,1654
895,D,0.0462702995682605,4.62702995682605,6283
895,E,0.0774824519778886,7.74824519778886,526
896,A,0.0130374074430234,1.30374074430234,14648
896,B,0.0667162362521853,6.67162362521853,3471
896,C,0.0777132440815264,7.77132440815264,1891
896,D,0.0511571002501585,5.11571002501585,6581
896,E,0.0814779367318154,8.14779367318154,536
897,A,0.0129042030546407,1.29042030546407,13604
897,B,0.0663603245174729,6.63603245174729,3280
897,C,0.0823469184114396,8.23469184114396,1778
897,D,0.0496833027306563,4.96833027306563,6182
897,E,0.0840640061692693,8.40640061692693,439
898,A,0.0120908656790175,1.20908656790175,12923
898,B,0.0677128059391056,6.77128059391056,3056
898,C,0.0766513934997718,7.66513934997718,1703
898,D,0.0462684580672489,4.62684580672489,6201
898,E,0.0730319298224661,7.30319298224661,503
899,A,0.0122104793776952,1.22104793776952,12860
899,B,0.0676315651028509,6.76315651028509,3181
899,C,0.0785688037972861,7.85688037972862,1739
899,D,0.0502170713577663,5.02170713577663,5911
899,E,0.0810528529370531,8.10528529370531,500
900,A,0.0123865076891032,1.23865076891032,13293
900,B,0.0669311778025061,6.69311778025061,3136
900,C,0.0819605646858887,8.19605646858887,1710
900,D,0.0487762119064098,4.87762119064098,6209
900,E,0.0674961332281489,6.74961332281489,477
901,A,0.0122725129884374,1.22725129884374,12180
901,B,0.0658755332420903,6.58755332420903,2937
901,C,0.0820278261298964,8.20278261298964,1557
901,D,0.0506912415825474,5.06912415825474,5739
901,E,0.0760999490989368,7.60999490989368,548
902,A,0.0118509997132417,1.18509997132417,13362
902,B,0.0595592893067841,5.95592893067841,3240
902,C,0.0749216817189974,7.49216817189974,1671
902,D,0.0478570748834251,4.78570748834251,6596
902,E,0.0675983812972174,6.75983812972174,508
903,A,0.0120797796262761,1.20797796262761,14301
903,B,0.0634345349008412,6.34345349008412,3223
903,C,0.0745367226156981,7.45367226156981,1706
903,D,0.0452053337600549,4.52053337600549,6426
903,E,0.0731675066890673,7.31675066890673,414
904,A,0.0127170309745344,1.27170309745344,13071
904,B,0.0671413381902553,6.71413381902553,3172
904,C,0.0800071790730022,8.00071790730022,1657
904,D,0.0514176525496753,5.14176525496753,6025
904,E,0.0812683578104139,8.12683578104139,524
905,A,0.0130134106075165,1.30134106075165,13837
905,B,0.0685698479175745,6.85698479175745,3350
905,C,0.0785066486868824,7.85066486868824,1829
905,D,0.0505238988674511,5.05238988674511,6379
905,E,0.0694190782916304,6.94190782916304,529
906,A,0.0123335559931439,1.23335559931439,12856
906,B,0.0607268862015456,6.07268862015456,3109
906,C,0.0771459239219724,7.71459239219724,1641
906,D,0.0470404994671123,4.70404994671123,5899
906,E,0.0710659181583872,7.10659181583872,472
907,A,0.0126763067562545,1.26763067562545,13057
907,B,0.0672487981964822,6.72487981964822,3178
907,C,0.078092700950954,7.8092700950954,1719
907,D,0.0511017121954535,5.11017121954535,6336
907,E,0.0924943613733189,9.24943613733189,539
908,A,0.0132092833556344,1.32092833556344,13527
908,B,0.0683843644954667,6.83843644954667,3277
908,C,0.082886321701037,8.2886321701037,1758
908,D,0.0501144820710945,5.01144820710945,6217
908,E,0.0899281635443247,8.99281635443247,592
909,A,0.012448912702543,1.2448912702543,12796
909,B,0.0629912086621111,6.29912086621111,3101
909,C,0.0750621129935446,7.50621129935446,1634
909,D,0.0481069564962317,4.81069564962317,5791
909,E,0.0665738622774688,6.65738622774688,440
910,A,0.0123582757402078,1.23582757402078,12414
910,B,0.0651978352474253,6.51978352474253,3057
910,C,0.0745346879064917,7.45346879064917,1595
910,D,0.0468499546911478,4.68499546911479,5700
910,E,0.0716047500935331,7.16047500935331,442
911,A,0.0124266424186273,1.24266424186273,12810
911,B,0.068252087532114,6.8252087532114,3132
911,C,0.0832774525928378,8.32774525928378,1695
911,D,0.0503572923312422,5.03572923312422,5896
911,E,0.0779776590158746,7.79776590158746,454
912,A,0.0119702930758907,1.19702930758907,15110
912,B,0.0627130143555023,6.27130143555023,3597
912,C,0.070566876202372,7.0566876202372,1892
912,D,0.0461425914845557,4.61425914845557,7205
912,E,0.0696648925451334,6.96648925451334,513
913,A,0.0126643875523857,1.26643875523857,13454
913,B,0.0694792392819798,6.94792392819798,3212
913,C,0.0825835558479419,8.25835558479419,1757
913,D,0.0477848562420765,4.77848562420765,6284
913,E,0.0712100459543529,7.12100459543529,449
914,A,0.0122190004867714,1.22190004867714,12966
914,B,0.0658853521591941,6.58853521591941,2952
914,C,0.0785978785938773,7.85978785938773,1591
914,D,0.0466209745850521,4.66209745850521,5765
914,E,0.0797185609334486,7.97185609334486,448
915,A,0.0121695547629964,1.21695547629964,12878
915,B,0.0616364781271993,6.16364781271993,3126
915,C,0.0701347219620261,7.01347219620261,1623
915,D,0.0449909322498125,4.49909322498125,5902
915,E,0.0723031247316313,7.23031247316313,534
916,A,0.0130292864341651,1.30292864341651,13641
916,B,0.0667574809622008,6.67574809622008,3324
916,C,0.075870499358321,7.5870499358321,1684
916,D,0.0491579659696302,4.91579659696302,6219
916,E,0.0724021808851828,7.24021808851828,564
917,A,0.0120390419042416,1.20390419042416,13861
917,B,0.0613121737705685,6.13121737705685,3352
917,C,0.0710946536301228,7.10946536301228,1803
917,D,0.0445563846619655,4.45563846619655,6419
917,E,0.0707101926773936,7.07101926773936,506
918,A,0.0131206003737246,1.31206003737246,13325
918,B,0.0738724538455469,7.38724538455469,3156
918,C,0.0814670594248514,8.14670594248514,1715
918,D,0.0505020237150286,5.05020237150286,5915
918,E,0.0801069894361441,8.01069894361441,492
919,A,0.0121144428715686,1.21144428715686,12548
919,B,0.0656944890579671,6.56944890579671,3136
919,C,0.0736170531613738,7.36170531613738,1614
919,D,0.0470125360607935,4.70125360607935,6483
919,E,0.0694321206743567,6.94321206743567,596
920,A,0.0124218534522387,1.24218534522387,12996
920,B,0.0627648168078854,6.27648168078854,3033
920,C,0.0800931699801922,8.00931699801922,1569
920,D,0.0490650771396106,4.90650771396106,5886
920,E,0.091657343774972,9.1657343774972,487
921,A,0.0125636829852559,1.25636829852559,13365
921,B,0.0637030103915607,6.37030103915607,3194
921,C,0.077687895227289,7.7687895227289,1659
921,D,0.0468589051337431,4.68589051337432,6159
921,E,0.0745159742605554,7.45159742605554,477
922,A,0.0122613809643675,1.22613809643675,14042
922,B,0.0639086763839683,6.39086763839683,3228
922,C,0.0754527585953184,7.54527585953184,1690
922,D,0.0473441986953959,4.73441986953959,6246
922,E,0.0803106067552032,8.03106067552032,444
923,A,0.0121985381154346,1.21985381154346,12966
923,B,0.060287479385203,6.02874793852031,3228
923,C,0.0712613029950429,7.12613029950429,1671
923,D,0.0470318242054688,4.70318242054688,6172
923,E,0.0700880376739238,7.00880376739238,542
924,A,0.0120584693307742,1.20584693307742,14733
924,B,0.061089747745473,6.1089747745473,3547
924,C,0.0759957839028652,7.59957839028652,1925
924,D,0.0491049411012457,4.91049411012457,6846
924,E,0.0793891766386855,7.93891766386855,498
925,A,0.012053322920215,1.2053322920215,14449
925,B,0.0600206090791974,6.00206090791974,3443
925,C,0.0766894154829263,7.66894154829263,1791
925,D,0.0458139607266562,4.58139607266562,6441
925,E,0.0756363965295,7.56363965295,420
926,A,0.0126647687692441,1.26647687692441,14355
926,B,0.0608272380044619,6.08272380044619,3512
926,C,0.07213118598753,7.213118598753,1805
926,D,0.0473264960110425,4.73264960110425,6771
926,E,0.0800928836968153,8.00928836968153,606
927,A,0.0123021222957893,1.23021222957893,13401
927,B,0.0692178482428035,6.92178482428035,3130
927,C,0.0795712122784096,7.95712122784096,1638
927,D,0.0482740839749039,4.82740839749039,6485
927,E,0.0697200497742725,6.97200497742725,511
928,A,0.0125619293289113,1.25619293289113,14731
928,B,0.0648959903251075,6.48959903251075,3360
928,C,0.0744568780593376,7.44568780593376,1785
928,D,0.0491221621740077,4.91221621740077,6447
928,E,0.082538086149556,8.2538086149556,559
929,A,0.0123525137267553,1.23525137267553,14219
929,B,0.0641201562694129,6.41201562694129,3351
929,C,0.0763321892131709,7.63321892131709,1774
929,D,0.0481134299313382,4.81134299313382,6540
929,E,0.0790862712475798,7.90862712475798,436
930,A,0.0120911745892809,1.20911745892809,13986
930,B,0.0636524568937778,6.36524568937778,3212
930,C,0.0737540298215527,7.37540298215527,1695
930,D,0.047668696242201,4.7668696242201,6410
930,E,0.0756464120733262,7.56464120733262,481
931,A,0.01195376652904,1.195376652904,14344
931,B,0.0620863673917983,6.20863673917983,3239
931,C,0.0768072112917166,7.68072112917166,1832
931,D,0.0463355358429222,4.63355358429222,6452
931,E,0.0739887457184798,7.39887457184798,485
932,A,0.0125713384652405,1.25713384652405,13452
932,B,0.0680996542350132,6.80996542350132,3289
932,C,0.0774961771884167,7.74961771884167,1738
932,D,0.0489963792526525,4.89963792526525,6372
932,E,0.0777117741475781,7.77117741475781,450
933,A,0.0124823235703187,1.24823235703187,12759
933,B,0.0654888514098838,6.54888514098838,3110
933,C,0.0761828153816274,7.61828153816274,1665
933,D,0.0497234173970772,4.97234173970772,6131
933,E,0.0723396002555444,7.23396002555444,513
934,A,0.0116204034550287,1.16204034550287,14381
934,B,0.0563392794927183,5.63392794927183,3419
934,C,0.0742686336133785,7.42686336133785,1749
934,D,0.0438758240458805,4.38758240458805,6799
934,E,0.0794740509588875,7.94740509588875,536
935,A,0.0125963162564581,1.25963162564581,13434
935,B,0.0709089658330535,7.09089658330535,3194
935,C,0.0811794039571399,8.11794039571399,1702
935,D,0.0489905679393273,4.89905679393273,6249
935,E,0.0735982558450591,7.35982558450591,464
936,A,0.0120252026773957,1.20252026773957,13555
936,B,0.0653269510780276,6.53269510780276,3279
936,C,0.0740772589763126,7.40772589763125,1734
936,D,0.0490781272720891,4.90781272720891,6479
936,E,0.0706889886704927,7.06889886704927,530
937,A,0.0128846350138582,1.28846350138582,12760
937,B,0.0698908942821564,6.98908942821564,3120
937,C,0.0840173801056961,8.40173801056961,1602
937,D,0.0498062542202398,4.98062542202398,5587
937,E,0.0863951982219831,8.63951982219831,482
938,A,0.0127362907796966,1.27362907796966,12729
938,B,0.066280285340073,6.6280285340073,3063
938,C,0.0821539203502068,8.21539203502068,1623
938,D,0.0525814984158532,5.25814984158532,5873
938,E,0.0831649162977068,8.31649162977068,543
939,A,0.0122228224887085,1.22228224887085,13303
939,B,0.0657121335180986,6.57121335180986,3189
939,C,0.0784787347426264,7.84787347426264,1696
939,D,0.0477044957572219,4.77044957572219,6171
939,E,0.0799405561019736,7.99405561019736,493
940,A,0.0118131744772567,1.18131744772567,13839
940,B,0.0605362878351799,6.05362878351799,3343
940,C,0.0721971258314759,7.21971258314759,1730
940,D,0.0478734459360845,4.78734459360845,6345
940,E,0.078576031916526,7.8576031916526,496
941,A,0.0123097597103586,1.23097597103586,13614
941,B,0.0630131825718739,6.30131825718739,3376
941,C,0.0742070111546885,7.42070111546885,1835
941,D,0.0489893677293589,4.89893677293589,6547
941,E,0.072745579624952,7.2745579624952,547
942,A,0.0125238838033116,1.25238838033116,13154
942,B,0.064222879337035,6.4222879337035,3237
942,C,0.0781354169444518,7.81354169444518,1759
942,D,0.0510022925088753,5.10022925088753,5986
942,E,0.0754446192176539,7.54446192176539,519
943,A,0.012644986991033,1.2644986991033,13670
943,B,0.0687367104686988,6.87367104686988,3186
943,C,0.078306414245052,7.8306414245052,1748
943,D,0.0501254103129141,5.01254103129141,6169
943,E,0.0743283432745385,7.43283432745385,551
944,A,0.0123777366267286,1.23777366267286,15085
944,B,0.0598325086430054,5.98325086430054,3649
944,C,0.0705923826030757,7.05923826030757,1858
944,D,0.0458669617318261,4.58669617318261,6718
944,E,0.0782911281029501,7.82911281029501,557
945,A,0.012068677817015,1.2068677817015,14328
945,B,0.0687371740235797,6.87371740235797,3464
945,C,0.083494358003625,8.3494358003625,1819
945,D,0.051687467192196,5.1687467192196,6749
945,E,0.0868655701697043,8.68655701697043,558
946,A,0.0126299934275052,1.26299934275052,13266
946,B,0.0663931512151118,6.63931512151118,3123
946,C,0.0763868435778871,7.63868435778871,1621
946,D,0.0481064549616123,4.81064549616123,6512
946,E,0.0786213599053898,7.86213599053897,596
947,A,0.0124837501654133,1.24837501654133,13472
947,B,0.0634100772146246,6.34100772146246,3246
947,C,0.070746886214904,7.0746886214904,1745
947,D,0.0465293772570896,4.65293772570896,6325
947,E,0.0666238191673842,6.66238191673842,471
948,A,0.0122906357559082,1.22906357559082,14122
948,B,0.0654133402008756,6.54133402008756,3333
948,C,0.0829952888495809,8.29952888495809,1759
948,D,0.0481587111499632,4.81587111499632,6060
948,E,0.0802753577225155,8.02753577225155,516
949,A,0.0121766393805762,1.21766393805762,13808
949,B,0.0643132879493959,6.43132879493959,3325
949,C,0.0749841408942574,7.49841408942574,1791
949,D,0.0467195249233406,4.67195249233406,6351
949,E,0.0763350733842468,7.63350733842468,453
950,A,0.012568453637259,1.2568453637259,13071
950,B,0.0643485326972919,6.43485326972919,3061
950,C,0.0796875941488589,7.96875941488589,1694
950,D,0.0489730044698648,4.89730044698648,5822
950,E,0.0673052837721928,6.73052837721928,404
951,A,0.0119779433072889,1.19779433072889,12649
951,B,0.0627910667369374,6.27910667369374,3107
951,C,0.077395731403678,7.7395731403678,1660
951,D,0.0477984584981475,4.77984584981475,6062
951,E,0.0827948946463811,8.27948946463811,465
952,A,0.0121872264468753,1.21872264468753,13837
952,B,0.0638171385401302,6.38171385401302,3485
952,C,0.0780696683725795,7.80696683725795,1834
952,D,0.0491635970851068,4.91635970851068,6735
952,E,0.07848119839396,7.848119839396,482
953,A,0.0119575141222266,1.19575141222266,12766
953,B,0.0612690024949249,6.12690024949249,3172
953,C,0.0728931437719326,7.28931437719326,1655
953,D,0.047350314526654,4.7350314526654,6403
953,E,0.0756070269665436,7.56070269665436,586
954,A,0.0117068619025024,1.17068619025024,14730
954,B,0.0590100984194014,5.90100984194014,3408
954,C,0.0690853739119082,6.90853739119081,1847
954,D,0.0466425506788819,4.66425506788819,6563
954,E,0.0686560778032831,6.86560778032831,520
955,A,0.0129980594323862,1.29980594323862,12691
955,B,0.0715773343836666,7.15773343836666,3037
955,C,0.0847654451868488,8.47654451868488,1626
955,D,0.0543268443759867,5.43268443759867,5818
955,E,0.0769106435710245,7.69106435710245,418
956,A,0.01225790261897,1.225790261897,13094
956,B,0.0629098754221123,6.29098754221123,3210
956,C,0.074448928404907,7.4448928404907,1755
956,D,0.0483240245283756,4.83240245283756,6332
956,E,0.0718031227429403,7.18031227429403,520
957,A,0.0130061731977531,1.30061731977531,13431
957,B,0.0664783683643418,6.64783683643418,3133
957,C,0.0726563248497524,7.26563248497524,1730
957,D,0.0517610993258899,5.17610993258899,6291
957,E,0.0726614237138061,7.26614237138061,433
958,A,0.0126332399379771,1.26332399379771,12800
958,B,0.0662628725714763,6.62628725714763,3071
958,C,0.0753796870479397,7.53796870479397,1616
958,D,0.049055179628428,4.9055179628428,5828
958,E,0.0687624558019929,6.87624558019929,487
959,A,0.0127274421735967,1.27274421735967,13544
959,B,0.0654499306130433,6.54499306130433,3276
959,C,0.0815898670873622,8.15898670873622,1760
959,D,0.0490211650928411,4.90211650928411,5970
959,E,0.0752895633130882,7.52895633130882,509
960,A,0.012979509698001,1.29795096980011,11794
960,B,0.0733500654340851,7.33500654340851,2898
960,C,0.0863629667535045,8.63629667535045,1529
960,D,0.0527422990232908,5.27422990232908,5331
960,E,0.0835836410149104,8.35836410149104,453
961,A,0.0122414814035794,1.22414814035794,13224
961,B,0.0645918782372629,6.45918782372629,3220
961,C,0.0749114516704523,7.49114516704523,1717
961,D,0.0487300210893661,4.87300210893661,6121
961,E,0.0730267204264334,7.30267204264334,489
962,A,0.0125811528882441,1.25811528882441,12619
962,B,0.0730807173574782,7.30807173574782,3137
962,C,0.0869254761279119,8.69254761279119,1580
962,D,0.0500972546516607,5.00972546516607,6338
962,E,0.0846977035400459,8.46977035400459,441
963,A,0.0119192919753546,1.19192919753546,13496
963,B,0.0638432528321259,6.38432528321259,3086
963,C,0.0722833849347516,7.22833849347516,1671
963,D,0.0456518961556171,4.56518961556171,6514
963,E,0.0764342376298374,7.64342376298374,545
964,A,0.0131933548606486,1.31933548606486,13115
964,B,0.0752707399891503,7.52707399891503,3167
964,C,0.0818412822180399,8.18412822180398,1735
964,D,0.0512149457352755,5.12149457352755,6533
964,E,0.0784661086908054,7.84661086908054,537
965,A,0.0121368038037824,1.21368038037824,14537
965,B,0.0607264140335095,6.07264140335095,3471
965,C,0.0724087644283253,7.24087644283254,1827
965,D,0.0464104214084361,4.64104214084361,6545
965,E,0.0702768729641694,7.02768729641694,528
966,A,0.0118705805995178,1.18705805995178,12995
966,B,0.062633670593288,6.2633670593288,3227
966,C,0.0729912561620669,7.29912561620668,1681
966,D,0.048631369299197,4.8631369299197,5704
966,E,0.0695372567147742,6.95372567147742,452
967,A,0.0117922137371073,1.17922137371073,14167
967,B,0.0625558016729238,6.25558016729238,3399
967,C,0.0782222086569913,7.82222086569913,1817
967,D,0.0467673029812981,4.67673029812981,6681
967,E,0.0779926207451383,7.79926207451383,571
968,A,0.0120453539609651,1.20453539609651,14372
968,B,0.0596565940801708,5.96565940801708,3306
968,C,0.0726491098130188,7.26491098130188,1766
968,D,0.047063717222866,4.7063717222866,6338
968,E,0.0809632915028833,8.09632915028833,466
969,A,0.012995579465479,1.2995579465479,12711
969,B,0.0645436722778464,6.45436722778464,3101
969,C,0.0763030666006996,7.63030666006996,1650
969,D,0.0474573745944329,4.74573745944329,5891
969,E,0.0733295583238958,7.33295583238958,509
970,A,0.0124823181234355,1.24823181234355,13658
970,B,0.0645937599220443,6.45937599220443,3239
970,C,0.0757545727133705,7.57545727133706,1683
970,D,0.0485627316639466,4.85627316639466,6436
970,E,0.0693522841683201,6.93522841683201,501
971,A,0.0131113615224526,1.31113615224526,13767
971,B,0.0662539367037176,6.62539367037176,3195
971,C,0.0780851219195087,7.80851219195087,1703
971,D,0.0484209325123078,4.84209325123078,6398
971,E,0.0834362648221344,8.34362648221344,510
972,A,0.0119959562916014,1.19959562916014,13418
972,B,0.0625100851007107,6.25100851007107,3219
972,C,0.0725583806101977,7.25583806101977,1726
972,D,0.046190723125792,4.6190723125792,6026
972,E,0.0625328339744785,6.25328339744785,509
973,A,0.0123523178039341,1.23523178039341,13440
973,B,0.0626991288621181,6.2699128862118,3182
973,C,0.0769615444052987,7.69615444052987,1673
973,D,0.0476519623200081,4.76519623200081,5885
973,E,0.0705949151473093,7.05949151473093,505
974,A,0.0122767999500645,1.22767999500645,13929
974,B,0.0649160056017721,6.49160056017721,3411
974,C,0.0779486132539919,7.79486132539919,1813
974,D,0.0480670892773859,4.80670892773859,6212
974,E,0.0720021804741202,7.20021804741202,479
975,A,0.0120515891034642,1.20515891034642,13458
975,B,0.0584161024456748,5.84161024456747,3366
975,C,0.067957644085982,6.7957644085982,1762
975,D,0.047823979157946,4.7823979157946,6429
975,E,0.0682570193288727,6.82570193288727,498
976,A,0.0130331322885018,1.30331322885018,11670
976,B,0.0693104782804699,6.93104782804699,2833
976,C,0.0836280171135846,8.36280171135846,1463
976,D,0.0508422574960039,5.08422574960039,5330
976,E,0.0744767967642933,7.44767967642933,399
977,A,0.0132674120462331,1.32674120462331,11337
977,B,0.0726343396112285,7.26343396112285,2766
977,C,0.084441838095404,8.4441838095404,1442
977,D,0.0531892311737307,5.31892311737307,5211
977,E,0.0891509580447812,8.91509580447812,426
978,A,0.0133190832633042,1.33190832633042,12912
978,B,0.071877300460404,7.1877300460404,2975
978,C,0.080275365093732,8.0275365093732,1647
978,D,0.05061928665786,5.061928665786,5866
978,E,0.0848943728946674,8.48943728946674,537
979,A,0.0129953457053456,1.29953457053456,14016
979,B,0.0636082978473492,6.36082978473492,3422
979,C,0.0734892464029307,7.34892464029307,1864
979,D,0.0515989580751926,5.15989580751926,6150
979,E,0.0743445591327874,7.43445591327874,540
980,A,0.0120418016178917,1.20418016178917,13012
980,B,0.0634835900571105,6.34835900571105,3210
980,C,0.0753227242071941,7.53227242071941,1680
980,D,0.0474705524119794,4.74705524119794,6096
980,E,0.0847868847964799,8.47868847964799,490
981,A,0.0124106343535691,1.24106343535691,14449
981,B,0.0647859649924462,6.47859649924462,3399
981,C,0.0740775638836121,7.40775638836121,1806
981,D,0.0468957545144691,4.68957545144691,6418
981,E,0.0716863255311576,7.16863255311576,495
982,A,0.0124272237247955,1.24272237247955,12991
982,B,0.0676636994985677,6.76636994985677,3125
982,C,0.0798939297102466,7.98939297102466,1729
982,D,0.0495204117957914,4.95204117957914,5990
982,E,0.0757698757020042,7.57698757020042,491
983,A,0.0125342372022819,1.25342372022819,14558
983,B,0.0664028240860262,6.64028240860262,3352
983,C,0.0740159681391025,7.40159681391025,1785
983,D,0.0496156117295596,4.96156117295596,6161
983,E,0.0833317648239819,8.33317648239819,557
984,A,0.0127467809840838,1.27467809840838,11977
984,B,0.0702374645876039,7.02374645876039,2887
984,C,0.082158204735749,8.2158204735749,1598
984,D,0.0513942399106021,5.13942399106021,5748
984,E,0.0878330533301862,8.78330533301862,479
985,A,0.0121067612033986,1.21067612033986,14612
985,B,0.0615212444231518,6.15212444231518,3360
985,C,0.0714671412504473,7.14671412504473,1837
985,D,0.044618558551299,4.4618558551299,6992
985,E,0.0834302288437704,8.34302288437704,561
986,A,0.0125730030280983,1.25730030280983,13702
986,B,0.0659269445082721,6.59269445082721,3443
986,C,0.0759142893152999,7.59142893152999,1777
986,D,0.0481706654859568,4.81706654859568,6083
986,E,0.0748490417432397,7.48490417432397,493
987,A,0.0128526357227599,1.28526357227599,12600
987,B,0.0669102498389519,6.69102498389519,3137
987,C,0.0755094591362795,7.55094591362795,1655
987,D,0.0497899090408847,4.97899090408847,6256
987,E,0.0786923091016801,7.86923091016801,508
988,A,0.0117663301039955,1.17663301039955,14059
988,B,0.0626575069199762,6.26575069199762,3252
988,C,0.0718962737966775,7.18962737966775,1712
988,D,0.0440589753017581,4.40589753017581,6024
988,E,0.0734695729779606,7.34695729779606,418
989,A,0.0132262032508592,1.32262032508592,12644
989,B,0.0688531466275187,6.88531466275187,3083
989,C,0.0806552439654342,8.06552439654342,1667
989,D,0.0497124720233205,4.97124720233205,5673
989,E,0.0783518005540166,7.83518005540166,459
990,A,0.011883813107978,1.1883813107978,14532
990,B,0.0673500220903812,6.73500220903812,3249
990,C,0.081097031825936,8.1097031825936,1759
990,D,0.0477588849715888,4.77588849715888,6619
990,E,0.0791012619267467,7.91012619267467,556
991,A,0.0117471131134634,1.17471131134634,14897
991,B,0.0593562568373281,5.93562568373281,3601
991,C,0.070141132188811,7.0141132188811,1873
991,D,0.0466466828344907,4.66466828344907,6509
991,E,0.0674301983241127,6.74301983241127,466
992,A,0.012567849025832,1.2567849025832,13484
992,B,0.0646035713511225,6.46035713511225,3231
992,C,0.0767581376096754,7.67581376096754,1685
992,D,0.0495419374357614,4.95419374357614,6366
992,E,0.0803735528894736,8.03735528894737,483
993,A,0.0125315602005856,1.25315602005856,14118
993,B,0.068253119801654,6.8253119801654,3358
993,C,0.0799141693813615,7.99141693813615,1824
993,D,0.048655737578079,4.8655737578079,6585
993,E,0.0720712806676288,7.20712806676288,499
994,A,0.0119895719382255,1.19895719382255,14348
994,B,0.0634018719780491,6.34018719780491,3201
994,C,0.0739128259020167,7.39128259020167,1752
994,D,0.046045175813087,4.6045175813087,6266
994,E,0.0707854542628027,7.07854542628027,484
995,A,0.0123307519888416,1.23307519888416,14267
995,B,0.0620934167474416,6.20934167474416,3411
995,C,0.0725478844736048,7.25478844736048,1797
995,D,0.0485657819688868,4.85657819688868,6514
995,E,0.0669382246791757,6.69382246791757,461
996,A,0.0124314422429124,1.24314422429124,12872
996,B,0.0641933143657245,6.41933143657246,3064
996,C,0.0769601027804767,7.69601027804767,1636
996,D,0.0456792434479881,4.56792434479881,6037
996,E,0.0781592452932929,7.81592452932929,463
997,A,0.0130913356144893,1.30913356144893,12308
997,B,0.0686567674247732,6.86567674247732,3019
997,C,0.0800044164734459,8.00044164734459,1595
997,D,0.0491086511516982,4.91086511516982,5435
997,E,0.0717947178421057,7.17947178421057,402
998,A,0.0125223403818693,1.25223403818693,14260
998,B,0.0653602385012487,6.53602385012487,3454
998,C,0.075292047685163,7.5292047685163,1899
998,D,0.0490669689954822,4.90669689954822,6530
998,E,0.0789651606745148,7.89651606745148,509
999,A,0.0131637764220495,1.31637764220495,13612
999,B,0.0653069804967293,6.53069804967293,3048
999,C,0.0782515940361475,7.82515940361475,1600
999,D,0.0503501697792869,5.03501697792869,5581
999,E,0.0838939365844613,8.38939365844613,474
1000,A,0.0121359615811817,1.21359615811817,13103
1000,B,0.065303415703331,6.5303415703331,3119
1000,C,0.0769074720232519,7.69074720232519,1631
1000,D,0.0453964853863377,4.53964853863377,5978
1000,E,0.0748423862751233,7.48423862751233,520
