case_id,study,case_label,model_file,Q_server,P_air_internal,T_air_internal,T_ambient,h2,A2,h1,A1,L_pipe,A_pipe,D_h_pipe,A_res1,A_res3,q_fan_nom,dp_fan_nom,eta_fan_nom,dp_fan_max0,q_fan_max0,w_fan_ref_rpm,Q_solar,epsilon_rad,k_rad,A_rad,T_sky,G_wall,A_wall,t_wall,k_wall,m_HX,cp_HX,T_HX0,T_chamber_limit,T_server_limit,eta_motor_elec,tail_sec,stop_time_s,duct_area_scale,A1_scale,validation_group,source_case_row
map_0001,map,map_1,haps_thermal_map.slx,1100,101325,300,223.15000000000001,50,0.5,120,0.40000000000000002,2,0.01,0.10000000000000001,0.0089999999999999004,0.0060000000000000001,0.094197000000000003,65.532179999999997,0.59999999999999987,88.468442999999994,0.11774625,3000,500,1.0000000000000001e-15,5.6703744189999998e-23,0.5,223.15000000000001,20,1,1,20,1,900,300,300,330,0.84999999999999987,500,5000,1,1,map,1
map_0002,map,map_2,haps_thermal_map.slx,1100,101325,300,223.15000000000001,50,0.625,120,0.40000000000000002,2,0.01,0.10000000000000001,0.0089999999999999004,0.0060000000000000001,0.094197000000000003,65.532179999999997,0.59999999999999987,88.468442999999994,0.11774625,3000,500,1.0000000000000001e-15,5.6703744189999998e-23,0.625,223.15000000000001,20,1,1,20,1,900,300,300,330,0.84999999999999987,500,5000,1,1,map,2
map_0003,map,map_3,haps_thermal_map.slx,1100,101325,300,223.15000000000001,50,0.75,120,0.40000000000000002,2,0.01,0.10000000000000001,0.0089999999999999004,0.0060000000000000001,0.094197000000000003,65.532179999999997,0.59999999999999987,88.468442999999994,0.11774625,3000,500,1.0000000000000001e-15,5.6703744189999998e-23,0.75,223.15000000000001,20,1,1,20,1,900,300,300,330,0.84999999999999987,500,5000,1,1,map,3
map_0004,map,map_4,haps_thermal_map.slx,1100,101325,300,223.15000000000001,50,0.875,120,0.40000000000000002,2,0.01,0.10000000000000001,0.0089999999999999004,0.0060000000000000001,0.094197000000000003,65.532179999999997,0.59999999999999987,88.468442999999994,0.11774625,3000,500,1.0000000000000001e-15,5.6703744189999998e-23,0.875,223.15000000000001,20,1,1,20,1,900,300,300,330,0.84999999999999987,500,5000,1,1,map,4
map_0005,map,map_5,haps_thermal_map.slx,1100,101325,300,223.15000000000001,50,1,120,0.40000000000000002,2,0.01,0.10000000000000001,0.0089999999999999004,0.0060000000000000001,0.094197000000000003,65.532179999999997,0.59999999999999987,88.468442999999994,0.11774625,3000,500,1.0000000000000001e-15,5.6703744189999998e-23,1,223.15000000000001,20,1,1,20,1,900,300,300,330,0.84999999999999987,500,5000,1,1,map,5
map_0006,map,map_6,haps_thermal_map.slx,1100,101325,300,223.15000000000001,50,1.125,120,0.40000000000000002,2,0.01,0.10000000000000001,0.0089999999999999004,0.0060000000000000001,0.094197000000000003,65.532179999999997,0.59999999999999987,88.468442999999994,0.11774625,3000,500,1.0000000000000001e-15,5.6703744189999998e-23,1.125,223.15000000000001,20,1,1,20,1,900,300,300,330,0.84999999999999987,500,5000,1,1,map,6
map_0007,map,map_7,haps_thermal_map.slx,1100,101325,300,223.15000000000001,50,1.25,120,0.40000000000000002,2,0.01,0.10000000000000001,0.0089999999999999004,0.0060000000000000001,0.094197000000000003,65.532179999999997,0.59999999999999987,88.468442999999994,0.11774625,3000,500,1.0000000000000001e-15,5.6703744189999998e-23,1.25,223.15000000000001,20,1,1,20,1,900,300,300,330,0.84999999999999987,500,5000,1,1,map,7
map_0008,map,map_8,haps_thermal_map.slx,1100,101325,300,223.15000000000001,50,1.375,120,0.40000000000000002,2,0.01,0.10000000000000001,0.0089999999999999004,0.0060000000000000001,0.094197000000000003,65.532179999999997,0.59999999999999987,88.468442999999994,0.11774625,3000,500,1.0000000000000001e-15,5.6703744189999998e-23,1.375,223.15000000000001,20,1,1,20,1,900,300,300,330,0.84999999999999987,500,5000,1,1,map,8
map_0009,map,map_9,haps_thermal_map.slx,1100,101325,300,223.15000000000001,50,1.5,120,0.40000000000000002,2,0.01,0.10000000000000001,0.0089999999999999004,0.0060000000000000001,0.094197000000000003,65.532179999999997,0.59999999999999987,88.468442999999994,0.11774625,3000,500,1.0000000000000001e-15,5.6703744189999998e-23,1.5,223.15000000000001,20,1,1,20,1,900,300,300,330,0.84999999999999987,500,5000,1,1,map,9
map_0010,map,map_10,haps_thermal_map.slx,1100,101325,300,223.15000000000001,50,1.625,120,0.40000000000000002,2,0.01,0.10000000000000001,0.0089999999999999004,0.0060000000000000001,0.094197000000000003,65.532179999999997,0.59999999999999987,88.468442999999994,0.11774625,3000,500,1.0000000000000001e-15,5.6703744189999998e-23,1.625,223.15000000000001,20,1,1,20,1,900,300,300,330,0.84999999999999987,500,5000,1,1,map,10
map_0011,map,map_11,haps_thermal_map.slx,1100,101325,300,223.15000000000001,50,1.75,120,0.40000000000000002,2,0.01,0.10000000000000001,0.0089999999999999004,0.0060000000000000001,0.094197000000000003,65.532179999999997,0.59999999999999987,88.468442999999994,0.11774625,3000,500,1.0000000000000001e-15,5.6703744189999998e-23,1.75,223.15000000000001,20,1,1,20,1,900,300,300,330,0.84999999999999987,500,5000,1,1,map,11
map_0012,map,map_12,haps_thermal_map.slx,1100,101325,300,223.15000000000001,50,1.875,120,0.40000000000000002,2,0.01,0.10000000000000001,0.0089999999999999004,0.0060000000000000001,0.094197000000000003,65.532179999999997,0.59999999999999987,88.468442999999994,0.11774625,3000,500,1.0000000000000001e-15,5.6703744189999998e-23,1.875,223.15000000000001,20,1,1,20,1,900,300,300,330,0.84999999999999987,500,5000,1,1,map,12
map_0013,map,map_13,haps_thermal_map.slx,1100,101325,300,223.15000000000001,50,2,120,0.40000000000000002,2,0.01,0.10000000000000001,0.0089999999999999004,0.0060000000000000001,0.094197000000000003,65.532179999999997,0.59999999999999987,88.468442999999994,0.11774625,3000,500,1.0000000000000001e-15,5.6703744189999998e-23,2,223.15000000000001,20,1,1,20,1,900,300,300,330,0.84999999999999987,500,5000,1,1,map,13
map_0014,map,map_14,haps_thermal_map.slx,1100,101325,300,223.15000000000001,50,2.25,120,0.40000000000000002,2,0.01,0.10000000000000001,0.0089999999999999004,0.0060000000000000001,0.094197000000000003,65.532179999999997,0.59999999999999987,88.468442999999994,0.11774625,3000,500,1.0000000000000001e-15,5.6703744189999998e-23,2.25,223.15000000000001,20,1,1,20,1,900,300,300,330,0.84999999999999987,500,5000,1,1,map,14
map_0015,map,map_15,haps_thermal_map.slx,1100,101325,300,223.15000000000001,50,2.5,120,0.40000000000000002,2,0.01,0.10000000000000001,0.0089999999999999004,0.0060000000000000001,0.094197000000000003,65.532179999999997,0.59999999999999987,88.468442999999994,0.11774625,3000,500,1.0000000000000001e-15,5.6703744189999998e-23,2.5,223.15000000000001,20,1,1,20,1,900,300,300,330,0.84999999999999987,500,5000,1,1,map,15
map_0016,map,map_16,haps_thermal_map.slx,1100,101325,300,223.15000000000001,50,2.75,120,0.40000000000000002,2,0.01,0.10000000000000001,0.0089999999999999004,0.0060000000000000001,0.094197000000000003,65.532179999999997,0.59999999999999987,88.468442999999994,0.11774625,3000,500,1.0000000000000001e-15,5.6703744189999998e-23,2.75,223.15000000000001,20,1,1,20,1,900,300,300,330,0.84999999999999987,500,5000,1,1,map,16
map_0017,map,map_17,haps_thermal_map.slx,1100,101325,300,223.15000000000001,50,3,120,0.40000000000000002,2,0.01,0.10000000000000001,0.0089999999999999004,0.0060000000000000001,0.094197000000000003,65.532179999999997,0.59999999999999987,88.468442999999994,0.11774625,3000,500,1.0000000000000001e-15,5.6703744189999998e-23,3,223.15000000000001,20,1,1,20,1,900,300,300,330,0.84999999999999987,500,5000,1,1,map,17
map_0018,map,map_18,haps_thermal_map.slx,1100,101325,300,223.15000000000001,50,3.25,120,0.40000000000000002,2,0.01,0.10000000000000001,0.0089999999999999004,0.0060000000000000001,0.094197000000000003,65.532179999999997,0.59999999999999987,88.468442999999994,0.11774625,3000,500,1.0000000000000001e-15,5.6703744189999998e-23,3.25,223.15000000000001,20,1,1,20,1,900,300,300,330,0.84999999999999987,500,5000,1,1,map,18
map_0019,map,map_19,haps_thermal_map.slx,1100,101325,300,223.15000000000001,50,3.5,120,0.40000000000000002,2,0.01,0.10000000000000001,0.0089999999999999004,0.0060000000000000001,0.094197000000000003,65.532179999999997,0.59999999999999987,88.468442999999994,0.11774625,3000,500,1.0000000000000001e-15,5.6703744189999998e-23,3.5,223.15000000000001,20,1,1,20,1,900,300,300,330,0.84999999999999987,500,5000,1,1,map,19
map_0020,map,map_20,haps_thermal_map.slx,1100,101325,300,223.15000000000001,50,3.75,120,0.40000000000000002,2,0.01,0.10000000000000001,0.0089999999999999004,0.0060000000000000001,0.094197000000000003,65.532179999999997,0.59999999999999987,88.468442999999994,0.11774625,3000,500,1.0000000000000001e-15,5.6703744189999998e-23,3.75,223.15000000000001,20,1,1,20,1,900,300,300,330,0.84999999999999987,500,5000,1,1,map,20
map_0021,map,map_21,haps_thermal_map.slx,1100,101325,300,223.15000000000001,50,4,120,0.40000000000000002,2,0.01,0.10000000000000001,0.0089999999999999004,0.0060000000000000001,0.094197000000000003,65.532179999999997,0.59999999999999987,88.468442999999994,0.11774625,3000,500,1.0000000000000001e-15,5.6703744189999998e-23,4,223.15000000000001,20,1,1,20,1,900,300,300,330,0.84999999999999987,500,5000,1,1,map,21
map_0022,map,map_22,haps_thermal_map.slx,1100,101325,300,223.15000000000001,50,4.25,120,0.40000000000000002,2,0.01,0.10000000000000001,0.0089999999999999004,0.0060000000000000001,0.094197000000000003,65.532179999999997,0.59999999999999987,88.468442999999994,0.11774625,3000,500,1.0000000000000001e-15,5.6703744189999998e-23,4.25,223.15000000000001,20,1,1,20,1,900,300,300,330,0.84999999999999987,500,5000,1,1,map,22
map_0023,map,map_23,haps_thermal_map.slx,1100,101325,300,223.15000000000001,50,4.5,120,0.40000000000000002,2,0.01,0.10000000000000001,0.0089999999999999004,0.0060000000000000001,0.094197000000000003,65.532179999999997,0.59999999999999987,88.468442999999994,0.11774625,3000,500,1.0000000000000001e-15,5.6703744189999998e-23,4.5,223.15000000000001,20,1,1,20,1,900,300,300,330,0.84999999999999987,500,5000,1,1,map,23
map_0024,map,map_24,haps_thermal_map.slx,1100,101325,300,223.15000000000001,50,4.75,120,0.40000000000000002,2,0.01,0.10000000000000001,0.0089999999999999004,0.0060000000000000001,0.094197000000000003,65.532179999999997,0.59999999999999987,88.468442999999994,0.11774625,3000,500,1.0000000000000001e-15,5.6703744189999998e-23,4.75,223.15000000000001,20,1,1,20,1,900,300,300,330,0.84999999999999987,500,5000,1,1,map,24
map_0025,map,map_25,haps_thermal_map.slx,1100,101325,300,223.15000000000001,50,5,120,0.40000000000000002,2,0.01,0.10000000000000001,0.0089999999999999004,0.0060000000000000001,0.094197000000000003,65.532179999999997,0.59999999999999987,88.468442999999994,0.11774625,3000,500,1.0000000000000001e-15,5.6703744189999998e-23,5,223.15000000000001,20,1,1,20,1,900,300,300,330,0.84999999999999987,500,5000,1,1,map,25
map_0026,map,map_26,haps_thermal_map.slx,1100,101325,300,223.15000000000001,50,5.25,120,0.40000000000000002,2,0.01,0.10000000000000001,0.0089999999999999004,0.0060000000000000001,0.094197000000000003,65.532179999999997,0.59999999999999987,88.468442999999994,0.11774625,3000,500,1.0000000000000001e-15,5.6703744189999998e-23,5.25,223.15000000000001,20,1,1,20,1,900,300,300,330,0.84999999999999987,500,5000,1,1,map,26
map_0027,map,map_27,haps_thermal_map.slx,1100,101325,300,223.15000000000001,50,5.5,120,0.40000000000000002,2,0.01,0.10000000000000001,0.0089999999999999004,0.0060000000000000001,0.094197000000000003,65.532179999999997,0.59999999999999987,88.468442999999994,0.11774625,3000,500,1.0000000000000001e-15,5.6703744189999998e-23,5.5,223.15000000000001,20,1,1,20,1,900,300,300,330,0.84999999999999987,500,5000,1,1,map,27
map_0028,map,map_28,haps_thermal_map.slx,1100,101325,300,223.15000000000001,50,5.75,120,0.40000000000000002,2,0.01,0.10000000000000001,0.0089999999999999004,0.0060000000000000001,0.094197000000000003,65.532179999999997,0.59999999999999987,88.468442999999994,0.11774625,3000,500,1.0000000000000001e-15,5.6703744189999998e-23,5.75,223.15000000000001,20,1,1,20,1,900,300,300,330,0.84999999999999987,500,5000,1,1,map,28
map_0029,map,map_29,haps_thermal_map.slx,1100,101325,300,223.15000000000001,50,6,120,0.40000000000000002,2,0.01,0.10000000000000001,0.0089999999999999004,0.0060000000000000001,0.094197000000000003,65.532179999999997,0.59999999999999987,88.468442999999994,0.11774625,3000,500,1.0000000000000001e-15,5.6703744189999998e-23,6,223.15000000000001,20,1,1,20,1,900,300,300,330,0.84999999999999987,500,5000,1,1,map,29
map_0030,map,map_30,haps_thermal_map.slx,1100,101325,300,223.15000000000001,50,0.5,120,0.40000000000000002,2,0.01,0.10000000000000001,0.0089999999999999004,0.0060000000000000001,0.094197000000000003,65.532179999999997,0.59999999999999987,88.468442999999994,0.11774625,3000,500,1.0000000000000001e-15,5.6703744189999998e-23,0.5,223.15000000000001,25.148668593658702,1,1,25.148668593658702,1,900,300,300,330,0.84999999999999987,500,5000,1,1,map,30
map_0031,map,map_31,haps_thermal_map.slx,1100,101325,300,223.15000000000001,50,0.625,120,0.40000000000000002,2,0.01,0.10000000000000001,0.0089999999999999004,0.0060000000000000001,0.094197000000000003,65.532179999999997,0.59999999999999987,88.468442999999994,0.11774625,3000,500,1.0000000000000001e-15,5.6703744189999998e-23,0.625,223.15000000000001,25.148668593658702,1,1,25.148668593658702,1,900,300,300,330,0.84999999999999987,500,5000,1,1,map,31
map_0032,map,map_32,haps_thermal_map.slx,1100,101325,300,223.15000000000001,50,0.75,120,0.40000000000000002,2,0.01,0.10000000000000001,0.0089999999999999004,0.0060000000000000001,0.094197000000000003,65.532179999999997,0.59999999999999987,88.468442999999994,0.11774625,3000,500,1.0000000000000001e-15,5.6703744189999998e-23,0.75,223.15000000000001,25.148668593658702,1,1,25.148668593658702,1,900,300,300,330,0.84999999999999987,500,5000,1,1,map,32
map_0033,map,map_33,haps_thermal_map.slx,1100,101325,300,223.15000000000001,50,0.875,120,0.40000000000000002,2,0.01,0.10000000000000001,0.0089999999999999004,0.0060000000000000001,0.094197000000000003,65.532179999999997,0.59999999999999987,88.468442999999994,0.11774625,3000,500,1.0000000000000001e-15,5.6703744189999998e-23,0.875,223.15000000000001,25.148668593658702,1,1,25.148668593658702,1,900,300,300,330,0.84999999999999987,500,5000,1,1,map,33
map_0034,map,map_34,haps_thermal_map.slx,1100,101325,300,223.15000000000001,50,1,120,0.40000000000000002,2,0.01,0.10000000000000001,0.0089999999999999004,0.0060000000000000001,0.094197000000000003,65.532179999999997,0.59999999999999987,88.468442999999994,0.11774625,3000,500,1.0000000000000001e-15,5.6703744189999998e-23,1,223.15000000000001,25.148668593658702,1,1,25.148668593658702,1,900,300,300,330,0.84999999999999987,500,5000,1,1,map,34
map_0035,map,map_35,haps_thermal_map.slx,1100,101325,300,223.15000000000001,50,1.125,120,0.40000000000000002,2,0.01,0.10000000000000001,0.0089999999999999004,0.0060000000000000001,0.094197000000000003,65.532179999999997,0.59999999999999987,88.468442999999994,0.11774625,3000,500,1.0000000000000001e-15,5.6703744189999998e-23,1.125,223.15000000000001,25.148668593658702,1,1,25.148668593658702,1,900,300,300,330,0.84999999999999987,500,5000,1,1,map,35
map_0036,map,map_36,haps_thermal_map.slx,1100,101325,300,223.15000000000001,50,1.25,120,0.40000000000000002,2,0.01,0.10000000000000001,0.0089999999999999004,0.0060000000000000001,0.094197000000000003,65.532179999999997,0.59999999999999987,88.468442999999994,0.11774625,3000,500,1.0000000000000001e-15,5.6703744189999998e-23,1.25,223.15000000000001,25.148668593658702,1,1,25.148668593658702,1,900,300,300,330,0.84999999999999987,500,5000,1,1,map,36
map_0037,map,map_37,haps_thermal_map.slx,1100,101325,300,223.15000000000001,50,1.375,120,0.40000000000000002,2,0.01,0.10000000000000001,0.0089999999999999004,0.0060000000000000001,0.094197000000000003,65.532179999999997,0.59999999999999987,88.468442999999994,0.11774625,3000,500,1.0000000000000001e-15,5.6703744189999998e-23,1.375,223.15000000000001,25.148668593658702,1,1,25.148668593658702,1,900,300,300,330,0.84999999999999987,500,5000,1,1,map,37
map_0038,map,map_38,haps_thermal_map.slx,1100,101325,300,223.15000000000001,50,1.5,120,0.40000000000000002,2,0.01,0.10000000000000001,0.0089999999999999004,0.0060000000000000001,0.094197000000000003,65.532179999999997,0.59999999999999987,88.468442999999994,0.11774625,3000,500,1.0000000000000001e-15,5.6703744189999998e-23,1.5,223.15000000000001,25.148668593658702,1,1,25.148668593658702,1,900,300,300,330,0.84999999999999987,500,5000,1,1,map,38
map_0039,map,map_39,haps_thermal_map.slx,1100,101325,300,223.15000000000001,50,1.625,120,0.40000000000000002,2,0.01,0.10000000000000001,0.0089999999999999004,0.0060000000000000001,0.094197000000000003,65.532179999999997,0.59999999999999987,88.468442999999994,0.11774625,3000,500,1.0000000000000001e-15,5.6703744189999998e-23,1.625,223.15000000000001,25.148668593658702,1,1,25.148668593658702,1,900,300,300,330,0.84999999999999987,500,5000,1,1,map,39
map_0040,map,map_40,haps_thermal_map.slx,1100,101325,300,223.15000000000001,50,1.75,120,0.40000000000000002,2,0.01,0.10000000000000001,0.0089999999999999004,0.0060000000000000001,0.094197000000000003,65.532179999999997,0.59999999999999987,88.468442999999994,0.11774625,3000,500,1.0000000000000001e-15,5.6703744189999998e-23,1.75,223.15000000000001,25.148668593658702,1,1,25.148668593658702,1,900,300,300,330,0.84999999999999987,500,5000,1,1,map,40
map_0041,map,map_41,haps_thermal_map.slx,1100,101325,300,223.15000000000001,50,1.875,120,0.40000000000000002,2,0.01,0.10000000000000001,0.0089999999999999004,0.0060000000000000001,0.094197000000000003,65.532179999999997,0.59999999999999987,88.468442999999994,0.11774625,3000,500,1.0000000000000001e-15,5.6703744189999998e-23,1.875,223.15000000000001,25.148668593658702,1,1,25.148668593658702,1,900,300,300,330,0.84999999999999987,500,5000,1,1,map,41
map_0042,map,map_42,haps_thermal_map.slx,1100,101325,300,223.15000000000001,50,2,120,0.40000000000000002,2,0.01,0.10000000000000001,0.0089999999999999004,0.0060000000000000001,0.094197000000000003,65.532179999999997,0.59999999999999987,88.468442999999994,0.11774625,3000,500,1.0000000000000001e-15,5.6703744189999998e-23,2,223.15000000000001,25.148668593658702,1,1,25.148668593658702,1,900,300,300,330,0.84999999999999987,500,5000,1,1,map,42
map_0043,map,map_43,haps_thermal_map.slx,1100,101325,300,223.15000000000001,50,2.25,120,0.40000000000000002,2,0.01,0.10000000000000001,0.0089999999999999004,0.0060000000000000001,0.094197000000000003,65.532179999999997,0.59999999999999987,88.468442999999994,0.11774625,3000,500,1.0000000000000001e-15,5.6703744189999998e-23,2.25,223.15000000000001,25.148668593658702,1,1,25.148668593658702,1,900,300,300,330,0.84999999999999987,500,5000,1,1,map,43
map_0044,map,map_44,haps_thermal_map.slx,1100,101325,300,223.15000000000001,50,2.5,120,0.40000000000000002,2,0.01,0.10000000000000001,0.0089999999999999004,0.0060000000000000001,0.094197000000000003,65.532179999999997,0.59999999999999987,88.468442999999994,0.11774625,3000,500,1.0000000000000001e-15,5.6703744189999998e-23,2.5,223.15000000000001,25.148668593658702,1,1,25.148668593658702,1,900,300,300,330,0.84999999999999987,500,5000,1,1,map,44
map_0045,map,map_45,haps_thermal_map.slx,1100,101325,300,223.15000000000001,50,2.75,120,0.40000000000000002,2,0.01,0.10000000000000001,0.0089999999999999004,0.0060000000000000001,0.094197000000000003,65.532179999999997,0.59999999999999987,88.468442999999994,0.11774625,3000,500,1.0000000000000001e-15,5.6703744189999998e-23,2.75,223.15000000000001,25.148668593658702,1,1,25.148668593658702,1,900,300,300,330,0.84999999999999987,500,5000,1,1,map,45
map_0046,map,map_46,haps_thermal_map.slx,1100,101325,300,223.15000000000001,50,3,120,0.40000000000000002,2,0.01,0.10000000000000001,0.0089999999999999004,0.0060000000000000001,0.094197000000000003,65.532179999999997,0.59999999999999987,88.468442999999994,0.11774625,3000,500,1.0000000000000001e-15,5.6703744189999998e-23,3,223.15000000000001,25.148668593658702,1,1,25.148668593658702,1,900,300,300,330,0.84999999999999987,500,5000,1,1,map,46
map_0047,map,map_47,haps_thermal_map.slx,1100,101325,300,223.15000000000001,50,3.25,120,0.40000000000000002,2,0.01,0.10000000000000001,0.0089999999999999004,0.0060000000000000001,0.094197000000000003,65.532179999999997,0.59999999999999987,88.468442999999994,0.11774625,3000,500,1.0000000000000001e-15,5.6703744189999998e-23,3.25,223.15000000000001,25.148668593658702,1,1,25.148668593658702,1,900,300,300,330,0.84999999999999987,500,5000,1,1,map,47
map_0048,map,map_48,haps_thermal_map.slx,1100,101325,300,223.15000000000001,50,3.5,120,0.40000000000000002,2,0.01,0.10000000000000001,0.0089999999999999004,0.0060000000000000001,0.094197000000000003,65.532179999999997,0.59999999999999987,88.468442999999994,0.11774625,3000,500,1.0000000000000001e-15,5.6703744189999998e-23,3.5,223.15000000000001,25.148668593658702,1,1,25.148668593658702,1,900,300,300,330,0.84999999999999987,500,5000,1,1,map,48
map_0049,map,map_49,haps_thermal_map.slx,1100,101325,300,223.15000000000001,50,3.75,120,0.40000000000000002,2,0.01,0.10000000000000001,0.0089999999999999004,0.0060000000000000001,0.094197000000000003,65.532179999999997,0.59999999999999987,88.468442999999994,0.11774625,3000,500,1.0000000000000001e-15,5.6703744189999998e-23,3.75,223.15000000000001,25.148668593658702,1,1,25.148668593658702,1,900,300,300,330,0.84999999999999987,500,5000,1,1,map,49
map_0050,map,map_50,haps_thermal_map.slx,1100,101325,300,223.15000000000001,50,4,120,0.40000000000000002,2,0.01,0.10000000000000001,0.0089999999999999004,0.0060000000000000001,0.094197000000000003,65.532179999999997,0.59999999999999987,88.468442999999994,0.11774625,3000,500,1.0000000000000001e-15,5.6703744189999998e-23,4,223.15000000000001,25.148668593658702,1,1,25.148668593658702,1,900,300,300,330,0.84999999999999987,500,5000,1,1,map,50
map_0051,map,map_51,haps_thermal_map.slx,1100,101325,300,223.15000000000001,50,4.25,120,0.40000000000000002,2,0.01,0.10000000000000001,0.0089999999999999004,0.0060000000000000001,0.094197000000000003,65.532179999999997,0.59999999999999987,88.468442999999994,0.11774625,3000,500,1.0000000000000001e-15,5.6703744189999998e-23,4.25,223.15000000000001,25.148668593658702,1,1,25.148668593658702,1,900,300,300,330,0.84999999999999987,500,5000,1,1,map,51
map_0052,map,map_52,haps_thermal_map.slx,1100,101325,300,223.15000000000001,50,4.5,120,0.40000000000000002,2,0.01,0.10000000000000001,0.0089999999999999004,0.0060000000000000001,0.094197000000000003,65.532179999999997,0.59999999999999987,88.468442999999994,0.11774625,3000,500,1.0000000000000001e-15,5.6703744189999998e-23,4.5,223.15000000000001,25.148668593658702,1,1,25.148668593658702,1,900,300,300,330,0.84999999999999987,500,5000,1,1,map,52
map_0053,map,map_53,haps_thermal_map.slx,1100,101325,300,223.15000000000001,50,4.75,120,0.40000000000000002,2,0.01,0.10000000000000001,0.0089999999999999004,0.0060000000000000001,0.094197000000000003,65.532179999999997,0.59999999999999987,88.468442999999994,0.11774625,3000,500,1.0000000000000001e-15,5.6703744189999998e-23,4.75,223.15000000000001,25.148668593658702,1,1,25.148668593658702,1,900,300,300,330,0.84999999999999987,500,5000,1,1,map,53
map_0054,map,map_54,haps_thermal_map.slx,1100,101325,300,223.15000000000001,50,5,120,0.40000000000000002,2,0.01,0.10000000000000001,0.0089999999999999004,0.0060000000000000001,0.094197000000000003,65.532179999999997,0.59999999999999987,88.468442999999994,0.11774625,3000,500,1.0000000000000001e-15,5.6703744189999998e-23,5,223.15000000000001,25.148668593658702,1,1,25.148668593658702,1,900,300,300,330,0.84999999999999987,500,5000,1,1,map,54
map_0055,map,map_55,haps_thermal_map.slx,1100,101325,300,223.15000000000001,50,5.25,120,0.40000000000000002,2,0.01,0.10000000000000001,0.0089999999999999004,0.0060000000000000001,0.094197000000000003,65.532179999999997,0.59999999999999987,88.468442999999994,0.11774625,3000,500,1.0000000000000001e-15,5.6703744189999998e-23,5.25,223.15000000000001,25.148668593658702,1,1,25.148668593658702,1,900,300,300,330,0.84999999999999987,500,5000,1,1,map,55
map_0056,map,map_56,haps_thermal_map.slx,1100,101325,300,223.15000000000001,50,5.5,120,0.40000000000000002,2,0.01,0.10000000000000001,0.0089999999999999004,0.0060000000000000001,0.094197000000000003,65.532179999999997,0.59999999999999987,88.468442999999994,0.11774625,3000,500,1.0000000000000001e-15,5.6703744189999998e-23,5.5,223.15000000000001,25.148668593658702,1,1,25.148668593658702,1,900,300,300,330,0.84999999999999987,500,5000,1,1,map,56
map_0057,map,map_57,haps_thermal_map.slx,1100,101325,300,223.15000000000001,50,5.75,120,0.40000000000000002,2,0.01,0.10000000000000001,0.0089999999999999004,0.0060000000000000001,0.094197000000000003,65.532179999999997,0.59999999999999987,88.468442999999994,0.11774625,3000,500,1.0000000000000001e-15,5.6703744189999998e-23,5.75,223.15000000000001,25.148668593658702,1,1,25.148668593658702,1,900,300,300,330,0.84999999999999987,500,5000,1,1,map,57
map_0058,map,map_58,haps_thermal_map.slx,1100,101325,300,223.15000000000001,50,6,120,0.40000000000000002,2,0.01,0.10000000000000001,0.0089999999999999004,0.0060000000000000001,0.094197000000000003,65.532179999999997,0.59999999999999987,88.468442999999994,0.11774625,3000,500,1.0000000000000001e-15,5.6703744189999998e-23,6,223.15000000000001,25.148668593658702,1,1,25.148668593658702,1,900,300,300,330,0.84999999999999987,500,5000,1,1,map,58
map_0059,map,map_59,haps_thermal_map.slx,1100,101325,300,223.15000000000001,50,0.5,120,0.40000000000000002,2,0.01,0.10000000000000001,0.0089999999999999004,0.0060000000000000001,0.094197000000000003,65.532179999999997,0.59999999999999987,88.468442999999994,0.11774625,3000,500,1.0000000000000001e-15,5.6703744189999998e-23,0.5,223.15000000000001,31.6227766016838,1,1,31.6227766016838,1,900,300,300,330,0.84999999999999987,500,5000,1,1,map,59
map_0060,map,map_60,haps_thermal_map.slx,1100,101325,300,223.15000000000001,50,0.625,120,0.40000000000000002,2,0.01,0.10000000000000001,0.0089999999999999004,0.0060000000000000001,0.094197000000000003,65.532179999999997,0.59999999999999987,88.468442999999994,0.11774625,3000,500,1.0000000000000001e-15,5.6703744189999998e-23,0.625,223.15000000000001,31.6227766016838,1,1,31.6227766016838,1,900,300,300,330,0.84999999999999987,500,5000,1,1,map,60
map_0061,map,map_61,haps_thermal_map.slx,1100,101325,300,223.15000000000001,50,0.75,120,0.40000000000000002,2,0.01,0.10000000000000001,0.0089999999999999004,0.0060000000000000001,0.094197000000000003,65.532179999999997,0.59999999999999987,88.468442999999994,0.11774625,3000,500,1.0000000000000001e-15,5.6703744189999998e-23,0.75,223.15000000000001,31.6227766016838,1,1,31.6227766016838,1,900,300,300,330,0.84999999999999987,500,5000,1,1,map,61
map_0062,map,map_62,haps_thermal_map.slx,1100,101325,300,223.15000000000001,50,0.875,120,0.40000000000000002,2,0.01,0.10000000000000001,0.0089999999999999004,0.0060000000000000001,0.094197000000000003,65.532179999999997,0.59999999999999987,88.468442999999994,0.11774625,3000,500,1.0000000000000001e-15,5.6703744189999998e-23,0.875,223.15000000000001,31.6227766016838,1,1,31.6227766016838,1,900,300,300,330,0.84999999999999987,500,5000,1,1,map,62
map_0063,map,map_63,haps_thermal_map.slx,1100,101325,300,223.15000000000001,50,1,120,0.40000000000000002,2,0.01,0.10000000000000001,0.0089999999999999004,0.0060000000000000001,0.094197000000000003,65.532179999999997,0.59999999999999987,88.468442999999994,0.11774625,3000,500,1.0000000000000001e-15,5.6703744189999998e-23,1,223.15000000000001,31.6227766016838,1,1,31.6227766016838,1,900,300,300,330,0.84999999999999987,500,5000,1,1,map,63
map_0064,map,map_64,haps_thermal_map.slx,1100,101325,300,223.15000000000001,50,1.125,120,0.40000000000000002,2,0.01,0.10000000000000001,0.0089999999999999004,0.0060000000000000001,0.094197000000000003,65.532179999999997,0.59999999999999987,88.468442999999994,0.11774625,3000,500,1.0000000000000001e-15,5.6703744189999998e-23,1.125,223.15000000000001,31.6227766016838,1,1,31.6227766016838,1,900,300,300,330,0.84999999999999987,500,5000,1,1,map,64
map_0065,map,map_65,haps_thermal_map.slx,1100,101325,300,223.15000000000001,50,1.25,120,0.40000000000000002,2,0.01,0.10000000000000001,0.0089999999999999004,0.0060000000000000001,0.094197000000000003,65.532179999999997,0.59999999999999987,88.468442999999994,0.11774625,3000,500,1.0000000000000001e-15,5.6703744189999998e-23,1.25,223.15000000000001,31.6227766016838,1,1,31.6227766016838,1,900,300,300,330,0.84999999999999987,500,5000,1,1,map,65
map_0066,map,map_66,haps_thermal_map.slx,1100,101325,300,223.15000000000001,50,1.375,120,0.40000000000000002,2,0.01,0.10000000000000001,0.0089999999999999004,0.0060000000000000001,0.094197000000000003,65.532179999999997,0.59999999999999987,88.468442999999994,0.11774625,3000,500,1.0000000000000001e-15,5.6703744189999998e-23,1.375,223.15000000000001,31.6227766016838,1,1,31.6227766016838,1,900,300,300,330,0.84999999999999987,500,5000,1,1,map,66
map_0067,map,map_67,haps_thermal_map.slx,1100,101325,300,223.15000000000001,50,1.5,120,0.40000000000000002,2,0.01,0.10000000000000001,0.0089999999999999004,0.0060000000000000001,0.094197000000000003,65.532179999999997,0.59999999999999987,88.468442999999994,0.11774625,3000,500,1.0000000000000001e-15,5.6703744189999998e-23,1.5,223.15000000000001,31.6227766016838,1,1,31.6227766016838,1,900,300,300,330,0.84999999999999987,500,5000,1,1,map,67
map_0068,map,map_68,haps_thermal_map.slx,1100,101325,300,223.15000000000001,50,1.625,120,0.40000000000000002,2,0.01,0.10000000000000001,0.0089999999999999004,0.0060000000000000001,0.094197000000000003,65.532179999999997,0.59999999999999987,88.468442999999994,0.11774625,3000,500,1.0000000000000001e-15,5.6703744189999998e-23,1.625,223.15000000000001,31.6227766016838,1,1,31.6227766016838,1,900,300,300,330,0.84999999999999987,500,5000,1,1,map,68
map_0069,map,map_69,haps_thermal_map.slx,1100,101325,300,223.15000000000001,50,1.75,120,0.40000000000000002,2,0.01,0.10000000000000001,0.0089999999999999004,0.0060000000000000001,0.094197000000000003,65.532179999999997,0.59999999999999987,88.468442999999994,0.11774625,3000,500,1.0000000000000001e-15,5.6703744189999998e-23,1.75,223.15000000000001,31.6227766016838,1,1,31.6227766016838,1,900,300,300,330,0.84999999999999987,500,5000,1,1,map,69
map_0070,map,map_70,haps_thermal_map.slx,1100,101325,300,223.15000000000001,50,1.875,120,0.40000000000000002,2,0.01,0.10000000000000001,0.0089999999999999004,0.0060000000000000001,0.094197000000000003,65.532179999999997,0.59999999999999987,88.468442999999994,0.11774625,3000,500,1.0000000000000001e-15,5.6703744189999998e-23,1.875,223.15000000000001,31.6227766016838,1,1,31.6227766016838,1,900,300,300,330,0.84999999999999987,500,5000,1,1,map,70
map_0071,map,map_71,haps_thermal_map.slx,1100,101325,300,223.15000000000001,50,2,120,0.40000000000000002,2,0.01,0.10000000000000001,0.0089999999999999004,0.0060000000000000001,0.094197000000000003,65.532179999999997,0.59999999999999987,88.468442999999994,0.11774625,3000,500,1.0000000000000001e-15,5.6703744189999998e-23,2,223.15000000000001,31.6227766016838,1,1,31.6227766016838,1,900,300,300,330,0.84999999999999987,500,5000,1,1,map,71
map_0072,map,map_72,haps_thermal_map.slx,1100,101325,300,223.15000000000001,50,2.25,120,0.40000000000000002,2,0.01,0.10000000000000001,0.0089999999999999004,0.0060000000000000001,0.094197000000000003,65.532179999999997,0.59999999999999987,88.468442999999994,0.11774625,3000,500,1.0000000000000001e-15,5.6703744189999998e-23,2.25,223.15000000000001,31.6227766016838,1,1,31.6227766016838,1,900,300,300,330,0.84999999999999987,500,5000,1,1,map,72
map_0073,map,map_73,haps_thermal_map.slx,1100,101325,300,223.15000000000001,50,2.5,120,0.40000000000000002,2,0.01,0.10000000000000001,0.0089999999999999004,0.0060000000000000001,0.094197000000000003,65.532179999999997,0.59999999999999987,88.468442999999994,0.11774625,3000,500,1.0000000000000001e-15,5.6703744189999998e-23,2.5,223.15000000000001,31.6227766016838,1,1,31.6227766016838,1,900,300,300,330,0.84999999999999987,500,5000,1,1,map,73
map_0074,map,map_74,haps_thermal_map.slx,1100,101325,300,223.15000000000001,50,2.75,120,0.40000000000000002,2,0.01,0.10000000000000001,0.0089999999999999004,0.0060000000000000001,0.094197000000000003,65.532179999999997,0.59999999999999987,88.468442999999994,0.11774625,3000,500,1.0000000000000001e-15,5.6703744189999998e-23,2.75,223.15000000000001,31.6227766016838,1,1,31.6227766016838,1,900,300,300,330,0.84999999999999987,500,5000,1,1,map,74
map_0075,map,map_75,haps_thermal_map.slx,1100,101325,300,223.15000000000001,50,3,120,0.40000000000000002,2,0.01,0.10000000000000001,0.0089999999999999004,0.0060000000000000001,0.094197000000000003,65.532179999999997,0.59999999999999987,88.468442999999994,0.11774625,3000,500,1.0000000000000001e-15,5.6703744189999998e-23,3,223.15000000000001,31.6227766016838,1,1,31.6227766016838,1,900,300,300,330,0.84999999999999987,500,5000,1,1,map,75
map_0076,map,map_76,haps_thermal_map.slx,1100,101325,300,223.15000000000001,50,3.25,120,0.40000000000000002,2,0.01,0.10000000000000001,0.0089999999999999004,0.0060000000000000001,0.094197000000000003,65.532179999999997,0.59999999999999987,88.468442999999994,0.11774625,3000,500,1.0000000000000001e-15,5.6703744189999998e-23,3.25,223.15000000000001,31.6227766016838,1,1,31.6227766016838,1,900,300,300,330,0.84999999999999987,500,5000,1,1,map,76
map_0077,map,map_77,haps_thermal_map.slx,1100,101325,300,223.15000000000001,50,3.5,120,0.40000000000000002,2,0.01,0.10000000000000001,0.0089999999999999004,0.0060000000000000001,0.094197000000000003,65.532179999999997,0.59999999999999987,88.468442999999994,0.11774625,3000,500,1.0000000000000001e-15,5.6703744189999998e-23,3.5,223.15000000000001,31.6227766016838,1,1,31.6227766016838,1,900,300,300,330,0.84999999999999987,500,5000,1,1,map,77
map_0078,map,map_78,haps_thermal_map.slx,1100,101325,300,223.15000000000001,50,3.75,120,0.40000000000000002,2,0.01,0.10000000000000001,0.0089999999999999004,0.0060000000000000001,0.094197000000000003,65.532179999999997,0.59999999999999987,88.468442999999994,0.11774625,3000,500,1.0000000000000001e-15,5.6703744189999998e-23,3.75,223.15000000000001,31.6227766016838,1,1,31.6227766016838,1,900,300,300,330,0.84999999999999987,500,5000,1,1,map,78
map_0079,map,map_79,haps_thermal_map.slx,1100,101325,300,223.15000000000001,50,4,120,0.40000000000000002,2,0.01,0.10000000000000001,0.0089999999999999004,0.0060000000000000001,0.094197000000000003,65.532179999999997,0.59999999999999987,88.468442999999994,0.11774625,3000,500,1.0000000000000001e-15,5.6703744189999998e-23,4,223.15000000000001,31.6227766016838,1,1,31.6227766016838,1,900,300,300,330,0.84999999999999987,500,5000,1,1,map,79
map_0080,map,map_80,haps_thermal_map.slx,1100,101325,300,223.15000000000001,50,4.25,120,0.40000000000000002,2,0.01,0.10000000000000001,0.0089999999999999004,0.0060000000000000001,0.094197000000000003,65.532179999999997,0.59999999999999987,88.468442999999994,0.11774625,3000,500,1.0000000000000001e-15,5.6703744189999998e-23,4.25,223.15000000000001,31.6227766016838,1,1,31.6227766016838,1,900,300,300,330,0.84999999999999987,500,5000,1,1,map,80
map_0081,map,map_81,haps_thermal_map.slx,1100,101325,300,223.15000000000001,50,4.5,120,0.40000000000000002,2,0.01,0.10000000000000001,0.0089999999999999004,0.0060000000000000001,0.094197000000000003,65.532179999999997,0.59999999999999987,88.468442999999994,0.11774625,3000,500,1.0000000000000001e-15,5.6703744189999998e-23,4.5,223.15000000000001,31.6227766016838,1,1,31.6227766016838,1,900,300,300,330,0.84999999999999987,500,5000,1,1,map,81
map_0082,map,map_82,haps_thermal_map.slx,1100,101325,300,223.15000000000001,50,4.75,120,0.40000000000000002,2,0.01,0.10000000000000001,0.0089999999999999004,0.0060000000000000001,0.094197000000000003,65.532179999999997,0.59999999999999987,88.468442999999994,0.11774625,3000,500,1.0000000000000001e-15,5.6703744189999998e-23,4.75,223.15000000000001,31.6227766016838,1,1,31.6227766016838,1,900,300,300,330,0.84999999999999987,500,5000,1,1,map,82
map_0083,map,map_83,haps_thermal_map.slx,1100,101325,300,223.15000000000001,50,5,120,0.40000000000000002,2,0.01,0.10000000000000001,0.0089999999999999004,0.0060000000000000001,0.094197000000000003,65.532179999999997,0.59999999999999987,88.468442999999994,0.11774625,3000,500,1.0000000000000001e-15,5.6703744189999998e-23,5,223.15000000000001,31.6227766016838,1,1,31.6227766016838,1,900,300,300,330,0.84999999999999987,500,5000,1,1,map,83
map_0084,map,map_84,haps_thermal_map.slx,1100,101325,300,223.15000000000001,50,5.25,120,0.40000000000000002,2,0.01,0.10000000000000001,0.0089999999999999004,0.0060000000000000001,0.094197000000000003,65.532179999999997,0.59999999999999987,88.468442999999994,0.11774625,3000,500,1.0000000000000001e-15,5.6703744189999998e-23,5.25,223.15000000000001,31.6227766016838,1,1,31.6227766016838,1,900,300,300,330,0.84999999999999987,500,5000,1,1,map,84
map_0085,map,map_85,haps_thermal_map.slx,1100,101325,300,223.15000000000001,50,5.5,120,0.40000000000000002,2,0.01,0.10000000000000001,0.0089999999999999004,0.0060000000000000001,0.094197000000000003,65.532179999999997,0.59999999999999987,88.468442999999994,0.11774625,3000,500,1.0000000000000001e-15,5.6703744189999998e-23,5.5,223.15000000000001,31.6227766016838,1,1,31.6227766016838,1,900,300,300,330,0.84999999999999987,500,5000,1,1,map,85
map_0086,map,map_86,haps_thermal_map.slx,1100,101325,300,223.15000000000001,50,5.75,120,0.40000000000000002,2,0.01,0.10000000000000001,0.0089999999999999004,0.0060000000000000001,0.094197000000000003,65.532179999999997,0.59999999999999987,88.468442999999994,0.11774625,3000,500,1.0000000000000001e-15,5.6703744189999998e-23,5.75,223.15000000000001,31.6227766016838,1,1,31.6227766016838,1,900,300,300,330,0.84999999999999987,500,5000,1,1,map,86
map_0087,map,map_87,haps_thermal_map.slx,1100,101325,300,223.15000000000001,50,6,120,0.40000000000000002,2,0.01,0.10000000000000001,0.0089999999999999004,0.0060000000000000001,0.094197000000000003,65.532179999999997,0.59999999999999987,88.468442999999994,0.11774625,3000,500,1.0000000000000001e-15,5.6703744189999998e-23,6,223.15000000000001,31.6227766016838,1,1,31.6227766016838,1,900,300,300,330,0.84999999999999987,500,5000,1,1,map,87
map_0088,map,map_88,haps_thermal_map.slx,1100,101325,300,223.15000000000001,50,0.5,120,0.40000000000000002,2,0.01,0.10000000000000001,0.0089999999999999004,0.0060000000000000001,0.094197000000000003,65.532179999999997,0.59999999999999987,88.468442999999994,0.11774625,3000,500,1.0000000000000001e-15,5.6703744189999998e-23,0.5,223.15000000000001,39.763536438352503,1,1,39.763536438352503,1,900,300,300,330,0.84999999999999987,500,5000,1,1,map,88
map_0089,map,map_89,haps_thermal_map.slx,1100,101325,300,223.15000000000001,50,0.625,120,0.40000000000000002,2,0.01,0.10000000000000001,0.0089999999999999004,0.0060000000000000001,0.094197000000000003,65.532179999999997,0.59999999999999987,88.468442999999994,0.11774625,3000,500,1.0000000000000001e-15,5.6703744189999998e-23,0.625,223.15000000000001,39.763536438352503,1,1,39.763536438352503,1,900,300,300,330,0.84999999999999987,500,5000,1,1,map,89
map_0090,map,map_90,haps_thermal_map.slx,1100,101325,300,223.15000000000001,50,0.75,120,0.40000000000000002,2,0.01,0.10000000000000001,0.0089999999999999004,0.0060000000000000001,0.094197000000000003,65.532179999999997,0.59999999999999987,88.468442999999994,0.11774625,3000,500,1.0000000000000001e-15,5.6703744189999998e-23,0.75,223.15000000000001,39.763536438352503,1,1,39.763536438352503,1,900,300,300,330,0.84999999999999987,500,5000,1,1,map,90
map_0091,map,map_91,haps_thermal_map.slx,1100,101325,300,223.15000000000001,50,0.875,120,0.40000000000000002,2,0.01,0.10000000000000001,0.0089999999999999004,0.0060000000000000001,0.094197000000000003,65.532179999999997,0.59999999999999987,88.468442999999994,0.11774625,3000,500,1.0000000000000001e-15,5.6703744189999998e-23,0.875,223.15000000000001,39.763536438352503,1,1,39.763536438352503,1,900,300,300,330,0.84999999999999987,500,5000,1,1,map,91
map_0092,map,map_92,haps_thermal_map.slx,1100,101325,300,223.15000000000001,50,1,120,0.40000000000000002,2,0.01,0.10000000000000001,0.0089999999999999004,0.0060000000000000001,0.094197000000000003,65.532179999999997,0.59999999999999987,88.468442999999994,0.11774625,3000,500,1.0000000000000001e-15,5.6703744189999998e-23,1,223.15000000000001,39.763536438352503,1,1,39.763536438352503,1,900,300,300,330,0.84999999999999987,500,5000,1,1,map,92
map_0093,map,map_93,haps_thermal_map.slx,1100,101325,300,223.15000000000001,50,1.125,120,0.40000000000000002,2,0.01,0.10000000000000001,0.0089999999999999004,0.0060000000000000001,0.094197000000000003,65.532179999999997,0.59999999999999987,88.468442999999994,0.11774625,3000,500,1.0000000000000001e-15,5.6703744189999998e-23,1.125,223.15000000000001,39.763536438352503,1,1,39.763536438352503,1,900,300,300,330,0.84999999999999987,500,5000,1,1,map,93
map_0094,map,map_94,haps_thermal_map.slx,1100,101325,300,223.15000000000001,50,1.25,120,0.40000000000000002,2,0.01,0.10000000000000001,0.0089999999999999004,0.0060000000000000001,0.094197000000000003,65.532179999999997,0.59999999999999987,88.468442999999994,0.11774625,3000,500,1.0000000000000001e-15,5.6703744189999998e-23,1.25,223.15000000000001,39.763536438352503,1,1,39.763536438352503,1,900,300,300,330,0.84999999999999987,500,5000,1,1,map,94
map_0095,map,map_95,haps_thermal_map.slx,1100,101325,300,223.15000000000001,50,1.375,120,0.40000000000000002,2,0.01,0.10000000000000001,0.0089999999999999004,0.0060000000000000001,0.094197000000000003,65.532179999999997,0.59999999999999987,88.468442999999994,0.11774625,3000,500,1.0000000000000001e-15,5.6703744189999998e-23,1.375,223.15000000000001,39.763536438352503,1,1,39.763536438352503,1,900,300,300,330,0.84999999999999987,500,5000,1,1,map,95
map_0096,map,map_96,haps_thermal_map.slx,1100,101325,300,223.15000000000001,50,1.5,120,0.40000000000000002,2,0.01,0.10000000000000001,0.0089999999999999004,0.0060000000000000001,0.094197000000000003,65.532179999999997,0.59999999999999987,88.468442999999994,0.11774625,3000,500,1.0000000000000001e-15,5.6703744189999998e-23,1.5,223.15000000000001,39.763536438352503,1,1,39.763536438352503,1,900,300,300,330,0.84999999999999987,500,5000,1,1,map,96
map_0097,map,map_97,haps_thermal_map.slx,1100,101325,300,223.15000000000001,50,1.625,120,0.40000000000000002,2,0.01,0.10000000000000001,0.0089999999999999004,0.0060000000000000001,0.094197000000000003,65.532179999999997,0.59999999999999987,88.468442999999994,0.11774625,3000,500,1.0000000000000001e-15,5.6703744189999998e-23,1.625,223.15000000000001,39.763536438352503,1,1,39.763536438352503,1,900,300,300,330,0.84999999999999987,500,5000,1,1,map,97
map_0098,map,map_98,haps_thermal_map.slx,1100,101325,300,223.15000000000001,50,1.75,120,0.40000000000000002,2,0.01,0.10000000000000001,0.0089999999999999004,0.0060000000000000001,0.094197000000000003,65.532179999999997,0.59999999999999987,88.468442999999994,0.11774625,3000,500,1.0000000000000001e-15,5.6703744189999998e-23,1.75,223.15000000000001,39.763536438352503,1,1,39.763536438352503,1,900,300,300,330,0.84999999999999987,500,5000,1,1,map,98
map_0099,map,map_99,haps_thermal_map.slx,1100,101325,300,223.15000000000001,50,1.875,120,0.40000000000000002,2,0.01,0.10000000000000001,0.0089999999999999004,0.0060000000000000001,0.094197000000000003,65.532179999999997,0.59999999999999987,88.468442999999994,0.11774625,3000,500,1.0000000000000001e-15,5.6703744189999998e-23,1.875,223.15000000000001,39.763536438352503,1,1,39.763536438352503,1,900,300,300,330,0.84999999999999987,500,5000,1,1,map,99
map_0100,map,map_100,haps_thermal_map.slx,1100,101325,300,223.15000000000001,50,2,120,0.40000000000000002,2,0.01,0.10000000000000001,0.0089999999999999004,0.0060000000000000001,0.094197000000000003,65.532179999999997,0.59999999999999987,88.468442999999994,0.11774625,3000,500,1.0000000000000001e-15,5.6703744189999998e-23,2,223.15000000000001,39.763536438352503,1,1,39.763536438352503,1,900,300,300,330,0.84999999999999987,500,5000,1,1,map,100
map_0101,map,map_101,haps_thermal_map.slx,1100,101325,300,223.15000000000001,50,2.25,120,0.40000000000000002,2,0.01,0.10000000000000001,0.0089999999999999004,0.0060000000000000001,0.094197000000000003,65.532179999999997,0.59999999999999987,88.468442999999994,0.11774625,3000,500,1.0000000000000001e-15,5.6703744189999998e-23,2.25,223.15000000000001,39.763536438352503,1,1,39.763536438352503,1,900,300,300,330,0.84999999999999987,500,5000,1,1,map,101
map_0102,map,map_102,haps_thermal_map.slx,1100,101325,300,223.15000000000001,50,2.5,120,0.40000000000000002,2,0.01,0.10000000000000001,0.0089999999999999004,0.0060000000000000001,0.094197000000000003,65.532179999999997,0.59999999999999987,88.468442999999994,0.11774625,3000,500,1.0000000000000001e-15,5.6703744189999998e-23,2.5,223.15000000000001,39.763536438352503,1,1,39.763536438352503,1,900,300,300,330,0.84999999999999987,500,5000,1,1,map,102
map_0103,map,map_103,haps_thermal_map.slx,1100,101325,300,223.15000000000001,50,2.75,120,0.40000000000000002,2,0.01,0.10000000000000001,0.0089999999999999004,0.0060000000000000001,0.094197000000000003,65.532179999999997,0.59999999999999987,88.468442999999994,0.11774625,3000,500,1.0000000000000001e-15,5.6703744189999998e-23,2.75,223.15000000000001,39.763536438352503,1,1,39.763536438352503,1,900,300,300,330,0.84999999999999987,500,5000,1,1,map,103
map_0104,map,map_104,haps_thermal_map.slx,1100,101325,300,223.15000000000001,50,3,120,0.40000000000000002,2,0.01,0.10000000000000001,0.0089999999999999004,0.0060000000000000001,0.094197000000000003,65.532179999999997,0.59999999999999987,88.468442999999994,0.11774625,3000,500,1.0000000000000001e-15,5.6703744189999998e-23,3,223.15000000000001,39.763536438352503,1,1,39.763536438352503,1,900,300,300,330,0.84999999999999987,500,5000,1,1,map,104
map_0105,map,map_105,haps_thermal_map.slx,1100,101325,300,223.15000000000001,50,3.25,120,0.40000000000000002,2,0.01,0.10000000000000001,0.0089999999999999004,0.0060000000000000001,0.094197000000000003,65.532179999999997,0.59999999999999987,88.468442999999994,0.11774625,3000,500,1.0000000000000001e-15,5.6703744189999998e-23,3.25,223.15000000000001,39.763536438352503,1,1,39.763536438352503,1,900,300,300,330,0.84999999999999987,500,5000,1,1,map,105
map_0106,map,map_106,haps_thermal_map.slx,1100,101325,300,223.15000000000001,50,3.5,120,0.40000000000000002,2,0.01,0.10000000000000001,0.0089999999999999004,0.0060000000000000001,0.094197000000000003,65.532179999999997,0.59999999999999987,88.468442999999994,0.11774625,3000,500,1.0000000000000001e-15,5.6703744189999998e-23,3.5,223.15000000000001,39.763536438352503,1,1,39.763536438352503,1,900,300,300,330,0.84999999999999987,500,5000,1,1,map,106
map_0107,map,map_107,haps_thermal_map.slx,1100,101325,300,223.15000000000001,50,3.75,120,0.40000000000000002,2,0.01,0.10000000000000001,0.0089999999999999004,0.0060000000000000001,0.094197000000000003,65.532179999999997,0.59999999999999987,88.468442999999994,0.11774625,3000,500,1.0000000000000001e-15,5.6703744189999998e-23,3.75,223.15000000000001,39.763536438352503,1,1,39.763536438352503,1,900,300,300,330,0.84999999999999987,500,5000,1,1,map,107
map_0108,map,map_108,haps_thermal_map.slx,1100,101325,300,223.15000000000001,50,4,120,0.40000000000000002,2,0.01,0.10000000000000001,0.0089999999999999004,0.0060000000000000001,0.094197000000000003,65.532179999999997,0.59999999999999987,88.468442999999994,0.11774625,3000,500,1.0000000000000001e-15,5.6703744189999998e-23,4,223.15000000000001,39.763536438352503,1,1,39.763536438352503,1,900,300,300,330,0.84999999999999987,500,5000,1,1,map,108
map_0109,map,map_109,haps_thermal_map.slx,1100,101325,300,223.15000000000001,50,4.25,120,0.40000000000000002,2,0.01,0.10000000000000001,0.0089999999999999004,0.0060000000000000001,0.094197000000000003,65.532179999999997,0.59999999999999987,88.468442999999994,0.11774625,3000,500,1.0000000000000001e-15,5.6703744189999998e-23,4.25,223.15000000000001,39.763536438352503,1,1,39.763536438352503,1,900,300,300,330,0.84999999999999987,500,5000,1,1,map,109
map_0110,map,map_110,haps_thermal_map.slx,1100,101325,300,223.15000000000001,50,4.5,120,0.40000000000000002,2,0.01,0.10000000000000001,0.0089999999999999004,0.0060000000000000001,0.094197000000000003,65.532179999999997,0.59999999999999987,88.468442999999994,0.11774625,3000,500,1.0000000000000001e-15,5.6703744189999998e-23,4.5,223.15000000000001,39.763536438352503,1,1,39.763536438352503,1,900,300,300,330,0.84999999999999987,500,5000,1,1,map,110
map_0111,map,map_111,haps_thermal_map.slx,1100,101325,300,223.15000000000001,50,4.75,120,0.40000000000000002,2,0.01,0.10000000000000001,0.0089999999999999004,0.0060000000000000001,0.094197000000000003,65.532179999999997,0.59999999999999987,88.468442999999994,0.11774625,3000,500,1.0000000000000001e-15,5.6703744189999998e-23,4.75,223.15000000000001,39.763536438352503,1,1,39.763536438352503,1,900,300,300,330,0.84999999999999987,500,5000,1,1,map,111
map_0112,map,map_112,haps_thermal_map.slx,1100,101325,300,223.15000000000001,50,5,120,0.40000000000000002,2,0.01,0.10000000000000001,0.0089999999999999004,0.0060000000000000001,0.094197000000000003,65.532179999999997,0.59999999999999987,88.468442999999994,0.11774625,3000,500,1.0000000000000001e-15,5.6703744189999998e-23,5,223.15000000000001,39.763536438352503,1,1,39.763536438352503,1,900,300,300,330,0.84999999999999987,500,5000,1,1,map,112
map_0113,map,map_113,haps_thermal_map.slx,1100,101325,300,223.15000000000001,50,5.25,120,0.40000000000000002,2,0.01,0.10000000000000001,0.0089999999999999004,0.0060000000000000001,0.094197000000000003,65.532179999999997,0.59999999999999987,88.468442999999994,0.11774625,3000,500,1.0000000000000001e-15,5.6703744189999998e-23,5.25,223.15000000000001,39.763536438352503,1,1,39.763536438352503,1,900,300,300,330,0.84999999999999987,500,5000,1,1,map,113
map_0114,map,map_114,haps_thermal_map.slx,1100,101325,300,223.15000000000001,50,5.5,120,0.40000000000000002,2,0.01,0.10000000000000001,0.0089999999999999004,0.0060000000000000001,0.094197000000000003,65.532179999999997,0.59999999999999987,88.468442999999994,0.11774625,3000,500,1.0000000000000001e-15,5.6703744189999998e-23,5.5,223.15000000000001,39.763536438352503,1,1,39.763536438352503,1,900,300,300,330,0.84999999999999987,500,5000,1,1,map,114
map_0115,map,map_115,haps_thermal_map.slx,1100,101325,300,223.15000000000001,50,5.75,120,0.40000000000000002,2,0.01,0.10000000000000001,0.0089999999999999004,0.0060000000000000001,0.094197000000000003,65.532179999999997,0.59999999999999987,88.468442999999994,0.11774625,3000,500,1.0000000000000001e-15,5.6703744189999998e-23,5.75,223.15000000000001,39.763536438352503,1,1,39.763536438352503,1,900,300,300,330,0.84999999999999987,500,5000,1,1,map,115
map_0116,map,map_116,haps_thermal_map.slx,1100,101325,300,223.15000000000001,50,6,120,0.40000000000000002,2,0.01,0.10000000000000001,0.0089999999999999004,0.0060000000000000001,0.094197000000000003,65.532179999999997,0.59999999999999987,88.468442999999994,0.11774625,3000,500,1.0000000000000001e-15,5.6703744189999998e-23,6,223.15000000000001,39.763536438352503,1,1,39.763536438352503,1,900,300,300,330,0.84999999999999987,500,5000,1,1,map,116
map_0117,map,map_117,haps_thermal_map.slx,1100,101325,300,223.15000000000001,50,0.5,120,0.40000000000000002,2,0.01,0.10000000000000001,0.0089999999999999004,0.0060000000000000001,0.094197000000000003,65.532179999999997,0.59999999999999987,88.468442999999994,0.11774625,3000,500,1.0000000000000001e-15,5.6703744189999998e-23,0.5,223.15000000000001,50,1,1,50,1,900,300,300,330,0.84999999999999987,500,5000,1,1,map,117
map_0118,map,map_118,haps_thermal_map.slx,1100,101325,300,223.15000000000001,50,0.625,120,0.40000000000000002,2,0.01,0.10000000000000001,0.0089999999999999004,0.0060000000000000001,0.094197000000000003,65.532179999999997,0.59999999999999987,88.468442999999994,0.11774625,3000,500,1.0000000000000001e-15,5.6703744189999998e-23,0.625,223.15000000000001,50,1,1,50,1,900,300,300,330,0.84999999999999987,500,5000,1,1,map,118
map_0119,map,map_119,haps_thermal_map.slx,1100,101325,300,223.15000000000001,50,0.75,120,0.40000000000000002,2,0.01,0.10000000000000001,0.0089999999999999004,0.0060000000000000001,0.094197000000000003,65.532179999999997,0.59999999999999987,88.468442999999994,0.11774625,3000,500,1.0000000000000001e-15,5.6703744189999998e-23,0.75,223.15000000000001,50,1,1,50,1,900,300,300,330,0.84999999999999987,500,5000,1,1,map,119
map_0120,map,map_120,haps_thermal_map.slx,1100,101325,300,223.15000000000001,50,0.875,120,0.40000000000000002,2,0.01,0.10000000000000001,0.0089999999999999004,0.0060000000000000001,0.094197000000000003,65.532179999999997,0.59999999999999987,88.468442999999994,0.11774625,3000,500,1.0000000000000001e-15,5.6703744189999998e-23,0.875,223.15000000000001,50,1,1,50,1,900,300,300,330,0.84999999999999987,500,5000,1,1,map,120
map_0121,map,map_121,haps_thermal_map.slx,1100,101325,300,223.15000000000001,50,1,120,0.40000000000000002,2,0.01,0.10000000000000001,0.0089999999999999004,0.0060000000000000001,0.094197000000000003,65.532179999999997,0.59999999999999987,88.468442999999994,0.11774625,3000,500,1.0000000000000001e-15,5.6703744189999998e-23,1,223.15000000000001,50,1,1,50,1,900,300,300,330,0.84999999999999987,500,5000,1,1,map,121
map_0122,map,map_122,haps_thermal_map.slx,1100,101325,300,223.15000000000001,50,1.125,120,0.40000000000000002,2,0.01,0.10000000000000001,0.0089999999999999004,0.0060000000000000001,0.094197000000000003,65.532179999999997,0.59999999999999987,88.468442999999994,0.11774625,3000,500,1.0000000000000001e-15,5.6703744189999998e-23,1.125,223.15000000000001,50,1,1,50,1,900,300,300,330,0.84999999999999987,500,5000,1,1,map,122
map_0123,map,map_123,haps_thermal_map.slx,1100,101325,300,223.15000000000001,50,1.25,120,0.40000000000000002,2,0.01,0.10000000000000001,0.0089999999999999004,0.0060000000000000001,0.094197000000000003,65.532179999999997,0.59999999999999987,88.468442999999994,0.11774625,3000,500,1.0000000000000001e-15,5.6703744189999998e-23,1.25,223.15000000000001,50,1,1,50,1,900,300,300,330,0.84999999999999987,500,5000,1,1,map,123
map_0124,map,map_124,haps_thermal_map.slx,1100,101325,300,223.15000000000001,50,1.375,120,0.40000000000000002,2,0.01,0.10000000000000001,0.0089999999999999004,0.0060000000000000001,0.094197000000000003,65.532179999999997,0.59999999999999987,88.468442999999994,0.11774625,3000,500,1.0000000000000001e-15,5.6703744189999998e-23,1.375,223.15000000000001,50,1,1,50,1,900,300,300,330,0.84999999999999987,500,5000,1,1,map,124
map_0125,map,map_125,haps_thermal_map.slx,1100,101325,300,223.15000000000001,50,1.5,120,0.40000000000000002,2,0.01,0.10000000000000001,0.0089999999999999004,0.0060000000000000001,0.094197000000000003,65.532179999999997,0.59999999999999987,88.468442999999994,0.11774625,3000,500,1.0000000000000001e-15,5.6703744189999998e-23,1.5,223.15000000000001,50,1,1,50,1,900,300,300,330,0.84999999999999987,500,5000,1,1,map,125
map_0126,map,map_126,haps_thermal_map.slx,1100,101325,300,223.15000000000001,50,1.625,120,0.40000000000000002,2,0.01,0.10000000000000001,0.0089999999999999004,0.0060000000000000001,0.094197000000000003,65.532179999999997,0.59999999999999987,88.468442999999994,0.11774625,3000,500,1.0000000000000001e-15,5.6703744189999998e-23,1.625,223.15000000000001,50,1,1,50,1,900,300,300,330,0.84999999999999987,500,5000,1,1,map,126
map_0127,map,map_127,haps_thermal_map.slx,1100,101325,300,223.15000000000001,50,1.75,120,0.40000000000000002,2,0.01,0.10000000000000001,0.0089999999999999004,0.0060000000000000001,0.094197000000000003,65.532179999999997,0.59999999999999987,88.468442999999994,0.11774625,3000,500,1.0000000000000001e-15,5.6703744189999998e-23,1.75,223.15000000000001,50,1,1,50,1,900,300,300,330,0.84999999999999987,500,5000,1,1,map,127
map_0128,map,map_128,haps_thermal_map.slx,1100,101325,300,223.15000000000001,50,1.875,120,0.40000000000000002,2,0.01,0.10000000000000001,0.0089999999999999004,0.0060000000000000001,0.094197000000000003,65.532179999999997,0.59999999999999987,88.468442999999994,0.11774625,3000,500,1.0000000000000001e-15,5.6703744189999998e-23,1.875,223.15000000000001,50,1,1,50,1,900,300,300,330,0.84999999999999987,500,5000,1,1,map,128
map_0129,map,map_129,haps_thermal_map.slx,1100,101325,300,223.15000000000001,50,2,120,0.40000000000000002,2,0.01,0.10000000000000001,0.0089999999999999004,0.0060000000000000001,0.094197000000000003,65.532179999999997,0.59999999999999987,88.468442999999994,0.11774625,3000,500,1.0000000000000001e-15,5.6703744189999998e-23,2,223.15000000000001,50,1,1,50,1,900,300,300,330,0.84999999999999987,500,5000,1,1,map,129
map_0130,map,map_130,haps_thermal_map.slx,1100,101325,300,223.15000000000001,50,2.25,120,0.40000000000000002,2,0.01,0.10000000000000001,0.0089999999999999004,0.0060000000000000001,0.094197000000000003,65.532179999999997,0.59999999999999987,88.468442999999994,0.11774625,3000,500,1.0000000000000001e-15,5.6703744189999998e-23,2.25,223.15000000000001,50,1,1,50,1,900,300,300,330,0.84999999999999987,500,5000,1,1,map,130
map_0131,map,map_131,haps_thermal_map.slx,1100,101325,300,223.15000000000001,50,2.5,120,0.40000000000000002,2,0.01,0.10000000000000001,0.0089999999999999004,0.0060000000000000001,0.094197000000000003,65.532179999999997,0.59999999999999987,88.468442999999994,0.11774625,3000,500,1.0000000000000001e-15,5.6703744189999998e-23,2.5,223.15000000000001,50,1,1,50,1,900,300,300,330,0.84999999999999987,500,5000,1,1,map,131
map_0132,map,map_132,haps_thermal_map.slx,1100,101325,300,223.15000000000001,50,2.75,120,0.40000000000000002,2,0.01,0.10000000000000001,0.0089999999999999004,0.0060000000000000001,0.094197000000000003,65.532179999999997,0.59999999999999987,88.468442999999994,0.11774625,3000,500,1.0000000000000001e-15,5.6703744189999998e-23,2.75,223.15000000000001,50,1,1,50,1,900,300,300,330,0.84999999999999987,500,5000,1,1,map,132
map_0133,map,map_133,haps_thermal_map.slx,1100,101325,300,223.15000000000001,50,3,120,0.40000000000000002,2,0.01,0.10000000000000001,0.0089999999999999004,0.0060000000000000001,0.094197000000000003,65.532179999999997,0.59999999999999987,88.468442999999994,0.11774625,3000,500,1.0000000000000001e-15,5.6703744189999998e-23,3,223.15000000000001,50,1,1,50,1,900,300,300,330,0.84999999999999987,500,5000,1,1,map,133
map_0134,map,map_134,haps_thermal_map.slx,1100,101325,300,223.15000000000001,50,3.25,120,0.40000000000000002,2,0.01,0.10000000000000001,0.0089999999999999004,0.0060000000000000001,0.094197000000000003,65.532179999999997,0.59999999999999987,88.468442999999994,0.11774625,3000,500,1.0000000000000001e-15,5.6703744189999998e-23,3.25,223.15000000000001,50,1,1,50,1,900,300,300,330,0.84999999999999987,500,5000,1,1,map,134
map_0135,map,map_135,haps_thermal_map.slx,1100,101325,300,223.15000000000001,50,3.5,120,0.40000000000000002,2,0.01,0.10000000000000001,0.0089999999999999004,0.0060000000000000001,0.094197000000000003,65.532179999999997,0.59999999999999987,88.468442999999994,0.11774625,3000,500,1.0000000000000001e-15,5.6703744189999998e-23,3.5,223.15000000000001,50,1,1,50,1,900,300,300,330,0.84999999999999987,500,5000,1,1,map,135
map_0136,map,map_136,haps_thermal_map.slx,1100,101325,300,223.15000000000001,50,3.75,120,0.40000000000000002,2,0.01,0.10000000000000001,0.0089999999999999004,0.0060000000000000001,0.094197000000000003,65.532179999999997,0.59999999999999987,88.468442999999994,0.11774625,3000,500,1.0000000000000001e-15,5.6703744189999998e-23,3.75,223.15000000000001,50,1,1,50,1,900,300,300,330,0.84999999999999987,500,5000,1,1,map,136
map_0137,map,map_137,haps_thermal_map.slx,1100,101325,300,223.15000000000001,50,4,120,0.40000000000000002,2,0.01,0.10000000000000001,0.0089999999999999004,0.0060000000000000001,0.094197000000000003,65.532179999999997,0.59999999999999987,88.468442999999994,0.11774625,3000,500,1.0000000000000001e-15,5.6703744189999998e-23,4,223.15000000000001,50,1,1,50,1,900,300,300,330,0.84999999999999987,500,5000,1,1,map,137
map_0138,map,map_138,haps_thermal_map.slx,1100,101325,300,223.15000000000001,50,4.25,120,0.40000000000000002,2,0.01,0.10000000000000001,0.0089999999999999004,0.0060000000000000001,0.094197000000000003,65.532179999999997,0.59999999999999987,88.468442999999994,0.11774625,3000,500,1.0000000000000001e-15,5.6703744189999998e-23,4.25,223.15000000000001,50,1,1,50,1,900,300,300,330,0.84999999999999987,500,5000,1,1,map,138
map_0139,map,map_139,haps_thermal_map.slx,1100,101325,300,223.15000000000001,50,4.5,120,0.40000000000000002,2,0.01,0.10000000000000001,0.0089999999999999004,0.0060000000000000001,0.094197000000000003,65.532179999999997,0.59999999999999987,88.468442999999994,0.11774625,3000,500,1.0000000000000001e-15,5.6703744189999998e-23,4.5,223.15000000000001,50,1,1,50,1,900,300,300,330,0.84999999999999987,500,5000,1,1,map,139
map_0140,map,map_140,haps_thermal_map.slx,1100,101325,300,223.15000000000001,50,4.75,120,0.40000000000000002,2,0.01,0.10000000000000001,0.0089999999999999004,0.0060000000000000001,0.094197000000000003,65.532179999999997,0.59999999999999987,88.468442999999994,0.11774625,3000,500,1.0000000000000001e-15,5.6703744189999998e-23,4.75,223.15000000000001,50,1,1,50,1,900,300,300,330,0.84999999999999987,500,5000,1,1,map,140
map_0141,map,map_141,haps_thermal_map.slx,1100,101325,300,223.15000000000001,50,5,120,0.40000000000000002,2,0.01,0.10000000000000001,0.0089999999999999004,0.0060000000000000001,0.094197000000000003,65.532179999999997,0.59999999999999987,88.468442999999994,0.11774625,3000,500,1.0000000000000001e-15,5.6703744189999998e-23,5,223.15000000000001,50,1,1,50,1,900,300,300,330,0.84999999999999987,500,5000,1,1,map,141
map_0142,map,map_142,haps_thermal_map.slx,1100,101325,300,223.15000000000001,50,5.25,120,0.40000000000000002,2,0.01,0.10000000000000001,0.0089999999999999004,0.0060000000000000001,0.094197000000000003,65.532179999999997,0.59999999999999987,88.468442999999994,0.11774625,3000,500,1.0000000000000001e-15,5.6703744189999998e-23,5.25,223.15000000000001,50,1,1,50,1,900,300,300,330,0.84999999999999987,500,5000,1,1,map,142
map_0143,map,map_143,haps_thermal_map.slx,1100,101325,300,223.15000000000001,50,5.5,120,0.40000000000000002,2,0.01,0.10000000000000001,0.0089999999999999004,0.0060000000000000001,0.094197000000000003,65.532179999999997,0.59999999999999987,88.468442999999994,0.11774625,3000,500,1.0000000000000001e-15,5.6703744189999998e-23,5.5,223.15000000000001,50,1,1,50,1,900,300,300,330,0.84999999999999987,500,5000,1,1,map,143
map_0144,map,map_144,haps_thermal_map.slx,1100,101325,300,223.15000000000001,50,5.75,120,0.40000000000000002,2,0.01,0.10000000000000001,0.0089999999999999004,0.0060000000000000001,0.094197000000000003,65.532179999999997,0.59999999999999987,88.468442999999994,0.11774625,3000,500,1.0000000000000001e-15,5.6703744189999998e-23,5.75,223.15000000000001,50,1,1,50,1,900,300,300,330,0.84999999999999987,500,5000,1,1,map,144
map_0145,map,map_145,haps_thermal_map.slx,1100,101325,300,223.15000000000001,50,6,120,0.40000000000000002,2,0.01,0.10000000000000001,0.0089999999999999004,0.0060000000000000001,0.094197000000000003,65.532179999999997,0.59999999999999987,88.468442999999994,0.11774625,3000,500,1.0000000000000001e-15,5.6703744189999998e-23,6,223.15000000000001,50,1,1,50,1,900,300,300,330,0.84999999999999987,500,5000,1,1,map,145
map_0146,map,map_146,haps_thermal_map.slx,1100,101325,300,223.15000000000001,50,0.5,120,0.40000000000000002,2,0.01,0.10000000000000001,0.0089999999999999004,0.0060000000000000001,0.094197000000000003,65.532179999999997,0.59999999999999987,88.468442999999994,0.11774625,3000,500,1.0000000000000001e-15,5.6703744189999998e-23,0.5,223.15000000000001,59.460355750136003,1,1,59.460355750136003,1,900,300,300,330,0.84999999999999987,500,5000,1,1,map,146
map_0147,map,map_147,haps_thermal_map.slx,1100,101325,300,223.15000000000001,50,0.625,120,0.40000000000000002,2,0.01,0.10000000000000001,0.0089999999999999004,0.0060000000000000001,0.094197000000000003,65.532179999999997,0.59999999999999987,88.468442999999994,0.11774625,3000,500,1.0000000000000001e-15,5.6703744189999998e-23,0.625,223.15000000000001,59.460355750136003,1,1,59.460355750136003,1,900,300,300,330,0.84999999999999987,500,5000,1,1,map,147
map_0148,map,map_148,haps_thermal_map.slx,1100,101325,300,223.15000000000001,50,0.75,120,0.40000000000000002,2,0.01,0.10000000000000001,0.0089999999999999004,0.0060000000000000001,0.094197000000000003,65.532179999999997,0.59999999999999987,88.468442999999994,0.11774625,3000,500,1.0000000000000001e-15,5.6703744189999998e-23,0.75,223.15000000000001,59.460355750136003,1,1,59.460355750136003,1,900,300,300,330,0.84999999999999987,500,5000,1,1,map,148
map_0149,map,map_149,haps_thermal_map.slx,1100,101325,300,223.15000000000001,50,0.875,120,0.40000000000000002,2,0.01,0.10000000000000001,0.0089999999999999004,0.0060000000000000001,0.094197000000000003,65.532179999999997,0.59999999999999987,88.468442999999994,0.11774625,3000,500,1.0000000000000001e-15,5.6703744189999998e-23,0.875,223.15000000000001,59.460355750136003,1,1,59.460355750136003,1,900,300,300,330,0.84999999999999987,500,5000,1,1,map,149
map_0150,map,map_150,haps_thermal_map.slx,1100,101325,300,223.15000000000001,50,1,120,0.40000000000000002,2,0.01,0.10000000000000001,0.0089999999999999004,0.0060000000000000001,0.094197000000000003,65.532179999999997,0.59999999999999987,88.468442999999994,0.11774625,3000,500,1.0000000000000001e-15,5.6703744189999998e-23,1,223.15000000000001,59.460355750136003,1,1,59.460355750136003,1,900,300,300,330,0.84999999999999987,500,5000,1,1,map,150
map_0151,map,map_151,haps_thermal_map.slx,1100,101325,300,223.15000000000001,50,1.125,120,0.40000000000000002,2,0.01,0.10000000000000001,0.0089999999999999004,0.0060000000000000001,0.094197000000000003,65.532179999999997,0.59999999999999987,88.468442999999994,0.11774625,3000,500,1.0000000000000001e-15,5.6703744189999998e-23,1.125,223.15000000000001,59.460355750136003,1,1,59.460355750136003,1,900,300,300,330,0.84999999999999987,500,5000,1,1,map,151
map_0152,map,map_152,haps_thermal_map.slx,1100,101325,300,223.15000000000001,50,1.25,120,0.40000000000000002,2,0.01,0.10000000000000001,0.0089999999999999004,0.0060000000000000001,0.094197000000000003,65.532179999999997,0.59999999999999987,88.468442999999994,0.11774625,3000,500,1.0000000000000001e-15,5.6703744189999998e-23,1.25,223.15000000000001,59.460355750136003,1,1,59.460355750136003,1,900,300,300,330,0.84999999999999987,500,5000,1,1,map,152
map_0153,map,map_153,haps_thermal_map.slx,1100,101325,300,223.15000000000001,50,1.375,120,0.40000000000000002,2,0.01,0.10000000000000001,0.0089999999999999004,0.0060000000000000001,0.094197000000000003,65.532179999999997,0.59999999999999987,88.468442999999994,0.11774625,3000,500,1.0000000000000001e-15,5.6703744189999998e-23,1.375,223.15000000000001,59.460355750136003,1,1,59.460355750136003,1,900,300,300,330,0.84999999999999987,500,5000,1,1,map,153
map_0154,map,map_154,haps_thermal_map.slx,1100,101325,300,223.15000000000001,50,1.5,120,0.40000000000000002,2,0.01,0.10000000000000001,0.0089999999999999004,0.0060000000000000001,0.094197000000000003,65.532179999999997,0.59999999999999987,88.468442999999994,0.11774625,3000,500,1.0000000000000001e-15,5.6703744189999998e-23,1.5,223.15000000000001,59.460355750136003,1,1,59.460355750136003,1,900,300,300,330,0.84999999999999987,500,5000,1,1,map,154
map_0155,map,map_155,haps_thermal_map.slx,1100,101325,300,223.15000000000001,50,1.625,120,0.40000000000000002,2,0.01,0.10000000000000001,0.0089999999999999004,0.0060000000000000001,0.094197000000000003,65.532179999999997,0.59999999999999987,88.468442999999994,0.11774625,3000,500,1.0000000000000001e-15,5.6703744189999998e-23,1.625,223.15000000000001,59.460355750136003,1,1,59.460355750136003,1,900,300,300,330,0.84999999999999987,500,5000,1,1,map,155
map_0156,map,map_156,haps_thermal_map.slx,1100,101325,300,223.15000000000001,50,1.75,120,0.40000000000000002,2,0.01,0.10000000000000001,0.0089999999999999004,0.0060000000000000001,0.094197000000000003,65.532179999999997,0.59999999999999987,88.468442999999994,0.11774625,3000,500,1.0000000000000001e-15,5.6703744189999998e-23,1.75,223.15000000000001,59.460355750136003,1,1,59.460355750136003,1,900,300,300,330,0.84999999999999987,500,5000,1,1,map,156
map_0157,map,map_157,haps_thermal_map.slx,1100,101325,300,223.15000000000001,50,1.875,120,0.40000000000000002,2,0.01,0.10000000000000001,0.0089999999999999004,0.0060000000000000001,0.094197000000000003,65.532179999999997,0.59999999999999987,88.468442999999994,0.11774625,3000,500,1.0000000000000001e-15,5.6703744189999998e-23,1.875,223.15000000000001,59.460355750136003,1,1,59.460355750136003,1,900,300,300,330,0.84999999999999987,500,5000,1,1,map,157
map_0158,map,map_158,haps_thermal_map.slx,1100,101325,300,223.15000000000001,50,2,120,0.40000000000000002,2,0.01,0.10000000000000001,0.0089999999999999004,0.0060000000000000001,0.094197000000000003,65.532179999999997,0.59999999999999987,88.468442999999994,0.11774625,3000,500,1.0000000000000001e-15,5.6703744189999998e-23,2,223.15000000000001,59.460355750136003,1,1,59.460355750136003,1,900,300,300,330,0.84999999999999987,500,5000,1,1,map,158
map_0159,map,map_159,haps_thermal_map.slx,1100,101325,300,223.15000000000001,50,2.25,120,0.40000000000000002,2,0.01,0.10000000000000001,0.0089999999999999004,0.0060000000000000001,0.094197000000000003,65.532179999999997,0.59999999999999987,88.468442999999994,0.11774625,3000,500,1.0000000000000001e-15,5.6703744189999998e-23,2.25,223.15000000000001,59.460355750136003,1,1,59.460355750136003,1,900,300,300,330,0.84999999999999987,500,5000,1,1,map,159
map_0160,map,map_160,haps_thermal_map.slx,1100,101325,300,223.15000000000001,50,2.5,120,0.40000000000000002,2,0.01,0.10000000000000001,0.0089999999999999004,0.0060000000000000001,0.094197000000000003,65.532179999999997,0.59999999999999987,88.468442999999994,0.11774625,3000,500,1.0000000000000001e-15,5.6703744189999998e-23,2.5,223.15000000000001,59.460355750136003,1,1,59.460355750136003,1,900,300,300,330,0.84999999999999987,500,5000,1,1,map,160
map_0161,map,map_161,haps_thermal_map.slx,1100,101325,300,223.15000000000001,50,2.75,120,0.40000000000000002,2,0.01,0.10000000000000001,0.0089999999999999004,0.0060000000000000001,0.094197000000000003,65.532179999999997,0.59999999999999987,88.468442999999994,0.11774625,3000,500,1.0000000000000001e-15,5.6703744189999998e-23,2.75,223.15000000000001,59.460355750136003,1,1,59.460355750136003,1,900,300,300,330,0.84999999999999987,500,5000,1,1,map,161
map_0162,map,map_162,haps_thermal_map.slx,1100,101325,300,223.15000000000001,50,3,120,0.40000000000000002,2,0.01,0.10000000000000001,0.0089999999999999004,0.0060000000000000001,0.094197000000000003,65.532179999999997,0.59999999999999987,88.468442999999994,0.11774625,3000,500,1.0000000000000001e-15,5.6703744189999998e-23,3,223.15000000000001,59.460355750136003,1,1,59.460355750136003,1,900,300,300,330,0.84999999999999987,500,5000,1,1,map,162
map_0163,map,map_163,haps_thermal_map.slx,1100,101325,300,223.15000000000001,50,3.25,120,0.40000000000000002,2,0.01,0.10000000000000001,0.0089999999999999004,0.0060000000000000001,0.094197000000000003,65.532179999999997,0.59999999999999987,88.468442999999994,0.11774625,3000,500,1.0000000000000001e-15,5.6703744189999998e-23,3.25,223.15000000000001,59.460355750136003,1,1,59.460355750136003,1,900,300,300,330,0.84999999999999987,500,5000,1,1,map,163
map_0164,map,map_164,haps_thermal_map.slx,1100,101325,300,223.15000000000001,50,3.5,120,0.40000000000000002,2,0.01,0.10000000000000001,0.0089999999999999004,0.0060000000000000001,0.094197000000000003,65.532179999999997,0.59999999999999987,88.468442999999994,0.11774625,3000,500,1.0000000000000001e-15,5.6703744189999998e-23,3.5,223.15000000000001,59.460355750136003,1,1,59.460355750136003,1,900,300,300,330,0.84999999999999987,500,5000,1,1,map,164
map_0165,map,map_165,haps_thermal_map.slx,1100,101325,300,223.15000000000001,50,3.75,120,0.40000000000000002,2,0.01,0.10000000000000001,0.0089999999999999004,0.0060000000000000001,0.094197000000000003,65.532179999999997,0.59999999999999987,88.468442999999994,0.11774625,3000,500,1.0000000000000001e-15,5.6703744189999998e-23,3.75,223.15000000000001,59.460355750136003,1,1,59.460355750136003,1,900,300,300,330,0.84999999999999987,500,5000,1,1,map,165
map_0166,map,map_166,haps_thermal_map.slx,1100,101325,300,223.15000000000001,50,4,120,0.40000000000000002,2,0.01,0.10000000000000001,0.0089999999999999004,0.0060000000000000001,0.094197000000000003,65.532179999999997,0.59999999999999987,88.468442999999994,0.11774625,3000,500,1.0000000000000001e-15,5.6703744189999998e-23,4,223.15000000000001,59.460355750136003,1,1,59.460355750136003,1,900,300,300,330,0.84999999999999987,500,5000,1,1,map,166
map_0167,map,map_167,haps_thermal_map.slx,1100,101325,300,223.15000000000001,50,4.25,120,0.40000000000000002,2,0.01,0.10000000000000001,0.0089999999999999004,0.0060000000000000001,0.094197000000000003,65.532179999999997,0.59999999999999987,88.468442999999994,0.11774625,3000,500,1.0000000000000001e-15,5.6703744189999998e-23,4.25,223.15000000000001,59.460355750136003,1,1,59.460355750136003,1,900,300,300,330,0.84999999999999987,500,5000,1,1,map,167
map_0168,map,map_168,haps_thermal_map.slx,1100,101325,300,223.15000000000001,50,4.5,120,0.40000000000000002,2,0.01,0.10000000000000001,0.0089999999999999004,0.0060000000000000001,0.094197000000000003,65.532179999999997,0.59999999999999987,88.468442999999994,0.11774625,3000,500,1.0000000000000001e-15,5.6703744189999998e-23,4.5,223.15000000000001,59.460355750136003,1,1,59.460355750136003,1,900,300,300,330,0.84999999999999987,500,5000,1,1,map,168
map_0169,map,map_169,haps_thermal_map.slx,1100,101325,300,223.15000000000001,50,4.75,120,0.40000000000000002,2,0.01,0.10000000000000001,0.0089999999999999004,0.0060000000000000001,0.094197000000000003,65.532179999999997,0.59999999999999987,88.468442999999994,0.11774625,3000,500,1.0000000000000001e-15,5.6703744189999998e-23,4.75,223.15000000000001,59.460355750136003,1,1,59.460355750136003,1,900,300,300,330,0.84999999999999987,500,5000,1,1,map,169
map_0170,map,map_170,haps_thermal_map.slx,1100,101325,300,223.15000000000001,50,5,120,0.40000000000000002,2,0.01,0.10000000000000001,0.0089999999999999004,0.0060000000000000001,0.094197000000000003,65.532179999999997,0.59999999999999987,88.468442999999994,0.11774625,3000,500,1.0000000000000001e-15,5.6703744189999998e-23,5,223.15000000000001,59.460355750136003,1,1,59.460355750136003,1,900,300,300,330,0.84999999999999987,500,5000,1,1,map,170
map_0171,map,map_171,haps_thermal_map.slx,1100,101325,300,223.15000000000001,50,5.25,120,0.40000000000000002,2,0.01,0.10000000000000001,0.0089999999999999004,0.0060000000000000001,0.094197000000000003,65.532179999999997,0.59999999999999987,88.468442999999994,0.11774625,3000,500,1.0000000000000001e-15,5.6703744189999998e-23,5.25,223.15000000000001,59.460355750136003,1,1,59.460355750136003,1,900,300,300,330,0.84999999999999987,500,5000,1,1,map,171
map_0172,map,map_172,haps_thermal_map.slx,1100,101325,300,223.15000000000001,50,5.5,120,0.40000000000000002,2,0.01,0.10000000000000001,0.0089999999999999004,0.0060000000000000001,0.094197000000000003,65.532179999999997,0.59999999999999987,88.468442999999994,0.11774625,3000,500,1.0000000000000001e-15,5.6703744189999998e-23,5.5,223.15000000000001,59.460355750136003,1,1,59.460355750136003,1,900,300,300,330,0.84999999999999987,500,5000,1,1,map,172
map_0173,map,map_173,haps_thermal_map.slx,1100,101325,300,223.15000000000001,50,5.75,120,0.40000000000000002,2,0.01,0.10000000000000001,0.0089999999999999004,0.0060000000000000001,0.094197000000000003,65.532179999999997,0.59999999999999987,88.468442999999994,0.11774625,3000,500,1.0000000000000001e-15,5.6703744189999998e-23,5.75,223.15000000000001,59.460355750136003,1,1,59.460355750136003,1,900,300,300,330,0.84999999999999987,500,5000,1,1,map,173
map_0174,map,map_174,haps_thermal_map.slx,1100,101325,300,223.15000000000001,50,6,120,0.40000000000000002,2,0.01,0.10000000000000001,0.0089999999999999004,0.0060000000000000001,0.094197000000000003,65.532179999999997,0.59999999999999987,88.468442999999994,0.11774625,3000,500,1.0000000000000001e-15,5.6703744189999998e-23,6,223.15000000000001,59.460355750136003,1,1,59.460355750136003,1,900,300,300,330,0.84999999999999987,500,5000,1,1,map,174
map_0175,map,map_175,haps_thermal_map.slx,1100,101325,300,223.15000000000001,50,0.5,120,0.40000000000000002,2,0.01,0.10000000000000001,0.0089999999999999004,0.0060000000000000001,0.094197000000000003,65.532179999999997,0.59999999999999987,88.468442999999994,0.11774625,3000,500,1.0000000000000001e-15,5.6703744189999998e-23,0.5,223.15000000000001,70.710678118654798,1,1,70.710678118654798,1,900,300,300,330,0.84999999999999987,500,5000,1,1,map,175
map_0176,map,map_176,haps_thermal_map.slx,1100,101325,300,223.15000000000001,50,0.625,120,0.40000000000000002,2,0.01,0.10000000000000001,0.0089999999999999004,0.0060000000000000001,0.094197000000000003,65.532179999999997,0.59999999999999987,88.468442999999994,0.11774625,3000,500,1.0000000000000001e-15,5.6703744189999998e-23,0.625,223.15000000000001,70.710678118654798,1,1,70.710678118654798,1,900,300,300,330,0.84999999999999987,500,5000,1,1,map,176
map_0177,map,map_177,haps_thermal_map.slx,1100,101325,300,223.15000000000001,50,0.75,120,0.40000000000000002,2,0.01,0.10000000000000001,0.0089999999999999004,0.0060000000000000001,0.094197000000000003,65.532179999999997,0.59999999999999987,88.468442999999994,0.11774625,3000,500,1.0000000000000001e-15,5.6703744189999998e-23,0.75,223.15000000000001,70.710678118654798,1,1,70.710678118654798,1,900,300,300,330,0.84999999999999987,500,5000,1,1,map,177
map_0178,map,map_178,haps_thermal_map.slx,1100,101325,300,223.15000000000001,50,0.875,120,0.40000000000000002,2,0.01,0.10000000000000001,0.0089999999999999004,0.0060000000000000001,0.094197000000000003,65.532179999999997,0.59999999999999987,88.468442999999994,0.11774625,3000,500,1.0000000000000001e-15,5.6703744189999998e-23,0.875,223.15000000000001,70.710678118654798,1,1,70.710678118654798,1,900,300,300,330,0.84999999999999987,500,5000,1,1,map,178
map_0179,map,map_179,haps_thermal_map.slx,1100,101325,300,223.15000000000001,50,1,120,0.40000000000000002,2,0.01,0.10000000000000001,0.0089999999999999004,0.0060000000000000001,0.094197000000000003,65.532179999999997,0.59999999999999987,88.468442999999994,0.11774625,3000,500,1.0000000000000001e-15,5.6703744189999998e-23,1,223.15000000000001,70.710678118654798,1,1,70.710678118654798,1,900,300,300,330,0.84999999999999987,500,5000,1,1,map,179
map_0180,map,map_180,haps_thermal_map.slx,1100,101325,300,223.15000000000001,50,1.125,120,0.40000000000000002,2,0.01,0.10000000000000001,0.0089999999999999004,0.0060000000000000001,0.094197000000000003,65.532179999999997,0.59999999999999987,88.468442999999994,0.11774625,3000,500,1.0000000000000001e-15,5.6703744189999998e-23,1.125,223.15000000000001,70.710678118654798,1,1,70.710678118654798,1,900,300,300,330,0.84999999999999987,500,5000,1,1,map,180
map_0181,map,map_181,haps_thermal_map.slx,1100,101325,300,223.15000000000001,50,1.25,120,0.40000000000000002,2,0.01,0.10000000000000001,0.0089999999999999004,0.0060000000000000001,0.094197000000000003,65.532179999999997,0.59999999999999987,88.468442999999994,0.11774625,3000,500,1.0000000000000001e-15,5.6703744189999998e-23,1.25,223.15000000000001,70.710678118654798,1,1,70.710678118654798,1,900,300,300,330,0.84999999999999987,500,5000,1,1,map,181
map_0182,map,map_182,haps_thermal_map.slx,1100,101325,300,223.15000000000001,50,1.375,120,0.40000000000000002,2,0.01,0.10000000000000001,0.0089999999999999004,0.0060000000000000001,0.094197000000000003,65.532179999999997,0.59999999999999987,88.468442999999994,0.11774625,3000,500,1.0000000000000001e-15,5.6703744189999998e-23,1.375,223.15000000000001,70.710678118654798,1,1,70.710678118654798,1,900,300,300,330,0.84999999999999987,500,5000,1,1,map,182
map_0183,map,map_183,haps_thermal_map.slx,1100,101325,300,223.15000000000001,50,1.5,120,0.40000000000000002,2,0.01,0.10000000000000001,0.0089999999999999004,0.0060000000000000001,0.094197000000000003,65.532179999999997,0.59999999999999987,88.468442999999994,0.11774625,3000,500,1.0000000000000001e-15,5.6703744189999998e-23,1.5,223.15000000000001,70.710678118654798,1,1,70.710678118654798,1,900,300,300,330,0.84999999999999987,500,5000,1,1,map,183
map_0184,map,map_184,haps_thermal_map.slx,1100,101325,300,223.15000000000001,50,1.625,120,0.40000000000000002,2,0.01,0.10000000000000001,0.0089999999999999004,0.0060000000000000001,0.094197000000000003,65.532179999999997,0.59999999999999987,88.468442999999994,0.11774625,3000,500,1.0000000000000001e-15,5.6703744189999998e-23,1.625,223.15000000000001,70.710678118654798,1,1,70.710678118654798,1,900,300,300,330,0.84999999999999987,500,5000,1,1,map,184
map_0185,map,map_185,haps_thermal_map.slx,1100,101325,300,223.15000000000001,50,1.75,120,0.40000000000000002,2,0.01,0.10000000000000001,0.0089999999999999004,0.0060000000000000001,0.094197000000000003,65.532179999999997,0.59999999999999987,88.468442999999994,0.11774625,3000,500,1.0000000000000001e-15,5.6703744189999998e-23,1.75,223.15000000000001,70.710678118654798,1,1,70.710678118654798,1,900,300,300,330,0.84999999999999987,500,5000,1,1,map,185
map_0186,map,map_186,haps_thermal_map.slx,1100,101325,300,223.15000000000001,50,1.875,120,0.40000000000000002,2,0.01,0.10000000000000001,0.0089999999999999004,0.0060000000000000001,0.094197000000000003,65.532179999999997,0.59999999999999987,88.468442999999994,0.11774625,3000,500,1.0000000000000001e-15,5.6703744189999998e-23,1.875,223.15000000000001,70.710678118654798,1,1,70.710678118654798,1,900,300,300,330,0.84999999999999987,500,5000,1,1,map,186
map_0187,map,map_187,haps_thermal_map.slx,1100,101325,300,223.15000000000001,50,2,120,0.40000000000000002,2,0.01,0.10000000000000001,0.0089999999999999004,0.0060000000000000001,0.094197000000000003,65.532179999999997,0.59999999999999987,88.468442999999994,0.11774625,3000,500,1.0000000000000001e-15,5.6703744189999998e-23,2,223.15000000000001,70.710678118654798,1,1,70.710678118654798,1,900,300,300,330,0.84999999999999987,500,5000,1,1,map,187
map_0188,map,map_188,haps_thermal_map.slx,1100,101325,300,223.15000000000001,50,2.25,120,0.40000000000000002,2,0.01,0.10000000000000001,0.0089999999999999004,0.0060000000000000001,0.094197000000000003,65.532179999999997,0.59999999999999987,88.468442999999994,0.11774625,3000,500,1.0000000000000001e-15,5.6703744189999998e-23,2.25,223.15000000000001,70.710678118654798,1,1,70.710678118654798,1,900,300,300,330,0.84999999999999987,500,5000,1,1,map,188
map_0189,map,map_189,haps_thermal_map.slx,1100,101325,300,223.15000000000001,50,2.5,120,0.40000000000000002,2,0.01,0.10000000000000001,0.0089999999999999004,0.0060000000000000001,0.094197000000000003,65.532179999999997,0.59999999999999987,88.468442999999994,0.11774625,3000,500,1.0000000000000001e-15,5.6703744189999998e-23,2.5,223.15000000000001,70.710678118654798,1,1,70.710678118654798,1,900,300,300,330,0.84999999999999987,500,5000,1,1,map,189
map_0190,map,map_190,haps_thermal_map.slx,1100,101325,300,223.15000000000001,50,2.75,120,0.40000000000000002,2,0.01,0.10000000000000001,0.0089999999999999004,0.0060000000000000001,0.094197000000000003,65.532179999999997,0.59999999999999987,88.468442999999994,0.11774625,3000,500,1.0000000000000001e-15,5.6703744189999998e-23,2.75,223.15000000000001,70.710678118654798,1,1,70.710678118654798,1,900,300,300,330,0.84999999999999987,500,5000,1,1,map,190
map_0191,map,map_191,haps_thermal_map.slx,1100,101325,300,223.15000000000001,50,3,120,0.40000000000000002,2,0.01,0.10000000000000001,0.0089999999999999004,0.0060000000000000001,0.094197000000000003,65.532179999999997,0.59999999999999987,88.468442999999994,0.11774625,3000,500,1.0000000000000001e-15,5.6703744189999998e-23,3,223.15000000000001,70.710678118654798,1,1,70.710678118654798,1,900,300,300,330,0.84999999999999987,500,5000,1,1,map,191
map_0192,map,map_192,haps_thermal_map.slx,1100,101325,300,223.15000000000001,50,3.25,120,0.40000000000000002,2,0.01,0.10000000000000001,0.0089999999999999004,0.0060000000000000001,0.094197000000000003,65.532179999999997,0.59999999999999987,88.468442999999994,0.11774625,3000,500,1.0000000000000001e-15,5.6703744189999998e-23,3.25,223.15000000000001,70.710678118654798,1,1,70.710678118654798,1,900,300,300,330,0.84999999999999987,500,5000,1,1,map,192
map_0193,map,map_193,haps_thermal_map.slx,1100,101325,300,223.15000000000001,50,3.5,120,0.40000000000000002,2,0.01,0.10000000000000001,0.0089999999999999004,0.0060000000000000001,0.094197000000000003,65.532179999999997,0.59999999999999987,88.468442999999994,0.11774625,3000,500,1.0000000000000001e-15,5.6703744189999998e-23,3.5,223.15000000000001,70.710678118654798,1,1,70.710678118654798,1,900,300,300,330,0.84999999999999987,500,5000,1,1,map,193
map_0194,map,map_194,haps_thermal_map.slx,1100,101325,300,223.15000000000001,50,3.75,120,0.40000000000000002,2,0.01,0.10000000000000001,0.0089999999999999004,0.0060000000000000001,0.094197000000000003,65.532179999999997,0.59999999999999987,88.468442999999994,0.11774625,3000,500,1.0000000000000001e-15,5.6703744189999998e-23,3.75,223.15000000000001,70.710678118654798,1,1,70.710678118654798,1,900,300,300,330,0.84999999999999987,500,5000,1,1,map,194
map_0195,map,map_195,haps_thermal_map.slx,1100,101325,300,223.15000000000001,50,4,120,0.40000000000000002,2,0.01,0.10000000000000001,0.0089999999999999004,0.0060000000000000001,0.094197000000000003,65.532179999999997,0.59999999999999987,88.468442999999994,0.11774625,3000,500,1.0000000000000001e-15,5.6703744189999998e-23,4,223.15000000000001,70.710678118654798,1,1,70.710678118654798,1,900,300,300,330,0.84999999999999987,500,5000,1,1,map,195
map_0196,map,map_196,haps_thermal_map.slx,1100,101325,300,223.15000000000001,50,4.25,120,0.40000000000000002,2,0.01,0.10000000000000001,0.0089999999999999004,0.0060000000000000001,0.094197000000000003,65.532179999999997,0.59999999999999987,88.468442999999994,0.11774625,3000,500,1.0000000000000001e-15,5.6703744189999998e-23,4.25,223.15000000000001,70.710678118654798,1,1,70.710678118654798,1,900,300,300,330,0.84999999999999987,500,5000,1,1,map,196
map_0197,map,map_197,haps_thermal_map.slx,1100,101325,300,223.15000000000001,50,4.5,120,0.40000000000000002,2,0.01,0.10000000000000001,0.0089999999999999004,0.0060000000000000001,0.094197000000000003,65.532179999999997,0.59999999999999987,88.468442999999994,0.11774625,3000,500,1.0000000000000001e-15,5.6703744189999998e-23,4.5,223.15000000000001,70.710678118654798,1,1,70.710678118654798,1,900,300,300,330,0.84999999999999987,500,5000,1,1,map,197
map_0198,map,map_198,haps_thermal_map.slx,1100,101325,300,223.15000000000001,50,4.75,120,0.40000000000000002,2,0.01,0.10000000000000001,0.0089999999999999004,0.0060000000000000001,0.094197000000000003,65.532179999999997,0.59999999999999987,88.468442999999994,0.11774625,3000,500,1.0000000000000001e-15,5.6703744189999998e-23,4.75,223.15000000000001,70.710678118654798,1,1,70.710678118654798,1,900,300,300,330,0.84999999999999987,500,5000,1,1,map,198
map_0199,map,map_199,haps_thermal_map.slx,1100,101325,300,223.15000000000001,50,5,120,0.40000000000000002,2,0.01,0.10000000000000001,0.0089999999999999004,0.0060000000000000001,0.094197000000000003,65.532179999999997,0.59999999999999987,88.468442999999994,0.11774625,3000,500,1.0000000000000001e-15,5.6703744189999998e-23,5,223.15000000000001,70.710678118654798,1,1,70.710678118654798,1,900,300,300,330,0.84999999999999987,500,5000,1,1,map,199
map_0200,map,map_200,haps_thermal_map.slx,1100,101325,300,223.15000000000001,50,5.25,120,0.40000000000000002,2,0.01,0.10000000000000001,0.0089999999999999004,0.0060000000000000001,0.094197000000000003,65.532179999999997,0.59999999999999987,88.468442999999994,0.11774625,3000,500,1.0000000000000001e-15,5.6703744189999998e-23,5.25,223.15000000000001,70.710678118654798,1,1,70.710678118654798,1,900,300,300,330,0.84999999999999987,500,5000,1,1,map,200
map_0201,map,map_201,haps_thermal_map.slx,1100,101325,300,223.15000000000001,50,5.5,120,0.40000000000000002,2,0.01,0.10000000000000001,0.0089999999999999004,0.0060000000000000001,0.094197000000000003,65.532179999999997,0.59999999999999987,88.468442999999994,0.11774625,3000,500,1.0000000000000001e-15,5.6703744189999998e-23,5.5,223.15000000000001,70.710678118654798,1,1,70.710678118654798,1,900,300,300,330,0.84999999999999987,500,5000,1,1,map,201
map_0202,map,map_202,haps_thermal_map.slx,1100,101325,300,223.15000000000001,50,5.75,120,0.40000000000000002,2,0.01,0.10000000000000001,0.0089999999999999004,0.0060000000000000001,0.094197000000000003,65.532179999999997,0.59999999999999987,88.468442999999994,0.11774625,3000,500,1.0000000000000001e-15,5.6703744189999998e-23,5.75,223.15000000000001,70.710678118654798,1,1,70.710678118654798,1,900,300,300,330,0.84999999999999987,500,5000,1,1,map,202
map_0203,map,map_203,haps_thermal_map.slx,1100,101325,300,223.15000000000001,50,6,120,0.40000000000000002,2,0.01,0.10000000000000001,0.0089999999999999004,0.0060000000000000001,0.094197000000000003,65.532179999999997,0.59999999999999987,88.468442999999994,0.11774625,3000,500,1.0000000000000001e-15,5.6703744189999998e-23,6,223.15000000000001,70.710678118654798,1,1,70.710678118654798,1,900,300,300,330,0.84999999999999987,500,5000,1,1,map,203
map_0204,map,map_204,haps_thermal_map.slx,1100,101325,300,223.15000000000001,50,0.5,120,0.40000000000000002,2,0.01,0.10000000000000001,0.0089999999999999004,0.0060000000000000001,0.094197000000000003,65.532179999999997,0.59999999999999987,88.468442999999994,0.11774625,3000,500,1.0000000000000001e-15,5.6703744189999998e-23,0.5,223.15000000000001,84.089641525371405,1,1,84.089641525371405,1,900,300,300,330,0.84999999999999987,500,5000,1,1,map,204
map_0205,map,map_205,haps_thermal_map.slx,1100,101325,300,223.15000000000001,50,0.625,120,0.40000000000000002,2,0.01,0.10000000000000001,0.0089999999999999004,0.0060000000000000001,0.094197000000000003,65.532179999999997,0.59999999999999987,88.468442999999994,0.11774625,3000,500,1.0000000000000001e-15,5.6703744189999998e-23,0.625,223.15000000000001,84.089641525371405,1,1,84.089641525371405,1,900,300,300,330,0.84999999999999987,500,5000,1,1,map,205
map_0206,map,map_206,haps_thermal_map.slx,1100,101325,300,223.15000000000001,50,0.75,120,0.40000000000000002,2,0.01,0.10000000000000001,0.0089999999999999004,0.0060000000000000001,0.094197000000000003,65.532179999999997,0.59999999999999987,88.468442999999994,0.11774625,3000,500,1.0000000000000001e-15,5.6703744189999998e-23,0.75,223.15000000000001,84.089641525371405,1,1,84.089641525371405,1,900,300,300,330,0.84999999999999987,500,5000,1,1,map,206
map_0207,map,map_207,haps_thermal_map.slx,1100,101325,300,223.15000000000001,50,0.875,120,0.40000000000000002,2,0.01,0.10000000000000001,0.0089999999999999004,0.0060000000000000001,0.094197000000000003,65.532179999999997,0.59999999999999987,88.468442999999994,0.11774625,3000,500,1.0000000000000001e-15,5.6703744189999998e-23,0.875,223.15000000000001,84.089641525371405,1,1,84.089641525371405,1,900,300,300,330,0.84999999999999987,500,5000,1,1,map,207
map_0208,map,map_208,haps_thermal_map.slx,1100,101325,300,223.15000000000001,50,1,120,0.40000000000000002,2,0.01,0.10000000000000001,0.0089999999999999004,0.0060000000000000001,0.094197000000000003,65.532179999999997,0.59999999999999987,88.468442999999994,0.11774625,3000,500,1.0000000000000001e-15,5.6703744189999998e-23,1,223.15000000000001,84.089641525371405,1,1,84.089641525371405,1,900,300,300,330,0.84999999999999987,500,5000,1,1,map,208
map_0209,map,map_209,haps_thermal_map.slx,1100,101325,300,223.15000000000001,50,1.125,120,0.40000000000000002,2,0.01,0.10000000000000001,0.0089999999999999004,0.0060000000000000001,0.094197000000000003,65.532179999999997,0.59999999999999987,88.468442999999994,0.11774625,3000,500,1.0000000000000001e-15,5.6703744189999998e-23,1.125,223.15000000000001,84.089641525371405,1,1,84.089641525371405,1,900,300,300,330,0.84999999999999987,500,5000,1,1,map,209
map_0210,map,map_210,haps_thermal_map.slx,1100,101325,300,223.15000000000001,50,1.25,120,0.40000000000000002,2,0.01,0.10000000000000001,0.0089999999999999004,0.0060000000000000001,0.094197000000000003,65.532179999999997,0.59999999999999987,88.468442999999994,0.11774625,3000,500,1.0000000000000001e-15,5.6703744189999998e-23,1.25,223.15000000000001,84.089641525371405,1,1,84.089641525371405,1,900,300,300,330,0.84999999999999987,500,5000,1,1,map,210
map_0211,map,map_211,haps_thermal_map.slx,1100,101325,300,223.15000000000001,50,1.375,120,0.40000000000000002,2,0.01,0.10000000000000001,0.0089999999999999004,0.0060000000000000001,0.094197000000000003,65.532179999999997,0.59999999999999987,88.468442999999994,0.11774625,3000,500,1.0000000000000001e-15,5.6703744189999998e-23,1.375,223.15000000000001,84.089641525371405,1,1,84.089641525371405,1,900,300,300,330,0.84999999999999987,500,5000,1,1,map,211
map_0212,map,map_212,haps_thermal_map.slx,1100,101325,300,223.15000000000001,50,1.5,120,0.40000000000000002,2,0.01,0.10000000000000001,0.0089999999999999004,0.0060000000000000001,0.094197000000000003,65.532179999999997,0.59999999999999987,88.468442999999994,0.11774625,3000,500,1.0000000000000001e-15,5.6703744189999998e-23,1.5,223.15000000000001,84.089641525371405,1,1,84.089641525371405,1,900,300,300,330,0.84999999999999987,500,5000,1,1,map,212
map_0213,map,map_213,haps_thermal_map.slx,1100,101325,300,223.15000000000001,50,1.625,120,0.40000000000000002,2,0.01,0.10000000000000001,0.0089999999999999004,0.0060000000000000001,0.094197000000000003,65.532179999999997,0.59999999999999987,88.468442999999994,0.11774625,3000,500,1.0000000000000001e-15,5.6703744189999998e-23,1.625,223.15000000000001,84.089641525371405,1,1,84.089641525371405,1,900,300,300,330,0.84999999999999987,500,5000,1,1,map,213
map_0214,map,map_214,haps_thermal_map.slx,1100,101325,300,223.15000000000001,50,1.75,120,0.40000000000000002,2,0.01,0.10000000000000001,0.0089999999999999004,0.0060000000000000001,0.094197000000000003,65.532179999999997,0.59999999999999987,88.468442999999994,0.11774625,3000,500,1.0000000000000001e-15,5.6703744189999998e-23,1.75,223.15000000000001,84.089641525371405,1,1,84.089641525371405,1,900,300,300,330,0.84999999999999987,500,5000,1,1,map,214
map_0215,map,map_215,haps_thermal_map.slx,1100,101325,300,223.15000000000001,50,1.875,120,0.40000000000000002,2,0.01,0.10000000000000001,0.0089999999999999004,0.0060000000000000001,0.094197000000000003,65.532179999999997,0.59999999999999987,88.468442999999994,0.11774625,3000,500,1.0000000000000001e-15,5.6703744189999998e-23,1.875,223.15000000000001,84.089641525371405,1,1,84.089641525371405,1,900,300,300,330,0.84999999999999987,500,5000,1,1,map,215
map_0216,map,map_216,haps_thermal_map.slx,1100,101325,300,223.15000000000001,50,2,120,0.40000000000000002,2,0.01,0.10000000000000001,0.0089999999999999004,0.0060000000000000001,0.094197000000000003,65.532179999999997,0.59999999999999987,88.468442999999994,0.11774625,3000,500,1.0000000000000001e-15,5.6703744189999998e-23,2,223.15000000000001,84.089641525371405,1,1,84.089641525371405,1,900,300,300,330,0.84999999999999987,500,5000,1,1,map,216
map_0217,map,map_217,haps_thermal_map.slx,1100,101325,300,223.15000000000001,50,2.25,120,0.40000000000000002,2,0.01,0.10000000000000001,0.0089999999999999004,0.0060000000000000001,0.094197000000000003,65.532179999999997,0.59999999999999987,88.468442999999994,0.11774625,3000,500,1.0000000000000001e-15,5.6703744189999998e-23,2.25,223.15000000000001,84.089641525371405,1,1,84.089641525371405,1,900,300,300,330,0.84999999999999987,500,5000,1,1,map,217
map_0218,map,map_218,haps_thermal_map.slx,1100,101325,300,223.15000000000001,50,2.5,120,0.40000000000000002,2,0.01,0.10000000000000001,0.0089999999999999004,0.0060000000000000001,0.094197000000000003,65.532179999999997,0.59999999999999987,88.468442999999994,0.11774625,3000,500,1.0000000000000001e-15,5.6703744189999998e-23,2.5,223.15000000000001,84.089641525371405,1,1,84.089641525371405,1,900,300,300,330,0.84999999999999987,500,5000,1,1,map,218
map_0219,map,map_219,haps_thermal_map.slx,1100,101325,300,223.15000000000001,50,2.75,120,0.40000000000000002,2,0.01,0.10000000000000001,0.0089999999999999004,0.0060000000000000001,0.094197000000000003,65.532179999999997,0.59999999999999987,88.468442999999994,0.11774625,3000,500,1.0000000000000001e-15,5.6703744189999998e-23,2.75,223.15000000000001,84.089641525371405,1,1,84.089641525371405,1,900,300,300,330,0.84999999999999987,500,5000,1,1,map,219
map_0220,map,map_220,haps_thermal_map.slx,1100,101325,300,223.15000000000001,50,3,120,0.40000000000000002,2,0.01,0.10000000000000001,0.0089999999999999004,0.0060000000000000001,0.094197000000000003,65.532179999999997,0.59999999999999987,88.468442999999994,0.11774625,3000,500,1.0000000000000001e-15,5.6703744189999998e-23,3,223.15000000000001,84.089641525371405,1,1,84.089641525371405,1,900,300,300,330,0.84999999999999987,500,5000,1,1,map,220
map_0221,map,map_221,haps_thermal_map.slx,1100,101325,300,223.15000000000001,50,3.25,120,0.40000000000000002,2,0.01,0.10000000000000001,0.0089999999999999004,0.0060000000000000001,0.094197000000000003,65.532179999999997,0.59999999999999987,88.468442999999994,0.11774625,3000,500,1.0000000000000001e-15,5.6703744189999998e-23,3.25,223.15000000000001,84.089641525371405,1,1,84.089641525371405,1,900,300,300,330,0.84999999999999987,500,5000,1,1,map,221
map_0222,map,map_222,haps_thermal_map.slx,1100,101325,300,223.15000000000001,50,3.5,120,0.40000000000000002,2,0.01,0.10000000000000001,0.0089999999999999004,0.0060000000000000001,0.094197000000000003,65.532179999999997,0.59999999999999987,88.468442999999994,0.11774625,3000,500,1.0000000000000001e-15,5.6703744189999998e-23,3.5,223.15000000000001,84.089641525371405,1,1,84.089641525371405,1,900,300,300,330,0.84999999999999987,500,5000,1,1,map,222
map_0223,map,map_223,haps_thermal_map.slx,1100,101325,300,223.15000000000001,50,3.75,120,0.40000000000000002,2,0.01,0.10000000000000001,0.0089999999999999004,0.0060000000000000001,0.094197000000000003,65.532179999999997,0.59999999999999987,88.468442999999994,0.11774625,3000,500,1.0000000000000001e-15,5.6703744189999998e-23,3.75,223.15000000000001,84.089641525371405,1,1,84.089641525371405,1,900,300,300,330,0.84999999999999987,500,5000,1,1,map,223
map_0224,map,map_224,haps_thermal_map.slx,1100,101325,300,223.15000000000001,50,4,120,0.40000000000000002,2,0.01,0.10000000000000001,0.0089999999999999004,0.0060000000000000001,0.094197000000000003,65.532179999999997,0.59999999999999987,88.468442999999994,0.11774625,3000,500,1.0000000000000001e-15,5.6703744189999998e-23,4,223.15000000000001,84.089641525371405,1,1,84.089641525371405,1,900,300,300,330,0.84999999999999987,500,5000,1,1,map,224
map_0225,map,map_225,haps_thermal_map.slx,1100,101325,300,223.15000000000001,50,4.25,120,0.40000000000000002,2,0.01,0.10000000000000001,0.0089999999999999004,0.0060000000000000001,0.094197000000000003,65.532179999999997,0.59999999999999987,88.468442999999994,0.11774625,3000,500,1.0000000000000001e-15,5.6703744189999998e-23,4.25,223.15000000000001,84.089641525371405,1,1,84.089641525371405,1,900,300,300,330,0.84999999999999987,500,5000,1,1,map,225
map_0226,map,map_226,haps_thermal_map.slx,1100,101325,300,223.15000000000001,50,4.5,120,0.40000000000000002,2,0.01,0.10000000000000001,0.0089999999999999004,0.0060000000000000001,0.094197000000000003,65.532179999999997,0.59999999999999987,88.468442999999994,0.11774625,3000,500,1.0000000000000001e-15,5.6703744189999998e-23,4.5,223.15000000000001,84.089641525371405,1,1,84.089641525371405,1,900,300,300,330,0.84999999999999987,500,5000,1,1,map,226
map_0227,map,map_227,haps_thermal_map.slx,1100,101325,300,223.15000000000001,50,4.75,120,0.40000000000000002,2,0.01,0.10000000000000001,0.0089999999999999004,0.0060000000000000001,0.094197000000000003,65.532179999999997,0.59999999999999987,88.468442999999994,0.11774625,3000,500,1.0000000000000001e-15,5.6703744189999998e-23,4.75,223.15000000000001,84.089641525371405,1,1,84.089641525371405,1,900,300,300,330,0.84999999999999987,500,5000,1,1,map,227
map_0228,map,map_228,haps_thermal_map.slx,1100,101325,300,223.15000000000001,50,5,120,0.40000000000000002,2,0.01,0.10000000000000001,0.0089999999999999004,0.0060000000000000001,0.094197000000000003,65.532179999999997,0.59999999999999987,88.468442999999994,0.11774625,3000,500,1.0000000000000001e-15,5.6703744189999998e-23,5,223.15000000000001,84.089641525371405,1,1,84.089641525371405,1,900,300,300,330,0.84999999999999987,500,5000,1,1,map,228
map_0229,map,map_229,haps_thermal_map.slx,1100,101325,300,223.15000000000001,50,5.25,120,0.40000000000000002,2,0.01,0.10000000000000001,0.0089999999999999004,0.0060000000000000001,0.094197000000000003,65.532179999999997,0.59999999999999987,88.468442999999994,0.11774625,3000,500,1.0000000000000001e-15,5.6703744189999998e-23,5.25,223.15000000000001,84.089641525371405,1,1,84.089641525371405,1,900,300,300,330,0.84999999999999987,500,5000,1,1,map,229
map_0230,map,map_230,haps_thermal_map.slx,1100,101325,300,223.15000000000001,50,5.5,120,0.40000000000000002,2,0.01,0.10000000000000001,0.0089999999999999004,0.0060000000000000001,0.094197000000000003,65.532179999999997,0.59999999999999987,88.468442999999994,0.11774625,3000,500,1.0000000000000001e-15,5.6703744189999998e-23,5.5,223.15000000000001,84.089641525371405,1,1,84.089641525371405,1,900,300,300,330,0.84999999999999987,500,5000,1,1,map,230
map_0231,map,map_231,haps_thermal_map.slx,1100,101325,300,223.15000000000001,50,5.75,120,0.40000000000000002,2,0.01,0.10000000000000001,0.0089999999999999004,0.0060000000000000001,0.094197000000000003,65.532179999999997,0.59999999999999987,88.468442999999994,0.11774625,3000,500,1.0000000000000001e-15,5.6703744189999998e-23,5.75,223.15000000000001,84.089641525371405,1,1,84.089641525371405,1,900,300,300,330,0.84999999999999987,500,5000,1,1,map,231
map_0232,map,map_232,haps_thermal_map.slx,1100,101325,300,223.15000000000001,50,6,120,0.40000000000000002,2,0.01,0.10000000000000001,0.0089999999999999004,0.0060000000000000001,0.094197000000000003,65.532179999999997,0.59999999999999987,88.468442999999994,0.11774625,3000,500,1.0000000000000001e-15,5.6703744189999998e-23,6,223.15000000000001,84.089641525371405,1,1,84.089641525371405,1,900,300,300,330,0.84999999999999987,500,5000,1,1,map,232
map_0233,map,map_233,haps_thermal_map.slx,1100,101325,300,223.15000000000001,50,0.5,120,0.40000000000000002,2,0.01,0.10000000000000001,0.0089999999999999004,0.0060000000000000001,0.094197000000000003,65.532179999999997,0.59999999999999987,88.468442999999994,0.11774625,3000,500,1.0000000000000001e-15,5.6703744189999998e-23,0.5,223.15000000000001,100,1,1,100,1,900,300,300,330,0.84999999999999987,500,5000,1,1,map,233
map_0234,map,map_234,haps_thermal_map.slx,1100,101325,300,223.15000000000001,50,0.625,120,0.40000000000000002,2,0.01,0.10000000000000001,0.0089999999999999004,0.0060000000000000001,0.094197000000000003,65.532179999999997,0.59999999999999987,88.468442999999994,0.11774625,3000,500,1.0000000000000001e-15,5.6703744189999998e-23,0.625,223.15000000000001,100,1,1,100,1,900,300,300,330,0.84999999999999987,500,5000,1,1,map,234
map_0235,map,map_235,haps_thermal_map.slx,1100,101325,300,223.15000000000001,50,0.75,120,0.40000000000000002,2,0.01,0.10000000000000001,0.0089999999999999004,0.0060000000000000001,0.094197000000000003,65.532179999999997,0.59999999999999987,88.468442999999994,0.11774625,3000,500,1.0000000000000001e-15,5.6703744189999998e-23,0.75,223.15000000000001,100,1,1,100,1,900,300,300,330,0.84999999999999987,500,5000,1,1,map,235
map_0236,map,map_236,haps_thermal_map.slx,1100,101325,300,223.15000000000001,50,0.875,120,0.40000000000000002,2,0.01,0.10000000000000001,0.0089999999999999004,0.0060000000000000001,0.094197000000000003,65.532179999999997,0.59999999999999987,88.468442999999994,0.11774625,3000,500,1.0000000000000001e-15,5.6703744189999998e-23,0.875,223.15000000000001,100,1,1,100,1,900,300,300,330,0.84999999999999987,500,5000,1,1,map,236
map_0237,map,map_237,haps_thermal_map.slx,1100,101325,300,223.15000000000001,50,1,120,0.40000000000000002,2,0.01,0.10000000000000001,0.0089999999999999004,0.0060000000000000001,0.094197000000000003,65.532179999999997,0.59999999999999987,88.468442999999994,0.11774625,3000,500,1.0000000000000001e-15,5.6703744189999998e-23,1,223.15000000000001,100,1,1,100,1,900,300,300,330,0.84999999999999987,500,5000,1,1,map,237
map_0238,map,map_238,haps_thermal_map.slx,1100,101325,300,223.15000000000001,50,1.125,120,0.40000000000000002,2,0.01,0.10000000000000001,0.0089999999999999004,0.0060000000000000001,0.094197000000000003,65.532179999999997,0.59999999999999987,88.468442999999994,0.11774625,3000,500,1.0000000000000001e-15,5.6703744189999998e-23,1.125,223.15000000000001,100,1,1,100,1,900,300,300,330,0.84999999999999987,500,5000,1,1,map,238
map_0239,map,map_239,haps_thermal_map.slx,1100,101325,300,223.15000000000001,50,1.25,120,0.40000000000000002,2,0.01,0.10000000000000001,0.0089999999999999004,0.0060000000000000001,0.094197000000000003,65.532179999999997,0.59999999999999987,88.468442999999994,0.11774625,3000,500,1.0000000000000001e-15,5.6703744189999998e-23,1.25,223.15000000000001,100,1,1,100,1,900,300,300,330,0.84999999999999987,500,5000,1,1,map,239
map_0240,map,map_240,haps_thermal_map.slx,1100,101325,300,223.15000000000001,50,1.375,120,0.40000000000000002,2,0.01,0.10000000000000001,0.0089999999999999004,0.0060000000000000001,0.094197000000000003,65.532179999999997,0.59999999999999987,88.468442999999994,0.11774625,3000,500,1.0000000000000001e-15,5.6703744189999998e-23,1.375,223.15000000000001,100,1,1,100,1,900,300,300,330,0.84999999999999987,500,5000,1,1,map,240
map_0241,map,map_241,haps_thermal_map.slx,1100,101325,300,223.15000000000001,50,1.5,120,0.40000000000000002,2,0.01,0.10000000000000001,0.0089999999999999004,0.0060000000000000001,0.094197000000000003,65.532179999999997,0.59999999999999987,88.468442999999994,0.11774625,3000,500,1.0000000000000001e-15,5.6703744189999998e-23,1.5,223.15000000000001,100,1,1,100,1,900,300,300,330,0.84999999999999987,500,5000,1,1,map,241
map_0242,map,map_242,haps_thermal_map.slx,1100,101325,300,223.15000000000001,50,1.625,120,0.40000000000000002,2,0.01,0.10000000000000001,0.0089999999999999004,0.0060000000000000001,0.094197000000000003,65.532179999999997,0.59999999999999987,88.468442999999994,0.11774625,3000,500,1.0000000000000001e-15,5.6703744189999998e-23,1.625,223.15000000000001,100,1,1,100,1,900,300,300,330,0.84999999999999987,500,5000,1,1,map,242
map_0243,map,map_243,haps_thermal_map.slx,1100,101325,300,223.15000000000001,50,1.75,120,0.40000000000000002,2,0.01,0.10000000000000001,0.0089999999999999004,0.0060000000000000001,0.094197000000000003,65.532179999999997,0.59999999999999987,88.468442999999994,0.11774625,3000,500,1.0000000000000001e-15,5.6703744189999998e-23,1.75,223.15000000000001,100,1,1,100,1,900,300,300,330,0.84999999999999987,500,5000,1,1,map,243
map_0244,map,map_244,haps_thermal_map.slx,1100,101325,300,223.15000000000001,50,1.875,120,0.40000000000000002,2,0.01,0.10000000000000001,0.0089999999999999004,0.0060000000000000001,0.094197000000000003,65.532179999999997,0.59999999999999987,88.468442999999994,0.11774625,3000,500,1.0000000000000001e-15,5.6703744189999998e-23,1.875,223.15000000000001,100,1,1,100,1,900,300,300,330,0.84999999999999987,500,5000,1,1,map,244
map_0245,map,map_245,haps_thermal_map.slx,1100,101325,300,223.15000000000001,50,2,120,0.40000000000000002,2,0.01,0.10000000000000001,0.0089999999999999004,0.0060000000000000001,0.094197000000000003,65.532179999999997,0.59999999999999987,88.468442999999994,0.11774625,3000,500,1.0000000000000001e-15,5.6703744189999998e-23,2,223.15000000000001,100,1,1,100,1,900,300,300,330,0.84999999999999987,500,5000,1,1,map,245
map_0246,map,map_246,haps_thermal_map.slx,1100,101325,300,223.15000000000001,50,2.25,120,0.40000000000000002,2,0.01,0.10000000000000001,0.0089999999999999004,0.0060000000000000001,0.094197000000000003,65.532179999999997,0.59999999999999987,88.468442999999994,0.11774625,3000,500,1.0000000000000001e-15,5.6703744189999998e-23,2.25,223.15000000000001,100,1,1,100,1,900,300,300,330,0.84999999999999987,500,5000,1,1,map,246
map_0247,map,map_247,haps_thermal_map.slx,1100,101325,300,223.15000000000001,50,2.5,120,0.40000000000000002,2,0.01,0.10000000000000001,0.0089999999999999004,0.0060000000000000001,0.094197000000000003,65.532179999999997,0.59999999999999987,88.468442999999994,0.11774625,3000,500,1.0000000000000001e-15,5.6703744189999998e-23,2.5,223.15000000000001,100,1,1,100,1,900,300,300,330,0.84999999999999987,500,5000,1,1,map,247
map_0248,map,map_248,haps_thermal_map.slx,1100,101325,300,223.15000000000001,50,2.75,120,0.40000000000000002,2,0.01,0.10000000000000001,0.0089999999999999004,0.0060000000000000001,0.094197000000000003,65.532179999999997,0.59999999999999987,88.468442999999994,0.11774625,3000,500,1.0000000000000001e-15,5.6703744189999998e-23,2.75,223.15000000000001,100,1,1,100,1,900,300,300,330,0.84999999999999987,500,5000,1,1,map,248
map_0249,map,map_249,haps_thermal_map.slx,1100,101325,300,223.15000000000001,50,3,120,0.40000000000000002,2,0.01,0.10000000000000001,0.0089999999999999004,0.0060000000000000001,0.094197000000000003,65.532179999999997,0.59999999999999987,88.468442999999994,0.11774625,3000,500,1.0000000000000001e-15,5.6703744189999998e-23,3,223.15000000000001,100,1,1,100,1,900,300,300,330,0.84999999999999987,500,5000,1,1,map,249
map_0250,map,map_250,haps_thermal_map.slx,1100,101325,300,223.15000000000001,50,3.25,120,0.40000000000000002,2,0.01,0.10000000000000001,0.0089999999999999004,0.0060000000000000001,0.094197000000000003,65.532179999999997,0.59999999999999987,88.468442999999994,0.11774625,3000,500,1.0000000000000001e-15,5.6703744189999998e-23,3.25,223.15000000000001,100,1,1,100,1,900,300,300,330,0.84999999999999987,500,5000,1,1,map,250
map_0251,map,map_251,haps_thermal_map.slx,1100,101325,300,223.15000000000001,50,3.5,120,0.40000000000000002,2,0.01,0.10000000000000001,0.0089999999999999004,0.0060000000000000001,0.094197000000000003,65.532179999999997,0.59999999999999987,88.468442999999994,0.11774625,3000,500,1.0000000000000001e-15,5.6703744189999998e-23,3.5,223.15000000000001,100,1,1,100,1,900,300,300,330,0.84999999999999987,500,5000,1,1,map,251
map_0252,map,map_252,haps_thermal_map.slx,1100,101325,300,223.15000000000001,50,3.75,120,0.40000000000000002,2,0.01,0.10000000000000001,0.0089999999999999004,0.0060000000000000001,0.094197000000000003,65.532179999999997,0.59999999999999987,88.468442999999994,0.11774625,3000,500,1.0000000000000001e-15,5.6703744189999998e-23,3.75,223.15000000000001,100,1,1,100,1,900,300,300,330,0.84999999999999987,500,5000,1,1,map,252
map_0253,map,map_253,haps_thermal_map.slx,1100,101325,300,223.15000000000001,50,4,120,0.40000000000000002,2,0.01,0.10000000000000001,0.0089999999999999004,0.0060000000000000001,0.094197000000000003,65.532179999999997,0.59999999999999987,88.468442999999994,0.11774625,3000,500,1.0000000000000001e-15,5.6703744189999998e-23,4,223.15000000000001,100,1,1,100,1,900,300,300,330,0.84999999999999987,500,5000,1,1,map,253
map_0254,map,map_254,haps_thermal_map.slx,1100,101325,300,223.15000000000001,50,4.25,120,0.40000000000000002,2,0.01,0.10000000000000001,0.0089999999999999004,0.0060000000000000001,0.094197000000000003,65.532179999999997,0.59999999999999987,88.468442999999994,0.11774625,3000,500,1.0000000000000001e-15,5.6703744189999998e-23,4.25,223.15000000000001,100,1,1,100,1,900,300,300,330,0.84999999999999987,500,5000,1,1,map,254
map_0255,map,map_255,haps_thermal_map.slx,1100,101325,300,223.15000000000001,50,4.5,120,0.40000000000000002,2,0.01,0.10000000000000001,0.0089999999999999004,0.0060000000000000001,0.094197000000000003,65.532179999999997,0.59999999999999987,88.468442999999994,0.11774625,3000,500,1.0000000000000001e-15,5.6703744189999998e-23,4.5,223.15000000000001,100,1,1,100,1,900,300,300,330,0.84999999999999987,500,5000,1,1,map,255
map_0256,map,map_256,haps_thermal_map.slx,1100,101325,300,223.15000000000001,50,4.75,120,0.40000000000000002,2,0.01,0.10000000000000001,0.0089999999999999004,0.0060000000000000001,0.094197000000000003,65.532179999999997,0.59999999999999987,88.468442999999994,0.11774625,3000,500,1.0000000000000001e-15,5.6703744189999998e-23,4.75,223.15000000000001,100,1,1,100,1,900,300,300,330,0.84999999999999987,500,5000,1,1,map,256
map_0257,map,map_257,haps_thermal_map.slx,1100,101325,300,223.15000000000001,50,5,120,0.40000000000000002,2,0.01,0.10000000000000001,0.0089999999999999004,0.0060000000000000001,0.094197000000000003,65.532179999999997,0.59999999999999987,88.468442999999994,0.11774625,3000,500,1.0000000000000001e-15,5.6703744189999998e-23,5,223.15000000000001,100,1,1,100,1,900,300,300,330,0.84999999999999987,500,5000,1,1,map,257
map_0258,map,map_258,haps_thermal_map.slx,1100,101325,300,223.15000000000001,50,5.25,120,0.40000000000000002,2,0.01,0.10000000000000001,0.0089999999999999004,0.0060000000000000001,0.094197000000000003,65.532179999999997,0.59999999999999987,88.468442999999994,0.11774625,3000,500,1.0000000000000001e-15,5.6703744189999998e-23,5.25,223.15000000000001,100,1,1,100,1,900,300,300,330,0.84999999999999987,500,5000,1,1,map,258
map_0259,map,map_259,haps_thermal_map.slx,1100,101325,300,223.15000000000001,50,5.5,120,0.40000000000000002,2,0.01,0.10000000000000001,0.0089999999999999004,0.0060000000000000001,0.094197000000000003,65.532179999999997,0.59999999999999987,88.468442999999994,0.11774625,3000,500,1.0000000000000001e-15,5.6703744189999998e-23,5.5,223.15000000000001,100,1,1,100,1,900,300,300,330,0.84999999999999987,500,5000,1,1,map,259
map_0260,map,map_260,haps_thermal_map.slx,1100,101325,300,223.15000000000001,50,5.75,120,0.40000000000000002,2,0.01,0.10000000000000001,0.0089999999999999004,0.0060000000000000001,0.094197000000000003,65.532179999999997,0.59999999999999987,88.468442999999994,0.11774625,3000,500,1.0000000000000001e-15,5.6703744189999998e-23,5.75,223.15000000000001,100,1,1,100,1,900,300,300,330,0.84999999999999987,500,5000,1,1,map,260
map_0261,map,map_261,haps_thermal_map.slx,1100,101325,300,223.15000000000001,50,6,120,0.40000000000000002,2,0.01,0.10000000000000001,0.0089999999999999004,0.0060000000000000001,0.094197000000000003,65.532179999999997,0.59999999999999987,88.468442999999994,0.11774625,3000,500,1.0000000000000001e-15,5.6703744189999998e-23,6,223.15000000000001,100,1,1,100,1,900,300,300,330,0.84999999999999987,500,5000,1,1,map,261
map_0262,map,map_262,haps_thermal_map.slx,1100,101325,300,223.15000000000001,50,0.5,120,0.40000000000000002,2,0.01,0.10000000000000001,0.0089999999999999004,0.0060000000000000001,0.094197000000000003,65.532179999999997,0.59999999999999987,88.468442999999994,0.11774625,3000,500,1.0000000000000001e-15,5.6703744189999998e-23,0.5,223.15000000000001,118.92071150027201,1,1,118.92071150027201,1,900,300,300,330,0.84999999999999987,500,5000,1,1,map,262
map_0263,map,map_263,haps_thermal_map.slx,1100,101325,300,223.15000000000001,50,0.625,120,0.40000000000000002,2,0.01,0.10000000000000001,0.0089999999999999004,0.0060000000000000001,0.094197000000000003,65.532179999999997,0.59999999999999987,88.468442999999994,0.11774625,3000,500,1.0000000000000001e-15,5.6703744189999998e-23,0.625,223.15000000000001,118.92071150027201,1,1,118.92071150027201,1,900,300,300,330,0.84999999999999987,500,5000,1,1,map,263
map_0264,map,map_264,haps_thermal_map.slx,1100,101325,300,223.15000000000001,50,0.75,120,0.40000000000000002,2,0.01,0.10000000000000001,0.0089999999999999004,0.0060000000000000001,0.094197000000000003,65.532179999999997,0.59999999999999987,88.468442999999994,0.11774625,3000,500,1.0000000000000001e-15,5.6703744189999998e-23,0.75,223.15000000000001,118.92071150027201,1,1,118.92071150027201,1,900,300,300,330,0.84999999999999987,500,5000,1,1,map,264
map_0265,map,map_265,haps_thermal_map.slx,1100,101325,300,223.15000000000001,50,0.875,120,0.40000000000000002,2,0.01,0.10000000000000001,0.0089999999999999004,0.0060000000000000001,0.094197000000000003,65.532179999999997,0.59999999999999987,88.468442999999994,0.11774625,3000,500,1.0000000000000001e-15,5.6703744189999998e-23,0.875,223.15000000000001,118.92071150027201,1,1,118.92071150027201,1,900,300,300,330,0.84999999999999987,500,5000,1,1,map,265
map_0266,map,map_266,haps_thermal_map.slx,1100,101325,300,223.15000000000001,50,1,120,0.40000000000000002,2,0.01,0.10000000000000001,0.0089999999999999004,0.0060000000000000001,0.094197000000000003,65.532179999999997,0.59999999999999987,88.468442999999994,0.11774625,3000,500,1.0000000000000001e-15,5.6703744189999998e-23,1,223.15000000000001,118.92071150027201,1,1,118.92071150027201,1,900,300,300,330,0.84999999999999987,500,5000,1,1,map,266
map_0267,map,map_267,haps_thermal_map.slx,1100,101325,300,223.15000000000001,50,1.125,120,0.40000000000000002,2,0.01,0.10000000000000001,0.0089999999999999004,0.0060000000000000001,0.094197000000000003,65.532179999999997,0.59999999999999987,88.468442999999994,0.11774625,3000,500,1.0000000000000001e-15,5.6703744189999998e-23,1.125,223.15000000000001,118.92071150027201,1,1,118.92071150027201,1,900,300,300,330,0.84999999999999987,500,5000,1,1,map,267
map_0268,map,map_268,haps_thermal_map.slx,1100,101325,300,223.15000000000001,50,1.25,120,0.40000000000000002,2,0.01,0.10000000000000001,0.0089999999999999004,0.0060000000000000001,0.094197000000000003,65.532179999999997,0.59999999999999987,88.468442999999994,0.11774625,3000,500,1.0000000000000001e-15,5.6703744189999998e-23,1.25,223.15000000000001,118.92071150027201,1,1,118.92071150027201,1,900,300,300,330,0.84999999999999987,500,5000,1,1,map,268
map_0269,map,map_269,haps_thermal_map.slx,1100,101325,300,223.15000000000001,50,1.375,120,0.40000000000000002,2,0.01,0.10000000000000001,0.0089999999999999004,0.0060000000000000001,0.094197000000000003,65.532179999999997,0.59999999999999987,88.468442999999994,0.11774625,3000,500,1.0000000000000001e-15,5.6703744189999998e-23,1.375,223.15000000000001,118.92071150027201,1,1,118.92071150027201,1,900,300,300,330,0.84999999999999987,500,5000,1,1,map,269
map_0270,map,map_270,haps_thermal_map.slx,1100,101325,300,223.15000000000001,50,1.5,120,0.40000000000000002,2,0.01,0.10000000000000001,0.0089999999999999004,0.0060000000000000001,0.094197000000000003,65.532179999999997,0.59999999999999987,88.468442999999994,0.11774625,3000,500,1.0000000000000001e-15,5.6703744189999998e-23,1.5,223.15000000000001,118.92071150027201,1,1,118.92071150027201,1,900,300,300,330,0.84999999999999987,500,5000,1,1,map,270
map_0271,map,map_271,haps_thermal_map.slx,1100,101325,300,223.15000000000001,50,1.625,120,0.40000000000000002,2,0.01,0.10000000000000001,0.0089999999999999004,0.0060000000000000001,0.094197000000000003,65.532179999999997,0.59999999999999987,88.468442999999994,0.11774625,3000,500,1.0000000000000001e-15,5.6703744189999998e-23,1.625,223.15000000000001,118.92071150027201,1,1,118.92071150027201,1,900,300,300,330,0.84999999999999987,500,5000,1,1,map,271
map_0272,map,map_272,haps_thermal_map.slx,1100,101325,300,223.15000000000001,50,1.75,120,0.40000000000000002,2,0.01,0.10000000000000001,0.0089999999999999004,0.0060000000000000001,0.094197000000000003,65.532179999999997,0.59999999999999987,88.468442999999994,0.11774625,3000,500,1.0000000000000001e-15,5.6703744189999998e-23,1.75,223.15000000000001,118.92071150027201,1,1,118.92071150027201,1,900,300,300,330,0.84999999999999987,500,5000,1,1,map,272
map_0273,map,map_273,haps_thermal_map.slx,1100,101325,300,223.15000000000001,50,1.875,120,0.40000000000000002,2,0.01,0.10000000000000001,0.0089999999999999004,0.0060000000000000001,0.094197000000000003,65.532179999999997,0.59999999999999987,88.468442999999994,0.11774625,3000,500,1.0000000000000001e-15,5.6703744189999998e-23,1.875,223.15000000000001,118.92071150027201,1,1,118.92071150027201,1,900,300,300,330,0.84999999999999987,500,5000,1,1,map,273
map_0274,map,map_274,haps_thermal_map.slx,1100,101325,300,223.15000000000001,50,2,120,0.40000000000000002,2,0.01,0.10000000000000001,0.0089999999999999004,0.0060000000000000001,0.094197000000000003,65.532179999999997,0.59999999999999987,88.468442999999994,0.11774625,3000,500,1.0000000000000001e-15,5.6703744189999998e-23,2,223.15000000000001,118.92071150027201,1,1,118.92071150027201,1,900,300,300,330,0.84999999999999987,500,5000,1,1,map,274
map_0275,map,map_275,haps_thermal_map.slx,1100,101325,300,223.15000000000001,50,2.25,120,0.40000000000000002,2,0.01,0.10000000000000001,0.0089999999999999004,0.0060000000000000001,0.094197000000000003,65.532179999999997,0.59999999999999987,88.468442999999994,0.11774625,3000,500,1.0000000000000001e-15,5.6703744189999998e-23,2.25,223.15000000000001,118.92071150027201,1,1,118.92071150027201,1,900,300,300,330,0.84999999999999987,500,5000,1,1,map,275
map_0276,map,map_276,haps_thermal_map.slx,1100,101325,300,223.15000000000001,50,2.5,120,0.40000000000000002,2,0.01,0.10000000000000001,0.0089999999999999004,0.0060000000000000001,0.094197000000000003,65.532179999999997,0.59999999999999987,88.468442999999994,0.11774625,3000,500,1.0000000000000001e-15,5.6703744189999998e-23,2.5,223.15000000000001,118.92071150027201,1,1,118.92071150027201,1,900,300,300,330,0.84999999999999987,500,5000,1,1,map,276
map_0277,map,map_277,haps_thermal_map.slx,1100,101325,300,223.15000000000001,50,2.75,120,0.40000000000000002,2,0.01,0.10000000000000001,0.0089999999999999004,0.0060000000000000001,0.094197000000000003,65.532179999999997,0.59999999999999987,88.468442999999994,0.11774625,3000,500,1.0000000000000001e-15,5.6703744189999998e-23,2.75,223.15000000000001,118.92071150027201,1,1,118.92071150027201,1,900,300,300,330,0.84999999999999987,500,5000,1,1,map,277
map_0278,map,map_278,haps_thermal_map.slx,1100,101325,300,223.15000000000001,50,3,120,0.40000000000000002,2,0.01,0.10000000000000001,0.0089999999999999004,0.0060000000000000001,0.094197000000000003,65.532179999999997,0.59999999999999987,88.468442999999994,0.11774625,3000,500,1.0000000000000001e-15,5.6703744189999998e-23,3,223.15000000000001,118.92071150027201,1,1,118.92071150027201,1,900,300,300,330,0.84999999999999987,500,5000,1,1,map,278
map_0279,map,map_279,haps_thermal_map.slx,1100,101325,300,223.15000000000001,50,3.25,120,0.40000000000000002,2,0.01,0.10000000000000001,0.0089999999999999004,0.0060000000000000001,0.094197000000000003,65.532179999999997,0.59999999999999987,88.468442999999994,0.11774625,3000,500,1.0000000000000001e-15,5.6703744189999998e-23,3.25,223.15000000000001,118.92071150027201,1,1,118.92071150027201,1,900,300,300,330,0.84999999999999987,500,5000,1,1,map,279
map_0280,map,map_280,haps_thermal_map.slx,1100,101325,300,223.15000000000001,50,3.5,120,0.40000000000000002,2,0.01,0.10000000000000001,0.0089999999999999004,0.0060000000000000001,0.094197000000000003,65.532179999999997,0.59999999999999987,88.468442999999994,0.11774625,3000,500,1.0000000000000001e-15,5.6703744189999998e-23,3.5,223.15000000000001,118.92071150027201,1,1,118.92071150027201,1,900,300,300,330,0.84999999999999987,500,5000,1,1,map,280
map_0281,map,map_281,haps_thermal_map.slx,1100,101325,300,223.15000000000001,50,3.75,120,0.40000000000000002,2,0.01,0.10000000000000001,0.0089999999999999004,0.0060000000000000001,0.094197000000000003,65.532179999999997,0.59999999999999987,88.468442999999994,0.11774625,3000,500,1.0000000000000001e-15,5.6703744189999998e-23,3.75,223.15000000000001,118.92071150027201,1,1,118.92071150027201,1,900,300,300,330,0.84999999999999987,500,5000,1,1,map,281
map_0282,map,map_282,haps_thermal_map.slx,1100,101325,300,223.15000000000001,50,4,120,0.40000000000000002,2,0.01,0.10000000000000001,0.0089999999999999004,0.0060000000000000001,0.094197000000000003,65.532179999999997,0.59999999999999987,88.468442999999994,0.11774625,3000,500,1.0000000000000001e-15,5.6703744189999998e-23,4,223.15000000000001,118.92071150027201,1,1,118.92071150027201,1,900,300,300,330,0.84999999999999987,500,5000,1,1,map,282
map_0283,map,map_283,haps_thermal_map.slx,1100,101325,300,223.15000000000001,50,4.25,120,0.40000000000000002,2,0.01,0.10000000000000001,0.0089999999999999004,0.0060000000000000001,0.094197000000000003,65.532179999999997,0.59999999999999987,88.468442999999994,0.11774625,3000,500,1.0000000000000001e-15,5.6703744189999998e-23,4.25,223.15000000000001,118.92071150027201,1,1,118.92071150027201,1,900,300,300,330,0.84999999999999987,500,5000,1,1,map,283
map_0284,map,map_284,haps_thermal_map.slx,1100,101325,300,223.15000000000001,50,4.5,120,0.40000000000000002,2,0.01,0.10000000000000001,0.0089999999999999004,0.0060000000000000001,0.094197000000000003,65.532179999999997,0.59999999999999987,88.468442999999994,0.11774625,3000,500,1.0000000000000001e-15,5.6703744189999998e-23,4.5,223.15000000000001,118.92071150027201,1,1,118.92071150027201,1,900,300,300,330,0.84999999999999987,500,5000,1,1,map,284
map_0285,map,map_285,haps_thermal_map.slx,1100,101325,300,223.15000000000001,50,4.75,120,0.40000000000000002,2,0.01,0.10000000000000001,0.0089999999999999004,0.0060000000000000001,0.094197000000000003,65.532179999999997,0.59999999999999987,88.468442999999994,0.11774625,3000,500,1.0000000000000001e-15,5.6703744189999998e-23,4.75,223.15000000000001,118.92071150027201,1,1,118.92071150027201,1,900,300,300,330,0.84999999999999987,500,5000,1,1,map,285
map_0286,map,map_286,haps_thermal_map.slx,1100,101325,300,223.15000000000001,50,5,120,0.40000000000000002,2,0.01,0.10000000000000001,0.0089999999999999004,0.0060000000000000001,0.094197000000000003,65.532179999999997,0.59999999999999987,88.468442999999994,0.11774625,3000,500,1.0000000000000001e-15,5.6703744189999998e-23,5,223.15000000000001,118.92071150027201,1,1,118.92071150027201,1,900,300,300,330,0.84999999999999987,500,5000,1,1,map,286
map_0287,map,map_287,haps_thermal_map.slx,1100,101325,300,223.15000000000001,50,5.25,120,0.40000000000000002,2,0.01,0.10000000000000001,0.0089999999999999004,0.0060000000000000001,0.094197000000000003,65.532179999999997,0.59999999999999987,88.468442999999994,0.11774625,3000,500,1.0000000000000001e-15,5.6703744189999998e-23,5.25,223.15000000000001,118.92071150027201,1,1,118.92071150027201,1,900,300,300,330,0.84999999999999987,500,5000,1,1,map,287
map_0288,map,map_288,haps_thermal_map.slx,1100,101325,300,223.15000000000001,50,5.5,120,0.40000000000000002,2,0.01,0.10000000000000001,0.0089999999999999004,0.0060000000000000001,0.094197000000000003,65.532179999999997,0.59999999999999987,88.468442999999994,0.11774625,3000,500,1.0000000000000001e-15,5.6703744189999998e-23,5.5,223.15000000000001,118.92071150027201,1,1,118.92071150027201,1,900,300,300,330,0.84999999999999987,500,5000,1,1,map,288
map_0289,map,map_289,haps_thermal_map.slx,1100,101325,300,223.15000000000001,50,5.75,120,0.40000000000000002,2,0.01,0.10000000000000001,0.0089999999999999004,0.0060000000000000001,0.094197000000000003,65.532179999999997,0.59999999999999987,88.468442999999994,0.11774625,3000,500,1.0000000000000001e-15,5.6703744189999998e-23,5.75,223.15000000000001,118.92071150027201,1,1,118.92071150027201,1,900,300,300,330,0.84999999999999987,500,5000,1,1,map,289
map_0290,map,map_290,haps_thermal_map.slx,1100,101325,300,223.15000000000001,50,6,120,0.40000000000000002,2,0.01,0.10000000000000001,0.0089999999999999004,0.0060000000000000001,0.094197000000000003,65.532179999999997,0.59999999999999987,88.468442999999994,0.11774625,3000,500,1.0000000000000001e-15,5.6703744189999998e-23,6,223.15000000000001,118.92071150027201,1,1,118.92071150027201,1,900,300,300,330,0.84999999999999987,500,5000,1,1,map,290
map_0291,map,map_291,haps_thermal_map.slx,1100,101325,300,223.15000000000001,50,0.5,120,0.40000000000000002,2,0.01,0.10000000000000001,0.0089999999999999004,0.0060000000000000001,0.094197000000000003,65.532179999999997,0.59999999999999987,88.468442999999994,0.11774625,3000,500,1.0000000000000001e-15,5.6703744189999998e-23,0.5,223.15000000000001,141.42135623730999,1,1,141.42135623730999,1,900,300,300,330,0.84999999999999987,500,5000,1,1,map,291
map_0292,map,map_292,haps_thermal_map.slx,1100,101325,300,223.15000000000001,50,0.625,120,0.40000000000000002,2,0.01,0.10000000000000001,0.0089999999999999004,0.0060000000000000001,0.094197000000000003,65.532179999999997,0.59999999999999987,88.468442999999994,0.11774625,3000,500,1.0000000000000001e-15,5.6703744189999998e-23,0.625,223.15000000000001,141.42135623730999,1,1,141.42135623730999,1,900,300,300,330,0.84999999999999987,500,5000,1,1,map,292
map_0293,map,map_293,haps_thermal_map.slx,1100,101325,300,223.15000000000001,50,0.75,120,0.40000000000000002,2,0.01,0.10000000000000001,0.0089999999999999004,0.0060000000000000001,0.094197000000000003,65.532179999999997,0.59999999999999987,88.468442999999994,0.11774625,3000,500,1.0000000000000001e-15,5.6703744189999998e-23,0.75,223.15000000000001,141.42135623730999,1,1,141.42135623730999,1,900,300,300,330,0.84999999999999987,500,5000,1,1,map,293
map_0294,map,map_294,haps_thermal_map.slx,1100,101325,300,223.15000000000001,50,0.875,120,0.40000000000000002,2,0.01,0.10000000000000001,0.0089999999999999004,0.0060000000000000001,0.094197000000000003,65.532179999999997,0.59999999999999987,88.468442999999994,0.11774625,3000,500,1.0000000000000001e-15,5.6703744189999998e-23,0.875,223.15000000000001,141.42135623730999,1,1,141.42135623730999,1,900,300,300,330,0.84999999999999987,500,5000,1,1,map,294
map_0295,map,map_295,haps_thermal_map.slx,1100,101325,300,223.15000000000001,50,1,120,0.40000000000000002,2,0.01,0.10000000000000001,0.0089999999999999004,0.0060000000000000001,0.094197000000000003,65.532179999999997,0.59999999999999987,88.468442999999994,0.11774625,3000,500,1.0000000000000001e-15,5.6703744189999998e-23,1,223.15000000000001,141.42135623730999,1,1,141.42135623730999,1,900,300,300,330,0.84999999999999987,500,5000,1,1,map,295
map_0296,map,map_296,haps_thermal_map.slx,1100,101325,300,223.15000000000001,50,1.125,120,0.40000000000000002,2,0.01,0.10000000000000001,0.0089999999999999004,0.0060000000000000001,0.094197000000000003,65.532179999999997,0.59999999999999987,88.468442999999994,0.11774625,3000,500,1.0000000000000001e-15,5.6703744189999998e-23,1.125,223.15000000000001,141.42135623730999,1,1,141.42135623730999,1,900,300,300,330,0.84999999999999987,500,5000,1,1,map,296
map_0297,map,map_297,haps_thermal_map.slx,1100,101325,300,223.15000000000001,50,1.25,120,0.40000000000000002,2,0.01,0.10000000000000001,0.0089999999999999004,0.0060000000000000001,0.094197000000000003,65.532179999999997,0.59999999999999987,88.468442999999994,0.11774625,3000,500,1.0000000000000001e-15,5.6703744189999998e-23,1.25,223.15000000000001,141.42135623730999,1,1,141.42135623730999,1,900,300,300,330,0.84999999999999987,500,5000,1,1,map,297
map_0298,map,map_298,haps_thermal_map.slx,1100,101325,300,223.15000000000001,50,1.375,120,0.40000000000000002,2,0.01,0.10000000000000001,0.0089999999999999004,0.0060000000000000001,0.094197000000000003,65.532179999999997,0.59999999999999987,88.468442999999994,0.11774625,3000,500,1.0000000000000001e-15,5.6703744189999998e-23,1.375,223.15000000000001,141.42135623730999,1,1,141.42135623730999,1,900,300,300,330,0.84999999999999987,500,5000,1,1,map,298
map_0299,map,map_299,haps_thermal_map.slx,1100,101325,300,223.15000000000001,50,1.5,120,0.40000000000000002,2,0.01,0.10000000000000001,0.0089999999999999004,0.0060000000000000001,0.094197000000000003,65.532179999999997,0.59999999999999987,88.468442999999994,0.11774625,3000,500,1.0000000000000001e-15,5.6703744189999998e-23,1.5,223.15000000000001,141.42135623730999,1,1,141.42135623730999,1,900,300,300,330,0.84999999999999987,500,5000,1,1,map,299
map_0300,map,map_300,haps_thermal_map.slx,1100,101325,300,223.15000000000001,50,1.625,120,0.40000000000000002,2,0.01,0.10000000000000001,0.0089999999999999004,0.0060000000000000001,0.094197000000000003,65.532179999999997,0.59999999999999987,88.468442999999994,0.11774625,3000,500,1.0000000000000001e-15,5.6703744189999998e-23,1.625,223.15000000000001,141.42135623730999,1,1,141.42135623730999,1,900,300,300,330,0.84999999999999987,500,5000,1,1,map,300
map_0301,map,map_301,haps_thermal_map.slx,1100,101325,300,223.15000000000001,50,1.75,120,0.40000000000000002,2,0.01,0.10000000000000001,0.0089999999999999004,0.0060000000000000001,0.094197000000000003,65.532179999999997,0.59999999999999987,88.468442999999994,0.11774625,3000,500,1.0000000000000001e-15,5.6703744189999998e-23,1.75,223.15000000000001,141.42135623730999,1,1,141.42135623730999,1,900,300,300,330,0.84999999999999987,500,5000,1,1,map,301
map_0302,map,map_302,haps_thermal_map.slx,1100,101325,300,223.15000000000001,50,1.875,120,0.40000000000000002,2,0.01,0.10000000000000001,0.0089999999999999004,0.0060000000000000001,0.094197000000000003,65.532179999999997,0.59999999999999987,88.468442999999994,0.11774625,3000,500,1.0000000000000001e-15,5.6703744189999998e-23,1.875,223.15000000000001,141.42135623730999,1,1,141.42135623730999,1,900,300,300,330,0.84999999999999987,500,5000,1,1,map,302
map_0303,map,map_303,haps_thermal_map.slx,1100,101325,300,223.15000000000001,50,2,120,0.40000000000000002,2,0.01,0.10000000000000001,0.0089999999999999004,0.0060000000000000001,0.094197000000000003,65.532179999999997,0.59999999999999987,88.468442999999994,0.11774625,3000,500,1.0000000000000001e-15,5.6703744189999998e-23,2,223.15000000000001,141.42135623730999,1,1,141.42135623730999,1,900,300,300,330,0.84999999999999987,500,5000,1,1,map,303
map_0304,map,map_304,haps_thermal_map.slx,1100,101325,300,223.15000000000001,50,2.25,120,0.40000000000000002,2,0.01,0.10000000000000001,0.0089999999999999004,0.0060000000000000001,0.094197000000000003,65.532179999999997,0.59999999999999987,88.468442999999994,0.11774625,3000,500,1.0000000000000001e-15,5.6703744189999998e-23,2.25,223.15000000000001,141.42135623730999,1,1,141.42135623730999,1,900,300,300,330,0.84999999999999987,500,5000,1,1,map,304
map_0305,map,map_305,haps_thermal_map.slx,1100,101325,300,223.15000000000001,50,2.5,120,0.40000000000000002,2,0.01,0.10000000000000001,0.0089999999999999004,0.0060000000000000001,0.094197000000000003,65.532179999999997,0.59999999999999987,88.468442999999994,0.11774625,3000,500,1.0000000000000001e-15,5.6703744189999998e-23,2.5,223.15000000000001,141.42135623730999,1,1,141.42135623730999,1,900,300,300,330,0.84999999999999987,500,5000,1,1,map,305
map_0306,map,map_306,haps_thermal_map.slx,1100,101325,300,223.15000000000001,50,2.75,120,0.40000000000000002,2,0.01,0.10000000000000001,0.0089999999999999004,0.0060000000000000001,0.094197000000000003,65.532179999999997,0.59999999999999987,88.468442999999994,0.11774625,3000,500,1.0000000000000001e-15,5.6703744189999998e-23,2.75,223.15000000000001,141.42135623730999,1,1,141.42135623730999,1,900,300,300,330,0.84999999999999987,500,5000,1,1,map,306
map_0307,map,map_307,haps_thermal_map.slx,1100,101325,300,223.15000000000001,50,3,120,0.40000000000000002,2,0.01,0.10000000000000001,0.0089999999999999004,0.0060000000000000001,0.094197000000000003,65.532179999999997,0.59999999999999987,88.468442999999994,0.11774625,3000,500,1.0000000000000001e-15,5.6703744189999998e-23,3,223.15000000000001,141.42135623730999,1,1,141.42135623730999,1,900,300,300,330,0.84999999999999987,500,5000,1,1,map,307
map_0308,map,map_308,haps_thermal_map.slx,1100,101325,300,223.15000000000001,50,3.25,120,0.40000000000000002,2,0.01,0.10000000000000001,0.0089999999999999004,0.0060000000000000001,0.094197000000000003,65.532179999999997,0.59999999999999987,88.468442999999994,0.11774625,3000,500,1.0000000000000001e-15,5.6703744189999998e-23,3.25,223.15000000000001,141.42135623730999,1,1,141.42135623730999,1,900,300,300,330,0.84999999999999987,500,5000,1,1,map,308
map_0309,map,map_309,haps_thermal_map.slx,1100,101325,300,223.15000000000001,50,3.5,120,0.40000000000000002,2,0.01,0.10000000000000001,0.0089999999999999004,0.0060000000000000001,0.094197000000000003,65.532179999999997,0.59999999999999987,88.468442999999994,0.11774625,3000,500,1.0000000000000001e-15,5.6703744189999998e-23,3.5,223.15000000000001,141.42135623730999,1,1,141.42135623730999,1,900,300,300,330,0.84999999999999987,500,5000,1,1,map,309
map_0310,map,map_310,haps_thermal_map.slx,1100,101325,300,223.15000000000001,50,3.75,120,0.40000000000000002,2,0.01,0.10000000000000001,0.0089999999999999004,0.0060000000000000001,0.094197000000000003,65.532179999999997,0.59999999999999987,88.468442999999994,0.11774625,3000,500,1.0000000000000001e-15,5.6703744189999998e-23,3.75,223.15000000000001,141.42135623730999,1,1,141.42135623730999,1,900,300,300,330,0.84999999999999987,500,5000,1,1,map,310
map_0311,map,map_311,haps_thermal_map.slx,1100,101325,300,223.15000000000001,50,4,120,0.40000000000000002,2,0.01,0.10000000000000001,0.0089999999999999004,0.0060000000000000001,0.094197000000000003,65.532179999999997,0.59999999999999987,88.468442999999994,0.11774625,3000,500,1.0000000000000001e-15,5.6703744189999998e-23,4,223.15000000000001,141.42135623730999,1,1,141.42135623730999,1,900,300,300,330,0.84999999999999987,500,5000,1,1,map,311
map_0312,map,map_312,haps_thermal_map.slx,1100,101325,300,223.15000000000001,50,4.25,120,0.40000000000000002,2,0.01,0.10000000000000001,0.0089999999999999004,0.0060000000000000001,0.094197000000000003,65.532179999999997,0.59999999999999987,88.468442999999994,0.11774625,3000,500,1.0000000000000001e-15,5.6703744189999998e-23,4.25,223.15000000000001,141.42135623730999,1,1,141.42135623730999,1,900,300,300,330,0.84999999999999987,500,5000,1,1,map,312
map_0313,map,map_313,haps_thermal_map.slx,1100,101325,300,223.15000000000001,50,4.5,120,0.40000000000000002,2,0.01,0.10000000000000001,0.0089999999999999004,0.0060000000000000001,0.094197000000000003,65.532179999999997,0.59999999999999987,88.468442999999994,0.11774625,3000,500,1.0000000000000001e-15,5.6703744189999998e-23,4.5,223.15000000000001,141.42135623730999,1,1,141.42135623730999,1,900,300,300,330,0.84999999999999987,500,5000,1,1,map,313
map_0314,map,map_314,haps_thermal_map.slx,1100,101325,300,223.15000000000001,50,4.75,120,0.40000000000000002,2,0.01,0.10000000000000001,0.0089999999999999004,0.0060000000000000001,0.094197000000000003,65.532179999999997,0.59999999999999987,88.468442999999994,0.11774625,3000,500,1.0000000000000001e-15,5.6703744189999998e-23,4.75,223.15000000000001,141.42135623730999,1,1,141.42135623730999,1,900,300,300,330,0.84999999999999987,500,5000,1,1,map,314
map_0315,map,map_315,haps_thermal_map.slx,1100,101325,300,223.15000000000001,50,5,120,0.40000000000000002,2,0.01,0.10000000000000001,0.0089999999999999004,0.0060000000000000001,0.094197000000000003,65.532179999999997,0.59999999999999987,88.468442999999994,0.11774625,3000,500,1.0000000000000001e-15,5.6703744189999998e-23,5,223.15000000000001,141.42135623730999,1,1,141.42135623730999,1,900,300,300,330,0.84999999999999987,500,5000,1,1,map,315
map_0316,map,map_316,haps_thermal_map.slx,1100,101325,300,223.15000000000001,50,5.25,120,0.40000000000000002,2,0.01,0.10000000000000001,0.0089999999999999004,0.0060000000000000001,0.094197000000000003,65.532179999999997,0.59999999999999987,88.468442999999994,0.11774625,3000,500,1.0000000000000001e-15,5.6703744189999998e-23,5.25,223.15000000000001,141.42135623730999,1,1,141.42135623730999,1,900,300,300,330,0.84999999999999987,500,5000,1,1,map,316
map_0317,map,map_317,haps_thermal_map.slx,1100,101325,300,223.15000000000001,50,5.5,120,0.40000000000000002,2,0.01,0.10000000000000001,0.0089999999999999004,0.0060000000000000001,0.094197000000000003,65.532179999999997,0.59999999999999987,88.468442999999994,0.11774625,3000,500,1.0000000000000001e-15,5.6703744189999998e-23,5.5,223.15000000000001,141.42135623730999,1,1,141.42135623730999,1,900,300,300,330,0.84999999999999987,500,5000,1,1,map,317
map_0318,map,map_318,haps_thermal_map.slx,1100,101325,300,223.15000000000001,50,5.75,120,0.40000000000000002,2,0.01,0.10000000000000001,0.0089999999999999004,0.0060000000000000001,0.094197000000000003,65.532179999999997,0.59999999999999987,88.468442999999994,0.11774625,3000,500,1.0000000000000001e-15,5.6703744189999998e-23,5.75,223.15000000000001,141.42135623730999,1,1,141.42135623730999,1,900,300,300,330,0.84999999999999987,500,5000,1,1,map,318
map_0319,map,map_319,haps_thermal_map.slx,1100,101325,300,223.15000000000001,50,6,120,0.40000000000000002,2,0.01,0.10000000000000001,0.0089999999999999004,0.0060000000000000001,0.094197000000000003,65.532179999999997,0.59999999999999987,88.468442999999994,0.11774625,3000,500,1.0000000000000001e-15,5.6703744189999998e-23,6,223.15000000000001,141.42135623730999,1,1,141.42135623730999,1,900,300,300,330,0.84999999999999987,500,5000,1,1,map,319
map_0320,map,map_320,haps_thermal_map.slx,1100,101325,300,223.15000000000001,50,0.5,120,0.40000000000000002,2,0.01,0.10000000000000001,0.0089999999999999004,0.0060000000000000001,0.094197000000000003,65.532179999999997,0.59999999999999987,88.468442999999994,0.11774625,3000,500,1.0000000000000001e-15,5.6703744189999998e-23,0.5,223.15000000000001,168.17928305074301,1,1,168.17928305074301,1,900,300,300,330,0.84999999999999987,500,5000,1,1,map,320
map_0321,map,map_321,haps_thermal_map.slx,1100,101325,300,223.15000000000001,50,0.625,120,0.40000000000000002,2,0.01,0.10000000000000001,0.0089999999999999004,0.0060000000000000001,0.094197000000000003,65.532179999999997,0.59999999999999987,88.468442999999994,0.11774625,3000,500,1.0000000000000001e-15,5.6703744189999998e-23,0.625,223.15000000000001,168.17928305074301,1,1,168.17928305074301,1,900,300,300,330,0.84999999999999987,500,5000,1,1,map,321
map_0322,map,map_322,haps_thermal_map.slx,1100,101325,300,223.15000000000001,50,0.75,120,0.40000000000000002,2,0.01,0.10000000000000001,0.0089999999999999004,0.0060000000000000001,0.094197000000000003,65.532179999999997,0.59999999999999987,88.468442999999994,0.11774625,3000,500,1.0000000000000001e-15,5.6703744189999998e-23,0.75,223.15000000000001,168.17928305074301,1,1,168.17928305074301,1,900,300,300,330,0.84999999999999987,500,5000,1,1,map,322
map_0323,map,map_323,haps_thermal_map.slx,1100,101325,300,223.15000000000001,50,0.875,120,0.40000000000000002,2,0.01,0.10000000000000001,0.0089999999999999004,0.0060000000000000001,0.094197000000000003,65.532179999999997,0.59999999999999987,88.468442999999994,0.11774625,3000,500,1.0000000000000001e-15,5.6703744189999998e-23,0.875,223.15000000000001,168.17928305074301,1,1,168.17928305074301,1,900,300,300,330,0.84999999999999987,500,5000,1,1,map,323
map_0324,map,map_324,haps_thermal_map.slx,1100,101325,300,223.15000000000001,50,1,120,0.40000000000000002,2,0.01,0.10000000000000001,0.0089999999999999004,0.0060000000000000001,0.094197000000000003,65.532179999999997,0.59999999999999987,88.468442999999994,0.11774625,3000,500,1.0000000000000001e-15,5.6703744189999998e-23,1,223.15000000000001,168.17928305074301,1,1,168.17928305074301,1,900,300,300,330,0.84999999999999987,500,5000,1,1,map,324
map_0325,map,map_325,haps_thermal_map.slx,1100,101325,300,223.15000000000001,50,1.125,120,0.40000000000000002,2,0.01,0.10000000000000001,0.0089999999999999004,0.0060000000000000001,0.094197000000000003,65.532179999999997,0.59999999999999987,88.468442999999994,0.11774625,3000,500,1.0000000000000001e-15,5.6703744189999998e-23,1.125,223.15000000000001,168.17928305074301,1,1,168.17928305074301,1,900,300,300,330,0.84999999999999987,500,5000,1,1,map,325
map_0326,map,map_326,haps_thermal_map.slx,1100,101325,300,223.15000000000001,50,1.25,120,0.40000000000000002,2,0.01,0.10000000000000001,0.0089999999999999004,0.0060000000000000001,0.094197000000000003,65.532179999999997,0.59999999999999987,88.468442999999994,0.11774625,3000,500,1.0000000000000001e-15,5.6703744189999998e-23,1.25,223.15000000000001,168.17928305074301,1,1,168.17928305074301,1,900,300,300,330,0.84999999999999987,500,5000,1,1,map,326
map_0327,map,map_327,haps_thermal_map.slx,1100,101325,300,223.15000000000001,50,1.375,120,0.40000000000000002,2,0.01,0.10000000000000001,0.0089999999999999004,0.0060000000000000001,0.094197000000000003,65.532179999999997,0.59999999999999987,88.468442999999994,0.11774625,3000,500,1.0000000000000001e-15,5.6703744189999998e-23,1.375,223.15000000000001,168.17928305074301,1,1,168.17928305074301,1,900,300,300,330,0.84999999999999987,500,5000,1,1,map,327
map_0328,map,map_328,haps_thermal_map.slx,1100,101325,300,223.15000000000001,50,1.5,120,0.40000000000000002,2,0.01,0.10000000000000001,0.0089999999999999004,0.0060000000000000001,0.094197000000000003,65.532179999999997,0.59999999999999987,88.468442999999994,0.11774625,3000,500,1.0000000000000001e-15,5.6703744189999998e-23,1.5,223.15000000000001,168.17928305074301,1,1,168.17928305074301,1,900,300,300,330,0.84999999999999987,500,5000,1,1,map,328
map_0329,map,map_329,haps_thermal_map.slx,1100,101325,300,223.15000000000001,50,1.625,120,0.40000000000000002,2,0.01,0.10000000000000001,0.0089999999999999004,0.0060000000000000001,0.094197000000000003,65.532179999999997,0.59999999999999987,88.468442999999994,0.11774625,3000,500,1.0000000000000001e-15,5.6703744189999998e-23,1.625,223.15000000000001,168.17928305074301,1,1,168.17928305074301,1,900,300,300,330,0.84999999999999987,500,5000,1,1,map,329
map_0330,map,map_330,haps_thermal_map.slx,1100,101325,300,223.15000000000001,50,1.75,120,0.40000000000000002,2,0.01,0.10000000000000001,0.0089999999999999004,0.0060000000000000001,0.094197000000000003,65.532179999999997,0.59999999999999987,88.468442999999994,0.11774625,3000,500,1.0000000000000001e-15,5.6703744189999998e-23,1.75,223.15000000000001,168.17928305074301,1,1,168.17928305074301,1,900,300,300,330,0.84999999999999987,500,5000,1,1,map,330
map_0331,map,map_331,haps_thermal_map.slx,1100,101325,300,223.15000000000001,50,1.875,120,0.40000000000000002,2,0.01,0.10000000000000001,0.0089999999999999004,0.0060000000000000001,0.094197000000000003,65.532179999999997,0.59999999999999987,88.468442999999994,0.11774625,3000,500,1.0000000000000001e-15,5.6703744189999998e-23,1.875,223.15000000000001,168.17928305074301,1,1,168.17928305074301,1,900,300,300,330,0.84999999999999987,500,5000,1,1,map,331
map_0332,map,map_332,haps_thermal_map.slx,1100,101325,300,223.15000000000001,50,2,120,0.40000000000000002,2,0.01,0.10000000000000001,0.0089999999999999004,0.0060000000000000001,0.094197000000000003,65.532179999999997,0.59999999999999987,88.468442999999994,0.11774625,3000,500,1.0000000000000001e-15,5.6703744189999998e-23,2,223.15000000000001,168.17928305074301,1,1,168.17928305074301,1,900,300,300,330,0.84999999999999987,500,5000,1,1,map,332
map_0333,map,map_333,haps_thermal_map.slx,1100,101325,300,223.15000000000001,50,2.25,120,0.40000000000000002,2,0.01,0.10000000000000001,0.0089999999999999004,0.0060000000000000001,0.094197000000000003,65.532179999999997,0.59999999999999987,88.468442999999994,0.11774625,3000,500,1.0000000000000001e-15,5.6703744189999998e-23,2.25,223.15000000000001,168.17928305074301,1,1,168.17928305074301,1,900,300,300,330,0.84999999999999987,500,5000,1,1,map,333
map_0334,map,map_334,haps_thermal_map.slx,1100,101325,300,223.15000000000001,50,2.5,120,0.40000000000000002,2,0.01,0.10000000000000001,0.0089999999999999004,0.0060000000000000001,0.094197000000000003,65.532179999999997,0.59999999999999987,88.468442999999994,0.11774625,3000,500,1.0000000000000001e-15,5.6703744189999998e-23,2.5,223.15000000000001,168.17928305074301,1,1,168.17928305074301,1,900,300,300,330,0.84999999999999987,500,5000,1,1,map,334
map_0335,map,map_335,haps_thermal_map.slx,1100,101325,300,223.15000000000001,50,2.75,120,0.40000000000000002,2,0.01,0.10000000000000001,0.0089999999999999004,0.0060000000000000001,0.094197000000000003,65.532179999999997,0.59999999999999987,88.468442999999994,0.11774625,3000,500,1.0000000000000001e-15,5.6703744189999998e-23,2.75,223.15000000000001,168.17928305074301,1,1,168.17928305074301,1,900,300,300,330,0.84999999999999987,500,5000,1,1,map,335
map_0336,map,map_336,haps_thermal_map.slx,1100,101325,300,223.15000000000001,50,3,120,0.40000000000000002,2,0.01,0.10000000000000001,0.0089999999999999004,0.0060000000000000001,0.094197000000000003,65.532179999999997,0.59999999999999987,88.468442999999994,0.11774625,3000,500,1.0000000000000001e-15,5.6703744189999998e-23,3,223.15000000000001,168.17928305074301,1,1,168.17928305074301,1,900,300,300,330,0.84999999999999987,500,5000,1,1,map,336
map_0337,map,map_337,haps_thermal_map.slx,1100,101325,300,223.15000000000001,50,3.25,120,0.40000000000000002,2,0.01,0.10000000000000001,0.0089999999999999004,0.0060000000000000001,0.094197000000000003,65.532179999999997,0.59999999999999987,88.468442999999994,0.11774625,3000,500,1.0000000000000001e-15,5.6703744189999998e-23,3.25,223.15000000000001,168.17928305074301,1,1,168.17928305074301,1,900,300,300,330,0.84999999999999987,500,5000,1,1,map,337
map_0338,map,map_338,haps_thermal_map.slx,1100,101325,300,223.15000000000001,50,3.5,120,0.40000000000000002,2,0.01,0.10000000000000001,0.0089999999999999004,0.0060000000000000001,0.094197000000000003,65.532179999999997,0.59999999999999987,88.468442999999994,0.11774625,3000,500,1.0000000000000001e-15,5.6703744189999998e-23,3.5,223.15000000000001,168.17928305074301,1,1,168.17928305074301,1,900,300,300,330,0.84999999999999987,500,5000,1,1,map,338
map_0339,map,map_339,haps_thermal_map.slx,1100,101325,300,223.15000000000001,50,3.75,120,0.40000000000000002,2,0.01,0.10000000000000001,0.0089999999999999004,0.0060000000000000001,0.094197000000000003,65.532179999999997,0.59999999999999987,88.468442999999994,0.11774625,3000,500,1.0000000000000001e-15,5.6703744189999998e-23,3.75,223.15000000000001,168.17928305074301,1,1,168.17928305074301,1,900,300,300,330,0.84999999999999987,500,5000,1,1,map,339
map_0340,map,map_340,haps_thermal_map.slx,1100,101325,300,223.15000000000001,50,4,120,0.40000000000000002,2,0.01,0.10000000000000001,0.0089999999999999004,0.0060000000000000001,0.094197000000000003,65.532179999999997,0.59999999999999987,88.468442999999994,0.11774625,3000,500,1.0000000000000001e-15,5.6703744189999998e-23,4,223.15000000000001,168.17928305074301,1,1,168.17928305074301,1,900,300,300,330,0.84999999999999987,500,5000,1,1,map,340
map_0341,map,map_341,haps_thermal_map.slx,1100,101325,300,223.15000000000001,50,4.25,120,0.40000000000000002,2,0.01,0.10000000000000001,0.0089999999999999004,0.0060000000000000001,0.094197000000000003,65.532179999999997,0.59999999999999987,88.468442999999994,0.11774625,3000,500,1.0000000000000001e-15,5.6703744189999998e-23,4.25,223.15000000000001,168.17928305074301,1,1,168.17928305074301,1,900,300,300,330,0.84999999999999987,500,5000,1,1,map,341
map_0342,map,map_342,haps_thermal_map.slx,1100,101325,300,223.15000000000001,50,4.5,120,0.40000000000000002,2,0.01,0.10000000000000001,0.0089999999999999004,0.0060000000000000001,0.094197000000000003,65.532179999999997,0.59999999999999987,88.468442999999994,0.11774625,3000,500,1.0000000000000001e-15,5.6703744189999998e-23,4.5,223.15000000000001,168.17928305074301,1,1,168.17928305074301,1,900,300,300,330,0.84999999999999987,500,5000,1,1,map,342
map_0343,map,map_343,haps_thermal_map.slx,1100,101325,300,223.15000000000001,50,4.75,120,0.40000000000000002,2,0.01,0.10000000000000001,0.0089999999999999004,0.0060000000000000001,0.094197000000000003,65.532179999999997,0.59999999999999987,88.468442999999994,0.11774625,3000,500,1.0000000000000001e-15,5.6703744189999998e-23,4.75,223.15000000000001,168.17928305074301,1,1,168.17928305074301,1,900,300,300,330,0.84999999999999987,500,5000,1,1,map,343
map_0344,map,map_344,haps_thermal_map.slx,1100,101325,300,223.15000000000001,50,5,120,0.40000000000000002,2,0.01,0.10000000000000001,0.0089999999999999004,0.0060000000000000001,0.094197000000000003,65.532179999999997,0.59999999999999987,88.468442999999994,0.11774625,3000,500,1.0000000000000001e-15,5.6703744189999998e-23,5,223.15000000000001,168.17928305074301,1,1,168.17928305074301,1,900,300,300,330,0.84999999999999987,500,5000,1,1,map,344
map_0345,map,map_345,haps_thermal_map.slx,1100,101325,300,223.15000000000001,50,5.25,120,0.40000000000000002,2,0.01,0.10000000000000001,0.0089999999999999004,0.0060000000000000001,0.094197000000000003,65.532179999999997,0.59999999999999987,88.468442999999994,0.11774625,3000,500,1.0000000000000001e-15,5.6703744189999998e-23,5.25,223.15000000000001,168.17928305074301,1,1,168.17928305074301,1,900,300,300,330,0.84999999999999987,500,5000,1,1,map,345
map_0346,map,map_346,haps_thermal_map.slx,1100,101325,300,223.15000000000001,50,5.5,120,0.40000000000000002,2,0.01,0.10000000000000001,0.0089999999999999004,0.0060000000000000001,0.094197000000000003,65.532179999999997,0.59999999999999987,88.468442999999994,0.11774625,3000,500,1.0000000000000001e-15,5.6703744189999998e-23,5.5,223.15000000000001,168.17928305074301,1,1,168.17928305074301,1,900,300,300,330,0.84999999999999987,500,5000,1,1,map,346
map_0347,map,map_347,haps_thermal_map.slx,1100,101325,300,223.15000000000001,50,5.75,120,0.40000000000000002,2,0.01,0.10000000000000001,0.0089999999999999004,0.0060000000000000001,0.094197000000000003,65.532179999999997,0.59999999999999987,88.468442999999994,0.11774625,3000,500,1.0000000000000001e-15,5.6703744189999998e-23,5.75,223.15000000000001,168.17928305074301,1,1,168.17928305074301,1,900,300,300,330,0.84999999999999987,500,5000,1,1,map,347
map_0348,map,map_348,haps_thermal_map.slx,1100,101325,300,223.15000000000001,50,6,120,0.40000000000000002,2,0.01,0.10000000000000001,0.0089999999999999004,0.0060000000000000001,0.094197000000000003,65.532179999999997,0.59999999999999987,88.468442999999994,0.11774625,3000,500,1.0000000000000001e-15,5.6703744189999998e-23,6,223.15000000000001,168.17928305074301,1,1,168.17928305074301,1,900,300,300,330,0.84999999999999987,500,5000,1,1,map,348
map_0349,map,map_349,haps_thermal_map.slx,1100,101325,300,223.15000000000001,50,0.5,120,0.40000000000000002,2,0.01,0.10000000000000001,0.0089999999999999004,0.0060000000000000001,0.094197000000000003,65.532179999999997,0.59999999999999987,88.468442999999994,0.11774625,3000,500,1.0000000000000001e-15,5.6703744189999998e-23,0.5,223.15000000000001,200,1,1,200,1,900,300,300,330,0.84999999999999987,500,5000,1,1,map,349
map_0350,map,map_350,haps_thermal_map.slx,1100,101325,300,223.15000000000001,50,0.625,120,0.40000000000000002,2,0.01,0.10000000000000001,0.0089999999999999004,0.0060000000000000001,0.094197000000000003,65.532179999999997,0.59999999999999987,88.468442999999994,0.11774625,3000,500,1.0000000000000001e-15,5.6703744189999998e-23,0.625,223.15000000000001,200,1,1,200,1,900,300,300,330,0.84999999999999987,500,5000,1,1,map,350
map_0351,map,map_351,haps_thermal_map.slx,1100,101325,300,223.15000000000001,50,0.75,120,0.40000000000000002,2,0.01,0.10000000000000001,0.0089999999999999004,0.0060000000000000001,0.094197000000000003,65.532179999999997,0.59999999999999987,88.468442999999994,0.11774625,3000,500,1.0000000000000001e-15,5.6703744189999998e-23,0.75,223.15000000000001,200,1,1,200,1,900,300,300,330,0.84999999999999987,500,5000,1,1,map,351
map_0352,map,map_352,haps_thermal_map.slx,1100,101325,300,223.15000000000001,50,0.875,120,0.40000000000000002,2,0.01,0.10000000000000001,0.0089999999999999004,0.0060000000000000001,0.094197000000000003,65.532179999999997,0.59999999999999987,88.468442999999994,0.11774625,3000,500,1.0000000000000001e-15,5.6703744189999998e-23,0.875,223.15000000000001,200,1,1,200,1,900,300,300,330,0.84999999999999987,500,5000,1,1,map,352
map_0353,map,map_353,haps_thermal_map.slx,1100,101325,300,223.15000000000001,50,1,120,0.40000000000000002,2,0.01,0.10000000000000001,0.0089999999999999004,0.0060000000000000001,0.094197000000000003,65.532179999999997,0.59999999999999987,88.468442999999994,0.11774625,3000,500,1.0000000000000001e-15,5.6703744189999998e-23,1,223.15000000000001,200,1,1,200,1,900,300,300,330,0.84999999999999987,500,5000,1,1,map,353
map_0354,map,map_354,haps_thermal_map.slx,1100,101325,300,223.15000000000001,50,1.125,120,0.40000000000000002,2,0.01,0.10000000000000001,0.0089999999999999004,0.0060000000000000001,0.094197000000000003,65.532179999999997,0.59999999999999987,88.468442999999994,0.11774625,3000,500,1.0000000000000001e-15,5.6703744189999998e-23,1.125,223.15000000000001,200,1,1,200,1,900,300,300,330,0.84999999999999987,500,5000,1,1,map,354
map_0355,map,map_355,haps_thermal_map.slx,1100,101325,300,223.15000000000001,50,1.25,120,0.40000000000000002,2,0.01,0.10000000000000001,0.0089999999999999004,0.0060000000000000001,0.094197000000000003,65.532179999999997,0.59999999999999987,88.468442999999994,0.11774625,3000,500,1.0000000000000001e-15,5.6703744189999998e-23,1.25,223.15000000000001,200,1,1,200,1,900,300,300,330,0.84999999999999987,500,5000,1,1,map,355
map_0356,map,map_356,haps_thermal_map.slx,1100,101325,300,223.15000000000001,50,1.375,120,0.40000000000000002,2,0.01,0.10000000000000001,0.0089999999999999004,0.0060000000000000001,0.094197000000000003,65.532179999999997,0.59999999999999987,88.468442999999994,0.11774625,3000,500,1.0000000000000001e-15,5.6703744189999998e-23,1.375,223.15000000000001,200,1,1,200,1,900,300,300,330,0.84999999999999987,500,5000,1,1,map,356
map_0357,map,map_357,haps_thermal_map.slx,1100,101325,300,223.15000000000001,50,1.5,120,0.40000000000000002,2,0.01,0.10000000000000001,0.0089999999999999004,0.0060000000000000001,0.094197000000000003,65.532179999999997,0.59999999999999987,88.468442999999994,0.11774625,3000,500,1.0000000000000001e-15,5.6703744189999998e-23,1.5,223.15000000000001,200,1,1,200,1,900,300,300,330,0.84999999999999987,500,5000,1,1,map,357
map_0358,map,map_358,haps_thermal_map.slx,1100,101325,300,223.15000000000001,50,1.625,120,0.40000000000000002,2,0.01,0.10000000000000001,0.0089999999999999004,0.0060000000000000001,0.094197000000000003,65.532179999999997,0.59999999999999987,88.468442999999994,0.11774625,3000,500,1.0000000000000001e-15,5.6703744189999998e-23,1.625,223.15000000000001,200,1,1,200,1,900,300,300,330,0.84999999999999987,500,5000,1,1,map,358
map_0359,map,map_359,haps_thermal_map.slx,1100,101325,300,223.15000000000001,50,1.75,120,0.40000000000000002,2,0.01,0.10000000000000001,0.0089999999999999004,0.0060000000000000001,0.094197000000000003,65.532179999999997,0.59999999999999987,88.468442999999994,0.11774625,3000,500,1.0000000000000001e-15,5.6703744189999998e-23,1.75,223.15000000000001,200,1,1,200,1,900,300,300,330,0.84999999999999987,500,5000,1,1,map,359
map_0360,map,map_360,haps_thermal_map.slx,1100,101325,300,223.15000000000001,50,1.875,120,0.40000000000000002,2,0.01,0.10000000000000001,0.0089999999999999004,0.0060000000000000001,0.094197000000000003,65.532179999999997,0.59999999999999987,88.468442999999994,0.11774625,3000,500,1.0000000000000001e-15,5.6703744189999998e-23,1.875,223.15000000000001,200,1,1,200,1,900,300,300,330,0.84999999999999987,500,5000,1,1,map,360
map_0361,map,map_361,haps_thermal_map.slx,1100,101325,300,223.15000000000001,50,2,120,0.40000000000000002,2,0.01,0.10000000000000001,0.0089999999999999004,0.0060000000000000001,0.094197000000000003,65.532179999999997,0.59999999999999987,88.468442999999994,0.11774625,3000,500,1.0000000000000001e-15,5.6703744189999998e-23,2,223.15000000000001,200,1,1,200,1,900,300,300,330,0.84999999999999987,500,5000,1,1,map,361
map_0362,map,map_362,haps_thermal_map.slx,1100,101325,300,223.15000000000001,50,2.25,120,0.40000000000000002,2,0.01,0.10000000000000001,0.0089999999999999004,0.0060000000000000001,0.094197000000000003,65.532179999999997,0.59999999999999987,88.468442999999994,0.11774625,3000,500,1.0000000000000001e-15,5.6703744189999998e-23,2.25,223.15000000000001,200,1,1,200,1,900,300,300,330,0.84999999999999987,500,5000,1,1,map,362
map_0363,map,map_363,haps_thermal_map.slx,1100,101325,300,223.15000000000001,50,2.5,120,0.40000000000000002,2,0.01,0.10000000000000001,0.0089999999999999004,0.0060000000000000001,0.094197000000000003,65.532179999999997,0.59999999999999987,88.468442999999994,0.11774625,3000,500,1.0000000000000001e-15,5.6703744189999998e-23,2.5,223.15000000000001,200,1,1,200,1,900,300,300,330,0.84999999999999987,500,5000,1,1,map,363
map_0364,map,map_364,haps_thermal_map.slx,1100,101325,300,223.15000000000001,50,2.75,120,0.40000000000000002,2,0.01,0.10000000000000001,0.0089999999999999004,0.0060000000000000001,0.094197000000000003,65.532179999999997,0.59999999999999987,88.468442999999994,0.11774625,3000,500,1.0000000000000001e-15,5.6703744189999998e-23,2.75,223.15000000000001,200,1,1,200,1,900,300,300,330,0.84999999999999987,500,5000,1,1,map,364
map_0365,map,map_365,haps_thermal_map.slx,1100,101325,300,223.15000000000001,50,3,120,0.40000000000000002,2,0.01,0.10000000000000001,0.0089999999999999004,0.0060000000000000001,0.094197000000000003,65.532179999999997,0.59999999999999987,88.468442999999994,0.11774625,3000,500,1.0000000000000001e-15,5.6703744189999998e-23,3,223.15000000000001,200,1,1,200,1,900,300,300,330,0.84999999999999987,500,5000,1,1,map,365
map_0366,map,map_366,haps_thermal_map.slx,1100,101325,300,223.15000000000001,50,3.25,120,0.40000000000000002,2,0.01,0.10000000000000001,0.0089999999999999004,0.0060000000000000001,0.094197000000000003,65.532179999999997,0.59999999999999987,88.468442999999994,0.11774625,3000,500,1.0000000000000001e-15,5.6703744189999998e-23,3.25,223.15000000000001,200,1,1,200,1,900,300,300,330,0.84999999999999987,500,5000,1,1,map,366
map_0367,map,map_367,haps_thermal_map.slx,1100,101325,300,223.15000000000001,50,3.5,120,0.40000000000000002,2,0.01,0.10000000000000001,0.0089999999999999004,0.0060000000000000001,0.094197000000000003,65.532179999999997,0.59999999999999987,88.468442999999994,0.11774625,3000,500,1.0000000000000001e-15,5.6703744189999998e-23,3.5,223.15000000000001,200,1,1,200,1,900,300,300,330,0.84999999999999987,500,5000,1,1,map,367
map_0368,map,map_368,haps_thermal_map.slx,1100,101325,300,223.15000000000001,50,3.75,120,0.40000000000000002,2,0.01,0.10000000000000001,0.0089999999999999004,0.0060000000000000001,0.094197000000000003,65.532179999999997,0.59999999999999987,88.468442999999994,0.11774625,3000,500,1.0000000000000001e-15,5.6703744189999998e-23,3.75,223.15000000000001,200,1,1,200,1,900,300,300,330,0.84999999999999987,500,5000,1,1,map,368
map_0369,map,map_369,haps_thermal_map.slx,1100,101325,300,223.15000000000001,50,4,120,0.40000000000000002,2,0.01,0.10000000000000001,0.0089999999999999004,0.0060000000000000001,0.094197000000000003,65.532179999999997,0.59999999999999987,88.468442999999994,0.11774625,3000,500,1.0000000000000001e-15,5.6703744189999998e-23,4,223.15000000000001,200,1,1,200,1,900,300,300,330,0.84999999999999987,500,5000,1,1,map,369
map_0370,map,map_370,haps_thermal_map.slx,1100,101325,300,223.15000000000001,50,4.25,120,0.40000000000000002,2,0.01,0.10000000000000001,0.0089999999999999004,0.0060000000000000001,0.094197000000000003,65.532179999999997,0.59999999999999987,88.468442999999994,0.11774625,3000,500,1.0000000000000001e-15,5.6703744189999998e-23,4.25,223.15000000000001,200,1,1,200,1,900,300,300,330,0.84999999999999987,500,5000,1,1,map,370
map_0371,map,map_371,haps_thermal_map.slx,1100,101325,300,223.15000000000001,50,4.5,120,0.40000000000000002,2,0.01,0.10000000000000001,0.0089999999999999004,0.0060000000000000001,0.094197000000000003,65.532179999999997,0.59999999999999987,88.468442999999994,0.11774625,3000,500,1.0000000000000001e-15,5.6703744189999998e-23,4.5,223.15000000000001,200,1,1,200,1,900,300,300,330,0.84999999999999987,500,5000,1,1,map,371
map_0372,map,map_372,haps_thermal_map.slx,1100,101325,300,223.15000000000001,50,4.75,120,0.40000000000000002,2,0.01,0.10000000000000001,0.0089999999999999004,0.0060000000000000001,0.094197000000000003,65.532179999999997,0.59999999999999987,88.468442999999994,0.11774625,3000,500,1.0000000000000001e-15,5.6703744189999998e-23,4.75,223.15000000000001,200,1,1,200,1,900,300,300,330,0.84999999999999987,500,5000,1,1,map,372
map_0373,map,map_373,haps_thermal_map.slx,1100,101325,300,223.15000000000001,50,5,120,0.40000000000000002,2,0.01,0.10000000000000001,0.0089999999999999004,0.0060000000000000001,0.094197000000000003,65.532179999999997,0.59999999999999987,88.468442999999994,0.11774625,3000,500,1.0000000000000001e-15,5.6703744189999998e-23,5,223.15000000000001,200,1,1,200,1,900,300,300,330,0.84999999999999987,500,5000,1,1,map,373
map_0374,map,map_374,haps_thermal_map.slx,1100,101325,300,223.15000000000001,50,5.25,120,0.40000000000000002,2,0.01,0.10000000000000001,0.0089999999999999004,0.0060000000000000001,0.094197000000000003,65.532179999999997,0.59999999999999987,88.468442999999994,0.11774625,3000,500,1.0000000000000001e-15,5.6703744189999998e-23,5.25,223.15000000000001,200,1,1,200,1,900,300,300,330,0.84999999999999987,500,5000,1,1,map,374
map_0375,map,map_375,haps_thermal_map.slx,1100,101325,300,223.15000000000001,50,5.5,120,0.40000000000000002,2,0.01,0.10000000000000001,0.0089999999999999004,0.0060000000000000001,0.094197000000000003,65.532179999999997,0.59999999999999987,88.468442999999994,0.11774625,3000,500,1.0000000000000001e-15,5.6703744189999998e-23,5.5,223.15000000000001,200,1,1,200,1,900,300,300,330,0.84999999999999987,500,5000,1,1,map,375
map_0376,map,map_376,haps_thermal_map.slx,1100,101325,300,223.15000000000001,50,5.75,120,0.40000000000000002,2,0.01,0.10000000000000001,0.0089999999999999004,0.0060000000000000001,0.094197000000000003,65.532179999999997,0.59999999999999987,88.468442999999994,0.11774625,3000,500,1.0000000000000001e-15,5.6703744189999998e-23,5.75,223.15000000000001,200,1,1,200,1,900,300,300,330,0.84999999999999987,500,5000,1,1,map,376
map_0377,map,map_377,haps_thermal_map.slx,1100,101325,300,223.15000000000001,50,6,120,0.40000000000000002,2,0.01,0.10000000000000001,0.0089999999999999004,0.0060000000000000001,0.094197000000000003,65.532179999999997,0.59999999999999987,88.468442999999994,0.11774625,3000,500,1.0000000000000001e-15,5.6703744189999998e-23,6,223.15000000000001,200,1,1,200,1,900,300,300,330,0.84999999999999987,500,5000,1,1,map,377
map_0378,map,map_378,haps_thermal_map.slx,1100,101325,300,223.15000000000001,50,0.5,120,0.40000000000000002,2,0.01,0.10000000000000001,0.0089999999999999004,0.0060000000000000001,0.094197000000000003,65.532179999999997,0.59999999999999987,88.468442999999994,0.11774625,3000,500,1.0000000000000001e-15,5.6703744189999998e-23,0.5,223.15000000000001,251.48668593658701,1,1,251.48668593658701,1,900,300,300,330,0.84999999999999987,500,5000,1,1,map,378
map_0379,map,map_379,haps_thermal_map.slx,1100,101325,300,223.15000000000001,50,0.625,120,0.40000000000000002,2,0.01,0.10000000000000001,0.0089999999999999004,0.0060000000000000001,0.094197000000000003,65.532179999999997,0.59999999999999987,88.468442999999994,0.11774625,3000,500,1.0000000000000001e-15,5.6703744189999998e-23,0.625,223.15000000000001,251.48668593658701,1,1,251.48668593658701,1,900,300,300,330,0.84999999999999987,500,5000,1,1,map,379
map_0380,map,map_380,haps_thermal_map.slx,1100,101325,300,223.15000000000001,50,0.75,120,0.40000000000000002,2,0.01,0.10000000000000001,0.0089999999999999004,0.0060000000000000001,0.094197000000000003,65.532179999999997,0.59999999999999987,88.468442999999994,0.11774625,3000,500,1.0000000000000001e-15,5.6703744189999998e-23,0.75,223.15000000000001,251.48668593658701,1,1,251.48668593658701,1,900,300,300,330,0.84999999999999987,500,5000,1,1,map,380
map_0381,map,map_381,haps_thermal_map.slx,1100,101325,300,223.15000000000001,50,0.875,120,0.40000000000000002,2,0.01,0.10000000000000001,0.0089999999999999004,0.0060000000000000001,0.094197000000000003,65.532179999999997,0.59999999999999987,88.468442999999994,0.11774625,3000,500,1.0000000000000001e-15,5.6703744189999998e-23,0.875,223.15000000000001,251.48668593658701,1,1,251.48668593658701,1,900,300,300,330,0.84999999999999987,500,5000,1,1,map,381
map_0382,map,map_382,haps_thermal_map.slx,1100,101325,300,223.15000000000001,50,1,120,0.40000000000000002,2,0.01,0.10000000000000001,0.0089999999999999004,0.0060000000000000001,0.094197000000000003,65.532179999999997,0.59999999999999987,88.468442999999994,0.11774625,3000,500,1.0000000000000001e-15,5.6703744189999998e-23,1,223.15000000000001,251.48668593658701,1,1,251.48668593658701,1,900,300,300,330,0.84999999999999987,500,5000,1,1,map,382
map_0383,map,map_383,haps_thermal_map.slx,1100,101325,300,223.15000000000001,50,1.125,120,0.40000000000000002,2,0.01,0.10000000000000001,0.0089999999999999004,0.0060000000000000001,0.094197000000000003,65.532179999999997,0.59999999999999987,88.468442999999994,0.11774625,3000,500,1.0000000000000001e-15,5.6703744189999998e-23,1.125,223.15000000000001,251.48668593658701,1,1,251.48668593658701,1,900,300,300,330,0.84999999999999987,500,5000,1,1,map,383
map_0384,map,map_384,haps_thermal_map.slx,1100,101325,300,223.15000000000001,50,1.25,120,0.40000000000000002,2,0.01,0.10000000000000001,0.0089999999999999004,0.0060000000000000001,0.094197000000000003,65.532179999999997,0.59999999999999987,88.468442999999994,0.11774625,3000,500,1.0000000000000001e-15,5.6703744189999998e-23,1.25,223.15000000000001,251.48668593658701,1,1,251.48668593658701,1,900,300,300,330,0.84999999999999987,500,5000,1,1,map,384
map_0385,map,map_385,haps_thermal_map.slx,1100,101325,300,223.15000000000001,50,1.375,120,0.40000000000000002,2,0.01,0.10000000000000001,0.0089999999999999004,0.0060000000000000001,0.094197000000000003,65.532179999999997,0.59999999999999987,88.468442999999994,0.11774625,3000,500,1.0000000000000001e-15,5.6703744189999998e-23,1.375,223.15000000000001,251.48668593658701,1,1,251.48668593658701,1,900,300,300,330,0.84999999999999987,500,5000,1,1,map,385
map_0386,map,map_386,haps_thermal_map.slx,1100,101325,300,223.15000000000001,50,1.5,120,0.40000000000000002,2,0.01,0.10000000000000001,0.0089999999999999004,0.0060000000000000001,0.094197000000000003,65.532179999999997,0.59999999999999987,88.468442999999994,0.11774625,3000,500,1.0000000000000001e-15,5.6703744189999998e-23,1.5,223.15000000000001,251.48668593658701,1,1,251.48668593658701,1,900,300,300,330,0.84999999999999987,500,5000,1,1,map,386
map_0387,map,map_387,haps_thermal_map.slx,1100,101325,300,223.15000000000001,50,1.625,120,0.40000000000000002,2,0.01,0.10000000000000001,0.0089999999999999004,0.0060000000000000001,0.094197000000000003,65.532179999999997,0.59999999999999987,88.468442999999994,0.11774625,3000,500,1.0000000000000001e-15,5.6703744189999998e-23,1.625,223.15000000000001,251.48668593658701,1,1,251.48668593658701,1,900,300,300,330,0.84999999999999987,500,5000,1,1,map,387
map_0388,map,map_388,haps_thermal_map.slx,1100,101325,300,223.15000000000001,50,1.75,120,0.40000000000000002,2,0.01,0.10000000000000001,0.0089999999999999004,0.0060000000000000001,0.094197000000000003,65.532179999999997,0.59999999999999987,88.468442999999994,0.11774625,3000,500,1.0000000000000001e-15,5.6703744189999998e-23,1.75,223.15000000000001,251.48668593658701,1,1,251.48668593658701,1,900,300,300,330,0.84999999999999987,500,5000,1,1,map,388
map_0389,map,map_389,haps_thermal_map.slx,1100,101325,300,223.15000000000001,50,1.875,120,0.40000000000000002,2,0.01,0.10000000000000001,0.0089999999999999004,0.0060000000000000001,0.094197000000000003,65.532179999999997,0.59999999999999987,88.468442999999994,0.11774625,3000,500,1.0000000000000001e-15,5.6703744189999998e-23,1.875,223.15000000000001,251.48668593658701,1,1,251.48668593658701,1,900,300,300,330,0.84999999999999987,500,5000,1,1,map,389
map_0390,map,map_390,haps_thermal_map.slx,1100,101325,300,223.15000000000001,50,2,120,0.40000000000000002,2,0.01,0.10000000000000001,0.0089999999999999004,0.0060000000000000001,0.094197000000000003,65.532179999999997,0.59999999999999987,88.468442999999994,0.11774625,3000,500,1.0000000000000001e-15,5.6703744189999998e-23,2,223.15000000000001,251.48668593658701,1,1,251.48668593658701,1,900,300,300,330,0.84999999999999987,500,5000,1,1,map,390
map_0391,map,map_391,haps_thermal_map.slx,1100,101325,300,223.15000000000001,50,2.25,120,0.40000000000000002,2,0.01,0.10000000000000001,0.0089999999999999004,0.0060000000000000001,0.094197000000000003,65.532179999999997,0.59999999999999987,88.468442999999994,0.11774625,3000,500,1.0000000000000001e-15,5.6703744189999998e-23,2.25,223.15000000000001,251.48668593658701,1,1,251.48668593658701,1,900,300,300,330,0.84999999999999987,500,5000,1,1,map,391
map_0392,map,map_392,haps_thermal_map.slx,1100,101325,300,223.15000000000001,50,2.5,120,0.40000000000000002,2,0.01,0.10000000000000001,0.0089999999999999004,0.0060000000000000001,0.094197000000000003,65.532179999999997,0.59999999999999987,88.468442999999994,0.11774625,3000,500,1.0000000000000001e-15,5.6703744189999998e-23,2.5,223.15000000000001,251.48668593658701,1,1,251.48668593658701,1,900,300,300,330,0.84999999999999987,500,5000,1,1,map,392
map_0393,map,map_393,haps_thermal_map.slx,1100,101325,300,223.15000000000001,50,2.75,120,0.40000000000000002,2,0.01,0.10000000000000001,0.0089999999999999004,0.0060000000000000001,0.094197000000000003,65.532179999999997,0.59999999999999987,88.468442999999994,0.11774625,3000,500,1.0000000000000001e-15,5.6703744189999998e-23,2.75,223.15000000000001,251.48668593658701,1,1,251.48668593658701,1,900,300,300,330,0.84999999999999987,500,5000,1,1,map,393
map_0394,map,map_394,haps_thermal_map.slx,1100,101325,300,223.15000000000001,50,3,120,0.40000000000000002,2,0.01,0.10000000000000001,0.0089999999999999004,0.0060000000000000001,0.094197000000000003,65.532179999999997,0.59999999999999987,88.468442999999994,0.11774625,3000,500,1.0000000000000001e-15,5.6703744189999998e-23,3,223.15000000000001,251.48668593658701,1,1,251.48668593658701,1,900,300,300,330,0.84999999999999987,500,5000,1,1,map,394
map_0395,map,map_395,haps_thermal_map.slx,1100,101325,300,223.15000000000001,50,3.25,120,0.40000000000000002,2,0.01,0.10000000000000001,0.0089999999999999004,0.0060000000000000001,0.094197000000000003,65.532179999999997,0.59999999999999987,88.468442999999994,0.11774625,3000,500,1.0000000000000001e-15,5.6703744189999998e-23,3.25,223.15000000000001,251.48668593658701,1,1,251.48668593658701,1,900,300,300,330,0.84999999999999987,500,5000,1,1,map,395
map_0396,map,map_396,haps_thermal_map.slx,1100,101325,300,223.15000000000001,50,3.5,120,0.40000000000000002,2,0.01,0.10000000000000001,0.0089999999999999004,0.0060000000000000001,0.094197000000000003,65.532179999999997,0.59999999999999987,88.468442999999994,0.11774625,3000,500,1.0000000000000001e-15,5.6703744189999998e-23,3.5,223.15000000000001,251.48668593658701,1,1,251.48668593658701,1,900,300,300,330,0.84999999999999987,500,5000,1,1,map,396
map_0397,map,map_397,haps_thermal_map.slx,1100,101325,300,223.15000000000001,50,3.75,120,0.40000000000000002,2,0.01,0.10000000000000001,0.0089999999999999004,0.0060000000000000001,0.094197000000000003,65.532179999999997,0.59999999999999987,88.468442999999994,0.11774625,3000,500,1.0000000000000001e-15,5.6703744189999998e-23,3.75,223.15000000000001,251.48668593658701,1,1,251.48668593658701,1,900,300,300,330,0.84999999999999987,500,5000,1,1,map,397
map_0398,map,map_398,haps_thermal_map.slx,1100,101325,300,223.15000000000001,50,4,120,0.40000000000000002,2,0.01,0.10000000000000001,0.0089999999999999004,0.0060000000000000001,0.094197000000000003,65.532179999999997,0.59999999999999987,88.468442999999994,0.11774625,3000,500,1.0000000000000001e-15,5.6703744189999998e-23,4,223.15000000000001,251.48668593658701,1,1,251.48668593658701,1,900,300,300,330,0.84999999999999987,500,5000,1,1,map,398
map_0399,map,map_399,haps_thermal_map.slx,1100,101325,300,223.15000000000001,50,4.25,120,0.40000000000000002,2,0.01,0.10000000000000001,0.0089999999999999004,0.0060000000000000001,0.094197000000000003,65.532179999999997,0.59999999999999987,88.468442999999994,0.11774625,3000,500,1.0000000000000001e-15,5.6703744189999998e-23,4.25,223.15000000000001,251.48668593658701,1,1,251.48668593658701,1,900,300,300,330,0.84999999999999987,500,5000,1,1,map,399
map_0400,map,map_400,haps_thermal_map.slx,1100,101325,300,223.15000000000001,50,4.5,120,0.40000000000000002,2,0.01,0.10000000000000001,0.0089999999999999004,0.0060000000000000001,0.094197000000000003,65.532179999999997,0.59999999999999987,88.468442999999994,0.11774625,3000,500,1.0000000000000001e-15,5.6703744189999998e-23,4.5,223.15000000000001,251.48668593658701,1,1,251.48668593658701,1,900,300,300,330,0.84999999999999987,500,5000,1,1,map,400
map_0401,map,map_401,haps_thermal_map.slx,1100,101325,300,223.15000000000001,50,4.75,120,0.40000000000000002,2,0.01,0.10000000000000001,0.0089999999999999004,0.0060000000000000001,0.094197000000000003,65.532179999999997,0.59999999999999987,88.468442999999994,0.11774625,3000,500,1.0000000000000001e-15,5.6703744189999998e-23,4.75,223.15000000000001,251.48668593658701,1,1,251.48668593658701,1,900,300,300,330,0.84999999999999987,500,5000,1,1,map,401
map_0402,map,map_402,haps_thermal_map.slx,1100,101325,300,223.15000000000001,50,5,120,0.40000000000000002,2,0.01,0.10000000000000001,0.0089999999999999004,0.0060000000000000001,0.094197000000000003,65.532179999999997,0.59999999999999987,88.468442999999994,0.11774625,3000,500,1.0000000000000001e-15,5.6703744189999998e-23,5,223.15000000000001,251.48668593658701,1,1,251.48668593658701,1,900,300,300,330,0.84999999999999987,500,5000,1,1,map,402
map_0403,map,map_403,haps_thermal_map.slx,1100,101325,300,223.15000000000001,50,5.25,120,0.40000000000000002,2,0.01,0.10000000000000001,0.0089999999999999004,0.0060000000000000001,0.094197000000000003,65.532179999999997,0.59999999999999987,88.468442999999994,0.11774625,3000,500,1.0000000000000001e-15,5.6703744189999998e-23,5.25,223.15000000000001,251.48668593658701,1,1,251.48668593658701,1,900,300,300,330,0.84999999999999987,500,5000,1,1,map,403
map_0404,map,map_404,haps_thermal_map.slx,1100,101325,300,223.15000000000001,50,5.5,120,0.40000000000000002,2,0.01,0.10000000000000001,0.0089999999999999004,0.0060000000000000001,0.094197000000000003,65.532179999999997,0.59999999999999987,88.468442999999994,0.11774625,3000,500,1.0000000000000001e-15,5.6703744189999998e-23,5.5,223.15000000000001,251.48668593658701,1,1,251.48668593658701,1,900,300,300,330,0.84999999999999987,500,5000,1,1,map,404
map_0405,map,map_405,haps_thermal_map.slx,1100,101325,300,223.15000000000001,50,5.75,120,0.40000000000000002,2,0.01,0.10000000000000001,0.0089999999999999004,0.0060000000000000001,0.094197000000000003,65.532179999999997,0.59999999999999987,88.468442999999994,0.11774625,3000,500,1.0000000000000001e-15,5.6703744189999998e-23,5.75,223.15000000000001,251.48668593658701,1,1,251.48668593658701,1,900,300,300,330,0.84999999999999987,500,5000,1,1,map,405
map_0406,map,map_406,haps_thermal_map.slx,1100,101325,300,223.15000000000001,50,6,120,0.40000000000000002,2,0.01,0.10000000000000001,0.0089999999999999004,0.0060000000000000001,0.094197000000000003,65.532179999999997,0.59999999999999987,88.468442999999994,0.11774625,3000,500,1.0000000000000001e-15,5.6703744189999998e-23,6,223.15000000000001,251.48668593658701,1,1,251.48668593658701,1,900,300,300,330,0.84999999999999987,500,5000,1,1,map,406
map_0407,map,map_407,haps_thermal_map.slx,1100,101325,300,223.15000000000001,50,0.5,120,0.40000000000000002,2,0.01,0.10000000000000001,0.0089999999999999004,0.0060000000000000001,0.094197000000000003,65.532179999999997,0.59999999999999987,88.468442999999994,0.11774625,3000,500,1.0000000000000001e-15,5.6703744189999998e-23,0.5,223.15000000000001,316.22776601683802,1,1,316.22776601683802,1,900,300,300,330,0.84999999999999987,500,5000,1,1,map,407
map_0408,map,map_408,haps_thermal_map.slx,1100,101325,300,223.15000000000001,50,0.625,120,0.40000000000000002,2,0.01,0.10000000000000001,0.0089999999999999004,0.0060000000000000001,0.094197000000000003,65.532179999999997,0.59999999999999987,88.468442999999994,0.11774625,3000,500,1.0000000000000001e-15,5.6703744189999998e-23,0.625,223.15000000000001,316.22776601683802,1,1,316.22776601683802,1,900,300,300,330,0.84999999999999987,500,5000,1,1,map,408
map_0409,map,map_409,haps_thermal_map.slx,1100,101325,300,223.15000000000001,50,0.75,120,0.40000000000000002,2,0.01,0.10000000000000001,0.0089999999999999004,0.0060000000000000001,0.094197000000000003,65.532179999999997,0.59999999999999987,88.468442999999994,0.11774625,3000,500,1.0000000000000001e-15,5.6703744189999998e-23,0.75,223.15000000000001,316.22776601683802,1,1,316.22776601683802,1,900,300,300,330,0.84999999999999987,500,5000,1,1,map,409
map_0410,map,map_410,haps_thermal_map.slx,1100,101325,300,223.15000000000001,50,0.875,120,0.40000000000000002,2,0.01,0.10000000000000001,0.0089999999999999004,0.0060000000000000001,0.094197000000000003,65.532179999999997,0.59999999999999987,88.468442999999994,0.11774625,3000,500,1.0000000000000001e-15,5.6703744189999998e-23,0.875,223.15000000000001,316.22776601683802,1,1,316.22776601683802,1,900,300,300,330,0.84999999999999987,500,5000,1,1,map,410
map_0411,map,map_411,haps_thermal_map.slx,1100,101325,300,223.15000000000001,50,1,120,0.40000000000000002,2,0.01,0.10000000000000001,0.0089999999999999004,0.0060000000000000001,0.094197000000000003,65.532179999999997,0.59999999999999987,88.468442999999994,0.11774625,3000,500,1.0000000000000001e-15,5.6703744189999998e-23,1,223.15000000000001,316.22776601683802,1,1,316.22776601683802,1,900,300,300,330,0.84999999999999987,500,5000,1,1,map,411
map_0412,map,map_412,haps_thermal_map.slx,1100,101325,300,223.15000000000001,50,1.125,120,0.40000000000000002,2,0.01,0.10000000000000001,0.0089999999999999004,0.0060000000000000001,0.094197000000000003,65.532179999999997,0.59999999999999987,88.468442999999994,0.11774625,3000,500,1.0000000000000001e-15,5.6703744189999998e-23,1.125,223.15000000000001,316.22776601683802,1,1,316.22776601683802,1,900,300,300,330,0.84999999999999987,500,5000,1,1,map,412
map_0413,map,map_413,haps_thermal_map.slx,1100,101325,300,223.15000000000001,50,1.25,120,0.40000000000000002,2,0.01,0.10000000000000001,0.0089999999999999004,0.0060000000000000001,0.094197000000000003,65.532179999999997,0.59999999999999987,88.468442999999994,0.11774625,3000,500,1.0000000000000001e-15,5.6703744189999998e-23,1.25,223.15000000000001,316.22776601683802,1,1,316.22776601683802,1,900,300,300,330,0.84999999999999987,500,5000,1,1,map,413
map_0414,map,map_414,haps_thermal_map.slx,1100,101325,300,223.15000000000001,50,1.375,120,0.40000000000000002,2,0.01,0.10000000000000001,0.0089999999999999004,0.0060000000000000001,0.094197000000000003,65.532179999999997,0.59999999999999987,88.468442999999994,0.11774625,3000,500,1.0000000000000001e-15,5.6703744189999998e-23,1.375,223.15000000000001,316.22776601683802,1,1,316.22776601683802,1,900,300,300,330,0.84999999999999987,500,5000,1,1,map,414
map_0415,map,map_415,haps_thermal_map.slx,1100,101325,300,223.15000000000001,50,1.5,120,0.40000000000000002,2,0.01,0.10000000000000001,0.0089999999999999004,0.0060000000000000001,0.094197000000000003,65.532179999999997,0.59999999999999987,88.468442999999994,0.11774625,3000,500,1.0000000000000001e-15,5.6703744189999998e-23,1.5,223.15000000000001,316.22776601683802,1,1,316.22776601683802,1,900,300,300,330,0.84999999999999987,500,5000,1,1,map,415
map_0416,map,map_416,haps_thermal_map.slx,1100,101325,300,223.15000000000001,50,1.625,120,0.40000000000000002,2,0.01,0.10000000000000001,0.0089999999999999004,0.0060000000000000001,0.094197000000000003,65.532179999999997,0.59999999999999987,88.468442999999994,0.11774625,3000,500,1.0000000000000001e-15,5.6703744189999998e-23,1.625,223.15000000000001,316.22776601683802,1,1,316.22776601683802,1,900,300,300,330,0.84999999999999987,500,5000,1,1,map,416
map_0417,map,map_417,haps_thermal_map.slx,1100,101325,300,223.15000000000001,50,1.75,120,0.40000000000000002,2,0.01,0.10000000000000001,0.0089999999999999004,0.0060000000000000001,0.094197000000000003,65.532179999999997,0.59999999999999987,88.468442999999994,0.11774625,3000,500,1.0000000000000001e-15,5.6703744189999998e-23,1.75,223.15000000000001,316.22776601683802,1,1,316.22776601683802,1,900,300,300,330,0.84999999999999987,500,5000,1,1,map,417
map_0418,map,map_418,haps_thermal_map.slx,1100,101325,300,223.15000000000001,50,1.875,120,0.40000000000000002,2,0.01,0.10000000000000001,0.0089999999999999004,0.0060000000000000001,0.094197000000000003,65.532179999999997,0.59999999999999987,88.468442999999994,0.11774625,3000,500,1.0000000000000001e-15,5.6703744189999998e-23,1.875,223.15000000000001,316.22776601683802,1,1,316.22776601683802,1,900,300,300,330,0.84999999999999987,500,5000,1,1,map,418
map_0419,map,map_419,haps_thermal_map.slx,1100,101325,300,223.15000000000001,50,2,120,0.40000000000000002,2,0.01,0.10000000000000001,0.0089999999999999004,0.0060000000000000001,0.094197000000000003,65.532179999999997,0.59999999999999987,88.468442999999994,0.11774625,3000,500,1.0000000000000001e-15,5.6703744189999998e-23,2,223.15000000000001,316.22776601683802,1,1,316.22776601683802,1,900,300,300,330,0.84999999999999987,500,5000,1,1,map,419
map_0420,map,map_420,haps_thermal_map.slx,1100,101325,300,223.15000000000001,50,2.25,120,0.40000000000000002,2,0.01,0.10000000000000001,0.0089999999999999004,0.0060000000000000001,0.094197000000000003,65.532179999999997,0.59999999999999987,88.468442999999994,0.11774625,3000,500,1.0000000000000001e-15,5.6703744189999998e-23,2.25,223.15000000000001,316.22776601683802,1,1,316.22776601683802,1,900,300,300,330,0.84999999999999987,500,5000,1,1,map,420
map_0421,map,map_421,haps_thermal_map.slx,1100,101325,300,223.15000000000001,50,2.5,120,0.40000000000000002,2,0.01,0.10000000000000001,0.0089999999999999004,0.0060000000000000001,0.094197000000000003,65.532179999999997,0.59999999999999987,88.468442999999994,0.11774625,3000,500,1.0000000000000001e-15,5.6703744189999998e-23,2.5,223.15000000000001,316.22776601683802,1,1,316.22776601683802,1,900,300,300,330,0.84999999999999987,500,5000,1,1,map,421
map_0422,map,map_422,haps_thermal_map.slx,1100,101325,300,223.15000000000001,50,2.75,120,0.40000000000000002,2,0.01,0.10000000000000001,0.0089999999999999004,0.0060000000000000001,0.094197000000000003,65.532179999999997,0.59999999999999987,88.468442999999994,0.11774625,3000,500,1.0000000000000001e-15,5.6703744189999998e-23,2.75,223.15000000000001,316.22776601683802,1,1,316.22776601683802,1,900,300,300,330,0.84999999999999987,500,5000,1,1,map,422
map_0423,map,map_423,haps_thermal_map.slx,1100,101325,300,223.15000000000001,50,3,120,0.40000000000000002,2,0.01,0.10000000000000001,0.0089999999999999004,0.0060000000000000001,0.094197000000000003,65.532179999999997,0.59999999999999987,88.468442999999994,0.11774625,3000,500,1.0000000000000001e-15,5.6703744189999998e-23,3,223.15000000000001,316.22776601683802,1,1,316.22776601683802,1,900,300,300,330,0.84999999999999987,500,5000,1,1,map,423
map_0424,map,map_424,haps_thermal_map.slx,1100,101325,300,223.15000000000001,50,3.25,120,0.40000000000000002,2,0.01,0.10000000000000001,0.0089999999999999004,0.0060000000000000001,0.094197000000000003,65.532179999999997,0.59999999999999987,88.468442999999994,0.11774625,3000,500,1.0000000000000001e-15,5.6703744189999998e-23,3.25,223.15000000000001,316.22776601683802,1,1,316.22776601683802,1,900,300,300,330,0.84999999999999987,500,5000,1,1,map,424
map_0425,map,map_425,haps_thermal_map.slx,1100,101325,300,223.15000000000001,50,3.5,120,0.40000000000000002,2,0.01,0.10000000000000001,0.0089999999999999004,0.0060000000000000001,0.094197000000000003,65.532179999999997,0.59999999999999987,88.468442999999994,0.11774625,3000,500,1.0000000000000001e-15,5.6703744189999998e-23,3.5,223.15000000000001,316.22776601683802,1,1,316.22776601683802,1,900,300,300,330,0.84999999999999987,500,5000,1,1,map,425
map_0426,map,map_426,haps_thermal_map.slx,1100,101325,300,223.15000000000001,50,3.75,120,0.40000000000000002,2,0.01,0.10000000000000001,0.0089999999999999004,0.0060000000000000001,0.094197000000000003,65.532179999999997,0.59999999999999987,88.468442999999994,0.11774625,3000,500,1.0000000000000001e-15,5.6703744189999998e-23,3.75,223.15000000000001,316.22776601683802,1,1,316.22776601683802,1,900,300,300,330,0.84999999999999987,500,5000,1,1,map,426
map_0427,map,map_427,haps_thermal_map.slx,1100,101325,300,223.15000000000001,50,4,120,0.40000000000000002,2,0.01,0.10000000000000001,0.0089999999999999004,0.0060000000000000001,0.094197000000000003,65.532179999999997,0.59999999999999987,88.468442999999994,0.11774625,3000,500,1.0000000000000001e-15,5.6703744189999998e-23,4,223.15000000000001,316.22776601683802,1,1,316.22776601683802,1,900,300,300,330,0.84999999999999987,500,5000,1,1,map,427
map_0428,map,map_428,haps_thermal_map.slx,1100,101325,300,223.15000000000001,50,4.25,120,0.40000000000000002,2,0.01,0.10000000000000001,0.0089999999999999004,0.0060000000000000001,0.094197000000000003,65.532179999999997,0.59999999999999987,88.468442999999994,0.11774625,3000,500,1.0000000000000001e-15,5.6703744189999998e-23,4.25,223.15000000000001,316.22776601683802,1,1,316.22776601683802,1,900,300,300,330,0.84999999999999987,500,5000,1,1,map,428
map_0429,map,map_429,haps_thermal_map.slx,1100,101325,300,223.15000000000001,50,4.5,120,0.40000000000000002,2,0.01,0.10000000000000001,0.0089999999999999004,0.0060000000000000001,0.094197000000000003,65.532179999999997,0.59999999999999987,88.468442999999994,0.11774625,3000,500,1.0000000000000001e-15,5.6703744189999998e-23,4.5,223.15000000000001,316.22776601683802,1,1,316.22776601683802,1,900,300,300,330,0.84999999999999987,500,5000,1,1,map,429
map_0430,map,map_430,haps_thermal_map.slx,1100,101325,300,223.15000000000001,50,4.75,120,0.40000000000000002,2,0.01,0.10000000000000001,0.0089999999999999004,0.0060000000000000001,0.094197000000000003,65.532179999999997,0.59999999999999987,88.468442999999994,0.11774625,3000,500,1.0000000000000001e-15,5.6703744189999998e-23,4.75,223.15000000000001,316.22776601683802,1,1,316.22776601683802,1,900,300,300,330,0.84999999999999987,500,5000,1,1,map,430
map_0431,map,map_431,haps_thermal_map.slx,1100,101325,300,223.15000000000001,50,5,120,0.40000000000000002,2,0.01,0.10000000000000001,0.0089999999999999004,0.0060000000000000001,0.094197000000000003,65.532179999999997,0.59999999999999987,88.468442999999994,0.11774625,3000,500,1.0000000000000001e-15,5.6703744189999998e-23,5,223.15000000000001,316.22776601683802,1,1,316.22776601683802,1,900,300,300,330,0.84999999999999987,500,5000,1,1,map,431
map_0432,map,map_432,haps_thermal_map.slx,1100,101325,300,223.15000000000001,50,5.25,120,0.40000000000000002,2,0.01,0.10000000000000001,0.0089999999999999004,0.0060000000000000001,0.094197000000000003,65.532179999999997,0.59999999999999987,88.468442999999994,0.11774625,3000,500,1.0000000000000001e-15,5.6703744189999998e-23,5.25,223.15000000000001,316.22776601683802,1,1,316.22776601683802,1,900,300,300,330,0.84999999999999987,500,5000,1,1,map,432
map_0433,map,map_433,haps_thermal_map.slx,1100,101325,300,223.15000000000001,50,5.5,120,0.40000000000000002,2,0.01,0.10000000000000001,0.0089999999999999004,0.0060000000000000001,0.094197000000000003,65.532179999999997,0.59999999999999987,88.468442999999994,0.11774625,3000,500,1.0000000000000001e-15,5.6703744189999998e-23,5.5,223.15000000000001,316.22776601683802,1,1,316.22776601683802,1,900,300,300,330,0.84999999999999987,500,5000,1,1,map,433
map_0434,map,map_434,haps_thermal_map.slx,1100,101325,300,223.15000000000001,50,5.75,120,0.40000000000000002,2,0.01,0.10000000000000001,0.0089999999999999004,0.0060000000000000001,0.094197000000000003,65.532179999999997,0.59999999999999987,88.468442999999994,0.11774625,3000,500,1.0000000000000001e-15,5.6703744189999998e-23,5.75,223.15000000000001,316.22776601683802,1,1,316.22776601683802,1,900,300,300,330,0.84999999999999987,500,5000,1,1,map,434
map_0435,map,map_435,haps_thermal_map.slx,1100,101325,300,223.15000000000001,50,6,120,0.40000000000000002,2,0.01,0.10000000000000001,0.0089999999999999004,0.0060000000000000001,0.094197000000000003,65.532179999999997,0.59999999999999987,88.468442999999994,0.11774625,3000,500,1.0000000000000001e-15,5.6703744189999998e-23,6,223.15000000000001,316.22776601683802,1,1,316.22776601683802,1,900,300,300,330,0.84999999999999987,500,5000,1,1,map,435
map_0436,map,map_436,haps_thermal_map.slx,1100,101325,300,223.15000000000001,50,0.5,120,0.40000000000000002,2,0.01,0.10000000000000001,0.0089999999999999004,0.0060000000000000001,0.094197000000000003,65.532179999999997,0.59999999999999987,88.468442999999994,0.11774625,3000,500,1.0000000000000001e-15,5.6703744189999998e-23,0.5,223.15000000000001,397.63536438352497,1,1,397.63536438352497,1,900,300,300,330,0.84999999999999987,500,5000,1,1,map,436
map_0437,map,map_437,haps_thermal_map.slx,1100,101325,300,223.15000000000001,50,0.625,120,0.40000000000000002,2,0.01,0.10000000000000001,0.0089999999999999004,0.0060000000000000001,0.094197000000000003,65.532179999999997,0.59999999999999987,88.468442999999994,0.11774625,3000,500,1.0000000000000001e-15,5.6703744189999998e-23,0.625,223.15000000000001,397.63536438352497,1,1,397.63536438352497,1,900,300,300,330,0.84999999999999987,500,5000,1,1,map,437
map_0438,map,map_438,haps_thermal_map.slx,1100,101325,300,223.15000000000001,50,0.75,120,0.40000000000000002,2,0.01,0.10000000000000001,0.0089999999999999004,0.0060000000000000001,0.094197000000000003,65.532179999999997,0.59999999999999987,88.468442999999994,0.11774625,3000,500,1.0000000000000001e-15,5.6703744189999998e-23,0.75,223.15000000000001,397.63536438352497,1,1,397.63536438352497,1,900,300,300,330,0.84999999999999987,500,5000,1,1,map,438
map_0439,map,map_439,haps_thermal_map.slx,1100,101325,300,223.15000000000001,50,0.875,120,0.40000000000000002,2,0.01,0.10000000000000001,0.0089999999999999004,0.0060000000000000001,0.094197000000000003,65.532179999999997,0.59999999999999987,88.468442999999994,0.11774625,3000,500,1.0000000000000001e-15,5.6703744189999998e-23,0.875,223.15000000000001,397.63536438352497,1,1,397.63536438352497,1,900,300,300,330,0.84999999999999987,500,5000,1,1,map,439
map_0440,map,map_440,haps_thermal_map.slx,1100,101325,300,223.15000000000001,50,1,120,0.40000000000000002,2,0.01,0.10000000000000001,0.0089999999999999004,0.0060000000000000001,0.094197000000000003,65.532179999999997,0.59999999999999987,88.468442999999994,0.11774625,3000,500,1.0000000000000001e-15,5.6703744189999998e-23,1,223.15000000000001,397.63536438352497,1,1,397.63536438352497,1,900,300,300,330,0.84999999999999987,500,5000,1,1,map,440
map_0441,map,map_441,haps_thermal_map.slx,1100,101325,300,223.15000000000001,50,1.125,120,0.40000000000000002,2,0.01,0.10000000000000001,0.0089999999999999004,0.0060000000000000001,0.094197000000000003,65.532179999999997,0.59999999999999987,88.468442999999994,0.11774625,3000,500,1.0000000000000001e-15,5.6703744189999998e-23,1.125,223.15000000000001,397.63536438352497,1,1,397.63536438352497,1,900,300,300,330,0.84999999999999987,500,5000,1,1,map,441
map_0442,map,map_442,haps_thermal_map.slx,1100,101325,300,223.15000000000001,50,1.25,120,0.40000000000000002,2,0.01,0.10000000000000001,0.0089999999999999004,0.0060000000000000001,0.094197000000000003,65.532179999999997,0.59999999999999987,88.468442999999994,0.11774625,3000,500,1.0000000000000001e-15,5.6703744189999998e-23,1.25,223.15000000000001,397.63536438352497,1,1,397.63536438352497,1,900,300,300,330,0.84999999999999987,500,5000,1,1,map,442
map_0443,map,map_443,haps_thermal_map.slx,1100,101325,300,223.15000000000001,50,1.375,120,0.40000000000000002,2,0.01,0.10000000000000001,0.0089999999999999004,0.0060000000000000001,0.094197000000000003,65.532179999999997,0.59999999999999987,88.468442999999994,0.11774625,3000,500,1.0000000000000001e-15,5.6703744189999998e-23,1.375,223.15000000000001,397.63536438352497,1,1,397.63536438352497,1,900,300,300,330,0.84999999999999987,500,5000,1,1,map,443
map_0444,map,map_444,haps_thermal_map.slx,1100,101325,300,223.15000000000001,50,1.5,120,0.40000000000000002,2,0.01,0.10000000000000001,0.0089999999999999004,0.0060000000000000001,0.094197000000000003,65.532179999999997,0.59999999999999987,88.468442999999994,0.11774625,3000,500,1.0000000000000001e-15,5.6703744189999998e-23,1.5,223.15000000000001,397.63536438352497,1,1,397.63536438352497,1,900,300,300,330,0.84999999999999987,500,5000,1,1,map,444
map_0445,map,map_445,haps_thermal_map.slx,1100,101325,300,223.15000000000001,50,1.625,120,0.40000000000000002,2,0.01,0.10000000000000001,0.0089999999999999004,0.0060000000000000001,0.094197000000000003,65.532179999999997,0.59999999999999987,88.468442999999994,0.11774625,3000,500,1.0000000000000001e-15,5.6703744189999998e-23,1.625,223.15000000000001,397.63536438352497,1,1,397.63536438352497,1,900,300,300,330,0.84999999999999987,500,5000,1,1,map,445
map_0446,map,map_446,haps_thermal_map.slx,1100,101325,300,223.15000000000001,50,1.75,120,0.40000000000000002,2,0.01,0.10000000000000001,0.0089999999999999004,0.0060000000000000001,0.094197000000000003,65.532179999999997,0.59999999999999987,88.468442999999994,0.11774625,3000,500,1.0000000000000001e-15,5.6703744189999998e-23,1.75,223.15000000000001,397.63536438352497,1,1,397.63536438352497,1,900,300,300,330,0.84999999999999987,500,5000,1,1,map,446
map_0447,map,map_447,haps_thermal_map.slx,1100,101325,300,223.15000000000001,50,1.875,120,0.40000000000000002,2,0.01,0.10000000000000001,0.0089999999999999004,0.0060000000000000001,0.094197000000000003,65.532179999999997,0.59999999999999987,88.468442999999994,0.11774625,3000,500,1.0000000000000001e-15,5.6703744189999998e-23,1.875,223.15000000000001,397.63536438352497,1,1,397.63536438352497,1,900,300,300,330,0.84999999999999987,500,5000,1,1,map,447
map_0448,map,map_448,haps_thermal_map.slx,1100,101325,300,223.15000000000001,50,2,120,0.40000000000000002,2,0.01,0.10000000000000001,0.0089999999999999004,0.0060000000000000001,0.094197000000000003,65.532179999999997,0.59999999999999987,88.468442999999994,0.11774625,3000,500,1.0000000000000001e-15,5.6703744189999998e-23,2,223.15000000000001,397.63536438352497,1,1,397.63536438352497,1,900,300,300,330,0.84999999999999987,500,5000,1,1,map,448
map_0449,map,map_449,haps_thermal_map.slx,1100,101325,300,223.15000000000001,50,2.25,120,0.40000000000000002,2,0.01,0.10000000000000001,0.0089999999999999004,0.0060000000000000001,0.094197000000000003,65.532179999999997,0.59999999999999987,88.468442999999994,0.11774625,3000,500,1.0000000000000001e-15,5.6703744189999998e-23,2.25,223.15000000000001,397.63536438352497,1,1,397.63536438352497,1,900,300,300,330,0.84999999999999987,500,5000,1,1,map,449
map_0450,map,map_450,haps_thermal_map.slx,1100,101325,300,223.15000000000001,50,2.5,120,0.40000000000000002,2,0.01,0.10000000000000001,0.0089999999999999004,0.0060000000000000001,0.094197000000000003,65.532179999999997,0.59999999999999987,88.468442999999994,0.11774625,3000,500,1.0000000000000001e-15,5.6703744189999998e-23,2.5,223.15000000000001,397.63536438352497,1,1,397.63536438352497,1,900,300,300,330,0.84999999999999987,500,5000,1,1,map,450
map_0451,map,map_451,haps_thermal_map.slx,1100,101325,300,223.15000000000001,50,2.75,120,0.40000000000000002,2,0.01,0.10000000000000001,0.0089999999999999004,0.0060000000000000001,0.094197000000000003,65.532179999999997,0.59999999999999987,88.468442999999994,0.11774625,3000,500,1.0000000000000001e-15,5.6703744189999998e-23,2.75,223.15000000000001,397.63536438352497,1,1,397.63536438352497,1,900,300,300,330,0.84999999999999987,500,5000,1,1,map,451
map_0452,map,map_452,haps_thermal_map.slx,1100,101325,300,223.15000000000001,50,3,120,0.40000000000000002,2,0.01,0.10000000000000001,0.0089999999999999004,0.0060000000000000001,0.094197000000000003,65.532179999999997,0.59999999999999987,88.468442999999994,0.11774625,3000,500,1.0000000000000001e-15,5.6703744189999998e-23,3,223.15000000000001,397.63536438352497,1,1,397.63536438352497,1,900,300,300,330,0.84999999999999987,500,5000,1,1,map,452
map_0453,map,map_453,haps_thermal_map.slx,1100,101325,300,223.15000000000001,50,3.25,120,0.40000000000000002,2,0.01,0.10000000000000001,0.0089999999999999004,0.0060000000000000001,0.094197000000000003,65.532179999999997,0.59999999999999987,88.468442999999994,0.11774625,3000,500,1.0000000000000001e-15,5.6703744189999998e-23,3.25,223.15000000000001,397.63536438352497,1,1,397.63536438352497,1,900,300,300,330,0.84999999999999987,500,5000,1,1,map,453
map_0454,map,map_454,haps_thermal_map.slx,1100,101325,300,223.15000000000001,50,3.5,120,0.40000000000000002,2,0.01,0.10000000000000001,0.0089999999999999004,0.0060000000000000001,0.094197000000000003,65.532179999999997,0.59999999999999987,88.468442999999994,0.11774625,3000,500,1.0000000000000001e-15,5.6703744189999998e-23,3.5,223.15000000000001,397.63536438352497,1,1,397.63536438352497,1,900,300,300,330,0.84999999999999987,500,5000,1,1,map,454
map_0455,map,map_455,haps_thermal_map.slx,1100,101325,300,223.15000000000001,50,3.75,120,0.40000000000000002,2,0.01,0.10000000000000001,0.0089999999999999004,0.0060000000000000001,0.094197000000000003,65.532179999999997,0.59999999999999987,88.468442999999994,0.11774625,3000,500,1.0000000000000001e-15,5.6703744189999998e-23,3.75,223.15000000000001,397.63536438352497,1,1,397.63536438352497,1,900,300,300,330,0.84999999999999987,500,5000,1,1,map,455
map_0456,map,map_456,haps_thermal_map.slx,1100,101325,300,223.15000000000001,50,4,120,0.40000000000000002,2,0.01,0.10000000000000001,0.0089999999999999004,0.0060000000000000001,0.094197000000000003,65.532179999999997,0.59999999999999987,88.468442999999994,0.11774625,3000,500,1.0000000000000001e-15,5.6703744189999998e-23,4,223.15000000000001,397.63536438352497,1,1,397.63536438352497,1,900,300,300,330,0.84999999999999987,500,5000,1,1,map,456
map_0457,map,map_457,haps_thermal_map.slx,1100,101325,300,223.15000000000001,50,4.25,120,0.40000000000000002,2,0.01,0.10000000000000001,0.0089999999999999004,0.0060000000000000001,0.094197000000000003,65.532179999999997,0.59999999999999987,88.468442999999994,0.11774625,3000,500,1.0000000000000001e-15,5.6703744189999998e-23,4.25,223.15000000000001,397.63536438352497,1,1,397.63536438352497,1,900,300,300,330,0.84999999999999987,500,5000,1,1,map,457
map_0458,map,map_458,haps_thermal_map.slx,1100,101325,300,223.15000000000001,50,4.5,120,0.40000000000000002,2,0.01,0.10000000000000001,0.0089999999999999004,0.0060000000000000001,0.094197000000000003,65.532179999999997,0.59999999999999987,88.468442999999994,0.11774625,3000,500,1.0000000000000001e-15,5.6703744189999998e-23,4.5,223.15000000000001,397.63536438352497,1,1,397.63536438352497,1,900,300,300,330,0.84999999999999987,500,5000,1,1,map,458
map_0459,map,map_459,haps_thermal_map.slx,1100,101325,300,223.15000000000001,50,4.75,120,0.40000000000000002,2,0.01,0.10000000000000001,0.0089999999999999004,0.0060000000000000001,0.094197000000000003,65.532179999999997,0.59999999999999987,88.468442999999994,0.11774625,3000,500,1.0000000000000001e-15,5.6703744189999998e-23,4.75,223.15000000000001,397.63536438352497,1,1,397.63536438352497,1,900,300,300,330,0.84999999999999987,500,5000,1,1,map,459
map_0460,map,map_460,haps_thermal_map.slx,1100,101325,300,223.15000000000001,50,5,120,0.40000000000000002,2,0.01,0.10000000000000001,0.0089999999999999004,0.0060000000000000001,0.094197000000000003,65.532179999999997,0.59999999999999987,88.468442999999994,0.11774625,3000,500,1.0000000000000001e-15,5.6703744189999998e-23,5,223.15000000000001,397.63536438352497,1,1,397.63536438352497,1,900,300,300,330,0.84999999999999987,500,5000,1,1,map,460
map_0461,map,map_461,haps_thermal_map.slx,1100,101325,300,223.15000000000001,50,5.25,120,0.40000000000000002,2,0.01,0.10000000000000001,0.0089999999999999004,0.0060000000000000001,0.094197000000000003,65.532179999999997,0.59999999999999987,88.468442999999994,0.11774625,3000,500,1.0000000000000001e-15,5.6703744189999998e-23,5.25,223.15000000000001,397.63536438352497,1,1,397.63536438352497,1,900,300,300,330,0.84999999999999987,500,5000,1,1,map,461
map_0462,map,map_462,haps_thermal_map.slx,1100,101325,300,223.15000000000001,50,5.5,120,0.40000000000000002,2,0.01,0.10000000000000001,0.0089999999999999004,0.0060000000000000001,0.094197000000000003,65.532179999999997,0.59999999999999987,88.468442999999994,0.11774625,3000,500,1.0000000000000001e-15,5.6703744189999998e-23,5.5,223.15000000000001,397.63536438352497,1,1,397.63536438352497,1,900,300,300,330,0.84999999999999987,500,5000,1,1,map,462
map_0463,map,map_463,haps_thermal_map.slx,1100,101325,300,223.15000000000001,50,5.75,120,0.40000000000000002,2,0.01,0.10000000000000001,0.0089999999999999004,0.0060000000000000001,0.094197000000000003,65.532179999999997,0.59999999999999987,88.468442999999994,0.11774625,3000,500,1.0000000000000001e-15,5.6703744189999998e-23,5.75,223.15000000000001,397.63536438352497,1,1,397.63536438352497,1,900,300,300,330,0.84999999999999987,500,5000,1,1,map,463
map_0464,map,map_464,haps_thermal_map.slx,1100,101325,300,223.15000000000001,50,6,120,0.40000000000000002,2,0.01,0.10000000000000001,0.0089999999999999004,0.0060000000000000001,0.094197000000000003,65.532179999999997,0.59999999999999987,88.468442999999994,0.11774625,3000,500,1.0000000000000001e-15,5.6703744189999998e-23,6,223.15000000000001,397.63536438352497,1,1,397.63536438352497,1,900,300,300,330,0.84999999999999987,500,5000,1,1,map,464
map_0465,map,map_465,haps_thermal_map.slx,1100,101325,300,223.15000000000001,50,0.5,120,0.40000000000000002,2,0.01,0.10000000000000001,0.0089999999999999004,0.0060000000000000001,0.094197000000000003,65.532179999999997,0.59999999999999987,88.468442999999994,0.11774625,3000,500,1.0000000000000001e-15,5.6703744189999998e-23,0.5,223.15000000000001,500,1,1,500,1,900,300,300,330,0.84999999999999987,500,5000,1,1,map,465
map_0466,map,map_466,haps_thermal_map.slx,1100,101325,300,223.15000000000001,50,0.625,120,0.40000000000000002,2,0.01,0.10000000000000001,0.0089999999999999004,0.0060000000000000001,0.094197000000000003,65.532179999999997,0.59999999999999987,88.468442999999994,0.11774625,3000,500,1.0000000000000001e-15,5.6703744189999998e-23,0.625,223.15000000000001,500,1,1,500,1,900,300,300,330,0.84999999999999987,500,5000,1,1,map,466
map_0467,map,map_467,haps_thermal_map.slx,1100,101325,300,223.15000000000001,50,0.75,120,0.40000000000000002,2,0.01,0.10000000000000001,0.0089999999999999004,0.0060000000000000001,0.094197000000000003,65.532179999999997,0.59999999999999987,88.468442999999994,0.11774625,3000,500,1.0000000000000001e-15,5.6703744189999998e-23,0.75,223.15000000000001,500,1,1,500,1,900,300,300,330,0.84999999999999987,500,5000,1,1,map,467
map_0468,map,map_468,haps_thermal_map.slx,1100,101325,300,223.15000000000001,50,0.875,120,0.40000000000000002,2,0.01,0.10000000000000001,0.0089999999999999004,0.0060000000000000001,0.094197000000000003,65.532179999999997,0.59999999999999987,88.468442999999994,0.11774625,3000,500,1.0000000000000001e-15,5.6703744189999998e-23,0.875,223.15000000000001,500,1,1,500,1,900,300,300,330,0.84999999999999987,500,5000,1,1,map,468
map_0469,map,map_469,haps_thermal_map.slx,1100,101325,300,223.15000000000001,50,1,120,0.40000000000000002,2,0.01,0.10000000000000001,0.0089999999999999004,0.0060000000000000001,0.094197000000000003,65.532179999999997,0.59999999999999987,88.468442999999994,0.11774625,3000,500,1.0000000000000001e-15,5.6703744189999998e-23,1,223.15000000000001,500,1,1,500,1,900,300,300,330,0.84999999999999987,500,5000,1,1,map,469
map_0470,map,map_470,haps_thermal_map.slx,1100,101325,300,223.15000000000001,50,1.125,120,0.40000000000000002,2,0.01,0.10000000000000001,0.0089999999999999004,0.0060000000000000001,0.094197000000000003,65.532179999999997,0.59999999999999987,88.468442999999994,0.11774625,3000,500,1.0000000000000001e-15,5.6703744189999998e-23,1.125,223.15000000000001,500,1,1,500,1,900,300,300,330,0.84999999999999987,500,5000,1,1,map,470
map_0471,map,map_471,haps_thermal_map.slx,1100,101325,300,223.15000000000001,50,1.25,120,0.40000000000000002,2,0.01,0.10000000000000001,0.0089999999999999004,0.0060000000000000001,0.094197000000000003,65.532179999999997,0.59999999999999987,88.468442999999994,0.11774625,3000,500,1.0000000000000001e-15,5.6703744189999998e-23,1.25,223.15000000000001,500,1,1,500,1,900,300,300,330,0.84999999999999987,500,5000,1,1,map,471
map_0472,map,map_472,haps_thermal_map.slx,1100,101325,300,223.15000000000001,50,1.375,120,0.40000000000000002,2,0.01,0.10000000000000001,0.0089999999999999004,0.0060000000000000001,0.094197000000000003,65.532179999999997,0.59999999999999987,88.468442999999994,0.11774625,3000,500,1.0000000000000001e-15,5.6703744189999998e-23,1.375,223.15000000000001,500,1,1,500,1,900,300,300,330,0.84999999999999987,500,5000,1,1,map,472
map_0473,map,map_473,haps_thermal_map.slx,1100,101325,300,223.15000000000001,50,1.5,120,0.40000000000000002,2,0.01,0.10000000000000001,0.0089999999999999004,0.0060000000000000001,0.094197000000000003,65.532179999999997,0.59999999999999987,88.468442999999994,0.11774625,3000,500,1.0000000000000001e-15,5.6703744189999998e-23,1.5,223.15000000000001,500,1,1,500,1,900,300,300,330,0.84999999999999987,500,5000,1,1,map,473
map_0474,map,map_474,haps_thermal_map.slx,1100,101325,300,223.15000000000001,50,1.625,120,0.40000000000000002,2,0.01,0.10000000000000001,0.0089999999999999004,0.0060000000000000001,0.094197000000000003,65.532179999999997,0.59999999999999987,88.468442999999994,0.11774625,3000,500,1.0000000000000001e-15,5.6703744189999998e-23,1.625,223.15000000000001,500,1,1,500,1,900,300,300,330,0.84999999999999987,500,5000,1,1,map,474
map_0475,map,map_475,haps_thermal_map.slx,1100,101325,300,223.15000000000001,50,1.75,120,0.40000000000000002,2,0.01,0.10000000000000001,0.0089999999999999004,0.0060000000000000001,0.094197000000000003,65.532179999999997,0.59999999999999987,88.468442999999994,0.11774625,3000,500,1.0000000000000001e-15,5.6703744189999998e-23,1.75,223.15000000000001,500,1,1,500,1,900,300,300,330,0.84999999999999987,500,5000,1,1,map,475
map_0476,map,map_476,haps_thermal_map.slx,1100,101325,300,223.15000000000001,50,1.875,120,0.40000000000000002,2,0.01,0.10000000000000001,0.0089999999999999004,0.0060000000000000001,0.094197000000000003,65.532179999999997,0.59999999999999987,88.468442999999994,0.11774625,3000,500,1.0000000000000001e-15,5.6703744189999998e-23,1.875,223.15000000000001,500,1,1,500,1,900,300,300,330,0.84999999999999987,500,5000,1,1,map,476
map_0477,map,map_477,haps_thermal_map.slx,1100,101325,300,223.15000000000001,50,2,120,0.40000000000000002,2,0.01,0.10000000000000001,0.0089999999999999004,0.0060000000000000001,0.094197000000000003,65.532179999999997,0.59999999999999987,88.468442999999994,0.11774625,3000,500,1.0000000000000001e-15,5.6703744189999998e-23,2,223.15000000000001,500,1,1,500,1,900,300,300,330,0.84999999999999987,500,5000,1,1,map,477
map_0478,map,map_478,haps_thermal_map.slx,1100,101325,300,223.15000000000001,50,2.25,120,0.40000000000000002,2,0.01,0.10000000000000001,0.0089999999999999004,0.0060000000000000001,0.094197000000000003,65.532179999999997,0.59999999999999987,88.468442999999994,0.11774625,3000,500,1.0000000000000001e-15,5.6703744189999998e-23,2.25,223.15000000000001,500,1,1,500,1,900,300,300,330,0.84999999999999987,500,5000,1,1,map,478
map_0479,map,map_479,haps_thermal_map.slx,1100,101325,300,223.15000000000001,50,2.5,120,0.40000000000000002,2,0.01,0.10000000000000001,0.0089999999999999004,0.0060000000000000001,0.094197000000000003,65.532179999999997,0.59999999999999987,88.468442999999994,0.11774625,3000,500,1.0000000000000001e-15,5.6703744189999998e-23,2.5,223.15000000000001,500,1,1,500,1,900,300,300,330,0.84999999999999987,500,5000,1,1,map,479
map_0480,map,map_480,haps_thermal_map.slx,1100,101325,300,223.15000000000001,50,2.75,120,0.40000000000000002,2,0.01,0.10000000000000001,0.0089999999999999004,0.0060000000000000001,0.094197000000000003,65.532179999999997,0.59999999999999987,88.468442999999994,0.11774625,3000,500,1.0000000000000001e-15,5.6703744189999998e-23,2.75,223.15000000000001,500,1,1,500,1,900,300,300,330,0.84999999999999987,500,5000,1,1,map,480
map_0481,map,map_481,haps_thermal_map.slx,1100,101325,300,223.15000000000001,50,3,120,0.40000000000000002,2,0.01,0.10000000000000001,0.0089999999999999004,0.0060000000000000001,0.094197000000000003,65.532179999999997,0.59999999999999987,88.468442999999994,0.11774625,3000,500,1.0000000000000001e-15,5.6703744189999998e-23,3,223.15000000000001,500,1,1,500,1,900,300,300,330,0.84999999999999987,500,5000,1,1,map,481
map_0482,map,map_482,haps_thermal_map.slx,1100,101325,300,223.15000000000001,50,3.25,120,0.40000000000000002,2,0.01,0.10000000000000001,0.0089999999999999004,0.0060000000000000001,0.094197000000000003,65.532179999999997,0.59999999999999987,88.468442999999994,0.11774625,3000,500,1.0000000000000001e-15,5.6703744189999998e-23,3.25,223.15000000000001,500,1,1,500,1,900,300,300,330,0.84999999999999987,500,5000,1,1,map,482
map_0483,map,map_483,haps_thermal_map.slx,1100,101325,300,223.15000000000001,50,3.5,120,0.40000000000000002,2,0.01,0.10000000000000001,0.0089999999999999004,0.0060000000000000001,0.094197000000000003,65.532179999999997,0.59999999999999987,88.468442999999994,0.11774625,3000,500,1.0000000000000001e-15,5.6703744189999998e-23,3.5,223.15000000000001,500,1,1,500,1,900,300,300,330,0.84999999999999987,500,5000,1,1,map,483
map_0484,map,map_484,haps_thermal_map.slx,1100,101325,300,223.15000000000001,50,3.75,120,0.40000000000000002,2,0.01,0.10000000000000001,0.0089999999999999004,0.0060000000000000001,0.094197000000000003,65.532179999999997,0.59999999999999987,88.468442999999994,0.11774625,3000,500,1.0000000000000001e-15,5.6703744189999998e-23,3.75,223.15000000000001,500,1,1,500,1,900,300,300,330,0.84999999999999987,500,5000,1,1,map,484
map_0485,map,map_485,haps_thermal_map.slx,1100,101325,300,223.15000000000001,50,4,120,0.40000000000000002,2,0.01,0.10000000000000001,0.0089999999999999004,0.0060000000000000001,0.094197000000000003,65.532179999999997,0.59999999999999987,88.468442999999994,0.11774625,3000,500,1.0000000000000001e-15,5.6703744189999998e-23,4,223.15000000000001,500,1,1,500,1,900,300,300,330,0.84999999999999987,500,5000,1,1,map,485
map_0486,map,map_486,haps_thermal_map.slx,1100,101325,300,223.15000000000001,50,4.25,120,0.40000000000000002,2,0.01,0.10000000000000001,0.0089999999999999004,0.0060000000000000001,0.094197000000000003,65.532179999999997,0.59999999999999987,88.468442999999994,0.11774625,3000,500,1.0000000000000001e-15,5.6703744189999998e-23,4.25,223.15000000000001,500,1,1,500,1,900,300,300,330,0.84999999999999987,500,5000,1,1,map,486
map_0487,map,map_487,haps_thermal_map.slx,1100,101325,300,223.15000000000001,50,4.5,120,0.40000000000000002,2,0.01,0.10000000000000001,0.0089999999999999004,0.0060000000000000001,0.094197000000000003,65.532179999999997,0.59999999999999987,88.468442999999994,0.11774625,3000,500,1.0000000000000001e-15,5.6703744189999998e-23,4.5,223.15000000000001,500,1,1,500,1,900,300,300,330,0.84999999999999987,500,5000,1,1,map,487
map_0488,map,map_488,haps_thermal_map.slx,1100,101325,300,223.15000000000001,50,4.75,120,0.40000000000000002,2,0.01,0.10000000000000001,0.0089999999999999004,0.0060000000000000001,0.094197000000000003,65.532179999999997,0.59999999999999987,88.468442999999994,0.11774625,3000,500,1.0000000000000001e-15,5.6703744189999998e-23,4.75,223.15000000000001,500,1,1,500,1,900,300,300,330,0.84999999999999987,500,5000,1,1,map,488
map_0489,map,map_489,haps_thermal_map.slx,1100,101325,300,223.15000000000001,50,5,120,0.40000000000000002,2,0.01,0.10000000000000001,0.0089999999999999004,0.0060000000000000001,0.094197000000000003,65.532179999999997,0.59999999999999987,88.468442999999994,0.11774625,3000,500,1.0000000000000001e-15,5.6703744189999998e-23,5,223.15000000000001,500,1,1,500,1,900,300,300,330,0.84999999999999987,500,5000,1,1,map,489
map_0490,map,map_490,haps_thermal_map.slx,1100,101325,300,223.15000000000001,50,5.25,120,0.40000000000000002,2,0.01,0.10000000000000001,0.0089999999999999004,0.0060000000000000001,0.094197000000000003,65.532179999999997,0.59999999999999987,88.468442999999994,0.11774625,3000,500,1.0000000000000001e-15,5.6703744189999998e-23,5.25,223.15000000000001,500,1,1,500,1,900,300,300,330,0.84999999999999987,500,5000,1,1,map,490
map_0491,map,map_491,haps_thermal_map.slx,1100,101325,300,223.15000000000001,50,5.5,120,0.40000000000000002,2,0.01,0.10000000000000001,0.0089999999999999004,0.0060000000000000001,0.094197000000000003,65.532179999999997,0.59999999999999987,88.468442999999994,0.11774625,3000,500,1.0000000000000001e-15,5.6703744189999998e-23,5.5,223.15000000000001,500,1,1,500,1,900,300,300,330,0.84999999999999987,500,5000,1,1,map,491
map_0492,map,map_492,haps_thermal_map.slx,1100,101325,300,223.15000000000001,50,5.75,120,0.40000000000000002,2,0.01,0.10000000000000001,0.0089999999999999004,0.0060000000000000001,0.094197000000000003,65.532179999999997,0.59999999999999987,88.468442999999994,0.11774625,3000,500,1.0000000000000001e-15,5.6703744189999998e-23,5.75,223.15000000000001,500,1,1,500,1,900,300,300,330,0.84999999999999987,500,5000,1,1,map,492
map_0493,map,map_493,haps_thermal_map.slx,1100,101325,300,223.15000000000001,50,6,120,0.40000000000000002,2,0.01,0.10000000000000001,0.0089999999999999004,0.0060000000000000001,0.094197000000000003,65.532179999999997,0.59999999999999987,88.468442999999994,0.11774625,3000,500,1.0000000000000001e-15,5.6703744189999998e-23,6,223.15000000000001,500,1,1,500,1,900,300,300,330,0.84999999999999987,500,5000,1,1,map,493
map_0494,map,map_494,haps_thermal_map.slx,1100,101325,300,223.15000000000001,50,0.5,120,0.40000000000000002,2,0.01,0.10000000000000001,0.0089999999999999004,0.0060000000000000001,0.094197000000000003,65.532179999999997,0.59999999999999987,88.468442999999994,0.11774625,3000,500,1.0000000000000001e-15,5.6703744189999998e-23,0.5,223.15000000000001,594.60355750136,1,1,594.60355750136,1,900,300,300,330,0.84999999999999987,500,5000,1,1,map,494
map_0495,map,map_495,haps_thermal_map.slx,1100,101325,300,223.15000000000001,50,0.625,120,0.40000000000000002,2,0.01,0.10000000000000001,0.0089999999999999004,0.0060000000000000001,0.094197000000000003,65.532179999999997,0.59999999999999987,88.468442999999994,0.11774625,3000,500,1.0000000000000001e-15,5.6703744189999998e-23,0.625,223.15000000000001,594.60355750136,1,1,594.60355750136,1,900,300,300,330,0.84999999999999987,500,5000,1,1,map,495
map_0496,map,map_496,haps_thermal_map.slx,1100,101325,300,223.15000000000001,50,0.75,120,0.40000000000000002,2,0.01,0.10000000000000001,0.0089999999999999004,0.0060000000000000001,0.094197000000000003,65.532179999999997,0.59999999999999987,88.468442999999994,0.11774625,3000,500,1.0000000000000001e-15,5.6703744189999998e-23,0.75,223.15000000000001,594.60355750136,1,1,594.60355750136,1,900,300,300,330,0.84999999999999987,500,5000,1,1,map,496
map_0497,map,map_497,haps_thermal_map.slx,1100,101325,300,223.15000000000001,50,0.875,120,0.40000000000000002,2,0.01,0.10000000000000001,0.0089999999999999004,0.0060000000000000001,0.094197000000000003,65.532179999999997,0.59999999999999987,88.468442999999994,0.11774625,3000,500,1.0000000000000001e-15,5.6703744189999998e-23,0.875,223.15000000000001,594.60355750136,1,1,594.60355750136,1,900,300,300,330,0.84999999999999987,500,5000,1,1,map,497
map_0498,map,map_498,haps_thermal_map.slx,1100,101325,300,223.15000000000001,50,1,120,0.40000000000000002,2,0.01,0.10000000000000001,0.0089999999999999004,0.0060000000000000001,0.094197000000000003,65.532179999999997,0.59999999999999987,88.468442999999994,0.11774625,3000,500,1.0000000000000001e-15,5.6703744189999998e-23,1,223.15000000000001,594.60355750136,1,1,594.60355750136,1,900,300,300,330,0.84999999999999987,500,5000,1,1,map,498
map_0499,map,map_499,haps_thermal_map.slx,1100,101325,300,223.15000000000001,50,1.125,120,0.40000000000000002,2,0.01,0.10000000000000001,0.0089999999999999004,0.0060000000000000001,0.094197000000000003,65.532179999999997,0.59999999999999987,88.468442999999994,0.11774625,3000,500,1.0000000000000001e-15,5.6703744189999998e-23,1.125,223.15000000000001,594.60355750136,1,1,594.60355750136,1,900,300,300,330,0.84999999999999987,500,5000,1,1,map,499
map_0500,map,map_500,haps_thermal_map.slx,1100,101325,300,223.15000000000001,50,1.25,120,0.40000000000000002,2,0.01,0.10000000000000001,0.0089999999999999004,0.0060000000000000001,0.094197000000000003,65.532179999999997,0.59999999999999987,88.468442999999994,0.11774625,3000,500,1.0000000000000001e-15,5.6703744189999998e-23,1.25,223.15000000000001,594.60355750136,1,1,594.60355750136,1,900,300,300,330,0.84999999999999987,500,5000,1,1,map,500
map_0501,map,map_501,haps_thermal_map.slx,1100,101325,300,223.15000000000001,50,1.375,120,0.40000000000000002,2,0.01,0.10000000000000001,0.0089999999999999004,0.0060000000000000001,0.094197000000000003,65.532179999999997,0.59999999999999987,88.468442999999994,0.11774625,3000,500,1.0000000000000001e-15,5.6703744189999998e-23,1.375,223.15000000000001,594.60355750136,1,1,594.60355750136,1,900,300,300,330,0.84999999999999987,500,5000,1,1,map,501
map_0502,map,map_502,haps_thermal_map.slx,1100,101325,300,223.15000000000001,50,1.5,120,0.40000000000000002,2,0.01,0.10000000000000001,0.0089999999999999004,0.0060000000000000001,0.094197000000000003,65.532179999999997,0.59999999999999987,88.468442999999994,0.11774625,3000,500,1.0000000000000001e-15,5.6703744189999998e-23,1.5,223.15000000000001,594.60355750136,1,1,594.60355750136,1,900,300,300,330,0.84999999999999987,500,5000,1,1,map,502
map_0503,map,map_503,haps_thermal_map.slx,1100,101325,300,223.15000000000001,50,1.625,120,0.40000000000000002,2,0.01,0.10000000000000001,0.0089999999999999004,0.0060000000000000001,0.094197000000000003,65.532179999999997,0.59999999999999987,88.468442999999994,0.11774625,3000,500,1.0000000000000001e-15,5.6703744189999998e-23,1.625,223.15000000000001,594.60355750136,1,1,594.60355750136,1,900,300,300,330,0.84999999999999987,500,5000,1,1,map,503
map_0504,map,map_504,haps_thermal_map.slx,1100,101325,300,223.15000000000001,50,1.75,120,0.40000000000000002,2,0.01,0.10000000000000001,0.0089999999999999004,0.0060000000000000001,0.094197000000000003,65.532179999999997,0.59999999999999987,88.468442999999994,0.11774625,3000,500,1.0000000000000001e-15,5.6703744189999998e-23,1.75,223.15000000000001,594.60355750136,1,1,594.60355750136,1,900,300,300,330,0.84999999999999987,500,5000,1,1,map,504
map_0505,map,map_505,haps_thermal_map.slx,1100,101325,300,223.15000000000001,50,1.875,120,0.40000000000000002,2,0.01,0.10000000000000001,0.0089999999999999004,0.0060000000000000001,0.094197000000000003,65.532179999999997,0.59999999999999987,88.468442999999994,0.11774625,3000,500,1.0000000000000001e-15,5.6703744189999998e-23,1.875,223.15000000000001,594.60355750136,1,1,594.60355750136,1,900,300,300,330,0.84999999999999987,500,5000,1,1,map,505
map_0506,map,map_506,haps_thermal_map.slx,1100,101325,300,223.15000000000001,50,2,120,0.40000000000000002,2,0.01,0.10000000000000001,0.0089999999999999004,0.0060000000000000001,0.094197000000000003,65.532179999999997,0.59999999999999987,88.468442999999994,0.11774625,3000,500,1.0000000000000001e-15,5.6703744189999998e-23,2,223.15000000000001,594.60355750136,1,1,594.60355750136,1,900,300,300,330,0.84999999999999987,500,5000,1,1,map,506
map_0507,map,map_507,haps_thermal_map.slx,1100,101325,300,223.15000000000001,50,2.25,120,0.40000000000000002,2,0.01,0.10000000000000001,0.0089999999999999004,0.0060000000000000001,0.094197000000000003,65.532179999999997,0.59999999999999987,88.468442999999994,0.11774625,3000,500,1.0000000000000001e-15,5.6703744189999998e-23,2.25,223.15000000000001,594.60355750136,1,1,594.60355750136,1,900,300,300,330,0.84999999999999987,500,5000,1,1,map,507
map_0508,map,map_508,haps_thermal_map.slx,1100,101325,300,223.15000000000001,50,2.5,120,0.40000000000000002,2,0.01,0.10000000000000001,0.0089999999999999004,0.0060000000000000001,0.094197000000000003,65.532179999999997,0.59999999999999987,88.468442999999994,0.11774625,3000,500,1.0000000000000001e-15,5.6703744189999998e-23,2.5,223.15000000000001,594.60355750136,1,1,594.60355750136,1,900,300,300,330,0.84999999999999987,500,5000,1,1,map,508
map_0509,map,map_509,haps_thermal_map.slx,1100,101325,300,223.15000000000001,50,2.75,120,0.40000000000000002,2,0.01,0.10000000000000001,0.0089999999999999004,0.0060000000000000001,0.094197000000000003,65.532179999999997,0.59999999999999987,88.468442999999994,0.11774625,3000,500,1.0000000000000001e-15,5.6703744189999998e-23,2.75,223.15000000000001,594.60355750136,1,1,594.60355750136,1,900,300,300,330,0.84999999999999987,500,5000,1,1,map,509
map_0510,map,map_510,haps_thermal_map.slx,1100,101325,300,223.15000000000001,50,3,120,0.40000000000000002,2,0.01,0.10000000000000001,0.0089999999999999004,0.0060000000000000001,0.094197000000000003,65.532179999999997,0.59999999999999987,88.468442999999994,0.11774625,3000,500,1.0000000000000001e-15,5.6703744189999998e-23,3,223.15000000000001,594.60355750136,1,1,594.60355750136,1,900,300,300,330,0.84999999999999987,500,5000,1,1,map,510
map_0511,map,map_511,haps_thermal_map.slx,1100,101325,300,223.15000000000001,50,3.25,120,0.40000000000000002,2,0.01,0.10000000000000001,0.0089999999999999004,0.0060000000000000001,0.094197000000000003,65.532179999999997,0.59999999999999987,88.468442999999994,0.11774625,3000,500,1.0000000000000001e-15,5.6703744189999998e-23,3.25,223.15000000000001,594.60355750136,1,1,594.60355750136,1,900,300,300,330,0.84999999999999987,500,5000,1,1,map,511
map_0512,map,map_512,haps_thermal_map.slx,1100,101325,300,223.15000000000001,50,3.5,120,0.40000000000000002,2,0.01,0.10000000000000001,0.0089999999999999004,0.0060000000000000001,0.094197000000000003,65.532179999999997,0.59999999999999987,88.468442999999994,0.11774625,3000,500,1.0000000000000001e-15,5.6703744189999998e-23,3.5,223.15000000000001,594.60355750136,1,1,594.60355750136,1,900,300,300,330,0.84999999999999987,500,5000,1,1,map,512
map_0513,map,map_513,haps_thermal_map.slx,1100,101325,300,223.15000000000001,50,3.75,120,0.40000000000000002,2,0.01,0.10000000000000001,0.0089999999999999004,0.0060000000000000001,0.094197000000000003,65.532179999999997,0.59999999999999987,88.468442999999994,0.11774625,3000,500,1.0000000000000001e-15,5.6703744189999998e-23,3.75,223.15000000000001,594.60355750136,1,1,594.60355750136,1,900,300,300,330,0.84999999999999987,500,5000,1,1,map,513
map_0514,map,map_514,haps_thermal_map.slx,1100,101325,300,223.15000000000001,50,4,120,0.40000000000000002,2,0.01,0.10000000000000001,0.0089999999999999004,0.0060000000000000001,0.094197000000000003,65.532179999999997,0.59999999999999987,88.468442999999994,0.11774625,3000,500,1.0000000000000001e-15,5.6703744189999998e-23,4,223.15000000000001,594.60355750136,1,1,594.60355750136,1,900,300,300,330,0.84999999999999987,500,5000,1,1,map,514
map_0515,map,map_515,haps_thermal_map.slx,1100,101325,300,223.15000000000001,50,4.25,120,0.40000000000000002,2,0.01,0.10000000000000001,0.0089999999999999004,0.0060000000000000001,0.094197000000000003,65.532179999999997,0.59999999999999987,88.468442999999994,0.11774625,3000,500,1.0000000000000001e-15,5.6703744189999998e-23,4.25,223.15000000000001,594.60355750136,1,1,594.60355750136,1,900,300,300,330,0.84999999999999987,500,5000,1,1,map,515
map_0516,map,map_516,haps_thermal_map.slx,1100,101325,300,223.15000000000001,50,4.5,120,0.40000000000000002,2,0.01,0.10000000000000001,0.0089999999999999004,0.0060000000000000001,0.094197000000000003,65.532179999999997,0.59999999999999987,88.468442999999994,0.11774625,3000,500,1.0000000000000001e-15,5.6703744189999998e-23,4.5,223.15000000000001,594.60355750136,1,1,594.60355750136,1,900,300,300,330,0.84999999999999987,500,5000,1,1,map,516
map_0517,map,map_517,haps_thermal_map.slx,1100,101325,300,223.15000000000001,50,4.75,120,0.40000000000000002,2,0.01,0.10000000000000001,0.0089999999999999004,0.0060000000000000001,0.094197000000000003,65.532179999999997,0.59999999999999987,88.468442999999994,0.11774625,3000,500,1.0000000000000001e-15,5.6703744189999998e-23,4.75,223.15000000000001,594.60355750136,1,1,594.60355750136,1,900,300,300,330,0.84999999999999987,500,5000,1,1,map,517
map_0518,map,map_518,haps_thermal_map.slx,1100,101325,300,223.15000000000001,50,5,120,0.40000000000000002,2,0.01,0.10000000000000001,0.0089999999999999004,0.0060000000000000001,0.094197000000000003,65.532179999999997,0.59999999999999987,88.468442999999994,0.11774625,3000,500,1.0000000000000001e-15,5.6703744189999998e-23,5,223.15000000000001,594.60355750136,1,1,594.60355750136,1,900,300,300,330,0.84999999999999987,500,5000,1,1,map,518
map_0519,map,map_519,haps_thermal_map.slx,1100,101325,300,223.15000000000001,50,5.25,120,0.40000000000000002,2,0.01,0.10000000000000001,0.0089999999999999004,0.0060000000000000001,0.094197000000000003,65.532179999999997,0.59999999999999987,88.468442999999994,0.11774625,3000,500,1.0000000000000001e-15,5.6703744189999998e-23,5.25,223.15000000000001,594.60355750136,1,1,594.60355750136,1,900,300,300,330,0.84999999999999987,500,5000,1,1,map,519
map_0520,map,map_520,haps_thermal_map.slx,1100,101325,300,223.15000000000001,50,5.5,120,0.40000000000000002,2,0.01,0.10000000000000001,0.0089999999999999004,0.0060000000000000001,0.094197000000000003,65.532179999999997,0.59999999999999987,88.468442999999994,0.11774625,3000,500,1.0000000000000001e-15,5.6703744189999998e-23,5.5,223.15000000000001,594.60355750136,1,1,594.60355750136,1,900,300,300,330,0.84999999999999987,500,5000,1,1,map,520
map_0521,map,map_521,haps_thermal_map.slx,1100,101325,300,223.15000000000001,50,5.75,120,0.40000000000000002,2,0.01,0.10000000000000001,0.0089999999999999004,0.0060000000000000001,0.094197000000000003,65.532179999999997,0.59999999999999987,88.468442999999994,0.11774625,3000,500,1.0000000000000001e-15,5.6703744189999998e-23,5.75,223.15000000000001,594.60355750136,1,1,594.60355750136,1,900,300,300,330,0.84999999999999987,500,5000,1,1,map,521
map_0522,map,map_522,haps_thermal_map.slx,1100,101325,300,223.15000000000001,50,6,120,0.40000000000000002,2,0.01,0.10000000000000001,0.0089999999999999004,0.0060000000000000001,0.094197000000000003,65.532179999999997,0.59999999999999987,88.468442999999994,0.11774625,3000,500,1.0000000000000001e-15,5.6703744189999998e-23,6,223.15000000000001,594.60355750136,1,1,594.60355750136,1,900,300,300,330,0.84999999999999987,500,5000,1,1,map,522
map_0523,map,map_523,haps_thermal_map.slx,1100,101325,300,223.15000000000001,50,0.5,120,0.40000000000000002,2,0.01,0.10000000000000001,0.0089999999999999004,0.0060000000000000001,0.094197000000000003,65.532179999999997,0.59999999999999987,88.468442999999994,0.11774625,3000,500,1.0000000000000001e-15,5.6703744189999998e-23,0.5,223.15000000000001,707.10678118654698,1,1,707.10678118654698,1,900,300,300,330,0.84999999999999987,500,5000,1,1,map,523
map_0524,map,map_524,haps_thermal_map.slx,1100,101325,300,223.15000000000001,50,0.625,120,0.40000000000000002,2,0.01,0.10000000000000001,0.0089999999999999004,0.0060000000000000001,0.094197000000000003,65.532179999999997,0.59999999999999987,88.468442999999994,0.11774625,3000,500,1.0000000000000001e-15,5.6703744189999998e-23,0.625,223.15000000000001,707.10678118654698,1,1,707.10678118654698,1,900,300,300,330,0.84999999999999987,500,5000,1,1,map,524
map_0525,map,map_525,haps_thermal_map.slx,1100,101325,300,223.15000000000001,50,0.75,120,0.40000000000000002,2,0.01,0.10000000000000001,0.0089999999999999004,0.0060000000000000001,0.094197000000000003,65.532179999999997,0.59999999999999987,88.468442999999994,0.11774625,3000,500,1.0000000000000001e-15,5.6703744189999998e-23,0.75,223.15000000000001,707.10678118654698,1,1,707.10678118654698,1,900,300,300,330,0.84999999999999987,500,5000,1,1,map,525
map_0526,map,map_526,haps_thermal_map.slx,1100,101325,300,223.15000000000001,50,0.875,120,0.40000000000000002,2,0.01,0.10000000000000001,0.0089999999999999004,0.0060000000000000001,0.094197000000000003,65.532179999999997,0.59999999999999987,88.468442999999994,0.11774625,3000,500,1.0000000000000001e-15,5.6703744189999998e-23,0.875,223.15000000000001,707.10678118654698,1,1,707.10678118654698,1,900,300,300,330,0.84999999999999987,500,5000,1,1,map,526
map_0527,map,map_527,haps_thermal_map.slx,1100,101325,300,223.15000000000001,50,1,120,0.40000000000000002,2,0.01,0.10000000000000001,0.0089999999999999004,0.0060000000000000001,0.094197000000000003,65.532179999999997,0.59999999999999987,88.468442999999994,0.11774625,3000,500,1.0000000000000001e-15,5.6703744189999998e-23,1,223.15000000000001,707.10678118654698,1,1,707.10678118654698,1,900,300,300,330,0.84999999999999987,500,5000,1,1,map,527
map_0528,map,map_528,haps_thermal_map.slx,1100,101325,300,223.15000000000001,50,1.125,120,0.40000000000000002,2,0.01,0.10000000000000001,0.0089999999999999004,0.0060000000000000001,0.094197000000000003,65.532179999999997,0.59999999999999987,88.468442999999994,0.11774625,3000,500,1.0000000000000001e-15,5.6703744189999998e-23,1.125,223.15000000000001,707.10678118654698,1,1,707.10678118654698,1,900,300,300,330,0.84999999999999987,500,5000,1,1,map,528
map_0529,map,map_529,haps_thermal_map.slx,1100,101325,300,223.15000000000001,50,1.25,120,0.40000000000000002,2,0.01,0.10000000000000001,0.0089999999999999004,0.0060000000000000001,0.094197000000000003,65.532179999999997,0.59999999999999987,88.468442999999994,0.11774625,3000,500,1.0000000000000001e-15,5.6703744189999998e-23,1.25,223.15000000000001,707.10678118654698,1,1,707.10678118654698,1,900,300,300,330,0.84999999999999987,500,5000,1,1,map,529
map_0530,map,map_530,haps_thermal_map.slx,1100,101325,300,223.15000000000001,50,1.375,120,0.40000000000000002,2,0.01,0.10000000000000001,0.0089999999999999004,0.0060000000000000001,0.094197000000000003,65.532179999999997,0.59999999999999987,88.468442999999994,0.11774625,3000,500,1.0000000000000001e-15,5.6703744189999998e-23,1.375,223.15000000000001,707.10678118654698,1,1,707.10678118654698,1,900,300,300,330,0.84999999999999987,500,5000,1,1,map,530
map_0531,map,map_531,haps_thermal_map.slx,1100,101325,300,223.15000000000001,50,1.5,120,0.40000000000000002,2,0.01,0.10000000000000001,0.0089999999999999004,0.0060000000000000001,0.094197000000000003,65.532179999999997,0.59999999999999987,88.468442999999994,0.11774625,3000,500,1.0000000000000001e-15,5.6703744189999998e-23,1.5,223.15000000000001,707.10678118654698,1,1,707.10678118654698,1,900,300,300,330,0.84999999999999987,500,5000,1,1,map,531
map_0532,map,map_532,haps_thermal_map.slx,1100,101325,300,223.15000000000001,50,1.625,120,0.40000000000000002,2,0.01,0.10000000000000001,0.0089999999999999004,0.0060000000000000001,0.094197000000000003,65.532179999999997,0.59999999999999987,88.468442999999994,0.11774625,3000,500,1.0000000000000001e-15,5.6703744189999998e-23,1.625,223.15000000000001,707.10678118654698,1,1,707.10678118654698,1,900,300,300,330,0.84999999999999987,500,5000,1,1,map,532
map_0533,map,map_533,haps_thermal_map.slx,1100,101325,300,223.15000000000001,50,1.75,120,0.40000000000000002,2,0.01,0.10000000000000001,0.0089999999999999004,0.0060000000000000001,0.094197000000000003,65.532179999999997,0.59999999999999987,88.468442999999994,0.11774625,3000,500,1.0000000000000001e-15,5.6703744189999998e-23,1.75,223.15000000000001,707.10678118654698,1,1,707.10678118654698,1,900,300,300,330,0.84999999999999987,500,5000,1,1,map,533
map_0534,map,map_534,haps_thermal_map.slx,1100,101325,300,223.15000000000001,50,1.875,120,0.40000000000000002,2,0.01,0.10000000000000001,0.0089999999999999004,0.0060000000000000001,0.094197000000000003,65.532179999999997,0.59999999999999987,88.468442999999994,0.11774625,3000,500,1.0000000000000001e-15,5.6703744189999998e-23,1.875,223.15000000000001,707.10678118654698,1,1,707.10678118654698,1,900,300,300,330,0.84999999999999987,500,5000,1,1,map,534
map_0535,map,map_535,haps_thermal_map.slx,1100,101325,300,223.15000000000001,50,2,120,0.40000000000000002,2,0.01,0.10000000000000001,0.0089999999999999004,0.0060000000000000001,0.094197000000000003,65.532179999999997,0.59999999999999987,88.468442999999994,0.11774625,3000,500,1.0000000000000001e-15,5.6703744189999998e-23,2,223.15000000000001,707.10678118654698,1,1,707.10678118654698,1,900,300,300,330,0.84999999999999987,500,5000,1,1,map,535
map_0536,map,map_536,haps_thermal_map.slx,1100,101325,300,223.15000000000001,50,2.25,120,0.40000000000000002,2,0.01,0.10000000000000001,0.0089999999999999004,0.0060000000000000001,0.094197000000000003,65.532179999999997,0.59999999999999987,88.468442999999994,0.11774625,3000,500,1.0000000000000001e-15,5.6703744189999998e-23,2.25,223.15000000000001,707.10678118654698,1,1,707.10678118654698,1,900,300,300,330,0.84999999999999987,500,5000,1,1,map,536
map_0537,map,map_537,haps_thermal_map.slx,1100,101325,300,223.15000000000001,50,2.5,120,0.40000000000000002,2,0.01,0.10000000000000001,0.0089999999999999004,0.0060000000000000001,0.094197000000000003,65.532179999999997,0.59999999999999987,88.468442999999994,0.11774625,3000,500,1.0000000000000001e-15,5.6703744189999998e-23,2.5,223.15000000000001,707.10678118654698,1,1,707.10678118654698,1,900,300,300,330,0.84999999999999987,500,5000,1,1,map,537
map_0538,map,map_538,haps_thermal_map.slx,1100,101325,300,223.15000000000001,50,2.75,120,0.40000000000000002,2,0.01,0.10000000000000001,0.0089999999999999004,0.0060000000000000001,0.094197000000000003,65.532179999999997,0.59999999999999987,88.468442999999994,0.11774625,3000,500,1.0000000000000001e-15,5.6703744189999998e-23,2.75,223.15000000000001,707.10678118654698,1,1,707.10678118654698,1,900,300,300,330,0.84999999999999987,500,5000,1,1,map,538
map_0539,map,map_539,haps_thermal_map.slx,1100,101325,300,223.15000000000001,50,3,120,0.40000000000000002,2,0.01,0.10000000000000001,0.0089999999999999004,0.0060000000000000001,0.094197000000000003,65.532179999999997,0.59999999999999987,88.468442999999994,0.11774625,3000,500,1.0000000000000001e-15,5.6703744189999998e-23,3,223.15000000000001,707.10678118654698,1,1,707.10678118654698,1,900,300,300,330,0.84999999999999987,500,5000,1,1,map,539
map_0540,map,map_540,haps_thermal_map.slx,1100,101325,300,223.15000000000001,50,3.25,120,0.40000000000000002,2,0.01,0.10000000000000001,0.0089999999999999004,0.0060000000000000001,0.094197000000000003,65.532179999999997,0.59999999999999987,88.468442999999994,0.11774625,3000,500,1.0000000000000001e-15,5.6703744189999998e-23,3.25,223.15000000000001,707.10678118654698,1,1,707.10678118654698,1,900,300,300,330,0.84999999999999987,500,5000,1,1,map,540
map_0541,map,map_541,haps_thermal_map.slx,1100,101325,300,223.15000000000001,50,3.5,120,0.40000000000000002,2,0.01,0.10000000000000001,0.0089999999999999004,0.0060000000000000001,0.094197000000000003,65.532179999999997,0.59999999999999987,88.468442999999994,0.11774625,3000,500,1.0000000000000001e-15,5.6703744189999998e-23,3.5,223.15000000000001,707.10678118654698,1,1,707.10678118654698,1,900,300,300,330,0.84999999999999987,500,5000,1,1,map,541
map_0542,map,map_542,haps_thermal_map.slx,1100,101325,300,223.15000000000001,50,3.75,120,0.40000000000000002,2,0.01,0.10000000000000001,0.0089999999999999004,0.0060000000000000001,0.094197000000000003,65.532179999999997,0.59999999999999987,88.468442999999994,0.11774625,3000,500,1.0000000000000001e-15,5.6703744189999998e-23,3.75,223.15000000000001,707.10678118654698,1,1,707.10678118654698,1,900,300,300,330,0.84999999999999987,500,5000,1,1,map,542
map_0543,map,map_543,haps_thermal_map.slx,1100,101325,300,223.15000000000001,50,4,120,0.40000000000000002,2,0.01,0.10000000000000001,0.0089999999999999004,0.0060000000000000001,0.094197000000000003,65.532179999999997,0.59999999999999987,88.468442999999994,0.11774625,3000,500,1.0000000000000001e-15,5.6703744189999998e-23,4,223.15000000000001,707.10678118654698,1,1,707.10678118654698,1,900,300,300,330,0.84999999999999987,500,5000,1,1,map,543
map_0544,map,map_544,haps_thermal_map.slx,1100,101325,300,223.15000000000001,50,4.25,120,0.40000000000000002,2,0.01,0.10000000000000001,0.0089999999999999004,0.0060000000000000001,0.094197000000000003,65.532179999999997,0.59999999999999987,88.468442999999994,0.11774625,3000,500,1.0000000000000001e-15,5.6703744189999998e-23,4.25,223.15000000000001,707.10678118654698,1,1,707.10678118654698,1,900,300,300,330,0.84999999999999987,500,5000,1,1,map,544
map_0545,map,map_545,haps_thermal_map.slx,1100,101325,300,223.15000000000001,50,4.5,120,0.40000000000000002,2,0.01,0.10000000000000001,0.0089999999999999004,0.0060000000000000001,0.094197000000000003,65.532179999999997,0.59999999999999987,88.468442999999994,0.11774625,3000,500,1.0000000000000001e-15,5.6703744189999998e-23,4.5,223.15000000000001,707.10678118654698,1,1,707.10678118654698,1,900,300,300,330,0.84999999999999987,500,5000,1,1,map,545
map_0546,map,map_546,haps_thermal_map.slx,1100,101325,300,223.15000000000001,50,4.75,120,0.40000000000000002,2,0.01,0.10000000000000001,0.0089999999999999004,0.0060000000000000001,0.094197000000000003,65.532179999999997,0.59999999999999987,88.468442999999994,0.11774625,3000,500,1.0000000000000001e-15,5.6703744189999998e-23,4.75,223.15000000000001,707.10678118654698,1,1,707.10678118654698,1,900,300,300,330,0.84999999999999987,500,5000,1,1,map,546
map_0547,map,map_547,haps_thermal_map.slx,1100,101325,300,223.15000000000001,50,5,120,0.40000000000000002,2,0.01,0.10000000000000001,0.0089999999999999004,0.0060000000000000001,0.094197000000000003,65.532179999999997,0.59999999999999987,88.468442999999994,0.11774625,3000,500,1.0000000000000001e-15,5.6703744189999998e-23,5,223.15000000000001,707.10678118654698,1,1,707.10678118654698,1,900,300,300,330,0.84999999999999987,500,5000,1,1,map,547
map_0548,map,map_548,haps_thermal_map.slx,1100,101325,300,223.15000000000001,50,5.25,120,0.40000000000000002,2,0.01,0.10000000000000001,0.0089999999999999004,0.0060000000000000001,0.094197000000000003,65.532179999999997,0.59999999999999987,88.468442999999994,0.11774625,3000,500,1.0000000000000001e-15,5.6703744189999998e-23,5.25,223.15000000000001,707.10678118654698,1,1,707.10678118654698,1,900,300,300,330,0.84999999999999987,500,5000,1,1,map,548
map_0549,map,map_549,haps_thermal_map.slx,1100,101325,300,223.15000000000001,50,5.5,120,0.40000000000000002,2,0.01,0.10000000000000001,0.0089999999999999004,0.0060000000000000001,0.094197000000000003,65.532179999999997,0.59999999999999987,88.468442999999994,0.11774625,3000,500,1.0000000000000001e-15,5.6703744189999998e-23,5.5,223.15000000000001,707.10678118654698,1,1,707.10678118654698,1,900,300,300,330,0.84999999999999987,500,5000,1,1,map,549
map_0550,map,map_550,haps_thermal_map.slx,1100,101325,300,223.15000000000001,50,5.75,120,0.40000000000000002,2,0.01,0.10000000000000001,0.0089999999999999004,0.0060000000000000001,0.094197000000000003,65.532179999999997,0.59999999999999987,88.468442999999994,0.11774625,3000,500,1.0000000000000001e-15,5.6703744189999998e-23,5.75,223.15000000000001,707.10678118654698,1,1,707.10678118654698,1,900,300,300,330,0.84999999999999987,500,5000,1,1,map,550
map_0551,map,map_551,haps_thermal_map.slx,1100,101325,300,223.15000000000001,50,6,120,0.40000000000000002,2,0.01,0.10000000000000001,0.0089999999999999004,0.0060000000000000001,0.094197000000000003,65.532179999999997,0.59999999999999987,88.468442999999994,0.11774625,3000,500,1.0000000000000001e-15,5.6703744189999998e-23,6,223.15000000000001,707.10678118654698,1,1,707.10678118654698,1,900,300,300,330,0.84999999999999987,500,5000,1,1,map,551
map_0552,map,map_552,haps_thermal_map.slx,1100,101325,300,223.15000000000001,50,0.5,120,0.40000000000000002,2,0.01,0.10000000000000001,0.0089999999999999004,0.0060000000000000001,0.094197000000000003,65.532179999999997,0.59999999999999987,88.468442999999994,0.11774625,3000,500,1.0000000000000001e-15,5.6703744189999998e-23,0.5,223.15000000000001,840.89641525371496,1,1,840.89641525371496,1,900,300,300,330,0.84999999999999987,500,5000,1,1,map,552
map_0553,map,map_553,haps_thermal_map.slx,1100,101325,300,223.15000000000001,50,0.625,120,0.40000000000000002,2,0.01,0.10000000000000001,0.0089999999999999004,0.0060000000000000001,0.094197000000000003,65.532179999999997,0.59999999999999987,88.468442999999994,0.11774625,3000,500,1.0000000000000001e-15,5.6703744189999998e-23,0.625,223.15000000000001,840.89641525371496,1,1,840.89641525371496,1,900,300,300,330,0.84999999999999987,500,5000,1,1,map,553
map_0554,map,map_554,haps_thermal_map.slx,1100,101325,300,223.15000000000001,50,0.75,120,0.40000000000000002,2,0.01,0.10000000000000001,0.0089999999999999004,0.0060000000000000001,0.094197000000000003,65.532179999999997,0.59999999999999987,88.468442999999994,0.11774625,3000,500,1.0000000000000001e-15,5.6703744189999998e-23,0.75,223.15000000000001,840.89641525371496,1,1,840.89641525371496,1,900,300,300,330,0.84999999999999987,500,5000,1,1,map,554
map_0555,map,map_555,haps_thermal_map.slx,1100,101325,300,223.15000000000001,50,0.875,120,0.40000000000000002,2,0.01,0.10000000000000001,0.0089999999999999004,0.0060000000000000001,0.094197000000000003,65.532179999999997,0.59999999999999987,88.468442999999994,0.11774625,3000,500,1.0000000000000001e-15,5.6703744189999998e-23,0.875,223.15000000000001,840.89641525371496,1,1,840.89641525371496,1,900,300,300,330,0.84999999999999987,500,5000,1,1,map,555
map_0556,map,map_556,haps_thermal_map.slx,1100,101325,300,223.15000000000001,50,1,120,0.40000000000000002,2,0.01,0.10000000000000001,0.0089999999999999004,0.0060000000000000001,0.094197000000000003,65.532179999999997,0.59999999999999987,88.468442999999994,0.11774625,3000,500,1.0000000000000001e-15,5.6703744189999998e-23,1,223.15000000000001,840.89641525371496,1,1,840.89641525371496,1,900,300,300,330,0.84999999999999987,500,5000,1,1,map,556
map_0557,map,map_557,haps_thermal_map.slx,1100,101325,300,223.15000000000001,50,1.125,120,0.40000000000000002,2,0.01,0.10000000000000001,0.0089999999999999004,0.0060000000000000001,0.094197000000000003,65.532179999999997,0.59999999999999987,88.468442999999994,0.11774625,3000,500,1.0000000000000001e-15,5.6703744189999998e-23,1.125,223.15000000000001,840.89641525371496,1,1,840.89641525371496,1,900,300,300,330,0.84999999999999987,500,5000,1,1,map,557
map_0558,map,map_558,haps_thermal_map.slx,1100,101325,300,223.15000000000001,50,1.25,120,0.40000000000000002,2,0.01,0.10000000000000001,0.0089999999999999004,0.0060000000000000001,0.094197000000000003,65.532179999999997,0.59999999999999987,88.468442999999994,0.11774625,3000,500,1.0000000000000001e-15,5.6703744189999998e-23,1.25,223.15000000000001,840.89641525371496,1,1,840.89641525371496,1,900,300,300,330,0.84999999999999987,500,5000,1,1,map,558
map_0559,map,map_559,haps_thermal_map.slx,1100,101325,300,223.15000000000001,50,1.375,120,0.40000000000000002,2,0.01,0.10000000000000001,0.0089999999999999004,0.0060000000000000001,0.094197000000000003,65.532179999999997,0.59999999999999987,88.468442999999994,0.11774625,3000,500,1.0000000000000001e-15,5.6703744189999998e-23,1.375,223.15000000000001,840.89641525371496,1,1,840.89641525371496,1,900,300,300,330,0.84999999999999987,500,5000,1,1,map,559
map_0560,map,map_560,haps_thermal_map.slx,1100,101325,300,223.15000000000001,50,1.5,120,0.40000000000000002,2,0.01,0.10000000000000001,0.0089999999999999004,0.0060000000000000001,0.094197000000000003,65.532179999999997,0.59999999999999987,88.468442999999994,0.11774625,3000,500,1.0000000000000001e-15,5.6703744189999998e-23,1.5,223.15000000000001,840.89641525371496,1,1,840.89641525371496,1,900,300,300,330,0.84999999999999987,500,5000,1,1,map,560
map_0561,map,map_561,haps_thermal_map.slx,1100,101325,300,223.15000000000001,50,1.625,120,0.40000000000000002,2,0.01,0.10000000000000001,0.0089999999999999004,0.0060000000000000001,0.094197000000000003,65.532179999999997,0.59999999999999987,88.468442999999994,0.11774625,3000,500,1.0000000000000001e-15,5.6703744189999998e-23,1.625,223.15000000000001,840.89641525371496,1,1,840.89641525371496,1,900,300,300,330,0.84999999999999987,500,5000,1,1,map,561
map_0562,map,map_562,haps_thermal_map.slx,1100,101325,300,223.15000000000001,50,1.75,120,0.40000000000000002,2,0.01,0.10000000000000001,0.0089999999999999004,0.0060000000000000001,0.094197000000000003,65.532179999999997,0.59999999999999987,88.468442999999994,0.11774625,3000,500,1.0000000000000001e-15,5.6703744189999998e-23,1.75,223.15000000000001,840.89641525371496,1,1,840.89641525371496,1,900,300,300,330,0.84999999999999987,500,5000,1,1,map,562
map_0563,map,map_563,haps_thermal_map.slx,1100,101325,300,223.15000000000001,50,1.875,120,0.40000000000000002,2,0.01,0.10000000000000001,0.0089999999999999004,0.0060000000000000001,0.094197000000000003,65.532179999999997,0.59999999999999987,88.468442999999994,0.11774625,3000,500,1.0000000000000001e-15,5.6703744189999998e-23,1.875,223.15000000000001,840.89641525371496,1,1,840.89641525371496,1,900,300,300,330,0.84999999999999987,500,5000,1,1,map,563
map_0564,map,map_564,haps_thermal_map.slx,1100,101325,300,223.15000000000001,50,2,120,0.40000000000000002,2,0.01,0.10000000000000001,0.0089999999999999004,0.0060000000000000001,0.094197000000000003,65.532179999999997,0.59999999999999987,88.468442999999994,0.11774625,3000,500,1.0000000000000001e-15,5.6703744189999998e-23,2,223.15000000000001,840.89641525371496,1,1,840.89641525371496,1,900,300,300,330,0.84999999999999987,500,5000,1,1,map,564
map_0565,map,map_565,haps_thermal_map.slx,1100,101325,300,223.15000000000001,50,2.25,120,0.40000000000000002,2,0.01,0.10000000000000001,0.0089999999999999004,0.0060000000000000001,0.094197000000000003,65.532179999999997,0.59999999999999987,88.468442999999994,0.11774625,3000,500,1.0000000000000001e-15,5.6703744189999998e-23,2.25,223.15000000000001,840.89641525371496,1,1,840.89641525371496,1,900,300,300,330,0.84999999999999987,500,5000,1,1,map,565
map_0566,map,map_566,haps_thermal_map.slx,1100,101325,300,223.15000000000001,50,2.5,120,0.40000000000000002,2,0.01,0.10000000000000001,0.0089999999999999004,0.0060000000000000001,0.094197000000000003,65.532179999999997,0.59999999999999987,88.468442999999994,0.11774625,3000,500,1.0000000000000001e-15,5.6703744189999998e-23,2.5,223.15000000000001,840.89641525371496,1,1,840.89641525371496,1,900,300,300,330,0.84999999999999987,500,5000,1,1,map,566
map_0567,map,map_567,haps_thermal_map.slx,1100,101325,300,223.15000000000001,50,2.75,120,0.40000000000000002,2,0.01,0.10000000000000001,0.0089999999999999004,0.0060000000000000001,0.094197000000000003,65.532179999999997,0.59999999999999987,88.468442999999994,0.11774625,3000,500,1.0000000000000001e-15,5.6703744189999998e-23,2.75,223.15000000000001,840.89641525371496,1,1,840.89641525371496,1,900,300,300,330,0.84999999999999987,500,5000,1,1,map,567
map_0568,map,map_568,haps_thermal_map.slx,1100,101325,300,223.15000000000001,50,3,120,0.40000000000000002,2,0.01,0.10000000000000001,0.0089999999999999004,0.0060000000000000001,0.094197000000000003,65.532179999999997,0.59999999999999987,88.468442999999994,0.11774625,3000,500,1.0000000000000001e-15,5.6703744189999998e-23,3,223.15000000000001,840.89641525371496,1,1,840.89641525371496,1,900,300,300,330,0.84999999999999987,500,5000,1,1,map,568
map_0569,map,map_569,haps_thermal_map.slx,1100,101325,300,223.15000000000001,50,3.25,120,0.40000000000000002,2,0.01,0.10000000000000001,0.0089999999999999004,0.0060000000000000001,0.094197000000000003,65.532179999999997,0.59999999999999987,88.468442999999994,0.11774625,3000,500,1.0000000000000001e-15,5.6703744189999998e-23,3.25,223.15000000000001,840.89641525371496,1,1,840.89641525371496,1,900,300,300,330,0.84999999999999987,500,5000,1,1,map,569
map_0570,map,map_570,haps_thermal_map.slx,1100,101325,300,223.15000000000001,50,3.5,120,0.40000000000000002,2,0.01,0.10000000000000001,0.0089999999999999004,0.0060000000000000001,0.094197000000000003,65.532179999999997,0.59999999999999987,88.468442999999994,0.11774625,3000,500,1.0000000000000001e-15,5.6703744189999998e-23,3.5,223.15000000000001,840.89641525371496,1,1,840.89641525371496,1,900,300,300,330,0.84999999999999987,500,5000,1,1,map,570
map_0571,map,map_571,haps_thermal_map.slx,1100,101325,300,223.15000000000001,50,3.75,120,0.40000000000000002,2,0.01,0.10000000000000001,0.0089999999999999004,0.0060000000000000001,0.094197000000000003,65.532179999999997,0.59999999999999987,88.468442999999994,0.11774625,3000,500,1.0000000000000001e-15,5.6703744189999998e-23,3.75,223.15000000000001,840.89641525371496,1,1,840.89641525371496,1,900,300,300,330,0.84999999999999987,500,5000,1,1,map,571
map_0572,map,map_572,haps_thermal_map.slx,1100,101325,300,223.15000000000001,50,4,120,0.40000000000000002,2,0.01,0.10000000000000001,0.0089999999999999004,0.0060000000000000001,0.094197000000000003,65.532179999999997,0.59999999999999987,88.468442999999994,0.11774625,3000,500,1.0000000000000001e-15,5.6703744189999998e-23,4,223.15000000000001,840.89641525371496,1,1,840.89641525371496,1,900,300,300,330,0.84999999999999987,500,5000,1,1,map,572
map_0573,map,map_573,haps_thermal_map.slx,1100,101325,300,223.15000000000001,50,4.25,120,0.40000000000000002,2,0.01,0.10000000000000001,0.0089999999999999004,0.0060000000000000001,0.094197000000000003,65.532179999999997,0.59999999999999987,88.468442999999994,0.11774625,3000,500,1.0000000000000001e-15,5.6703744189999998e-23,4.25,223.15000000000001,840.89641525371496,1,1,840.89641525371496,1,900,300,300,330,0.84999999999999987,500,5000,1,1,map,573
map_0574,map,map_574,haps_thermal_map.slx,1100,101325,300,223.15000000000001,50,4.5,120,0.40000000000000002,2,0.01,0.10000000000000001,0.0089999999999999004,0.0060000000000000001,0.094197000000000003,65.532179999999997,0.59999999999999987,88.468442999999994,0.11774625,3000,500,1.0000000000000001e-15,5.6703744189999998e-23,4.5,223.15000000000001,840.89641525371496,1,1,840.89641525371496,1,900,300,300,330,0.84999999999999987,500,5000,1,1,map,574
map_0575,map,map_575,haps_thermal_map.slx,1100,101325,300,223.15000000000001,50,4.75,120,0.40000000000000002,2,0.01,0.10000000000000001,0.0089999999999999004,0.0060000000000000001,0.094197000000000003,65.532179999999997,0.59999999999999987,88.468442999999994,0.11774625,3000,500,1.0000000000000001e-15,5.6703744189999998e-23,4.75,223.15000000000001,840.89641525371496,1,1,840.89641525371496,1,900,300,300,330,0.84999999999999987,500,5000,1,1,map,575
map_0576,map,map_576,haps_thermal_map.slx,1100,101325,300,223.15000000000001,50,5,120,0.40000000000000002,2,0.01,0.10000000000000001,0.0089999999999999004,0.0060000000000000001,0.094197000000000003,65.532179999999997,0.59999999999999987,88.468442999999994,0.11774625,3000,500,1.0000000000000001e-15,5.6703744189999998e-23,5,223.15000000000001,840.89641525371496,1,1,840.89641525371496,1,900,300,300,330,0.84999999999999987,500,5000,1,1,map,576
map_0577,map,map_577,haps_thermal_map.slx,1100,101325,300,223.15000000000001,50,5.25,120,0.40000000000000002,2,0.01,0.10000000000000001,0.0089999999999999004,0.0060000000000000001,0.094197000000000003,65.532179999999997,0.59999999999999987,88.468442999999994,0.11774625,3000,500,1.0000000000000001e-15,5.6703744189999998e-23,5.25,223.15000000000001,840.89641525371496,1,1,840.89641525371496,1,900,300,300,330,0.84999999999999987,500,5000,1,1,map,577
map_0578,map,map_578,haps_thermal_map.slx,1100,101325,300,223.15000000000001,50,5.5,120,0.40000000000000002,2,0.01,0.10000000000000001,0.0089999999999999004,0.0060000000000000001,0.094197000000000003,65.532179999999997,0.59999999999999987,88.468442999999994,0.11774625,3000,500,1.0000000000000001e-15,5.6703744189999998e-23,5.5,223.15000000000001,840.89641525371496,1,1,840.89641525371496,1,900,300,300,330,0.84999999999999987,500,5000,1,1,map,578
map_0579,map,map_579,haps_thermal_map.slx,1100,101325,300,223.15000000000001,50,5.75,120,0.40000000000000002,2,0.01,0.10000000000000001,0.0089999999999999004,0.0060000000000000001,0.094197000000000003,65.532179999999997,0.59999999999999987,88.468442999999994,0.11774625,3000,500,1.0000000000000001e-15,5.6703744189999998e-23,5.75,223.15000000000001,840.89641525371496,1,1,840.89641525371496,1,900,300,300,330,0.84999999999999987,500,5000,1,1,map,579
map_0580,map,map_580,haps_thermal_map.slx,1100,101325,300,223.15000000000001,50,6,120,0.40000000000000002,2,0.01,0.10000000000000001,0.0089999999999999004,0.0060000000000000001,0.094197000000000003,65.532179999999997,0.59999999999999987,88.468442999999994,0.11774625,3000,500,1.0000000000000001e-15,5.6703744189999998e-23,6,223.15000000000001,840.89641525371496,1,1,840.89641525371496,1,900,300,300,330,0.84999999999999987,500,5000,1,1,map,580
map_0581,map,map_581,haps_thermal_map.slx,1100,101325,300,223.15000000000001,50,0.5,120,0.40000000000000002,2,0.01,0.10000000000000001,0.0089999999999999004,0.0060000000000000001,0.094197000000000003,65.532179999999997,0.59999999999999987,88.468442999999994,0.11774625,3000,500,1.0000000000000001e-15,5.6703744189999998e-23,0.5,223.15000000000001,1000,1,1,1000,1,900,300,300,330,0.84999999999999987,500,5000,1,1,map,581
map_0582,map,map_582,haps_thermal_map.slx,1100,101325,300,223.15000000000001,50,0.625,120,0.40000000000000002,2,0.01,0.10000000000000001,0.0089999999999999004,0.0060000000000000001,0.094197000000000003,65.532179999999997,0.59999999999999987,88.468442999999994,0.11774625,3000,500,1.0000000000000001e-15,5.6703744189999998e-23,0.625,223.15000000000001,1000,1,1,1000,1,900,300,300,330,0.84999999999999987,500,5000,1,1,map,582
map_0583,map,map_583,haps_thermal_map.slx,1100,101325,300,223.15000000000001,50,0.75,120,0.40000000000000002,2,0.01,0.10000000000000001,0.0089999999999999004,0.0060000000000000001,0.094197000000000003,65.532179999999997,0.59999999999999987,88.468442999999994,0.11774625,3000,500,1.0000000000000001e-15,5.6703744189999998e-23,0.75,223.15000000000001,1000,1,1,1000,1,900,300,300,330,0.84999999999999987,500,5000,1,1,map,583
map_0584,map,map_584,haps_thermal_map.slx,1100,101325,300,223.15000000000001,50,0.875,120,0.40000000000000002,2,0.01,0.10000000000000001,0.0089999999999999004,0.0060000000000000001,0.094197000000000003,65.532179999999997,0.59999999999999987,88.468442999999994,0.11774625,3000,500,1.0000000000000001e-15,5.6703744189999998e-23,0.875,223.15000000000001,1000,1,1,1000,1,900,300,300,330,0.84999999999999987,500,5000,1,1,map,584
map_0585,map,map_585,haps_thermal_map.slx,1100,101325,300,223.15000000000001,50,1,120,0.40000000000000002,2,0.01,0.10000000000000001,0.0089999999999999004,0.0060000000000000001,0.094197000000000003,65.532179999999997,0.59999999999999987,88.468442999999994,0.11774625,3000,500,1.0000000000000001e-15,5.6703744189999998e-23,1,223.15000000000001,1000,1,1,1000,1,900,300,300,330,0.84999999999999987,500,5000,1,1,map,585
map_0586,map,map_586,haps_thermal_map.slx,1100,101325,300,223.15000000000001,50,1.125,120,0.40000000000000002,2,0.01,0.10000000000000001,0.0089999999999999004,0.0060000000000000001,0.094197000000000003,65.532179999999997,0.59999999999999987,88.468442999999994,0.11774625,3000,500,1.0000000000000001e-15,5.6703744189999998e-23,1.125,223.15000000000001,1000,1,1,1000,1,900,300,300,330,0.84999999999999987,500,5000,1,1,map,586
map_0587,map,map_587,haps_thermal_map.slx,1100,101325,300,223.15000000000001,50,1.25,120,0.40000000000000002,2,0.01,0.10000000000000001,0.0089999999999999004,0.0060000000000000001,0.094197000000000003,65.532179999999997,0.59999999999999987,88.468442999999994,0.11774625,3000,500,1.0000000000000001e-15,5.6703744189999998e-23,1.25,223.15000000000001,1000,1,1,1000,1,900,300,300,330,0.84999999999999987,500,5000,1,1,map,587
map_0588,map,map_588,haps_thermal_map.slx,1100,101325,300,223.15000000000001,50,1.375,120,0.40000000000000002,2,0.01,0.10000000000000001,0.0089999999999999004,0.0060000000000000001,0.094197000000000003,65.532179999999997,0.59999999999999987,88.468442999999994,0.11774625,3000,500,1.0000000000000001e-15,5.6703744189999998e-23,1.375,223.15000000000001,1000,1,1,1000,1,900,300,300,330,0.84999999999999987,500,5000,1,1,map,588
map_0589,map,map_589,haps_thermal_map.slx,1100,101325,300,223.15000000000001,50,1.5,120,0.40000000000000002,2,0.01,0.10000000000000001,0.0089999999999999004,0.0060000000000000001,0.094197000000000003,65.532179999999997,0.59999999999999987,88.468442999999994,0.11774625,3000,500,1.0000000000000001e-15,5.6703744189999998e-23,1.5,223.15000000000001,1000,1,1,1000,1,900,300,300,330,0.84999999999999987,500,5000,1,1,map,589
map_0590,map,map_590,haps_thermal_map.slx,1100,101325,300,223.15000000000001,50,1.625,120,0.40000000000000002,2,0.01,0.10000000000000001,0.0089999999999999004,0.0060000000000000001,0.094197000000000003,65.532179999999997,0.59999999999999987,88.468442999999994,0.11774625,3000,500,1.0000000000000001e-15,5.6703744189999998e-23,1.625,223.15000000000001,1000,1,1,1000,1,900,300,300,330,0.84999999999999987,500,5000,1,1,map,590
map_0591,map,map_591,haps_thermal_map.slx,1100,101325,300,223.15000000000001,50,1.75,120,0.40000000000000002,2,0.01,0.10000000000000001,0.0089999999999999004,0.0060000000000000001,0.094197000000000003,65.532179999999997,0.59999999999999987,88.468442999999994,0.11774625,3000,500,1.0000000000000001e-15,5.6703744189999998e-23,1.75,223.15000000000001,1000,1,1,1000,1,900,300,300,330,0.84999999999999987,500,5000,1,1,map,591
map_0592,map,map_592,haps_thermal_map.slx,1100,101325,300,223.15000000000001,50,1.875,120,0.40000000000000002,2,0.01,0.10000000000000001,0.0089999999999999004,0.0060000000000000001,0.094197000000000003,65.532179999999997,0.59999999999999987,88.468442999999994,0.11774625,3000,500,1.0000000000000001e-15,5.6703744189999998e-23,1.875,223.15000000000001,1000,1,1,1000,1,900,300,300,330,0.84999999999999987,500,5000,1,1,map,592
map_0593,map,map_593,haps_thermal_map.slx,1100,101325,300,223.15000000000001,50,2,120,0.40000000000000002,2,0.01,0.10000000000000001,0.0089999999999999004,0.0060000000000000001,0.094197000000000003,65.532179999999997,0.59999999999999987,88.468442999999994,0.11774625,3000,500,1.0000000000000001e-15,5.6703744189999998e-23,2,223.15000000000001,1000,1,1,1000,1,900,300,300,330,0.84999999999999987,500,5000,1,1,map,593
map_0594,map,map_594,haps_thermal_map.slx,1100,101325,300,223.15000000000001,50,2.25,120,0.40000000000000002,2,0.01,0.10000000000000001,0.0089999999999999004,0.0060000000000000001,0.094197000000000003,65.532179999999997,0.59999999999999987,88.468442999999994,0.11774625,3000,500,1.0000000000000001e-15,5.6703744189999998e-23,2.25,223.15000000000001,1000,1,1,1000,1,900,300,300,330,0.84999999999999987,500,5000,1,1,map,594
map_0595,map,map_595,haps_thermal_map.slx,1100,101325,300,223.15000000000001,50,2.5,120,0.40000000000000002,2,0.01,0.10000000000000001,0.0089999999999999004,0.0060000000000000001,0.094197000000000003,65.532179999999997,0.59999999999999987,88.468442999999994,0.11774625,3000,500,1.0000000000000001e-15,5.6703744189999998e-23,2.5,223.15000000000001,1000,1,1,1000,1,900,300,300,330,0.84999999999999987,500,5000,1,1,map,595
map_0596,map,map_596,haps_thermal_map.slx,1100,101325,300,223.15000000000001,50,2.75,120,0.40000000000000002,2,0.01,0.10000000000000001,0.0089999999999999004,0.0060000000000000001,0.094197000000000003,65.532179999999997,0.59999999999999987,88.468442999999994,0.11774625,3000,500,1.0000000000000001e-15,5.6703744189999998e-23,2.75,223.15000000000001,1000,1,1,1000,1,900,300,300,330,0.84999999999999987,500,5000,1,1,map,596
map_0597,map,map_597,haps_thermal_map.slx,1100,101325,300,223.15000000000001,50,3,120,0.40000000000000002,2,0.01,0.10000000000000001,0.0089999999999999004,0.0060000000000000001,0.094197000000000003,65.532179999999997,0.59999999999999987,88.468442999999994,0.11774625,3000,500,1.0000000000000001e-15,5.6703744189999998e-23,3,223.15000000000001,1000,1,1,1000,1,900,300,300,330,0.84999999999999987,500,5000,1,1,map,597
map_0598,map,map_598,haps_thermal_map.slx,1100,101325,300,223.15000000000001,50,3.25,120,0.40000000000000002,2,0.01,0.10000000000000001,0.0089999999999999004,0.0060000000000000001,0.094197000000000003,65.532179999999997,0.59999999999999987,88.468442999999994,0.11774625,3000,500,1.0000000000000001e-15,5.6703744189999998e-23,3.25,223.15000000000001,1000,1,1,1000,1,900,300,300,330,0.84999999999999987,500,5000,1,1,map,598
map_0599,map,map_599,haps_thermal_map.slx,1100,101325,300,223.15000000000001,50,3.5,120,0.40000000000000002,2,0.01,0.10000000000000001,0.0089999999999999004,0.0060000000000000001,0.094197000000000003,65.532179999999997,0.59999999999999987,88.468442999999994,0.11774625,3000,500,1.0000000000000001e-15,5.6703744189999998e-23,3.5,223.15000000000001,1000,1,1,1000,1,900,300,300,330,0.84999999999999987,500,5000,1,1,map,599
map_0600,map,map_600,haps_thermal_map.slx,1100,101325,300,223.15000000000001,50,3.75,120,0.40000000000000002,2,0.01,0.10000000000000001,0.0089999999999999004,0.0060000000000000001,0.094197000000000003,65.532179999999997,0.59999999999999987,88.468442999999994,0.11774625,3000,500,1.0000000000000001e-15,5.6703744189999998e-23,3.75,223.15000000000001,1000,1,1,1000,1,900,300,300,330,0.84999999999999987,500,5000,1,1,map,600
map_0601,map,map_601,haps_thermal_map.slx,1100,101325,300,223.15000000000001,50,4,120,0.40000000000000002,2,0.01,0.10000000000000001,0.0089999999999999004,0.0060000000000000001,0.094197000000000003,65.532179999999997,0.59999999999999987,88.468442999999994,0.11774625,3000,500,1.0000000000000001e-15,5.6703744189999998e-23,4,223.15000000000001,1000,1,1,1000,1,900,300,300,330,0.84999999999999987,500,5000,1,1,map,601
map_0602,map,map_602,haps_thermal_map.slx,1100,101325,300,223.15000000000001,50,4.25,120,0.40000000000000002,2,0.01,0.10000000000000001,0.0089999999999999004,0.0060000000000000001,0.094197000000000003,65.532179999999997,0.59999999999999987,88.468442999999994,0.11774625,3000,500,1.0000000000000001e-15,5.6703744189999998e-23,4.25,223.15000000000001,1000,1,1,1000,1,900,300,300,330,0.84999999999999987,500,5000,1,1,map,602
map_0603,map,map_603,haps_thermal_map.slx,1100,101325,300,223.15000000000001,50,4.5,120,0.40000000000000002,2,0.01,0.10000000000000001,0.0089999999999999004,0.0060000000000000001,0.094197000000000003,65.532179999999997,0.59999999999999987,88.468442999999994,0.11774625,3000,500,1.0000000000000001e-15,5.6703744189999998e-23,4.5,223.15000000000001,1000,1,1,1000,1,900,300,300,330,0.84999999999999987,500,5000,1,1,map,603
map_0604,map,map_604,haps_thermal_map.slx,1100,101325,300,223.15000000000001,50,4.75,120,0.40000000000000002,2,0.01,0.10000000000000001,0.0089999999999999004,0.0060000000000000001,0.094197000000000003,65.532179999999997,0.59999999999999987,88.468442999999994,0.11774625,3000,500,1.0000000000000001e-15,5.6703744189999998e-23,4.75,223.15000000000001,1000,1,1,1000,1,900,300,300,330,0.84999999999999987,500,5000,1,1,map,604
map_0605,map,map_605,haps_thermal_map.slx,1100,101325,300,223.15000000000001,50,5,120,0.40000000000000002,2,0.01,0.10000000000000001,0.0089999999999999004,0.0060000000000000001,0.094197000000000003,65.532179999999997,0.59999999999999987,88.468442999999994,0.11774625,3000,500,1.0000000000000001e-15,5.6703744189999998e-23,5,223.15000000000001,1000,1,1,1000,1,900,300,300,330,0.84999999999999987,500,5000,1,1,map,605
map_0606,map,map_606,haps_thermal_map.slx,1100,101325,300,223.15000000000001,50,5.25,120,0.40000000000000002,2,0.01,0.10000000000000001,0.0089999999999999004,0.0060000000000000001,0.094197000000000003,65.532179999999997,0.59999999999999987,88.468442999999994,0.11774625,3000,500,1.0000000000000001e-15,5.6703744189999998e-23,5.25,223.15000000000001,1000,1,1,1000,1,900,300,300,330,0.84999999999999987,500,5000,1,1,map,606
map_0607,map,map_607,haps_thermal_map.slx,1100,101325,300,223.15000000000001,50,5.5,120,0.40000000000000002,2,0.01,0.10000000000000001,0.0089999999999999004,0.0060000000000000001,0.094197000000000003,65.532179999999997,0.59999999999999987,88.468442999999994,0.11774625,3000,500,1.0000000000000001e-15,5.6703744189999998e-23,5.5,223.15000000000001,1000,1,1,1000,1,900,300,300,330,0.84999999999999987,500,5000,1,1,map,607
map_0608,map,map_608,haps_thermal_map.slx,1100,101325,300,223.15000000000001,50,5.75,120,0.40000000000000002,2,0.01,0.10000000000000001,0.0089999999999999004,0.0060000000000000001,0.094197000000000003,65.532179999999997,0.59999999999999987,88.468442999999994,0.11774625,3000,500,1.0000000000000001e-15,5.6703744189999998e-23,5.75,223.15000000000001,1000,1,1,1000,1,900,300,300,330,0.84999999999999987,500,5000,1,1,map,608
map_0609,map,map_609,haps_thermal_map.slx,1100,101325,300,223.15000000000001,50,6,120,0.40000000000000002,2,0.01,0.10000000000000001,0.0089999999999999004,0.0060000000000000001,0.094197000000000003,65.532179999999997,0.59999999999999987,88.468442999999994,0.11774625,3000,500,1.0000000000000001e-15,5.6703744189999998e-23,6,223.15000000000001,1000,1,1,1000,1,900,300,300,330,0.84999999999999987,500,5000,1,1,map,609
map_0610,map,map_610,haps_thermal_map.slx,1100,101325,300,223.15000000000001,50,0.5,120,0.40000000000000002,2,0.01,0.10000000000000001,0.0089999999999999004,0.0060000000000000001,0.094197000000000003,65.532179999999997,0.59999999999999987,88.468442999999994,0.11774625,3000,500,1.0000000000000001e-15,5.6703744189999998e-23,0.5,223.15000000000001,1189.20711500272,1,1,1189.20711500272,1,900,300,300,330,0.84999999999999987,500,5000,1,1,map,610
map_0611,map,map_611,haps_thermal_map.slx,1100,101325,300,223.15000000000001,50,0.625,120,0.40000000000000002,2,0.01,0.10000000000000001,0.0089999999999999004,0.0060000000000000001,0.094197000000000003,65.532179999999997,0.59999999999999987,88.468442999999994,0.11774625,3000,500,1.0000000000000001e-15,5.6703744189999998e-23,0.625,223.15000000000001,1189.20711500272,1,1,1189.20711500272,1,900,300,300,330,0.84999999999999987,500,5000,1,1,map,611
map_0612,map,map_612,haps_thermal_map.slx,1100,101325,300,223.15000000000001,50,0.75,120,0.40000000000000002,2,0.01,0.10000000000000001,0.0089999999999999004,0.0060000000000000001,0.094197000000000003,65.532179999999997,0.59999999999999987,88.468442999999994,0.11774625,3000,500,1.0000000000000001e-15,5.6703744189999998e-23,0.75,223.15000000000001,1189.20711500272,1,1,1189.20711500272,1,900,300,300,330,0.84999999999999987,500,5000,1,1,map,612
map_0613,map,map_613,haps_thermal_map.slx,1100,101325,300,223.15000000000001,50,0.875,120,0.40000000000000002,2,0.01,0.10000000000000001,0.0089999999999999004,0.0060000000000000001,0.094197000000000003,65.532179999999997,0.59999999999999987,88.468442999999994,0.11774625,3000,500,1.0000000000000001e-15,5.6703744189999998e-23,0.875,223.15000000000001,1189.20711500272,1,1,1189.20711500272,1,900,300,300,330,0.84999999999999987,500,5000,1,1,map,613
map_0614,map,map_614,haps_thermal_map.slx,1100,101325,300,223.15000000000001,50,1,120,0.40000000000000002,2,0.01,0.10000000000000001,0.0089999999999999004,0.0060000000000000001,0.094197000000000003,65.532179999999997,0.59999999999999987,88.468442999999994,0.11774625,3000,500,1.0000000000000001e-15,5.6703744189999998e-23,1,223.15000000000001,1189.20711500272,1,1,1189.20711500272,1,900,300,300,330,0.84999999999999987,500,5000,1,1,map,614
map_0615,map,map_615,haps_thermal_map.slx,1100,101325,300,223.15000000000001,50,1.125,120,0.40000000000000002,2,0.01,0.10000000000000001,0.0089999999999999004,0.0060000000000000001,0.094197000000000003,65.532179999999997,0.59999999999999987,88.468442999999994,0.11774625,3000,500,1.0000000000000001e-15,5.6703744189999998e-23,1.125,223.15000000000001,1189.20711500272,1,1,1189.20711500272,1,900,300,300,330,0.84999999999999987,500,5000,1,1,map,615
map_0616,map,map_616,haps_thermal_map.slx,1100,101325,300,223.15000000000001,50,1.25,120,0.40000000000000002,2,0.01,0.10000000000000001,0.0089999999999999004,0.0060000000000000001,0.094197000000000003,65.532179999999997,0.59999999999999987,88.468442999999994,0.11774625,3000,500,1.0000000000000001e-15,5.6703744189999998e-23,1.25,223.15000000000001,1189.20711500272,1,1,1189.20711500272,1,900,300,300,330,0.84999999999999987,500,5000,1,1,map,616
map_0617,map,map_617,haps_thermal_map.slx,1100,101325,300,223.15000000000001,50,1.375,120,0.40000000000000002,2,0.01,0.10000000000000001,0.0089999999999999004,0.0060000000000000001,0.094197000000000003,65.532179999999997,0.59999999999999987,88.468442999999994,0.11774625,3000,500,1.0000000000000001e-15,5.6703744189999998e-23,1.375,223.15000000000001,1189.20711500272,1,1,1189.20711500272,1,900,300,300,330,0.84999999999999987,500,5000,1,1,map,617
map_0618,map,map_618,haps_thermal_map.slx,1100,101325,300,223.15000000000001,50,1.5,120,0.40000000000000002,2,0.01,0.10000000000000001,0.0089999999999999004,0.0060000000000000001,0.094197000000000003,65.532179999999997,0.59999999999999987,88.468442999999994,0.11774625,3000,500,1.0000000000000001e-15,5.6703744189999998e-23,1.5,223.15000000000001,1189.20711500272,1,1,1189.20711500272,1,900,300,300,330,0.84999999999999987,500,5000,1,1,map,618
map_0619,map,map_619,haps_thermal_map.slx,1100,101325,300,223.15000000000001,50,1.625,120,0.40000000000000002,2,0.01,0.10000000000000001,0.0089999999999999004,0.0060000000000000001,0.094197000000000003,65.532179999999997,0.59999999999999987,88.468442999999994,0.11774625,3000,500,1.0000000000000001e-15,5.6703744189999998e-23,1.625,223.15000000000001,1189.20711500272,1,1,1189.20711500272,1,900,300,300,330,0.84999999999999987,500,5000,1,1,map,619
map_0620,map,map_620,haps_thermal_map.slx,1100,101325,300,223.15000000000001,50,1.75,120,0.40000000000000002,2,0.01,0.10000000000000001,0.0089999999999999004,0.0060000000000000001,0.094197000000000003,65.532179999999997,0.59999999999999987,88.468442999999994,0.11774625,3000,500,1.0000000000000001e-15,5.6703744189999998e-23,1.75,223.15000000000001,1189.20711500272,1,1,1189.20711500272,1,900,300,300,330,0.84999999999999987,500,5000,1,1,map,620
map_0621,map,map_621,haps_thermal_map.slx,1100,101325,300,223.15000000000001,50,1.875,120,0.40000000000000002,2,0.01,0.10000000000000001,0.0089999999999999004,0.0060000000000000001,0.094197000000000003,65.532179999999997,0.59999999999999987,88.468442999999994,0.11774625,3000,500,1.0000000000000001e-15,5.6703744189999998e-23,1.875,223.15000000000001,1189.20711500272,1,1,1189.20711500272,1,900,300,300,330,0.84999999999999987,500,5000,1,1,map,621
map_0622,map,map_622,haps_thermal_map.slx,1100,101325,300,223.15000000000001,50,2,120,0.40000000000000002,2,0.01,0.10000000000000001,0.0089999999999999004,0.0060000000000000001,0.094197000000000003,65.532179999999997,0.59999999999999987,88.468442999999994,0.11774625,3000,500,1.0000000000000001e-15,5.6703744189999998e-23,2,223.15000000000001,1189.20711500272,1,1,1189.20711500272,1,900,300,300,330,0.84999999999999987,500,5000,1,1,map,622
map_0623,map,map_623,haps_thermal_map.slx,1100,101325,300,223.15000000000001,50,2.25,120,0.40000000000000002,2,0.01,0.10000000000000001,0.0089999999999999004,0.0060000000000000001,0.094197000000000003,65.532179999999997,0.59999999999999987,88.468442999999994,0.11774625,3000,500,1.0000000000000001e-15,5.6703744189999998e-23,2.25,223.15000000000001,1189.20711500272,1,1,1189.20711500272,1,900,300,300,330,0.84999999999999987,500,5000,1,1,map,623
map_0624,map,map_624,haps_thermal_map.slx,1100,101325,300,223.15000000000001,50,2.5,120,0.40000000000000002,2,0.01,0.10000000000000001,0.0089999999999999004,0.0060000000000000001,0.094197000000000003,65.532179999999997,0.59999999999999987,88.468442999999994,0.11774625,3000,500,1.0000000000000001e-15,5.6703744189999998e-23,2.5,223.15000000000001,1189.20711500272,1,1,1189.20711500272,1,900,300,300,330,0.84999999999999987,500,5000,1,1,map,624
map_0625,map,map_625,haps_thermal_map.slx,1100,101325,300,223.15000000000001,50,2.75,120,0.40000000000000002,2,0.01,0.10000000000000001,0.0089999999999999004,0.0060000000000000001,0.094197000000000003,65.532179999999997,0.59999999999999987,88.468442999999994,0.11774625,3000,500,1.0000000000000001e-15,5.6703744189999998e-23,2.75,223.15000000000001,1189.20711500272,1,1,1189.20711500272,1,900,300,300,330,0.84999999999999987,500,5000,1,1,map,625
map_0626,map,map_626,haps_thermal_map.slx,1100,101325,300,223.15000000000001,50,3,120,0.40000000000000002,2,0.01,0.10000000000000001,0.0089999999999999004,0.0060000000000000001,0.094197000000000003,65.532179999999997,0.59999999999999987,88.468442999999994,0.11774625,3000,500,1.0000000000000001e-15,5.6703744189999998e-23,3,223.15000000000001,1189.20711500272,1,1,1189.20711500272,1,900,300,300,330,0.84999999999999987,500,5000,1,1,map,626
map_0627,map,map_627,haps_thermal_map.slx,1100,101325,300,223.15000000000001,50,3.25,120,0.40000000000000002,2,0.01,0.10000000000000001,0.0089999999999999004,0.0060000000000000001,0.094197000000000003,65.532179999999997,0.59999999999999987,88.468442999999994,0.11774625,3000,500,1.0000000000000001e-15,5.6703744189999998e-23,3.25,223.15000000000001,1189.20711500272,1,1,1189.20711500272,1,900,300,300,330,0.84999999999999987,500,5000,1,1,map,627
map_0628,map,map_628,haps_thermal_map.slx,1100,101325,300,223.15000000000001,50,3.5,120,0.40000000000000002,2,0.01,0.10000000000000001,0.0089999999999999004,0.0060000000000000001,0.094197000000000003,65.532179999999997,0.59999999999999987,88.468442999999994,0.11774625,3000,500,1.0000000000000001e-15,5.6703744189999998e-23,3.5,223.15000000000001,1189.20711500272,1,1,1189.20711500272,1,900,300,300,330,0.84999999999999987,500,5000,1,1,map,628
map_0629,map,map_629,haps_thermal_map.slx,1100,101325,300,223.15000000000001,50,3.75,120,0.40000000000000002,2,0.01,0.10000000000000001,0.0089999999999999004,0.0060000000000000001,0.094197000000000003,65.532179999999997,0.59999999999999987,88.468442999999994,0.11774625,3000,500,1.0000000000000001e-15,5.6703744189999998e-23,3.75,223.15000000000001,1189.20711500272,1,1,1189.20711500272,1,900,300,300,330,0.84999999999999987,500,5000,1,1,map,629
map_0630,map,map_630,haps_thermal_map.slx,1100,101325,300,223.15000000000001,50,4,120,0.40000000000000002,2,0.01,0.10000000000000001,0.0089999999999999004,0.0060000000000000001,0.094197000000000003,65.532179999999997,0.59999999999999987,88.468442999999994,0.11774625,3000,500,1.0000000000000001e-15,5.6703744189999998e-23,4,223.15000000000001,1189.20711500272,1,1,1189.20711500272,1,900,300,300,330,0.84999999999999987,500,5000,1,1,map,630
map_0631,map,map_631,haps_thermal_map.slx,1100,101325,300,223.15000000000001,50,4.25,120,0.40000000000000002,2,0.01,0.10000000000000001,0.0089999999999999004,0.0060000000000000001,0.094197000000000003,65.532179999999997,0.59999999999999987,88.468442999999994,0.11774625,3000,500,1.0000000000000001e-15,5.6703744189999998e-23,4.25,223.15000000000001,1189.20711500272,1,1,1189.20711500272,1,900,300,300,330,0.84999999999999987,500,5000,1,1,map,631
map_0632,map,map_632,haps_thermal_map.slx,1100,101325,300,223.15000000000001,50,4.5,120,0.40000000000000002,2,0.01,0.10000000000000001,0.0089999999999999004,0.0060000000000000001,0.094197000000000003,65.532179999999997,0.59999999999999987,88.468442999999994,0.11774625,3000,500,1.0000000000000001e-15,5.6703744189999998e-23,4.5,223.15000000000001,1189.20711500272,1,1,1189.20711500272,1,900,300,300,330,0.84999999999999987,500,5000,1,1,map,632
map_0633,map,map_633,haps_thermal_map.slx,1100,101325,300,223.15000000000001,50,4.75,120,0.40000000000000002,2,0.01,0.10000000000000001,0.0089999999999999004,0.0060000000000000001,0.094197000000000003,65.532179999999997,0.59999999999999987,88.468442999999994,0.11774625,3000,500,1.0000000000000001e-15,5.6703744189999998e-23,4.75,223.15000000000001,1189.20711500272,1,1,1189.20711500272,1,900,300,300,330,0.84999999999999987,500,5000,1,1,map,633
map_0634,map,map_634,haps_thermal_map.slx,1100,101325,300,223.15000000000001,50,5,120,0.40000000000000002,2,0.01,0.10000000000000001,0.0089999999999999004,0.0060000000000000001,0.094197000000000003,65.532179999999997,0.59999999999999987,88.468442999999994,0.11774625,3000,500,1.0000000000000001e-15,5.6703744189999998e-23,5,223.15000000000001,1189.20711500272,1,1,1189.20711500272,1,900,300,300,330,0.84999999999999987,500,5000,1,1,map,634
map_0635,map,map_635,haps_thermal_map.slx,1100,101325,300,223.15000000000001,50,5.25,120,0.40000000000000002,2,0.01,0.10000000000000001,0.0089999999999999004,0.0060000000000000001,0.094197000000000003,65.532179999999997,0.59999999999999987,88.468442999999994,0.11774625,3000,500,1.0000000000000001e-15,5.6703744189999998e-23,5.25,223.15000000000001,1189.20711500272,1,1,1189.20711500272,1,900,300,300,330,0.84999999999999987,500,5000,1,1,map,635
map_0636,map,map_636,haps_thermal_map.slx,1100,101325,300,223.15000000000001,50,5.5,120,0.40000000000000002,2,0.01,0.10000000000000001,0.0089999999999999004,0.0060000000000000001,0.094197000000000003,65.532179999999997,0.59999999999999987,88.468442999999994,0.11774625,3000,500,1.0000000000000001e-15,5.6703744189999998e-23,5.5,223.15000000000001,1189.20711500272,1,1,1189.20711500272,1,900,300,300,330,0.84999999999999987,500,5000,1,1,map,636
map_0637,map,map_637,haps_thermal_map.slx,1100,101325,300,223.15000000000001,50,5.75,120,0.40000000000000002,2,0.01,0.10000000000000001,0.0089999999999999004,0.0060000000000000001,0.094197000000000003,65.532179999999997,0.59999999999999987,88.468442999999994,0.11774625,3000,500,1.0000000000000001e-15,5.6703744189999998e-23,5.75,223.15000000000001,1189.20711500272,1,1,1189.20711500272,1,900,300,300,330,0.84999999999999987,500,5000,1,1,map,637
map_0638,map,map_638,haps_thermal_map.slx,1100,101325,300,223.15000000000001,50,6,120,0.40000000000000002,2,0.01,0.10000000000000001,0.0089999999999999004,0.0060000000000000001,0.094197000000000003,65.532179999999997,0.59999999999999987,88.468442999999994,0.11774625,3000,500,1.0000000000000001e-15,5.6703744189999998e-23,6,223.15000000000001,1189.20711500272,1,1,1189.20711500272,1,900,300,300,330,0.84999999999999987,500,5000,1,1,map,638
map_0639,map,map_639,haps_thermal_map.slx,1100,101325,300,223.15000000000001,50,0.5,120,0.40000000000000002,2,0.01,0.10000000000000001,0.0089999999999999004,0.0060000000000000001,0.094197000000000003,65.532179999999997,0.59999999999999987,88.468442999999994,0.11774625,3000,500,1.0000000000000001e-15,5.6703744189999998e-23,0.5,223.15000000000001,1414.2135623731001,1,1,1414.2135623731001,1,900,300,300,330,0.84999999999999987,500,5000,1,1,map,639
map_0640,map,map_640,haps_thermal_map.slx,1100,101325,300,223.15000000000001,50,0.625,120,0.40000000000000002,2,0.01,0.10000000000000001,0.0089999999999999004,0.0060000000000000001,0.094197000000000003,65.532179999999997,0.59999999999999987,88.468442999999994,0.11774625,3000,500,1.0000000000000001e-15,5.6703744189999998e-23,0.625,223.15000000000001,1414.2135623731001,1,1,1414.2135623731001,1,900,300,300,330,0.84999999999999987,500,5000,1,1,map,640
map_0641,map,map_641,haps_thermal_map.slx,1100,101325,300,223.15000000000001,50,0.75,120,0.40000000000000002,2,0.01,0.10000000000000001,0.0089999999999999004,0.0060000000000000001,0.094197000000000003,65.532179999999997,0.59999999999999987,88.468442999999994,0.11774625,3000,500,1.0000000000000001e-15,5.6703744189999998e-23,0.75,223.15000000000001,1414.2135623731001,1,1,1414.2135623731001,1,900,300,300,330,0.84999999999999987,500,5000,1,1,map,641
map_0642,map,map_642,haps_thermal_map.slx,1100,101325,300,223.15000000000001,50,0.875,120,0.40000000000000002,2,0.01,0.10000000000000001,0.0089999999999999004,0.0060000000000000001,0.094197000000000003,65.532179999999997,0.59999999999999987,88.468442999999994,0.11774625,3000,500,1.0000000000000001e-15,5.6703744189999998e-23,0.875,223.15000000000001,1414.2135623731001,1,1,1414.2135623731001,1,900,300,300,330,0.84999999999999987,500,5000,1,1,map,642
map_0643,map,map_643,haps_thermal_map.slx,1100,101325,300,223.15000000000001,50,1,120,0.40000000000000002,2,0.01,0.10000000000000001,0.0089999999999999004,0.0060000000000000001,0.094197000000000003,65.532179999999997,0.59999999999999987,88.468442999999994,0.11774625,3000,500,1.0000000000000001e-15,5.6703744189999998e-23,1,223.15000000000001,1414.2135623731001,1,1,1414.2135623731001,1,900,300,300,330,0.84999999999999987,500,5000,1,1,map,643
map_0644,map,map_644,haps_thermal_map.slx,1100,101325,300,223.15000000000001,50,1.125,120,0.40000000000000002,2,0.01,0.10000000000000001,0.0089999999999999004,0.0060000000000000001,0.094197000000000003,65.532179999999997,0.59999999999999987,88.468442999999994,0.11774625,3000,500,1.0000000000000001e-15,5.6703744189999998e-23,1.125,223.15000000000001,1414.2135623731001,1,1,1414.2135623731001,1,900,300,300,330,0.84999999999999987,500,5000,1,1,map,644
map_0645,map,map_645,haps_thermal_map.slx,1100,101325,300,223.15000000000001,50,1.25,120,0.40000000000000002,2,0.01,0.10000000000000001,0.0089999999999999004,0.0060000000000000001,0.094197000000000003,65.532179999999997,0.59999999999999987,88.468442999999994,0.11774625,3000,500,1.0000000000000001e-15,5.6703744189999998e-23,1.25,223.15000000000001,1414.2135623731001,1,1,1414.2135623731001,1,900,300,300,330,0.84999999999999987,500,5000,1,1,map,645
map_0646,map,map_646,haps_thermal_map.slx,1100,101325,300,223.15000000000001,50,1.375,120,0.40000000000000002,2,0.01,0.10000000000000001,0.0089999999999999004,0.0060000000000000001,0.094197000000000003,65.532179999999997,0.59999999999999987,88.468442999999994,0.11774625,3000,500,1.0000000000000001e-15,5.6703744189999998e-23,1.375,223.15000000000001,1414.2135623731001,1,1,1414.2135623731001,1,900,300,300,330,0.84999999999999987,500,5000,1,1,map,646
map_0647,map,map_647,haps_thermal_map.slx,1100,101325,300,223.15000000000001,50,1.5,120,0.40000000000000002,2,0.01,0.10000000000000001,0.0089999999999999004,0.0060000000000000001,0.094197000000000003,65.532179999999997,0.59999999999999987,88.468442999999994,0.11774625,3000,500,1.0000000000000001e-15,5.6703744189999998e-23,1.5,223.15000000000001,1414.2135623731001,1,1,1414.2135623731001,1,900,300,300,330,0.84999999999999987,500,5000,1,1,map,647
map_0648,map,map_648,haps_thermal_map.slx,1100,101325,300,223.15000000000001,50,1.625,120,0.40000000000000002,2,0.01,0.10000000000000001,0.0089999999999999004,0.0060000000000000001,0.094197000000000003,65.532179999999997,0.59999999999999987,88.468442999999994,0.11774625,3000,500,1.0000000000000001e-15,5.6703744189999998e-23,1.625,223.15000000000001,1414.2135623731001,1,1,1414.2135623731001,1,900,300,300,330,0.84999999999999987,500,5000,1,1,map,648
map_0649,map,map_649,haps_thermal_map.slx,1100,101325,300,223.15000000000001,50,1.75,120,0.40000000000000002,2,0.01,0.10000000000000001,0.0089999999999999004,0.0060000000000000001,0.094197000000000003,65.532179999999997,0.59999999999999987,88.468442999999994,0.11774625,3000,500,1.0000000000000001e-15,5.6703744189999998e-23,1.75,223.15000000000001,1414.2135623731001,1,1,1414.2135623731001,1,900,300,300,330,0.84999999999999987,500,5000,1,1,map,649
map_0650,map,map_650,haps_thermal_map.slx,1100,101325,300,223.15000000000001,50,1.875,120,0.40000000000000002,2,0.01,0.10000000000000001,0.0089999999999999004,0.0060000000000000001,0.094197000000000003,65.532179999999997,0.59999999999999987,88.468442999999994,0.11774625,3000,500,1.0000000000000001e-15,5.6703744189999998e-23,1.875,223.15000000000001,1414.2135623731001,1,1,1414.2135623731001,1,900,300,300,330,0.84999999999999987,500,5000,1,1,map,650
map_0651,map,map_651,haps_thermal_map.slx,1100,101325,300,223.15000000000001,50,2,120,0.40000000000000002,2,0.01,0.10000000000000001,0.0089999999999999004,0.0060000000000000001,0.094197000000000003,65.532179999999997,0.59999999999999987,88.468442999999994,0.11774625,3000,500,1.0000000000000001e-15,5.6703744189999998e-23,2,223.15000000000001,1414.2135623731001,1,1,1414.2135623731001,1,900,300,300,330,0.84999999999999987,500,5000,1,1,map,651
map_0652,map,map_652,haps_thermal_map.slx,1100,101325,300,223.15000000000001,50,2.25,120,0.40000000000000002,2,0.01,0.10000000000000001,0.0089999999999999004,0.0060000000000000001,0.094197000000000003,65.532179999999997,0.59999999999999987,88.468442999999994,0.11774625,3000,500,1.0000000000000001e-15,5.6703744189999998e-23,2.25,223.15000000000001,1414.2135623731001,1,1,1414.2135623731001,1,900,300,300,330,0.84999999999999987,500,5000,1,1,map,652
map_0653,map,map_653,haps_thermal_map.slx,1100,101325,300,223.15000000000001,50,2.5,120,0.40000000000000002,2,0.01,0.10000000000000001,0.0089999999999999004,0.0060000000000000001,0.094197000000000003,65.532179999999997,0.59999999999999987,88.468442999999994,0.11774625,3000,500,1.0000000000000001e-15,5.6703744189999998e-23,2.5,223.15000000000001,1414.2135623731001,1,1,1414.2135623731001,1,900,300,300,330,0.84999999999999987,500,5000,1,1,map,653
map_0654,map,map_654,haps_thermal_map.slx,1100,101325,300,223.15000000000001,50,2.75,120,0.40000000000000002,2,0.01,0.10000000000000001,0.0089999999999999004,0.0060000000000000001,0.094197000000000003,65.532179999999997,0.59999999999999987,88.468442999999994,0.11774625,3000,500,1.0000000000000001e-15,5.6703744189999998e-23,2.75,223.15000000000001,1414.2135623731001,1,1,1414.2135623731001,1,900,300,300,330,0.84999999999999987,500,5000,1,1,map,654
map_0655,map,map_655,haps_thermal_map.slx,1100,101325,300,223.15000000000001,50,3,120,0.40000000000000002,2,0.01,0.10000000000000001,0.0089999999999999004,0.0060000000000000001,0.094197000000000003,65.532179999999997,0.59999999999999987,88.468442999999994,0.11774625,3000,500,1.0000000000000001e-15,5.6703744189999998e-23,3,223.15000000000001,1414.2135623731001,1,1,1414.2135623731001,1,900,300,300,330,0.84999999999999987,500,5000,1,1,map,655
map_0656,map,map_656,haps_thermal_map.slx,1100,101325,300,223.15000000000001,50,3.25,120,0.40000000000000002,2,0.01,0.10000000000000001,0.0089999999999999004,0.0060000000000000001,0.094197000000000003,65.532179999999997,0.59999999999999987,88.468442999999994,0.11774625,3000,500,1.0000000000000001e-15,5.6703744189999998e-23,3.25,223.15000000000001,1414.2135623731001,1,1,1414.2135623731001,1,900,300,300,330,0.84999999999999987,500,5000,1,1,map,656
map_0657,map,map_657,haps_thermal_map.slx,1100,101325,300,223.15000000000001,50,3.5,120,0.40000000000000002,2,0.01,0.10000000000000001,0.0089999999999999004,0.0060000000000000001,0.094197000000000003,65.532179999999997,0.59999999999999987,88.468442999999994,0.11774625,3000,500,1.0000000000000001e-15,5.6703744189999998e-23,3.5,223.15000000000001,1414.2135623731001,1,1,1414.2135623731001,1,900,300,300,330,0.84999999999999987,500,5000,1,1,map,657
map_0658,map,map_658,haps_thermal_map.slx,1100,101325,300,223.15000000000001,50,3.75,120,0.40000000000000002,2,0.01,0.10000000000000001,0.0089999999999999004,0.0060000000000000001,0.094197000000000003,65.532179999999997,0.59999999999999987,88.468442999999994,0.11774625,3000,500,1.0000000000000001e-15,5.6703744189999998e-23,3.75,223.15000000000001,1414.2135623731001,1,1,1414.2135623731001,1,900,300,300,330,0.84999999999999987,500,5000,1,1,map,658
map_0659,map,map_659,haps_thermal_map.slx,1100,101325,300,223.15000000000001,50,4,120,0.40000000000000002,2,0.01,0.10000000000000001,0.0089999999999999004,0.0060000000000000001,0.094197000000000003,65.532179999999997,0.59999999999999987,88.468442999999994,0.11774625,3000,500,1.0000000000000001e-15,5.6703744189999998e-23,4,223.15000000000001,1414.2135623731001,1,1,1414.2135623731001,1,900,300,300,330,0.84999999999999987,500,5000,1,1,map,659
map_0660,map,map_660,haps_thermal_map.slx,1100,101325,300,223.15000000000001,50,4.25,120,0.40000000000000002,2,0.01,0.10000000000000001,0.0089999999999999004,0.0060000000000000001,0.094197000000000003,65.532179999999997,0.59999999999999987,88.468442999999994,0.11774625,3000,500,1.0000000000000001e-15,5.6703744189999998e-23,4.25,223.15000000000001,1414.2135623731001,1,1,1414.2135623731001,1,900,300,300,330,0.84999999999999987,500,5000,1,1,map,660
map_0661,map,map_661,haps_thermal_map.slx,1100,101325,300,223.15000000000001,50,4.5,120,0.40000000000000002,2,0.01,0.10000000000000001,0.0089999999999999004,0.0060000000000000001,0.094197000000000003,65.532179999999997,0.59999999999999987,88.468442999999994,0.11774625,3000,500,1.0000000000000001e-15,5.6703744189999998e-23,4.5,223.15000000000001,1414.2135623731001,1,1,1414.2135623731001,1,900,300,300,330,0.84999999999999987,500,5000,1,1,map,661
map_0662,map,map_662,haps_thermal_map.slx,1100,101325,300,223.15000000000001,50,4.75,120,0.40000000000000002,2,0.01,0.10000000000000001,0.0089999999999999004,0.0060000000000000001,0.094197000000000003,65.532179999999997,0.59999999999999987,88.468442999999994,0.11774625,3000,500,1.0000000000000001e-15,5.6703744189999998e-23,4.75,223.15000000000001,1414.2135623731001,1,1,1414.2135623731001,1,900,300,300,330,0.84999999999999987,500,5000,1,1,map,662
map_0663,map,map_663,haps_thermal_map.slx,1100,101325,300,223.15000000000001,50,5,120,0.40000000000000002,2,0.01,0.10000000000000001,0.0089999999999999004,0.0060000000000000001,0.094197000000000003,65.532179999999997,0.59999999999999987,88.468442999999994,0.11774625,3000,500,1.0000000000000001e-15,5.6703744189999998e-23,5,223.15000000000001,1414.2135623731001,1,1,1414.2135623731001,1,900,300,300,330,0.84999999999999987,500,5000,1,1,map,663
map_0664,map,map_664,haps_thermal_map.slx,1100,101325,300,223.15000000000001,50,5.25,120,0.40000000000000002,2,0.01,0.10000000000000001,0.0089999999999999004,0.0060000000000000001,0.094197000000000003,65.532179999999997,0.59999999999999987,88.468442999999994,0.11774625,3000,500,1.0000000000000001e-15,5.6703744189999998e-23,5.25,223.15000000000001,1414.2135623731001,1,1,1414.2135623731001,1,900,300,300,330,0.84999999999999987,500,5000,1,1,map,664
map_0665,map,map_665,haps_thermal_map.slx,1100,101325,300,223.15000000000001,50,5.5,120,0.40000000000000002,2,0.01,0.10000000000000001,0.0089999999999999004,0.0060000000000000001,0.094197000000000003,65.532179999999997,0.59999999999999987,88.468442999999994,0.11774625,3000,500,1.0000000000000001e-15,5.6703744189999998e-23,5.5,223.15000000000001,1414.2135623731001,1,1,1414.2135623731001,1,900,300,300,330,0.84999999999999987,500,5000,1,1,map,665
map_0666,map,map_666,haps_thermal_map.slx,1100,101325,300,223.15000000000001,50,5.75,120,0.40000000000000002,2,0.01,0.10000000000000001,0.0089999999999999004,0.0060000000000000001,0.094197000000000003,65.532179999999997,0.59999999999999987,88.468442999999994,0.11774625,3000,500,1.0000000000000001e-15,5.6703744189999998e-23,5.75,223.15000000000001,1414.2135623731001,1,1,1414.2135623731001,1,900,300,300,330,0.84999999999999987,500,5000,1,1,map,666
map_0667,map,map_667,haps_thermal_map.slx,1100,101325,300,223.15000000000001,50,6,120,0.40000000000000002,2,0.01,0.10000000000000001,0.0089999999999999004,0.0060000000000000001,0.094197000000000003,65.532179999999997,0.59999999999999987,88.468442999999994,0.11774625,3000,500,1.0000000000000001e-15,5.6703744189999998e-23,6,223.15000000000001,1414.2135623731001,1,1,1414.2135623731001,1,900,300,300,330,0.84999999999999987,500,5000,1,1,map,667
map_0668,map,map_668,haps_thermal_map.slx,1100,101325,300,223.15000000000001,50,0.5,120,0.40000000000000002,2,0.01,0.10000000000000001,0.0089999999999999004,0.0060000000000000001,0.094197000000000003,65.532179999999997,0.59999999999999987,88.468442999999994,0.11774625,3000,500,1.0000000000000001e-15,5.6703744189999998e-23,0.5,223.15000000000001,1681.7928305074299,1,1,1681.7928305074299,1,900,300,300,330,0.84999999999999987,500,5000,1,1,map,668
map_0669,map,map_669,haps_thermal_map.slx,1100,101325,300,223.15000000000001,50,0.625,120,0.40000000000000002,2,0.01,0.10000000000000001,0.0089999999999999004,0.0060000000000000001,0.094197000000000003,65.532179999999997,0.59999999999999987,88.468442999999994,0.11774625,3000,500,1.0000000000000001e-15,5.6703744189999998e-23,0.625,223.15000000000001,1681.7928305074299,1,1,1681.7928305074299,1,900,300,300,330,0.84999999999999987,500,5000,1,1,map,669
map_0670,map,map_670,haps_thermal_map.slx,1100,101325,300,223.15000000000001,50,0.75,120,0.40000000000000002,2,0.01,0.10000000000000001,0.0089999999999999004,0.0060000000000000001,0.094197000000000003,65.532179999999997,0.59999999999999987,88.468442999999994,0.11774625,3000,500,1.0000000000000001e-15,5.6703744189999998e-23,0.75,223.15000000000001,1681.7928305074299,1,1,1681.7928305074299,1,900,300,300,330,0.84999999999999987,500,5000,1,1,map,670
map_0671,map,map_671,haps_thermal_map.slx,1100,101325,300,223.15000000000001,50,0.875,120,0.40000000000000002,2,0.01,0.10000000000000001,0.0089999999999999004,0.0060000000000000001,0.094197000000000003,65.532179999999997,0.59999999999999987,88.468442999999994,0.11774625,3000,500,1.0000000000000001e-15,5.6703744189999998e-23,0.875,223.15000000000001,1681.7928305074299,1,1,1681.7928305074299,1,900,300,300,330,0.84999999999999987,500,5000,1,1,map,671
map_0672,map,map_672,haps_thermal_map.slx,1100,101325,300,223.15000000000001,50,1,120,0.40000000000000002,2,0.01,0.10000000000000001,0.0089999999999999004,0.0060000000000000001,0.094197000000000003,65.532179999999997,0.59999999999999987,88.468442999999994,0.11774625,3000,500,1.0000000000000001e-15,5.6703744189999998e-23,1,223.15000000000001,1681.7928305074299,1,1,1681.7928305074299,1,900,300,300,330,0.84999999999999987,500,5000,1,1,map,672
map_0673,map,map_673,haps_thermal_map.slx,1100,101325,300,223.15000000000001,50,1.125,120,0.40000000000000002,2,0.01,0.10000000000000001,0.0089999999999999004,0.0060000000000000001,0.094197000000000003,65.532179999999997,0.59999999999999987,88.468442999999994,0.11774625,3000,500,1.0000000000000001e-15,5.6703744189999998e-23,1.125,223.15000000000001,1681.7928305074299,1,1,1681.7928305074299,1,900,300,300,330,0.84999999999999987,500,5000,1,1,map,673
map_0674,map,map_674,haps_thermal_map.slx,1100,101325,300,223.15000000000001,50,1.25,120,0.40000000000000002,2,0.01,0.10000000000000001,0.0089999999999999004,0.0060000000000000001,0.094197000000000003,65.532179999999997,0.59999999999999987,88.468442999999994,0.11774625,3000,500,1.0000000000000001e-15,5.6703744189999998e-23,1.25,223.15000000000001,1681.7928305074299,1,1,1681.7928305074299,1,900,300,300,330,0.84999999999999987,500,5000,1,1,map,674
map_0675,map,map_675,haps_thermal_map.slx,1100,101325,300,223.15000000000001,50,1.375,120,0.40000000000000002,2,0.01,0.10000000000000001,0.0089999999999999004,0.0060000000000000001,0.094197000000000003,65.532179999999997,0.59999999999999987,88.468442999999994,0.11774625,3000,500,1.0000000000000001e-15,5.6703744189999998e-23,1.375,223.15000000000001,1681.7928305074299,1,1,1681.7928305074299,1,900,300,300,330,0.84999999999999987,500,5000,1,1,map,675
map_0676,map,map_676,haps_thermal_map.slx,1100,101325,300,223.15000000000001,50,1.5,120,0.40000000000000002,2,0.01,0.10000000000000001,0.0089999999999999004,0.0060000000000000001,0.094197000000000003,65.532179999999997,0.59999999999999987,88.468442999999994,0.11774625,3000,500,1.0000000000000001e-15,5.6703744189999998e-23,1.5,223.15000000000001,1681.7928305074299,1,1,1681.7928305074299,1,900,300,300,330,0.84999999999999987,500,5000,1,1,map,676
map_0677,map,map_677,haps_thermal_map.slx,1100,101325,300,223.15000000000001,50,1.625,120,0.40000000000000002,2,0.01,0.10000000000000001,0.0089999999999999004,0.0060000000000000001,0.094197000000000003,65.532179999999997,0.59999999999999987,88.468442999999994,0.11774625,3000,500,1.0000000000000001e-15,5.6703744189999998e-23,1.625,223.15000000000001,1681.7928305074299,1,1,1681.7928305074299,1,900,300,300,330,0.84999999999999987,500,5000,1,1,map,677
map_0678,map,map_678,haps_thermal_map.slx,1100,101325,300,223.15000000000001,50,1.75,120,0.40000000000000002,2,0.01,0.10000000000000001,0.0089999999999999004,0.0060000000000000001,0.094197000000000003,65.532179999999997,0.59999999999999987,88.468442999999994,0.11774625,3000,500,1.0000000000000001e-15,5.6703744189999998e-23,1.75,223.15000000000001,1681.7928305074299,1,1,1681.7928305074299,1,900,300,300,330,0.84999999999999987,500,5000,1,1,map,678
map_0679,map,map_679,haps_thermal_map.slx,1100,101325,300,223.15000000000001,50,1.875,120,0.40000000000000002,2,0.01,0.10000000000000001,0.0089999999999999004,0.0060000000000000001,0.094197000000000003,65.532179999999997,0.59999999999999987,88.468442999999994,0.11774625,3000,500,1.0000000000000001e-15,5.6703744189999998e-23,1.875,223.15000000000001,1681.7928305074299,1,1,1681.7928305074299,1,900,300,300,330,0.84999999999999987,500,5000,1,1,map,679
map_0680,map,map_680,haps_thermal_map.slx,1100,101325,300,223.15000000000001,50,2,120,0.40000000000000002,2,0.01,0.10000000000000001,0.0089999999999999004,0.0060000000000000001,0.094197000000000003,65.532179999999997,0.59999999999999987,88.468442999999994,0.11774625,3000,500,1.0000000000000001e-15,5.6703744189999998e-23,2,223.15000000000001,1681.7928305074299,1,1,1681.7928305074299,1,900,300,300,330,0.84999999999999987,500,5000,1,1,map,680
map_0681,map,map_681,haps_thermal_map.slx,1100,101325,300,223.15000000000001,50,2.25,120,0.40000000000000002,2,0.01,0.10000000000000001,0.0089999999999999004,0.0060000000000000001,0.094197000000000003,65.532179999999997,0.59999999999999987,88.468442999999994,0.11774625,3000,500,1.0000000000000001e-15,5.6703744189999998e-23,2.25,223.15000000000001,1681.7928305074299,1,1,1681.7928305074299,1,900,300,300,330,0.84999999999999987,500,5000,1,1,map,681
map_0682,map,map_682,haps_thermal_map.slx,1100,101325,300,223.15000000000001,50,2.5,120,0.40000000000000002,2,0.01,0.10000000000000001,0.0089999999999999004,0.0060000000000000001,0.094197000000000003,65.532179999999997,0.59999999999999987,88.468442999999994,0.11774625,3000,500,1.0000000000000001e-15,5.6703744189999998e-23,2.5,223.15000000000001,1681.7928305074299,1,1,1681.7928305074299,1,900,300,300,330,0.84999999999999987,500,5000,1,1,map,682
map_0683,map,map_683,haps_thermal_map.slx,1100,101325,300,223.15000000000001,50,2.75,120,0.40000000000000002,2,0.01,0.10000000000000001,0.0089999999999999004,0.0060000000000000001,0.094197000000000003,65.532179999999997,0.59999999999999987,88.468442999999994,0.11774625,3000,500,1.0000000000000001e-15,5.6703744189999998e-23,2.75,223.15000000000001,1681.7928305074299,1,1,1681.7928305074299,1,900,300,300,330,0.84999999999999987,500,5000,1,1,map,683
map_0684,map,map_684,haps_thermal_map.slx,1100,101325,300,223.15000000000001,50,3,120,0.40000000000000002,2,0.01,0.10000000000000001,0.0089999999999999004,0.0060000000000000001,0.094197000000000003,65.532179999999997,0.59999999999999987,88.468442999999994,0.11774625,3000,500,1.0000000000000001e-15,5.6703744189999998e-23,3,223.15000000000001,1681.7928305074299,1,1,1681.7928305074299,1,900,300,300,330,0.84999999999999987,500,5000,1,1,map,684
map_0685,map,map_685,haps_thermal_map.slx,1100,101325,300,223.15000000000001,50,3.25,120,0.40000000000000002,2,0.01,0.10000000000000001,0.0089999999999999004,0.0060000000000000001,0.094197000000000003,65.532179999999997,0.59999999999999987,88.468442999999994,0.11774625,3000,500,1.0000000000000001e-15,5.6703744189999998e-23,3.25,223.15000000000001,1681.7928305074299,1,1,1681.7928305074299,1,900,300,300,330,0.84999999999999987,500,5000,1,1,map,685
map_0686,map,map_686,haps_thermal_map.slx,1100,101325,300,223.15000000000001,50,3.5,120,0.40000000000000002,2,0.01,0.10000000000000001,0.0089999999999999004,0.0060000000000000001,0.094197000000000003,65.532179999999997,0.59999999999999987,88.468442999999994,0.11774625,3000,500,1.0000000000000001e-15,5.6703744189999998e-23,3.5,223.15000000000001,1681.7928305074299,1,1,1681.7928305074299,1,900,300,300,330,0.84999999999999987,500,5000,1,1,map,686
map_0687,map,map_687,haps_thermal_map.slx,1100,101325,300,223.15000000000001,50,3.75,120,0.40000000000000002,2,0.01,0.10000000000000001,0.0089999999999999004,0.0060000000000000001,0.094197000000000003,65.532179999999997,0.59999999999999987,88.468442999999994,0.11774625,3000,500,1.0000000000000001e-15,5.6703744189999998e-23,3.75,223.15000000000001,1681.7928305074299,1,1,1681.7928305074299,1,900,300,300,330,0.84999999999999987,500,5000,1,1,map,687
map_0688,map,map_688,haps_thermal_map.slx,1100,101325,300,223.15000000000001,50,4,120,0.40000000000000002,2,0.01,0.10000000000000001,0.0089999999999999004,0.0060000000000000001,0.094197000000000003,65.532179999999997,0.59999999999999987,88.468442999999994,0.11774625,3000,500,1.0000000000000001e-15,5.6703744189999998e-23,4,223.15000000000001,1681.7928305074299,1,1,1681.7928305074299,1,900,300,300,330,0.84999999999999987,500,5000,1,1,map,688
map_0689,map,map_689,haps_thermal_map.slx,1100,101325,300,223.15000000000001,50,4.25,120,0.40000000000000002,2,0.01,0.10000000000000001,0.0089999999999999004,0.0060000000000000001,0.094197000000000003,65.532179999999997,0.59999999999999987,88.468442999999994,0.11774625,3000,500,1.0000000000000001e-15,5.6703744189999998e-23,4.25,223.15000000000001,1681.7928305074299,1,1,1681.7928305074299,1,900,300,300,330,0.84999999999999987,500,5000,1,1,map,689
map_0690,map,map_690,haps_thermal_map.slx,1100,101325,300,223.15000000000001,50,4.5,120,0.40000000000000002,2,0.01,0.10000000000000001,0.0089999999999999004,0.0060000000000000001,0.094197000000000003,65.532179999999997,0.59999999999999987,88.468442999999994,0.11774625,3000,500,1.0000000000000001e-15,5.6703744189999998e-23,4.5,223.15000000000001,1681.7928305074299,1,1,1681.7928305074299,1,900,300,300,330,0.84999999999999987,500,5000,1,1,map,690
map_0691,map,map_691,haps_thermal_map.slx,1100,101325,300,223.15000000000001,50,4.75,120,0.40000000000000002,2,0.01,0.10000000000000001,0.0089999999999999004,0.0060000000000000001,0.094197000000000003,65.532179999999997,0.59999999999999987,88.468442999999994,0.11774625,3000,500,1.0000000000000001e-15,5.6703744189999998e-23,4.75,223.15000000000001,1681.7928305074299,1,1,1681.7928305074299,1,900,300,300,330,0.84999999999999987,500,5000,1,1,map,691
map_0692,map,map_692,haps_thermal_map.slx,1100,101325,300,223.15000000000001,50,5,120,0.40000000000000002,2,0.01,0.10000000000000001,0.0089999999999999004,0.0060000000000000001,0.094197000000000003,65.532179999999997,0.59999999999999987,88.468442999999994,0.11774625,3000,500,1.0000000000000001e-15,5.6703744189999998e-23,5,223.15000000000001,1681.7928305074299,1,1,1681.7928305074299,1,900,300,300,330,0.84999999999999987,500,5000,1,1,map,692
map_0693,map,map_693,haps_thermal_map.slx,1100,101325,300,223.15000000000001,50,5.25,120,0.40000000000000002,2,0.01,0.10000000000000001,0.0089999999999999004,0.0060000000000000001,0.094197000000000003,65.532179999999997,0.59999999999999987,88.468442999999994,0.11774625,3000,500,1.0000000000000001e-15,5.6703744189999998e-23,5.25,223.15000000000001,1681.7928305074299,1,1,1681.7928305074299,1,900,300,300,330,0.84999999999999987,500,5000,1,1,map,693
map_0694,map,map_694,haps_thermal_map.slx,1100,101325,300,223.15000000000001,50,5.5,120,0.40000000000000002,2,0.01,0.10000000000000001,0.0089999999999999004,0.0060000000000000001,0.094197000000000003,65.532179999999997,0.59999999999999987,88.468442999999994,0.11774625,3000,500,1.0000000000000001e-15,5.6703744189999998e-23,5.5,223.15000000000001,1681.7928305074299,1,1,1681.7928305074299,1,900,300,300,330,0.84999999999999987,500,5000,1,1,map,694
map_0695,map,map_695,haps_thermal_map.slx,1100,101325,300,223.15000000000001,50,5.75,120,0.40000000000000002,2,0.01,0.10000000000000001,0.0089999999999999004,0.0060000000000000001,0.094197000000000003,65.532179999999997,0.59999999999999987,88.468442999999994,0.11774625,3000,500,1.0000000000000001e-15,5.6703744189999998e-23,5.75,223.15000000000001,1681.7928305074299,1,1,1681.7928305074299,1,900,300,300,330,0.84999999999999987,500,5000,1,1,map,695
map_0696,map,map_696,haps_thermal_map.slx,1100,101325,300,223.15000000000001,50,6,120,0.40000000000000002,2,0.01,0.10000000000000001,0.0089999999999999004,0.0060000000000000001,0.094197000000000003,65.532179999999997,0.59999999999999987,88.468442999999994,0.11774625,3000,500,1.0000000000000001e-15,5.6703744189999998e-23,6,223.15000000000001,1681.7928305074299,1,1,1681.7928305074299,1,900,300,300,330,0.84999999999999987,500,5000,1,1,map,696
map_0697,map,map_697,haps_thermal_map.slx,1100,101325,300,223.15000000000001,50,0.5,120,0.40000000000000002,2,0.01,0.10000000000000001,0.0089999999999999004,0.0060000000000000001,0.094197000000000003,65.532179999999997,0.59999999999999987,88.468442999999994,0.11774625,3000,500,1.0000000000000001e-15,5.6703744189999998e-23,0.5,223.15000000000001,2000,1,1,2000,1,900,300,300,330,0.84999999999999987,500,5000,1,1,map,697
map_0698,map,map_698,haps_thermal_map.slx,1100,101325,300,223.15000000000001,50,0.625,120,0.40000000000000002,2,0.01,0.10000000000000001,0.0089999999999999004,0.0060000000000000001,0.094197000000000003,65.532179999999997,0.59999999999999987,88.468442999999994,0.11774625,3000,500,1.0000000000000001e-15,5.6703744189999998e-23,0.625,223.15000000000001,2000,1,1,2000,1,900,300,300,330,0.84999999999999987,500,5000,1,1,map,698
map_0699,map,map_699,haps_thermal_map.slx,1100,101325,300,223.15000000000001,50,0.75,120,0.40000000000000002,2,0.01,0.10000000000000001,0.0089999999999999004,0.0060000000000000001,0.094197000000000003,65.532179999999997,0.59999999999999987,88.468442999999994,0.11774625,3000,500,1.0000000000000001e-15,5.6703744189999998e-23,0.75,223.15000000000001,2000,1,1,2000,1,900,300,300,330,0.84999999999999987,500,5000,1,1,map,699
map_0700,map,map_700,haps_thermal_map.slx,1100,101325,300,223.15000000000001,50,0.875,120,0.40000000000000002,2,0.01,0.10000000000000001,0.0089999999999999004,0.0060000000000000001,0.094197000000000003,65.532179999999997,0.59999999999999987,88.468442999999994,0.11774625,3000,500,1.0000000000000001e-15,5.6703744189999998e-23,0.875,223.15000000000001,2000,1,1,2000,1,900,300,300,330,0.84999999999999987,500,5000,1,1,map,700
map_0701,map,map_701,haps_thermal_map.slx,1100,101325,300,223.15000000000001,50,1,120,0.40000000000000002,2,0.01,0.10000000000000001,0.0089999999999999004,0.0060000000000000001,0.094197000000000003,65.532179999999997,0.59999999999999987,88.468442999999994,0.11774625,3000,500,1.0000000000000001e-15,5.6703744189999998e-23,1,223.15000000000001,2000,1,1,2000,1,900,300,300,330,0.84999999999999987,500,5000,1,1,map,701
map_0702,map,map_702,haps_thermal_map.slx,1100,101325,300,223.15000000000001,50,1.125,120,0.40000000000000002,2,0.01,0.10000000000000001,0.0089999999999999004,0.0060000000000000001,0.094197000000000003,65.532179999999997,0.59999999999999987,88.468442999999994,0.11774625,3000,500,1.0000000000000001e-15,5.6703744189999998e-23,1.125,223.15000000000001,2000,1,1,2000,1,900,300,300,330,0.84999999999999987,500,5000,1,1,map,702
map_0703,map,map_703,haps_thermal_map.slx,1100,101325,300,223.15000000000001,50,1.25,120,0.40000000000000002,2,0.01,0.10000000000000001,0.0089999999999999004,0.0060000000000000001,0.094197000000000003,65.532179999999997,0.59999999999999987,88.468442999999994,0.11774625,3000,500,1.0000000000000001e-15,5.6703744189999998e-23,1.25,223.15000000000001,2000,1,1,2000,1,900,300,300,330,0.84999999999999987,500,5000,1,1,map,703
map_0704,map,map_704,haps_thermal_map.slx,1100,101325,300,223.15000000000001,50,1.375,120,0.40000000000000002,2,0.01,0.10000000000000001,0.0089999999999999004,0.0060000000000000001,0.094197000000000003,65.532179999999997,0.59999999999999987,88.468442999999994,0.11774625,3000,500,1.0000000000000001e-15,5.6703744189999998e-23,1.375,223.15000000000001,2000,1,1,2000,1,900,300,300,330,0.84999999999999987,500,5000,1,1,map,704
map_0705,map,map_705,haps_thermal_map.slx,1100,101325,300,223.15000000000001,50,1.5,120,0.40000000000000002,2,0.01,0.10000000000000001,0.0089999999999999004,0.0060000000000000001,0.094197000000000003,65.532179999999997,0.59999999999999987,88.468442999999994,0.11774625,3000,500,1.0000000000000001e-15,5.6703744189999998e-23,1.5,223.15000000000001,2000,1,1,2000,1,900,300,300,330,0.84999999999999987,500,5000,1,1,map,705
map_0706,map,map_706,haps_thermal_map.slx,1100,101325,300,223.15000000000001,50,1.625,120,0.40000000000000002,2,0.01,0.10000000000000001,0.0089999999999999004,0.0060000000000000001,0.094197000000000003,65.532179999999997,0.59999999999999987,88.468442999999994,0.11774625,3000,500,1.0000000000000001e-15,5.6703744189999998e-23,1.625,223.15000000000001,2000,1,1,2000,1,900,300,300,330,0.84999999999999987,500,5000,1,1,map,706
map_0707,map,map_707,haps_thermal_map.slx,1100,101325,300,223.15000000000001,50,1.75,120,0.40000000000000002,2,0.01,0.10000000000000001,0.0089999999999999004,0.0060000000000000001,0.094197000000000003,65.532179999999997,0.59999999999999987,88.468442999999994,0.11774625,3000,500,1.0000000000000001e-15,5.6703744189999998e-23,1.75,223.15000000000001,2000,1,1,2000,1,900,300,300,330,0.84999999999999987,500,5000,1,1,map,707
map_0708,map,map_708,haps_thermal_map.slx,1100,101325,300,223.15000000000001,50,1.875,120,0.40000000000000002,2,0.01,0.10000000000000001,0.0089999999999999004,0.0060000000000000001,0.094197000000000003,65.532179999999997,0.59999999999999987,88.468442999999994,0.11774625,3000,500,1.0000000000000001e-15,5.6703744189999998e-23,1.875,223.15000000000001,2000,1,1,2000,1,900,300,300,330,0.84999999999999987,500,5000,1,1,map,708
map_0709,map,map_709,haps_thermal_map.slx,1100,101325,300,223.15000000000001,50,2,120,0.40000000000000002,2,0.01,0.10000000000000001,0.0089999999999999004,0.0060000000000000001,0.094197000000000003,65.532179999999997,0.59999999999999987,88.468442999999994,0.11774625,3000,500,1.0000000000000001e-15,5.6703744189999998e-23,2,223.15000000000001,2000,1,1,2000,1,900,300,300,330,0.84999999999999987,500,5000,1,1,map,709
map_0710,map,map_710,haps_thermal_map.slx,1100,101325,300,223.15000000000001,50,2.25,120,0.40000000000000002,2,0.01,0.10000000000000001,0.0089999999999999004,0.0060000000000000001,0.094197000000000003,65.532179999999997,0.59999999999999987,88.468442999999994,0.11774625,3000,500,1.0000000000000001e-15,5.6703744189999998e-23,2.25,223.15000000000001,2000,1,1,2000,1,900,300,300,330,0.84999999999999987,500,5000,1,1,map,710
map_0711,map,map_711,haps_thermal_map.slx,1100,101325,300,223.15000000000001,50,2.5,120,0.40000000000000002,2,0.01,0.10000000000000001,0.0089999999999999004,0.0060000000000000001,0.094197000000000003,65.532179999999997,0.59999999999999987,88.468442999999994,0.11774625,3000,500,1.0000000000000001e-15,5.6703744189999998e-23,2.5,223.15000000000001,2000,1,1,2000,1,900,300,300,330,0.84999999999999987,500,5000,1,1,map,711
map_0712,map,map_712,haps_thermal_map.slx,1100,101325,300,223.15000000000001,50,2.75,120,0.40000000000000002,2,0.01,0.10000000000000001,0.0089999999999999004,0.0060000000000000001,0.094197000000000003,65.532179999999997,0.59999999999999987,88.468442999999994,0.11774625,3000,500,1.0000000000000001e-15,5.6703744189999998e-23,2.75,223.15000000000001,2000,1,1,2000,1,900,300,300,330,0.84999999999999987,500,5000,1,1,map,712
map_0713,map,map_713,haps_thermal_map.slx,1100,101325,300,223.15000000000001,50,3,120,0.40000000000000002,2,0.01,0.10000000000000001,0.0089999999999999004,0.0060000000000000001,0.094197000000000003,65.532179999999997,0.59999999999999987,88.468442999999994,0.11774625,3000,500,1.0000000000000001e-15,5.6703744189999998e-23,3,223.15000000000001,2000,1,1,2000,1,900,300,300,330,0.84999999999999987,500,5000,1,1,map,713
map_0714,map,map_714,haps_thermal_map.slx,1100,101325,300,223.15000000000001,50,3.25,120,0.40000000000000002,2,0.01,0.10000000000000001,0.0089999999999999004,0.0060000000000000001,0.094197000000000003,65.532179999999997,0.59999999999999987,88.468442999999994,0.11774625,3000,500,1.0000000000000001e-15,5.6703744189999998e-23,3.25,223.15000000000001,2000,1,1,2000,1,900,300,300,330,0.84999999999999987,500,5000,1,1,map,714
map_0715,map,map_715,haps_thermal_map.slx,1100,101325,300,223.15000000000001,50,3.5,120,0.40000000000000002,2,0.01,0.10000000000000001,0.0089999999999999004,0.0060000000000000001,0.094197000000000003,65.532179999999997,0.59999999999999987,88.468442999999994,0.11774625,3000,500,1.0000000000000001e-15,5.6703744189999998e-23,3.5,223.15000000000001,2000,1,1,2000,1,900,300,300,330,0.84999999999999987,500,5000,1,1,map,715
map_0716,map,map_716,haps_thermal_map.slx,1100,101325,300,223.15000000000001,50,3.75,120,0.40000000000000002,2,0.01,0.10000000000000001,0.0089999999999999004,0.0060000000000000001,0.094197000000000003,65.532179999999997,0.59999999999999987,88.468442999999994,0.11774625,3000,500,1.0000000000000001e-15,5.6703744189999998e-23,3.75,223.15000000000001,2000,1,1,2000,1,900,300,300,330,0.84999999999999987,500,5000,1,1,map,716
map_0717,map,map_717,haps_thermal_map.slx,1100,101325,300,223.15000000000001,50,4,120,0.40000000000000002,2,0.01,0.10000000000000001,0.0089999999999999004,0.0060000000000000001,0.094197000000000003,65.532179999999997,0.59999999999999987,88.468442999999994,0.11774625,3000,500,1.0000000000000001e-15,5.6703744189999998e-23,4,223.15000000000001,2000,1,1,2000,1,900,300,300,330,0.84999999999999987,500,5000,1,1,map,717
map_0718,map,map_718,haps_thermal_map.slx,1100,101325,300,223.15000000000001,50,4.25,120,0.40000000000000002,2,0.01,0.10000000000000001,0.0089999999999999004,0.0060000000000000001,0.094197000000000003,65.532179999999997,0.59999999999999987,88.468442999999994,0.11774625,3000,500,1.0000000000000001e-15,5.6703744189999998e-23,4.25,223.15000000000001,2000,1,1,2000,1,900,300,300,330,0.84999999999999987,500,5000,1,1,map,718
map_0719,map,map_719,haps_thermal_map.slx,1100,101325,300,223.15000000000001,50,4.5,120,0.40000000000000002,2,0.01,0.10000000000000001,0.0089999999999999004,0.0060000000000000001,0.094197000000000003,65.532179999999997,0.59999999999999987,88.468442999999994,0.11774625,3000,500,1.0000000000000001e-15,5.6703744189999998e-23,4.5,223.15000000000001,2000,1,1,2000,1,900,300,300,330,0.84999999999999987,500,5000,1,1,map,719
map_0720,map,map_720,haps_thermal_map.slx,1100,101325,300,223.15000000000001,50,4.75,120,0.40000000000000002,2,0.01,0.10000000000000001,0.0089999999999999004,0.0060000000000000001,0.094197000000000003,65.532179999999997,0.59999999999999987,88.468442999999994,0.11774625,3000,500,1.0000000000000001e-15,5.6703744189999998e-23,4.75,223.15000000000001,2000,1,1,2000,1,900,300,300,330,0.84999999999999987,500,5000,1,1,map,720
map_0721,map,map_721,haps_thermal_map.slx,1100,101325,300,223.15000000000001,50,5,120,0.40000000000000002,2,0.01,0.10000000000000001,0.0089999999999999004,0.0060000000000000001,0.094197000000000003,65.532179999999997,0.59999999999999987,88.468442999999994,0.11774625,3000,500,1.0000000000000001e-15,5.6703744189999998e-23,5,223.15000000000001,2000,1,1,2000,1,900,300,300,330,0.84999999999999987,500,5000,1,1,map,721
map_0722,map,map_722,haps_thermal_map.slx,1100,101325,300,223.15000000000001,50,5.25,120,0.40000000000000002,2,0.01,0.10000000000000001,0.0089999999999999004,0.0060000000000000001,0.094197000000000003,65.532179999999997,0.59999999999999987,88.468442999999994,0.11774625,3000,500,1.0000000000000001e-15,5.6703744189999998e-23,5.25,223.15000000000001,2000,1,1,2000,1,900,300,300,330,0.84999999999999987,500,5000,1,1,map,722
map_0723,map,map_723,haps_thermal_map.slx,1100,101325,300,223.15000000000001,50,5.5,120,0.40000000000000002,2,0.01,0.10000000000000001,0.0089999999999999004,0.0060000000000000001,0.094197000000000003,65.532179999999997,0.59999999999999987,88.468442999999994,0.11774625,3000,500,1.0000000000000001e-15,5.6703744189999998e-23,5.5,223.15000000000001,2000,1,1,2000,1,900,300,300,330,0.84999999999999987,500,5000,1,1,map,723
map_0724,map,map_724,haps_thermal_map.slx,1100,101325,300,223.15000000000001,50,5.75,120,0.40000000000000002,2,0.01,0.10000000000000001,0.0089999999999999004,0.0060000000000000001,0.094197000000000003,65.532179999999997,0.59999999999999987,88.468442999999994,0.11774625,3000,500,1.0000000000000001e-15,5.6703744189999998e-23,5.75,223.15000000000001,2000,1,1,2000,1,900,300,300,330,0.84999999999999987,500,5000,1,1,map,724
map_0725,map,map_725,haps_thermal_map.slx,1100,101325,300,223.15000000000001,50,6,120,0.40000000000000002,2,0.01,0.10000000000000001,0.0089999999999999004,0.0060000000000000001,0.094197000000000003,65.532179999999997,0.59999999999999987,88.468442999999994,0.11774625,3000,500,1.0000000000000001e-15,5.6703744189999998e-23,6,223.15000000000001,2000,1,1,2000,1,900,300,300,330,0.84999999999999987,500,5000,1,1,map,725
map_0726,map,map_726,haps_thermal_map.slx,1100,101325,300,223.15000000000001,50,0.5,120,0.40000000000000002,2,0.01,0.10000000000000001,0.0089999999999999004,0.0060000000000000001,0.094197000000000003,65.532179999999997,0.59999999999999987,88.468442999999994,0.11774625,3000,500,1.0000000000000001e-15,5.6703744189999998e-23,0.5,223.15000000000001,2990.6975624424399,1,1,2990.6975624424399,1,900,300,300,330,0.84999999999999987,500,5000,1,1,map,726
map_0727,map,map_727,haps_thermal_map.slx,1100,101325,300,223.15000000000001,50,0.625,120,0.40000000000000002,2,0.01,0.10000000000000001,0.0089999999999999004,0.0060000000000000001,0.094197000000000003,65.532179999999997,0.59999999999999987,88.468442999999994,0.11774625,3000,500,1.0000000000000001e-15,5.6703744189999998e-23,0.625,223.15000000000001,2990.6975624424399,1,1,2990.6975624424399,1,900,300,300,330,0.84999999999999987,500,5000,1,1,map,727
map_0728,map,map_728,haps_thermal_map.slx,1100,101325,300,223.15000000000001,50,0.75,120,0.40000000000000002,2,0.01,0.10000000000000001,0.0089999999999999004,0.0060000000000000001,0.094197000000000003,65.532179999999997,0.59999999999999987,88.468442999999994,0.11774625,3000,500,1.0000000000000001e-15,5.6703744189999998e-23,0.75,223.15000000000001,2990.6975624424399,1,1,2990.6975624424399,1,900,300,300,330,0.84999999999999987,500,5000,1,1,map,728
map_0729,map,map_729,haps_thermal_map.slx,1100,101325,300,223.15000000000001,50,0.875,120,0.40000000000000002,2,0.01,0.10000000000000001,0.0089999999999999004,0.0060000000000000001,0.094197000000000003,65.532179999999997,0.59999999999999987,88.468442999999994,0.11774625,3000,500,1.0000000000000001e-15,5.6703744189999998e-23,0.875,223.15000000000001,2990.6975624424399,1,1,2990.6975624424399,1,900,300,300,330,0.84999999999999987,500,5000,1,1,map,729
map_0730,map,map_730,haps_thermal_map.slx,1100,101325,300,223.15000000000001,50,1,120,0.40000000000000002,2,0.01,0.10000000000000001,0.0089999999999999004,0.0060000000000000001,0.094197000000000003,65.532179999999997,0.59999999999999987,88.468442999999994,0.11774625,3000,500,1.0000000000000001e-15,5.6703744189999998e-23,1,223.15000000000001,2990.6975624424399,1,1,2990.6975624424399,1,900,300,300,330,0.84999999999999987,500,5000,1,1,map,730
map_0731,map,map_731,haps_thermal_map.slx,1100,101325,300,223.15000000000001,50,1.125,120,0.40000000000000002,2,0.01,0.10000000000000001,0.0089999999999999004,0.0060000000000000001,0.094197000000000003,65.532179999999997,0.59999999999999987,88.468442999999994,0.11774625,3000,500,1.0000000000000001e-15,5.6703744189999998e-23,1.125,223.15000000000001,2990.6975624424399,1,1,2990.6975624424399,1,900,300,300,330,0.84999999999999987,500,5000,1,1,map,731
map_0732,map,map_732,haps_thermal_map.slx,1100,101325,300,223.15000000000001,50,1.25,120,0.40000000000000002,2,0.01,0.10000000000000001,0.0089999999999999004,0.0060000000000000001,0.094197000000000003,65.532179999999997,0.59999999999999987,88.468442999999994,0.11774625,3000,500,1.0000000000000001e-15,5.6703744189999998e-23,1.25,223.15000000000001,2990.6975624424399,1,1,2990.6975624424399,1,900,300,300,330,0.84999999999999987,500,5000,1,1,map,732
map_0733,map,map_733,haps_thermal_map.slx,1100,101325,300,223.15000000000001,50,1.375,120,0.40000000000000002,2,0.01,0.10000000000000001,0.0089999999999999004,0.0060000000000000001,0.094197000000000003,65.532179999999997,0.59999999999999987,88.468442999999994,0.11774625,3000,500,1.0000000000000001e-15,5.6703744189999998e-23,1.375,223.15000000000001,2990.6975624424399,1,1,2990.6975624424399,1,900,300,300,330,0.84999999999999987,500,5000,1,1,map,733
map_0734,map,map_734,haps_thermal_map.slx,1100,101325,300,223.15000000000001,50,1.5,120,0.40000000000000002,2,0.01,0.10000000000000001,0.0089999999999999004,0.0060000000000000001,0.094197000000000003,65.532179999999997,0.59999999999999987,88.468442999999994,0.11774625,3000,500,1.0000000000000001e-15,5.6703744189999998e-23,1.5,223.15000000000001,2990.6975624424399,1,1,2990.6975624424399,1,900,300,300,330,0.84999999999999987,500,5000,1,1,map,734
map_0735,map,map_735,haps_thermal_map.slx,1100,101325,300,223.15000000000001,50,1.625,120,0.40000000000000002,2,0.01,0.10000000000000001,0.0089999999999999004,0.0060000000000000001,0.094197000000000003,65.532179999999997,0.59999999999999987,88.468442999999994,0.11774625,3000,500,1.0000000000000001e-15,5.6703744189999998e-23,1.625,223.15000000000001,2990.6975624424399,1,1,2990.6975624424399,1,900,300,300,330,0.84999999999999987,500,5000,1,1,map,735
map_0736,map,map_736,haps_thermal_map.slx,1100,101325,300,223.15000000000001,50,1.75,120,0.40000000000000002,2,0.01,0.10000000000000001,0.0089999999999999004,0.0060000000000000001,0.094197000000000003,65.532179999999997,0.59999999999999987,88.468442999999994,0.11774625,3000,500,1.0000000000000001e-15,5.6703744189999998e-23,1.75,223.15000000000001,2990.6975624424399,1,1,2990.6975624424399,1,900,300,300,330,0.84999999999999987,500,5000,1,1,map,736
map_0737,map,map_737,haps_thermal_map.slx,1100,101325,300,223.15000000000001,50,1.875,120,0.40000000000000002,2,0.01,0.10000000000000001,0.0089999999999999004,0.0060000000000000001,0.094197000000000003,65.532179999999997,0.59999999999999987,88.468442999999994,0.11774625,3000,500,1.0000000000000001e-15,5.6703744189999998e-23,1.875,223.15000000000001,2990.6975624424399,1,1,2990.6975624424399,1,900,300,300,330,0.84999999999999987,500,5000,1,1,map,737
map_0738,map,map_738,haps_thermal_map.slx,1100,101325,300,223.15000000000001,50,2,120,0.40000000000000002,2,0.01,0.10000000000000001,0.0089999999999999004,0.0060000000000000001,0.094197000000000003,65.532179999999997,0.59999999999999987,88.468442999999994,0.11774625,3000,500,1.0000000000000001e-15,5.6703744189999998e-23,2,223.15000000000001,2990.6975624424399,1,1,2990.6975624424399,1,900,300,300,330,0.84999999999999987,500,5000,1,1,map,738
map_0739,map,map_739,haps_thermal_map.slx,1100,101325,300,223.15000000000001,50,2.25,120,0.40000000000000002,2,0.01,0.10000000000000001,0.0089999999999999004,0.0060000000000000001,0.094197000000000003,65.532179999999997,0.59999999999999987,88.468442999999994,0.11774625,3000,500,1.0000000000000001e-15,5.6703744189999998e-23,2.25,223.15000000000001,2990.6975624424399,1,1,2990.6975624424399,1,900,300,300,330,0.84999999999999987,500,5000,1,1,map,739
map_0740,map,map_740,haps_thermal_map.slx,1100,101325,300,223.15000000000001,50,2.5,120,0.40000000000000002,2,0.01,0.10000000000000001,0.0089999999999999004,0.0060000000000000001,0.094197000000000003,65.532179999999997,0.59999999999999987,88.468442999999994,0.11774625,3000,500,1.0000000000000001e-15,5.6703744189999998e-23,2.5,223.15000000000001,2990.6975624424399,1,1,2990.6975624424399,1,900,300,300,330,0.84999999999999987,500,5000,1,1,map,740
map_0741,map,map_741,haps_thermal_map.slx,1100,101325,300,223.15000000000001,50,2.75,120,0.40000000000000002,2,0.01,0.10000000000000001,0.0089999999999999004,0.0060000000000000001,0.094197000000000003,65.532179999999997,0.59999999999999987,88.468442999999994,0.11774625,3000,500,1.0000000000000001e-15,5.6703744189999998e-23,2.75,223.15000000000001,2990.6975624424399,1,1,2990.6975624424399,1,900,300,300,330,0.84999999999999987,500,5000,1,1,map,741
map_0742,map,map_742,haps_thermal_map.slx,1100,101325,300,223.15000000000001,50,3,120,0.40000000000000002,2,0.01,0.10000000000000001,0.0089999999999999004,0.0060000000000000001,0.094197000000000003,65.532179999999997,0.59999999999999987,88.468442999999994,0.11774625,3000,500,1.0000000000000001e-15,5.6703744189999998e-23,3,223.15000000000001,2990.6975624424399,1,1,2990.6975624424399,1,900,300,300,330,0.84999999999999987,500,5000,1,1,map,742
map_0743,map,map_743,haps_thermal_map.slx,1100,101325,300,223.15000000000001,50,3.25,120,0.40000000000000002,2,0.01,0.10000000000000001,0.0089999999999999004,0.0060000000000000001,0.094197000000000003,65.532179999999997,0.59999999999999987,88.468442999999994,0.11774625,3000,500,1.0000000000000001e-15,5.6703744189999998e-23,3.25,223.15000000000001,2990.6975624424399,1,1,2990.6975624424399,1,900,300,300,330,0.84999999999999987,500,5000,1,1,map,743
map_0744,map,map_744,haps_thermal_map.slx,1100,101325,300,223.15000000000001,50,3.5,120,0.40000000000000002,2,0.01,0.10000000000000001,0.0089999999999999004,0.0060000000000000001,0.094197000000000003,65.532179999999997,0.59999999999999987,88.468442999999994,0.11774625,3000,500,1.0000000000000001e-15,5.6703744189999998e-23,3.5,223.15000000000001,2990.6975624424399,1,1,2990.6975624424399,1,900,300,300,330,0.84999999999999987,500,5000,1,1,map,744
map_0745,map,map_745,haps_thermal_map.slx,1100,101325,300,223.15000000000001,50,3.75,120,0.40000000000000002,2,0.01,0.10000000000000001,0.0089999999999999004,0.0060000000000000001,0.094197000000000003,65.532179999999997,0.59999999999999987,88.468442999999994,0.11774625,3000,500,1.0000000000000001e-15,5.6703744189999998e-23,3.75,223.15000000000001,2990.6975624424399,1,1,2990.6975624424399,1,900,300,300,330,0.84999999999999987,500,5000,1,1,map,745
map_0746,map,map_746,haps_thermal_map.slx,1100,101325,300,223.15000000000001,50,4,120,0.40000000000000002,2,0.01,0.10000000000000001,0.0089999999999999004,0.0060000000000000001,0.094197000000000003,65.532179999999997,0.59999999999999987,88.468442999999994,0.11774625,3000,500,1.0000000000000001e-15,5.6703744189999998e-23,4,223.15000000000001,2990.6975624424399,1,1,2990.6975624424399,1,900,300,300,330,0.84999999999999987,500,5000,1,1,map,746
map_0747,map,map_747,haps_thermal_map.slx,1100,101325,300,223.15000000000001,50,4.25,120,0.40000000000000002,2,0.01,0.10000000000000001,0.0089999999999999004,0.0060000000000000001,0.094197000000000003,65.532179999999997,0.59999999999999987,88.468442999999994,0.11774625,3000,500,1.0000000000000001e-15,5.6703744189999998e-23,4.25,223.15000000000001,2990.6975624424399,1,1,2990.6975624424399,1,900,300,300,330,0.84999999999999987,500,5000,1,1,map,747
map_0748,map,map_748,haps_thermal_map.slx,1100,101325,300,223.15000000000001,50,4.5,120,0.40000000000000002,2,0.01,0.10000000000000001,0.0089999999999999004,0.0060000000000000001,0.094197000000000003,65.532179999999997,0.59999999999999987,88.468442999999994,0.11774625,3000,500,1.0000000000000001e-15,5.6703744189999998e-23,4.5,223.15000000000001,2990.6975624424399,1,1,2990.6975624424399,1,900,300,300,330,0.84999999999999987,500,5000,1,1,map,748
map_0749,map,map_749,haps_thermal_map.slx,1100,101325,300,223.15000000000001,50,4.75,120,0.40000000000000002,2,0.01,0.10000000000000001,0.0089999999999999004,0.0060000000000000001,0.094197000000000003,65.532179999999997,0.59999999999999987,88.468442999999994,0.11774625,3000,500,1.0000000000000001e-15,5.6703744189999998e-23,4.75,223.15000000000001,2990.6975624424399,1,1,2990.6975624424399,1,900,300,300,330,0.84999999999999987,500,5000,1,1,map,749
map_0750,map,map_750,haps_thermal_map.slx,1100,101325,300,223.15000000000001,50,5,120,0.40000000000000002,2,0.01,0.10000000000000001,0.0089999999999999004,0.0060000000000000001,0.094197000000000003,65.532179999999997,0.59999999999999987,88.468442999999994,0.11774625,3000,500,1.0000000000000001e-15,5.6703744189999998e-23,5,223.15000000000001,2990.6975624424399,1,1,2990.6975624424399,1,900,300,300,330,0.84999999999999987,500,5000,1,1,map,750
map_0751,map,map_751,haps_thermal_map.slx,1100,101325,300,223.15000000000001,50,5.25,120,0.40000000000000002,2,0.01,0.10000000000000001,0.0089999999999999004,0.0060000000000000001,0.094197000000000003,65.532179999999997,0.59999999999999987,88.468442999999994,0.11774625,3000,500,1.0000000000000001e-15,5.6703744189999998e-23,5.25,223.15000000000001,2990.6975624424399,1,1,2990.6975624424399,1,900,300,300,330,0.84999999999999987,500,5000,1,1,map,751
map_0752,map,map_752,haps_thermal_map.slx,1100,101325,300,223.15000000000001,50,5.5,120,0.40000000000000002,2,0.01,0.10000000000000001,0.0089999999999999004,0.0060000000000000001,0.094197000000000003,65.532179999999997,0.59999999999999987,88.468442999999994,0.11774625,3000,500,1.0000000000000001e-15,5.6703744189999998e-23,5.5,223.15000000000001,2990.6975624424399,1,1,2990.6975624424399,1,900,300,300,330,0.84999999999999987,500,5000,1,1,map,752
map_0753,map,map_753,haps_thermal_map.slx,1100,101325,300,223.15000000000001,50,5.75,120,0.40000000000000002,2,0.01,0.10000000000000001,0.0089999999999999004,0.0060000000000000001,0.094197000000000003,65.532179999999997,0.59999999999999987,88.468442999999994,0.11774625,3000,500,1.0000000000000001e-15,5.6703744189999998e-23,5.75,223.15000000000001,2990.6975624424399,1,1,2990.6975624424399,1,900,300,300,330,0.84999999999999987,500,5000,1,1,map,753
map_0754,map,map_754,haps_thermal_map.slx,1100,101325,300,223.15000000000001,50,6,120,0.40000000000000002,2,0.01,0.10000000000000001,0.0089999999999999004,0.0060000000000000001,0.094197000000000003,65.532179999999997,0.59999999999999987,88.468442999999994,0.11774625,3000,500,1.0000000000000001e-15,5.6703744189999998e-23,6,223.15000000000001,2990.6975624424399,1,1,2990.6975624424399,1,900,300,300,330,0.84999999999999987,500,5000,1,1,map,754
map_0755,map,map_755,haps_thermal_map.slx,1100,101325,300,223.15000000000001,50,0.5,120,0.40000000000000002,2,0.01,0.10000000000000001,0.0089999999999999004,0.0060000000000000001,0.094197000000000003,65.532179999999997,0.59999999999999987,88.468442999999994,0.11774625,3000,500,1.0000000000000001e-15,5.6703744189999998e-23,0.5,223.15000000000001,4472.1359549995796,1,1,4472.1359549995796,1,900,300,300,330,0.84999999999999987,500,5000,1,1,map,755
map_0756,map,map_756,haps_thermal_map.slx,1100,101325,300,223.15000000000001,50,0.625,120,0.40000000000000002,2,0.01,0.10000000000000001,0.0089999999999999004,0.0060000000000000001,0.094197000000000003,65.532179999999997,0.59999999999999987,88.468442999999994,0.11774625,3000,500,1.0000000000000001e-15,5.6703744189999998e-23,0.625,223.15000000000001,4472.1359549995796,1,1,4472.1359549995796,1,900,300,300,330,0.84999999999999987,500,5000,1,1,map,756
map_0757,map,map_757,haps_thermal_map.slx,1100,101325,300,223.15000000000001,50,0.75,120,0.40000000000000002,2,0.01,0.10000000000000001,0.0089999999999999004,0.0060000000000000001,0.094197000000000003,65.532179999999997,0.59999999999999987,88.468442999999994,0.11774625,3000,500,1.0000000000000001e-15,5.6703744189999998e-23,0.75,223.15000000000001,4472.1359549995796,1,1,4472.1359549995796,1,900,300,300,330,0.84999999999999987,500,5000,1,1,map,757
map_0758,map,map_758,haps_thermal_map.slx,1100,101325,300,223.15000000000001,50,0.875,120,0.40000000000000002,2,0.01,0.10000000000000001,0.0089999999999999004,0.0060000000000000001,0.094197000000000003,65.532179999999997,0.59999999999999987,88.468442999999994,0.11774625,3000,500,1.0000000000000001e-15,5.6703744189999998e-23,0.875,223.15000000000001,4472.1359549995796,1,1,4472.1359549995796,1,900,300,300,330,0.84999999999999987,500,5000,1,1,map,758
map_0759,map,map_759,haps_thermal_map.slx,1100,101325,300,223.15000000000001,50,1,120,0.40000000000000002,2,0.01,0.10000000000000001,0.0089999999999999004,0.0060000000000000001,0.094197000000000003,65.532179999999997,0.59999999999999987,88.468442999999994,0.11774625,3000,500,1.0000000000000001e-15,5.6703744189999998e-23,1,223.15000000000001,4472.1359549995796,1,1,4472.1359549995796,1,900,300,300,330,0.84999999999999987,500,5000,1,1,map,759
map_0760,map,map_760,haps_thermal_map.slx,1100,101325,300,223.15000000000001,50,1.125,120,0.40000000000000002,2,0.01,0.10000000000000001,0.0089999999999999004,0.0060000000000000001,0.094197000000000003,65.532179999999997,0.59999999999999987,88.468442999999994,0.11774625,3000,500,1.0000000000000001e-15,5.6703744189999998e-23,1.125,223.15000000000001,4472.1359549995796,1,1,4472.1359549995796,1,900,300,300,330,0.84999999999999987,500,5000,1,1,map,760
map_0761,map,map_761,haps_thermal_map.slx,1100,101325,300,223.15000000000001,50,1.25,120,0.40000000000000002,2,0.01,0.10000000000000001,0.0089999999999999004,0.0060000000000000001,0.094197000000000003,65.532179999999997,0.59999999999999987,88.468442999999994,0.11774625,3000,500,1.0000000000000001e-15,5.6703744189999998e-23,1.25,223.15000000000001,4472.1359549995796,1,1,4472.1359549995796,1,900,300,300,330,0.84999999999999987,500,5000,1,1,map,761
map_0762,map,map_762,haps_thermal_map.slx,1100,101325,300,223.15000000000001,50,1.375,120,0.40000000000000002,2,0.01,0.10000000000000001,0.0089999999999999004,0.0060000000000000001,0.094197000000000003,65.532179999999997,0.59999999999999987,88.468442999999994,0.11774625,3000,500,1.0000000000000001e-15,5.6703744189999998e-23,1.375,223.15000000000001,4472.1359549995796,1,1,4472.1359549995796,1,900,300,300,330,0.84999999999999987,500,5000,1,1,map,762
map_0763,map,map_763,haps_thermal_map.slx,1100,101325,300,223.15000000000001,50,1.5,120,0.40000000000000002,2,0.01,0.10000000000000001,0.0089999999999999004,0.0060000000000000001,0.094197000000000003,65.532179999999997,0.59999999999999987,88.468442999999994,0.11774625,3000,500,1.0000000000000001e-15,5.6703744189999998e-23,1.5,223.15000000000001,4472.1359549995796,1,1,4472.1359549995796,1,900,300,300,330,0.84999999999999987,500,5000,1,1,map,763
map_0764,map,map_764,haps_thermal_map.slx,1100,101325,300,223.15000000000001,50,1.625,120,0.40000000000000002,2,0.01,0.10000000000000001,0.0089999999999999004,0.0060000000000000001,0.094197000000000003,65.532179999999997,0.59999999999999987,88.468442999999994,0.11774625,3000,500,1.0000000000000001e-15,5.6703744189999998e-23,1.625,223.15000000000001,4472.1359549995796,1,1,4472.1359549995796,1,900,300,300,330,0.84999999999999987,500,5000,1,1,map,764
map_0765,map,map_765,haps_thermal_map.slx,1100,101325,300,223.15000000000001,50,1.75,120,0.40000000000000002,2,0.01,0.10000000000000001,0.0089999999999999004,0.0060000000000000001,0.094197000000000003,65.532179999999997,0.59999999999999987,88.468442999999994,0.11774625,3000,500,1.0000000000000001e-15,5.6703744189999998e-23,1.75,223.15000000000001,4472.1359549995796,1,1,4472.1359549995796,1,900,300,300,330,0.84999999999999987,500,5000,1,1,map,765
map_0766,map,map_766,haps_thermal_map.slx,1100,101325,300,223.15000000000001,50,1.875,120,0.40000000000000002,2,0.01,0.10000000000000001,0.0089999999999999004,0.0060000000000000001,0.094197000000000003,65.532179999999997,0.59999999999999987,88.468442999999994,0.11774625,3000,500,1.0000000000000001e-15,5.6703744189999998e-23,1.875,223.15000000000001,4472.1359549995796,1,1,4472.1359549995796,1,900,300,300,330,0.84999999999999987,500,5000,1,1,map,766
map_0767,map,map_767,haps_thermal_map.slx,1100,101325,300,223.15000000000001,50,2,120,0.40000000000000002,2,0.01,0.10000000000000001,0.0089999999999999004,0.0060000000000000001,0.094197000000000003,65.532179999999997,0.59999999999999987,88.468442999999994,0.11774625,3000,500,1.0000000000000001e-15,5.6703744189999998e-23,2,223.15000000000001,4472.1359549995796,1,1,4472.1359549995796,1,900,300,300,330,0.84999999999999987,500,5000,1,1,map,767
map_0768,map,map_768,haps_thermal_map.slx,1100,101325,300,223.15000000000001,50,2.25,120,0.40000000000000002,2,0.01,0.10000000000000001,0.0089999999999999004,0.0060000000000000001,0.094197000000000003,65.532179999999997,0.59999999999999987,88.468442999999994,0.11774625,3000,500,1.0000000000000001e-15,5.6703744189999998e-23,2.25,223.15000000000001,4472.1359549995796,1,1,4472.1359549995796,1,900,300,300,330,0.84999999999999987,500,5000,1,1,map,768
map_0769,map,map_769,haps_thermal_map.slx,1100,101325,300,223.15000000000001,50,2.5,120,0.40000000000000002,2,0.01,0.10000000000000001,0.0089999999999999004,0.0060000000000000001,0.094197000000000003,65.532179999999997,0.59999999999999987,88.468442999999994,0.11774625,3000,500,1.0000000000000001e-15,5.6703744189999998e-23,2.5,223.15000000000001,4472.1359549995796,1,1,4472.1359549995796,1,900,300,300,330,0.84999999999999987,500,5000,1,1,map,769
map_0770,map,map_770,haps_thermal_map.slx,1100,101325,300,223.15000000000001,50,2.75,120,0.40000000000000002,2,0.01,0.10000000000000001,0.0089999999999999004,0.0060000000000000001,0.094197000000000003,65.532179999999997,0.59999999999999987,88.468442999999994,0.11774625,3000,500,1.0000000000000001e-15,5.6703744189999998e-23,2.75,223.15000000000001,4472.1359549995796,1,1,4472.1359549995796,1,900,300,300,330,0.84999999999999987,500,5000,1,1,map,770
map_0771,map,map_771,haps_thermal_map.slx,1100,101325,300,223.15000000000001,50,3,120,0.40000000000000002,2,0.01,0.10000000000000001,0.0089999999999999004,0.0060000000000000001,0.094197000000000003,65.532179999999997,0.59999999999999987,88.468442999999994,0.11774625,3000,500,1.0000000000000001e-15,5.6703744189999998e-23,3,223.15000000000001,4472.1359549995796,1,1,4472.1359549995796,1,900,300,300,330,0.84999999999999987,500,5000,1,1,map,771
map_0772,map,map_772,haps_thermal_map.slx,1100,101325,300,223.15000000000001,50,3.25,120,0.40000000000000002,2,0.01,0.10000000000000001,0.0089999999999999004,0.0060000000000000001,0.094197000000000003,65.532179999999997,0.59999999999999987,88.468442999999994,0.11774625,3000,500,1.0000000000000001e-15,5.6703744189999998e-23,3.25,223.15000000000001,4472.1359549995796,1,1,4472.1359549995796,1,900,300,300,330,0.84999999999999987,500,5000,1,1,map,772
map_0773,map,map_773,haps_thermal_map.slx,1100,101325,300,223.15000000000001,50,3.5,120,0.40000000000000002,2,0.01,0.10000000000000001,0.0089999999999999004,0.0060000000000000001,0.094197000000000003,65.532179999999997,0.59999999999999987,88.468442999999994,0.11774625,3000,500,1.0000000000000001e-15,5.6703744189999998e-23,3.5,223.15000000000001,4472.1359549995796,1,1,4472.1359549995796,1,900,300,300,330,0.84999999999999987,500,5000,1,1,map,773
map_0774,map,map_774,haps_thermal_map.slx,1100,101325,300,223.15000000000001,50,3.75,120,0.40000000000000002,2,0.01,0.10000000000000001,0.0089999999999999004,0.0060000000000000001,0.094197000000000003,65.532179999999997,0.59999999999999987,88.468442999999994,0.11774625,3000,500,1.0000000000000001e-15,5.6703744189999998e-23,3.75,223.15000000000001,4472.1359549995796,1,1,4472.1359549995796,1,900,300,300,330,0.84999999999999987,500,5000,1,1,map,774
map_0775,map,map_775,haps_thermal_map.slx,1100,101325,300,223.15000000000001,50,4,120,0.40000000000000002,2,0.01,0.10000000000000001,0.0089999999999999004,0.0060000000000000001,0.094197000000000003,65.532179999999997,0.59999999999999987,88.468442999999994,0.11774625,3000,500,1.0000000000000001e-15,5.6703744189999998e-23,4,223.15000000000001,4472.1359549995796,1,1,4472.1359549995796,1,900,300,300,330,0.84999999999999987,500,5000,1,1,map,775
map_0776,map,map_776,haps_thermal_map.slx,1100,101325,300,223.15000000000001,50,4.25,120,0.40000000000000002,2,0.01,0.10000000000000001,0.0089999999999999004,0.0060000000000000001,0.094197000000000003,65.532179999999997,0.59999999999999987,88.468442999999994,0.11774625,3000,500,1.0000000000000001e-15,5.6703744189999998e-23,4.25,223.15000000000001,4472.1359549995796,1,1,4472.1359549995796,1,900,300,300,330,0.84999999999999987,500,5000,1,1,map,776
map_0777,map,map_777,haps_thermal_map.slx,1100,101325,300,223.15000000000001,50,4.5,120,0.40000000000000002,2,0.01,0.10000000000000001,0.0089999999999999004,0.0060000000000000001,0.094197000000000003,65.532179999999997,0.59999999999999987,88.468442999999994,0.11774625,3000,500,1.0000000000000001e-15,5.6703744189999998e-23,4.5,223.15000000000001,4472.1359549995796,1,1,4472.1359549995796,1,900,300,300,330,0.84999999999999987,500,5000,1,1,map,777
map_0778,map,map_778,haps_thermal_map.slx,1100,101325,300,223.15000000000001,50,4.75,120,0.40000000000000002,2,0.01,0.10000000000000001,0.0089999999999999004,0.0060000000000000001,0.094197000000000003,65.532179999999997,0.59999999999999987,88.468442999999994,0.11774625,3000,500,1.0000000000000001e-15,5.6703744189999998e-23,4.75,223.15000000000001,4472.1359549995796,1,1,4472.1359549995796,1,900,300,300,330,0.84999999999999987,500,5000,1,1,map,778
map_0779,map,map_779,haps_thermal_map.slx,1100,101325,300,223.15000000000001,50,5,120,0.40000000000000002,2,0.01,0.10000000000000001,0.0089999999999999004,0.0060000000000000001,0.094197000000000003,65.532179999999997,0.59999999999999987,88.468442999999994,0.11774625,3000,500,1.0000000000000001e-15,5.6703744189999998e-23,5,223.15000000000001,4472.1359549995796,1,1,4472.1359549995796,1,900,300,300,330,0.84999999999999987,500,5000,1,1,map,779
map_0780,map,map_780,haps_thermal_map.slx,1100,101325,300,223.15000000000001,50,5.25,120,0.40000000000000002,2,0.01,0.10000000000000001,0.0089999999999999004,0.0060000000000000001,0.094197000000000003,65.532179999999997,0.59999999999999987,88.468442999999994,0.11774625,3000,500,1.0000000000000001e-15,5.6703744189999998e-23,5.25,223.15000000000001,4472.1359549995796,1,1,4472.1359549995796,1,900,300,300,330,0.84999999999999987,500,5000,1,1,map,780
map_0781,map,map_781,haps_thermal_map.slx,1100,101325,300,223.15000000000001,50,5.5,120,0.40000000000000002,2,0.01,0.10000000000000001,0.0089999999999999004,0.0060000000000000001,0.094197000000000003,65.532179999999997,0.59999999999999987,88.468442999999994,0.11774625,3000,500,1.0000000000000001e-15,5.6703744189999998e-23,5.5,223.15000000000001,4472.1359549995796,1,1,4472.1359549995796,1,900,300,300,330,0.84999999999999987,500,5000,1,1,map,781
map_0782,map,map_782,haps_thermal_map.slx,1100,101325,300,223.15000000000001,50,5.75,120,0.40000000000000002,2,0.01,0.10000000000000001,0.0089999999999999004,0.0060000000000000001,0.094197000000000003,65.532179999999997,0.59999999999999987,88.468442999999994,0.11774625,3000,500,1.0000000000000001e-15,5.6703744189999998e-23,5.75,223.15000000000001,4472.1359549995796,1,1,4472.1359549995796,1,900,300,300,330,0.84999999999999987,500,5000,1,1,map,782
map_0783,map,map_783,haps_thermal_map.slx,1100,101325,300,223.15000000000001,50,6,120,0.40000000000000002,2,0.01,0.10000000000000001,0.0089999999999999004,0.0060000000000000001,0.094197000000000003,65.532179999999997,0.59999999999999987,88.468442999999994,0.11774625,3000,500,1.0000000000000001e-15,5.6703744189999998e-23,6,223.15000000000001,4472.1359549995796,1,1,4472.1359549995796,1,900,300,300,330,0.84999999999999987,500,5000,1,1,map,783
map_0784,map,map_784,haps_thermal_map.slx,1100,101325,300,223.15000000000001,50,0.5,120,0.40000000000000002,2,0.01,0.10000000000000001,0.0089999999999999004,0.0060000000000000001,0.094197000000000003,65.532179999999997,0.59999999999999987,88.468442999999994,0.11774625,3000,500,1.0000000000000001e-15,5.6703744189999998e-23,0.5,223.15000000000001,6687.4030497642198,1,1,6687.4030497642198,1,900,300,300,330,0.84999999999999987,500,5000,1,1,map,784
map_0785,map,map_785,haps_thermal_map.slx,1100,101325,300,223.15000000000001,50,0.625,120,0.40000000000000002,2,0.01,0.10000000000000001,0.0089999999999999004,0.0060000000000000001,0.094197000000000003,65.532179999999997,0.59999999999999987,88.468442999999994,0.11774625,3000,500,1.0000000000000001e-15,5.6703744189999998e-23,0.625,223.15000000000001,6687.4030497642198,1,1,6687.4030497642198,1,900,300,300,330,0.84999999999999987,500,5000,1,1,map,785
map_0786,map,map_786,haps_thermal_map.slx,1100,101325,300,223.15000000000001,50,0.75,120,0.40000000000000002,2,0.01,0.10000000000000001,0.0089999999999999004,0.0060000000000000001,0.094197000000000003,65.532179999999997,0.59999999999999987,88.468442999999994,0.11774625,3000,500,1.0000000000000001e-15,5.6703744189999998e-23,0.75,223.15000000000001,6687.4030497642198,1,1,6687.4030497642198,1,900,300,300,330,0.84999999999999987,500,5000,1,1,map,786
map_0787,map,map_787,haps_thermal_map.slx,1100,101325,300,223.15000000000001,50,0.875,120,0.40000000000000002,2,0.01,0.10000000000000001,0.0089999999999999004,0.0060000000000000001,0.094197000000000003,65.532179999999997,0.59999999999999987,88.468442999999994,0.11774625,3000,500,1.0000000000000001e-15,5.6703744189999998e-23,0.875,223.15000000000001,6687.4030497642198,1,1,6687.4030497642198,1,900,300,300,330,0.84999999999999987,500,5000,1,1,map,787
map_0788,map,map_788,haps_thermal_map.slx,1100,101325,300,223.15000000000001,50,1,120,0.40000000000000002,2,0.01,0.10000000000000001,0.0089999999999999004,0.0060000000000000001,0.094197000000000003,65.532179999999997,0.59999999999999987,88.468442999999994,0.11774625,3000,500,1.0000000000000001e-15,5.6703744189999998e-23,1,223.15000000000001,6687.4030497642198,1,1,6687.4030497642198,1,900,300,300,330,0.84999999999999987,500,5000,1,1,map,788
map_0789,map,map_789,haps_thermal_map.slx,1100,101325,300,223.15000000000001,50,1.125,120,0.40000000000000002,2,0.01,0.10000000000000001,0.0089999999999999004,0.0060000000000000001,0.094197000000000003,65.532179999999997,0.59999999999999987,88.468442999999994,0.11774625,3000,500,1.0000000000000001e-15,5.6703744189999998e-23,1.125,223.15000000000001,6687.4030497642198,1,1,6687.4030497642198,1,900,300,300,330,0.84999999999999987,500,5000,1,1,map,789
map_0790,map,map_790,haps_thermal_map.slx,1100,101325,300,223.15000000000001,50,1.25,120,0.40000000000000002,2,0.01,0.10000000000000001,0.0089999999999999004,0.0060000000000000001,0.094197000000000003,65.532179999999997,0.59999999999999987,88.468442999999994,0.11774625,3000,500,1.0000000000000001e-15,5.6703744189999998e-23,1.25,223.15000000000001,6687.4030497642198,1,1,6687.4030497642198,1,900,300,300,330,0.84999999999999987,500,5000,1,1,map,790
map_0791,map,map_791,haps_thermal_map.slx,1100,101325,300,223.15000000000001,50,1.375,120,0.40000000000000002,2,0.01,0.10000000000000001,0.0089999999999999004,0.0060000000000000001,0.094197000000000003,65.532179999999997,0.59999999999999987,88.468442999999994,0.11774625,3000,500,1.0000000000000001e-15,5.6703744189999998e-23,1.375,223.15000000000001,6687.4030497642198,1,1,6687.4030497642198,1,900,300,300,330,0.84999999999999987,500,5000,1,1,map,791
map_0792,map,map_792,haps_thermal_map.slx,1100,101325,300,223.15000000000001,50,1.5,120,0.40000000000000002,2,0.01,0.10000000000000001,0.0089999999999999004,0.0060000000000000001,0.094197000000000003,65.532179999999997,0.59999999999999987,88.468442999999994,0.11774625,3000,500,1.0000000000000001e-15,5.6703744189999998e-23,1.5,223.15000000000001,6687.4030497642198,1,1,6687.4030497642198,1,900,300,300,330,0.84999999999999987,500,5000,1,1,map,792
map_0793,map,map_793,haps_thermal_map.slx,1100,101325,300,223.15000000000001,50,1.625,120,0.40000000000000002,2,0.01,0.10000000000000001,0.0089999999999999004,0.0060000000000000001,0.094197000000000003,65.532179999999997,0.59999999999999987,88.468442999999994,0.11774625,3000,500,1.0000000000000001e-15,5.6703744189999998e-23,1.625,223.15000000000001,6687.4030497642198,1,1,6687.4030497642198,1,900,300,300,330,0.84999999999999987,500,5000,1,1,map,793
map_0794,map,map_794,haps_thermal_map.slx,1100,101325,300,223.15000000000001,50,1.75,120,0.40000000000000002,2,0.01,0.10000000000000001,0.0089999999999999004,0.0060000000000000001,0.094197000000000003,65.532179999999997,0.59999999999999987,88.468442999999994,0.11774625,3000,500,1.0000000000000001e-15,5.6703744189999998e-23,1.75,223.15000000000001,6687.4030497642198,1,1,6687.4030497642198,1,900,300,300,330,0.84999999999999987,500,5000,1,1,map,794
map_0795,map,map_795,haps_thermal_map.slx,1100,101325,300,223.15000000000001,50,1.875,120,0.40000000000000002,2,0.01,0.10000000000000001,0.0089999999999999004,0.0060000000000000001,0.094197000000000003,65.532179999999997,0.59999999999999987,88.468442999999994,0.11774625,3000,500,1.0000000000000001e-15,5.6703744189999998e-23,1.875,223.15000000000001,6687.4030497642198,1,1,6687.4030497642198,1,900,300,300,330,0.84999999999999987,500,5000,1,1,map,795
map_0796,map,map_796,haps_thermal_map.slx,1100,101325,300,223.15000000000001,50,2,120,0.40000000000000002,2,0.01,0.10000000000000001,0.0089999999999999004,0.0060000000000000001,0.094197000000000003,65.532179999999997,0.59999999999999987,88.468442999999994,0.11774625,3000,500,1.0000000000000001e-15,5.6703744189999998e-23,2,223.15000000000001,6687.4030497642198,1,1,6687.4030497642198,1,900,300,300,330,0.84999999999999987,500,5000,1,1,map,796
map_0797,map,map_797,haps_thermal_map.slx,1100,101325,300,223.15000000000001,50,2.25,120,0.40000000000000002,2,0.01,0.10000000000000001,0.0089999999999999004,0.0060000000000000001,0.094197000000000003,65.532179999999997,0.59999999999999987,88.468442999999994,0.11774625,3000,500,1.0000000000000001e-15,5.6703744189999998e-23,2.25,223.15000000000001,6687.4030497642198,1,1,6687.4030497642198,1,900,300,300,330,0.84999999999999987,500,5000,1,1,map,797
map_0798,map,map_798,haps_thermal_map.slx,1100,101325,300,223.15000000000001,50,2.5,120,0.40000000000000002,2,0.01,0.10000000000000001,0.0089999999999999004,0.0060000000000000001,0.094197000000000003,65.532179999999997,0.59999999999999987,88.468442999999994,0.11774625,3000,500,1.0000000000000001e-15,5.6703744189999998e-23,2.5,223.15000000000001,6687.4030497642198,1,1,6687.4030497642198,1,900,300,300,330,0.84999999999999987,500,5000,1,1,map,798
map_0799,map,map_799,haps_thermal_map.slx,1100,101325,300,223.15000000000001,50,2.75,120,0.40000000000000002,2,0.01,0.10000000000000001,0.0089999999999999004,0.0060000000000000001,0.094197000000000003,65.532179999999997,0.59999999999999987,88.468442999999994,0.11774625,3000,500,1.0000000000000001e-15,5.6703744189999998e-23,2.75,223.15000000000001,6687.4030497642198,1,1,6687.4030497642198,1,900,300,300,330,0.84999999999999987,500,5000,1,1,map,799
map_0800,map,map_800,haps_thermal_map.slx,1100,101325,300,223.15000000000001,50,3,120,0.40000000000000002,2,0.01,0.10000000000000001,0.0089999999999999004,0.0060000000000000001,0.094197000000000003,65.532179999999997,0.59999999999999987,88.468442999999994,0.11774625,3000,500,1.0000000000000001e-15,5.6703744189999998e-23,3,223.15000000000001,6687.4030497642198,1,1,6687.4030497642198,1,900,300,300,330,0.84999999999999987,500,5000,1,1,map,800
map_0801,map,map_801,haps_thermal_map.slx,1100,101325,300,223.15000000000001,50,3.25,120,0.40000000000000002,2,0.01,0.10000000000000001,0.0089999999999999004,0.0060000000000000001,0.094197000000000003,65.532179999999997,0.59999999999999987,88.468442999999994,0.11774625,3000,500,1.0000000000000001e-15,5.6703744189999998e-23,3.25,223.15000000000001,6687.4030497642198,1,1,6687.4030497642198,1,900,300,300,330,0.84999999999999987,500,5000,1,1,map,801
map_0802,map,map_802,haps_thermal_map.slx,1100,101325,300,223.15000000000001,50,3.5,120,0.40000000000000002,2,0.01,0.10000000000000001,0.0089999999999999004,0.0060000000000000001,0.094197000000000003,65.532179999999997,0.59999999999999987,88.468442999999994,0.11774625,3000,500,1.0000000000000001e-15,5.6703744189999998e-23,3.5,223.15000000000001,6687.4030497642198,1,1,6687.4030497642198,1,900,300,300,330,0.84999999999999987,500,5000,1,1,map,802
map_0803,map,map_803,haps_thermal_map.slx,1100,101325,300,223.15000000000001,50,3.75,120,0.40000000000000002,2,0.01,0.10000000000000001,0.0089999999999999004,0.0060000000000000001,0.094197000000000003,65.532179999999997,0.59999999999999987,88.468442999999994,0.11774625,3000,500,1.0000000000000001e-15,5.6703744189999998e-23,3.75,223.15000000000001,6687.4030497642198,1,1,6687.4030497642198,1,900,300,300,330,0.84999999999999987,500,5000,1,1,map,803
map_0804,map,map_804,haps_thermal_map.slx,1100,101325,300,223.15000000000001,50,4,120,0.40000000000000002,2,0.01,0.10000000000000001,0.0089999999999999004,0.0060000000000000001,0.094197000000000003,65.532179999999997,0.59999999999999987,88.468442999999994,0.11774625,3000,500,1.0000000000000001e-15,5.6703744189999998e-23,4,223.15000000000001,6687.4030497642198,1,1,6687.4030497642198,1,900,300,300,330,0.84999999999999987,500,5000,1,1,map,804
map_0805,map,map_805,haps_thermal_map.slx,1100,101325,300,223.15000000000001,50,4.25,120,0.40000000000000002,2,0.01,0.10000000000000001,0.0089999999999999004,0.0060000000000000001,0.094197000000000003,65.532179999999997,0.59999999999999987,88.468442999999994,0.11774625,3000,500,1.0000000000000001e-15,5.6703744189999998e-23,4.25,223.15000000000001,6687.4030497642198,1,1,6687.4030497642198,1,900,300,300,330,0.84999999999999987,500,5000,1,1,map,805
map_0806,map,map_806,haps_thermal_map.slx,1100,101325,300,223.15000000000001,50,4.5,120,0.40000000000000002,2,0.01,0.10000000000000001,0.0089999999999999004,0.0060000000000000001,0.094197000000000003,65.532179999999997,0.59999999999999987,88.468442999999994,0.11774625,3000,500,1.0000000000000001e-15,5.6703744189999998e-23,4.5,223.15000000000001,6687.4030497642198,1,1,6687.4030497642198,1,900,300,300,330,0.84999999999999987,500,5000,1,1,map,806
map_0807,map,map_807,haps_thermal_map.slx,1100,101325,300,223.15000000000001,50,4.75,120,0.40000000000000002,2,0.01,0.10000000000000001,0.0089999999999999004,0.0060000000000000001,0.094197000000000003,65.532179999999997,0.59999999999999987,88.468442999999994,0.11774625,3000,500,1.0000000000000001e-15,5.6703744189999998e-23,4.75,223.15000000000001,6687.4030497642198,1,1,6687.4030497642198,1,900,300,300,330,0.84999999999999987,500,5000,1,1,map,807
map_0808,map,map_808,haps_thermal_map.slx,1100,101325,300,223.15000000000001,50,5,120,0.40000000000000002,2,0.01,0.10000000000000001,0.0089999999999999004,0.0060000000000000001,0.094197000000000003,65.532179999999997,0.59999999999999987,88.468442999999994,0.11774625,3000,500,1.0000000000000001e-15,5.6703744189999998e-23,5,223.15000000000001,6687.4030497642198,1,1,6687.4030497642198,1,900,300,300,330,0.84999999999999987,500,5000,1,1,map,808
map_0809,map,map_809,haps_thermal_map.slx,1100,101325,300,223.15000000000001,50,5.25,120,0.40000000000000002,2,0.01,0.10000000000000001,0.0089999999999999004,0.0060000000000000001,0.094197000000000003,65.532179999999997,0.59999999999999987,88.468442999999994,0.11774625,3000,500,1.0000000000000001e-15,5.6703744189999998e-23,5.25,223.15000000000001,6687.4030497642198,1,1,6687.4030497642198,1,900,300,300,330,0.84999999999999987,500,5000,1,1,map,809
map_0810,map,map_810,haps_thermal_map.slx,1100,101325,300,223.15000000000001,50,5.5,120,0.40000000000000002,2,0.01,0.10000000000000001,0.0089999999999999004,0.0060000000000000001,0.094197000000000003,65.532179999999997,0.59999999999999987,88.468442999999994,0.11774625,3000,500,1.0000000000000001e-15,5.6703744189999998e-23,5.5,223.15000000000001,6687.4030497642198,1,1,6687.4030497642198,1,900,300,300,330,0.84999999999999987,500,5000,1,1,map,810
map_0811,map,map_811,haps_thermal_map.slx,1100,101325,300,223.15000000000001,50,5.75,120,0.40000000000000002,2,0.01,0.10000000000000001,0.0089999999999999004,0.0060000000000000001,0.094197000000000003,65.532179999999997,0.59999999999999987,88.468442999999994,0.11774625,3000,500,1.0000000000000001e-15,5.6703744189999998e-23,5.75,223.15000000000001,6687.4030497642198,1,1,6687.4030497642198,1,900,300,300,330,0.84999999999999987,500,5000,1,1,map,811
map_0812,map,map_812,haps_thermal_map.slx,1100,101325,300,223.15000000000001,50,6,120,0.40000000000000002,2,0.01,0.10000000000000001,0.0089999999999999004,0.0060000000000000001,0.094197000000000003,65.532179999999997,0.59999999999999987,88.468442999999994,0.11774625,3000,500,1.0000000000000001e-15,5.6703744189999998e-23,6,223.15000000000001,6687.4030497642198,1,1,6687.4030497642198,1,900,300,300,330,0.84999999999999987,500,5000,1,1,map,812
map_0813,map,map_813,haps_thermal_map.slx,1100,101325,300,223.15000000000001,50,0.5,120,0.40000000000000002,2,0.01,0.10000000000000001,0.0089999999999999004,0.0060000000000000001,0.094197000000000003,65.532179999999997,0.59999999999999987,88.468442999999994,0.11774625,3000,500,1.0000000000000001e-15,5.6703744189999998e-23,0.5,223.15000000000001,10000,1,1,10000,1,900,300,300,330,0.84999999999999987,500,5000,1,1,map,813
map_0814,map,map_814,haps_thermal_map.slx,1100,101325,300,223.15000000000001,50,0.625,120,0.40000000000000002,2,0.01,0.10000000000000001,0.0089999999999999004,0.0060000000000000001,0.094197000000000003,65.532179999999997,0.59999999999999987,88.468442999999994,0.11774625,3000,500,1.0000000000000001e-15,5.6703744189999998e-23,0.625,223.15000000000001,10000,1,1,10000,1,900,300,300,330,0.84999999999999987,500,5000,1,1,map,814
map_0815,map,map_815,haps_thermal_map.slx,1100,101325,300,223.15000000000001,50,0.75,120,0.40000000000000002,2,0.01,0.10000000000000001,0.0089999999999999004,0.0060000000000000001,0.094197000000000003,65.532179999999997,0.59999999999999987,88.468442999999994,0.11774625,3000,500,1.0000000000000001e-15,5.6703744189999998e-23,0.75,223.15000000000001,10000,1,1,10000,1,900,300,300,330,0.84999999999999987,500,5000,1,1,map,815
map_0816,map,map_816,haps_thermal_map.slx,1100,101325,300,223.15000000000001,50,0.875,120,0.40000000000000002,2,0.01,0.10000000000000001,0.0089999999999999004,0.0060000000000000001,0.094197000000000003,65.532179999999997,0.59999999999999987,88.468442999999994,0.11774625,3000,500,1.0000000000000001e-15,5.6703744189999998e-23,0.875,223.15000000000001,10000,1,1,10000,1,900,300,300,330,0.84999999999999987,500,5000,1,1,map,816
map_0817,map,map_817,haps_thermal_map.slx,1100,101325,300,223.15000000000001,50,1,120,0.40000000000000002,2,0.01,0.10000000000000001,0.0089999999999999004,0.0060000000000000001,0.094197000000000003,65.532179999999997,0.59999999999999987,88.468442999999994,0.11774625,3000,500,1.0000000000000001e-15,5.6703744189999998e-23,1,223.15000000000001,10000,1,1,10000,1,900,300,300,330,0.84999999999999987,500,5000,1,1,map,817
map_0818,map,map_818,haps_thermal_map.slx,1100,101325,300,223.15000000000001,50,1.125,120,0.40000000000000002,2,0.01,0.10000000000000001,0.0089999999999999004,0.0060000000000000001,0.094197000000000003,65.532179999999997,0.59999999999999987,88.468442999999994,0.11774625,3000,500,1.0000000000000001e-15,5.6703744189999998e-23,1.125,223.15000000000001,10000,1,1,10000,1,900,300,300,330,0.84999999999999987,500,5000,1,1,map,818
map_0819,map,map_819,haps_thermal_map.slx,1100,101325,300,223.15000000000001,50,1.25,120,0.40000000000000002,2,0.01,0.10000000000000001,0.0089999999999999004,0.0060000000000000001,0.094197000000000003,65.532179999999997,0.59999999999999987,88.468442999999994,0.11774625,3000,500,1.0000000000000001e-15,5.6703744189999998e-23,1.25,223.15000000000001,10000,1,1,10000,1,900,300,300,330,0.84999999999999987,500,5000,1,1,map,819
map_0820,map,map_820,haps_thermal_map.slx,1100,101325,300,223.15000000000001,50,1.375,120,0.40000000000000002,2,0.01,0.10000000000000001,0.0089999999999999004,0.0060000000000000001,0.094197000000000003,65.532179999999997,0.59999999999999987,88.468442999999994,0.11774625,3000,500,1.0000000000000001e-15,5.6703744189999998e-23,1.375,223.15000000000001,10000,1,1,10000,1,900,300,300,330,0.84999999999999987,500,5000,1,1,map,820
map_0821,map,map_821,haps_thermal_map.slx,1100,101325,300,223.15000000000001,50,1.5,120,0.40000000000000002,2,0.01,0.10000000000000001,0.0089999999999999004,0.0060000000000000001,0.094197000000000003,65.532179999999997,0.59999999999999987,88.468442999999994,0.11774625,3000,500,1.0000000000000001e-15,5.6703744189999998e-23,1.5,223.15000000000001,10000,1,1,10000,1,900,300,300,330,0.84999999999999987,500,5000,1,1,map,821
map_0822,map,map_822,haps_thermal_map.slx,1100,101325,300,223.15000000000001,50,1.625,120,0.40000000000000002,2,0.01,0.10000000000000001,0.0089999999999999004,0.0060000000000000001,0.094197000000000003,65.532179999999997,0.59999999999999987,88.468442999999994,0.11774625,3000,500,1.0000000000000001e-15,5.6703744189999998e-23,1.625,223.15000000000001,10000,1,1,10000,1,900,300,300,330,0.84999999999999987,500,5000,1,1,map,822
map_0823,map,map_823,haps_thermal_map.slx,1100,101325,300,223.15000000000001,50,1.75,120,0.40000000000000002,2,0.01,0.10000000000000001,0.0089999999999999004,0.0060000000000000001,0.094197000000000003,65.532179999999997,0.59999999999999987,88.468442999999994,0.11774625,3000,500,1.0000000000000001e-15,5.6703744189999998e-23,1.75,223.15000000000001,10000,1,1,10000,1,900,300,300,330,0.84999999999999987,500,5000,1,1,map,823
map_0824,map,map_824,haps_thermal_map.slx,1100,101325,300,223.15000000000001,50,1.875,120,0.40000000000000002,2,0.01,0.10000000000000001,0.0089999999999999004,0.0060000000000000001,0.094197000000000003,65.532179999999997,0.59999999999999987,88.468442999999994,0.11774625,3000,500,1.0000000000000001e-15,5.6703744189999998e-23,1.875,223.15000000000001,10000,1,1,10000,1,900,300,300,330,0.84999999999999987,500,5000,1,1,map,824
map_0825,map,map_825,haps_thermal_map.slx,1100,101325,300,223.15000000000001,50,2,120,0.40000000000000002,2,0.01,0.10000000000000001,0.0089999999999999004,0.0060000000000000001,0.094197000000000003,65.532179999999997,0.59999999999999987,88.468442999999994,0.11774625,3000,500,1.0000000000000001e-15,5.6703744189999998e-23,2,223.15000000000001,10000,1,1,10000,1,900,300,300,330,0.84999999999999987,500,5000,1,1,map,825
map_0826,map,map_826,haps_thermal_map.slx,1100,101325,300,223.15000000000001,50,2.25,120,0.40000000000000002,2,0.01,0.10000000000000001,0.0089999999999999004,0.0060000000000000001,0.094197000000000003,65.532179999999997,0.59999999999999987,88.468442999999994,0.11774625,3000,500,1.0000000000000001e-15,5.6703744189999998e-23,2.25,223.15000000000001,10000,1,1,10000,1,900,300,300,330,0.84999999999999987,500,5000,1,1,map,826
map_0827,map,map_827,haps_thermal_map.slx,1100,101325,300,223.15000000000001,50,2.5,120,0.40000000000000002,2,0.01,0.10000000000000001,0.0089999999999999004,0.0060000000000000001,0.094197000000000003,65.532179999999997,0.59999999999999987,88.468442999999994,0.11774625,3000,500,1.0000000000000001e-15,5.6703744189999998e-23,2.5,223.15000000000001,10000,1,1,10000,1,900,300,300,330,0.84999999999999987,500,5000,1,1,map,827
map_0828,map,map_828,haps_thermal_map.slx,1100,101325,300,223.15000000000001,50,2.75,120,0.40000000000000002,2,0.01,0.10000000000000001,0.0089999999999999004,0.0060000000000000001,0.094197000000000003,65.532179999999997,0.59999999999999987,88.468442999999994,0.11774625,3000,500,1.0000000000000001e-15,5.6703744189999998e-23,2.75,223.15000000000001,10000,1,1,10000,1,900,300,300,330,0.84999999999999987,500,5000,1,1,map,828
map_0829,map,map_829,haps_thermal_map.slx,1100,101325,300,223.15000000000001,50,3,120,0.40000000000000002,2,0.01,0.10000000000000001,0.0089999999999999004,0.0060000000000000001,0.094197000000000003,65.532179999999997,0.59999999999999987,88.468442999999994,0.11774625,3000,500,1.0000000000000001e-15,5.6703744189999998e-23,3,223.15000000000001,10000,1,1,10000,1,900,300,300,330,0.84999999999999987,500,5000,1,1,map,829
map_0830,map,map_830,haps_thermal_map.slx,1100,101325,300,223.15000000000001,50,3.25,120,0.40000000000000002,2,0.01,0.10000000000000001,0.0089999999999999004,0.0060000000000000001,0.094197000000000003,65.532179999999997,0.59999999999999987,88.468442999999994,0.11774625,3000,500,1.0000000000000001e-15,5.6703744189999998e-23,3.25,223.15000000000001,10000,1,1,10000,1,900,300,300,330,0.84999999999999987,500,5000,1,1,map,830
map_0831,map,map_831,haps_thermal_map.slx,1100,101325,300,223.15000000000001,50,3.5,120,0.40000000000000002,2,0.01,0.10000000000000001,0.0089999999999999004,0.0060000000000000001,0.094197000000000003,65.532179999999997,0.59999999999999987,88.468442999999994,0.11774625,3000,500,1.0000000000000001e-15,5.6703744189999998e-23,3.5,223.15000000000001,10000,1,1,10000,1,900,300,300,330,0.84999999999999987,500,5000,1,1,map,831
map_0832,map,map_832,haps_thermal_map.slx,1100,101325,300,223.15000000000001,50,3.75,120,0.40000000000000002,2,0.01,0.10000000000000001,0.0089999999999999004,0.0060000000000000001,0.094197000000000003,65.532179999999997,0.59999999999999987,88.468442999999994,0.11774625,3000,500,1.0000000000000001e-15,5.6703744189999998e-23,3.75,223.15000000000001,10000,1,1,10000,1,900,300,300,330,0.84999999999999987,500,5000,1,1,map,832
map_0833,map,map_833,haps_thermal_map.slx,1100,101325,300,223.15000000000001,50,4,120,0.40000000000000002,2,0.01,0.10000000000000001,0.0089999999999999004,0.0060000000000000001,0.094197000000000003,65.532179999999997,0.59999999999999987,88.468442999999994,0.11774625,3000,500,1.0000000000000001e-15,5.6703744189999998e-23,4,223.15000000000001,10000,1,1,10000,1,900,300,300,330,0.84999999999999987,500,5000,1,1,map,833
map_0834,map,map_834,haps_thermal_map.slx,1100,101325,300,223.15000000000001,50,4.25,120,0.40000000000000002,2,0.01,0.10000000000000001,0.0089999999999999004,0.0060000000000000001,0.094197000000000003,65.532179999999997,0.59999999999999987,88.468442999999994,0.11774625,3000,500,1.0000000000000001e-15,5.6703744189999998e-23,4.25,223.15000000000001,10000,1,1,10000,1,900,300,300,330,0.84999999999999987,500,5000,1,1,map,834
map_0835,map,map_835,haps_thermal_map.slx,1100,101325,300,223.15000000000001,50,4.5,120,0.40000000000000002,2,0.01,0.10000000000000001,0.0089999999999999004,0.0060000000000000001,0.094197000000000003,65.532179999999997,0.59999999999999987,88.468442999999994,0.11774625,3000,500,1.0000000000000001e-15,5.6703744189999998e-23,4.5,223.15000000000001,10000,1,1,10000,1,900,300,300,330,0.84999999999999987,500,5000,1,1,map,835
map_0836,map,map_836,haps_thermal_map.slx,1100,101325,300,223.15000000000001,50,4.75,120,0.40000000000000002,2,0.01,0.10000000000000001,0.0089999999999999004,0.0060000000000000001,0.094197000000000003,65.532179999999997,0.59999999999999987,88.468442999999994,0.11774625,3000,500,1.0000000000000001e-15,5.6703744189999998e-23,4.75,223.15000000000001,10000,1,1,10000,1,900,300,300,330,0.84999999999999987,500,5000,1,1,map,836
map_0837,map,map_837,haps_thermal_map.slx,1100,101325,300,223.15000000000001,50,5,120,0.40000000000000002,2,0.01,0.10000000000000001,0.0089999999999999004,0.0060000000000000001,0.094197000000000003,65.532179999999997,0.59999999999999987,88.468442999999994,0.11774625,3000,500,1.0000000000000001e-15,5.6703744189999998e-23,5,223.15000000000001,10000,1,1,10000,1,900,300,300,330,0.84999999999999987,500,5000,1,1,map,837
map_0838,map,map_838,haps_thermal_map.slx,1100,101325,300,223.15000000000001,50,5.25,120,0.40000000000000002,2,0.01,0.10000000000000001,0.0089999999999999004,0.0060000000000000001,0.094197000000000003,65.532179999999997,0.59999999999999987,88.468442999999994,0.11774625,3000,500,1.0000000000000001e-15,5.6703744189999998e-23,5.25,223.15000000000001,10000,1,1,10000,1,900,300,300,330,0.84999999999999987,500,5000,1,1,map,838
map_0839,map,map_839,haps_thermal_map.slx,1100,101325,300,223.15000000000001,50,5.5,120,0.40000000000000002,2,0.01,0.10000000000000001,0.0089999999999999004,0.0060000000000000001,0.094197000000000003,65.532179999999997,0.59999999999999987,88.468442999999994,0.11774625,3000,500,1.0000000000000001e-15,5.6703744189999998e-23,5.5,223.15000000000001,10000,1,1,10000,1,900,300,300,330,0.84999999999999987,500,5000,1,1,map,839
map_0840,map,map_840,haps_thermal_map.slx,1100,101325,300,223.15000000000001,50,5.75,120,0.40000000000000002,2,0.01,0.10000000000000001,0.0089999999999999004,0.0060000000000000001,0.094197000000000003,65.532179999999997,0.59999999999999987,88.468442999999994,0.11774625,3000,500,1.0000000000000001e-15,5.6703744189999998e-23,5.75,223.15000000000001,10000,1,1,10000,1,900,300,300,330,0.84999999999999987,500,5000,1,1,map,840
map_0841,map,map_841,haps_thermal_map.slx,1100,101325,300,223.15000000000001,50,6,120,0.40000000000000002,2,0.01,0.10000000000000001,0.0089999999999999004,0.0060000000000000001,0.094197000000000003,65.532179999999997,0.59999999999999987,88.468442999999994,0.11774625,3000,500,1.0000000000000001e-15,5.6703744189999998e-23,6,223.15000000000001,10000,1,1,10000,1,900,300,300,330,0.84999999999999987,500,5000,1,1,map,841
map_0842,map,map_842,haps_thermal_map.slx,1100,101325,300,223.15000000000001,50,0.5,120,0.40000000000000002,2,0.01,0.10000000000000001,0.0089999999999999004,0.0060000000000000001,0.094197000000000003,65.532179999999997,0.59999999999999987,88.468442999999994,0.11774625,3000,500,1.0000000000000001e-15,5.6703744189999998e-23,0.5,223.15000000000001,31622.7766016838,1,1,31622.7766016838,1,900,300,300,330,0.84999999999999987,500,5000,1,1,map,842
map_0843,map,map_843,haps_thermal_map.slx,1100,101325,300,223.15000000000001,50,0.625,120,0.40000000000000002,2,0.01,0.10000000000000001,0.0089999999999999004,0.0060000000000000001,0.094197000000000003,65.532179999999997,0.59999999999999987,88.468442999999994,0.11774625,3000,500,1.0000000000000001e-15,5.6703744189999998e-23,0.625,223.15000000000001,31622.7766016838,1,1,31622.7766016838,1,900,300,300,330,0.84999999999999987,500,5000,1,1,map,843
map_0844,map,map_844,haps_thermal_map.slx,1100,101325,300,223.15000000000001,50,0.75,120,0.40000000000000002,2,0.01,0.10000000000000001,0.0089999999999999004,0.0060000000000000001,0.094197000000000003,65.532179999999997,0.59999999999999987,88.468442999999994,0.11774625,3000,500,1.0000000000000001e-15,5.6703744189999998e-23,0.75,223.15000000000001,31622.7766016838,1,1,31622.7766016838,1,900,300,300,330,0.84999999999999987,500,5000,1,1,map,844
map_0845,map,map_845,haps_thermal_map.slx,1100,101325,300,223.15000000000001,50,0.875,120,0.40000000000000002,2,0.01,0.10000000000000001,0.0089999999999999004,0.0060000000000000001,0.094197000000000003,65.532179999999997,0.59999999999999987,88.468442999999994,0.11774625,3000,500,1.0000000000000001e-15,5.6703744189999998e-23,0.875,223.15000000000001,31622.7766016838,1,1,31622.7766016838,1,900,300,300,330,0.84999999999999987,500,5000,1,1,map,845
map_0846,map,map_846,haps_thermal_map.slx,1100,101325,300,223.15000000000001,50,1,120,0.40000000000000002,2,0.01,0.10000000000000001,0.0089999999999999004,0.0060000000000000001,0.094197000000000003,65.532179999999997,0.59999999999999987,88.468442999999994,0.11774625,3000,500,1.0000000000000001e-15,5.6703744189999998e-23,1,223.15000000000001,31622.7766016838,1,1,31622.7766016838,1,900,300,300,330,0.84999999999999987,500,5000,1,1,map,846
map_0847,map,map_847,haps_thermal_map.slx,1100,101325,300,223.15000000000001,50,1.125,120,0.40000000000000002,2,0.01,0.10000000000000001,0.0089999999999999004,0.0060000000000000001,0.094197000000000003,65.532179999999997,0.59999999999999987,88.468442999999994,0.11774625,3000,500,1.0000000000000001e-15,5.6703744189999998e-23,1.125,223.15000000000001,31622.7766016838,1,1,31622.7766016838,1,900,300,300,330,0.84999999999999987,500,5000,1,1,map,847
map_0848,map,map_848,haps_thermal_map.slx,1100,101325,300,223.15000000000001,50,1.25,120,0.40000000000000002,2,0.01,0.10000000000000001,0.0089999999999999004,0.0060000000000000001,0.094197000000000003,65.532179999999997,0.59999999999999987,88.468442999999994,0.11774625,3000,500,1.0000000000000001e-15,5.6703744189999998e-23,1.25,223.15000000000001,31622.7766016838,1,1,31622.7766016838,1,900,300,300,330,0.84999999999999987,500,5000,1,1,map,848
map_0849,map,map_849,haps_thermal_map.slx,1100,101325,300,223.15000000000001,50,1.375,120,0.40000000000000002,2,0.01,0.10000000000000001,0.0089999999999999004,0.0060000000000000001,0.094197000000000003,65.532179999999997,0.59999999999999987,88.468442999999994,0.11774625,3000,500,1.0000000000000001e-15,5.6703744189999998e-23,1.375,223.15000000000001,31622.7766016838,1,1,31622.7766016838,1,900,300,300,330,0.84999999999999987,500,5000,1,1,map,849
map_0850,map,map_850,haps_thermal_map.slx,1100,101325,300,223.15000000000001,50,1.5,120,0.40000000000000002,2,0.01,0.10000000000000001,0.0089999999999999004,0.0060000000000000001,0.094197000000000003,65.532179999999997,0.59999999999999987,88.468442999999994,0.11774625,3000,500,1.0000000000000001e-15,5.6703744189999998e-23,1.5,223.15000000000001,31622.7766016838,1,1,31622.7766016838,1,900,300,300,330,0.84999999999999987,500,5000,1,1,map,850
map_0851,map,map_851,haps_thermal_map.slx,1100,101325,300,223.15000000000001,50,1.625,120,0.40000000000000002,2,0.01,0.10000000000000001,0.0089999999999999004,0.0060000000000000001,0.094197000000000003,65.532179999999997,0.59999999999999987,88.468442999999994,0.11774625,3000,500,1.0000000000000001e-15,5.6703744189999998e-23,1.625,223.15000000000001,31622.7766016838,1,1,31622.7766016838,1,900,300,300,330,0.84999999999999987,500,5000,1,1,map,851
map_0852,map,map_852,haps_thermal_map.slx,1100,101325,300,223.15000000000001,50,1.75,120,0.40000000000000002,2,0.01,0.10000000000000001,0.0089999999999999004,0.0060000000000000001,0.094197000000000003,65.532179999999997,0.59999999999999987,88.468442999999994,0.11774625,3000,500,1.0000000000000001e-15,5.6703744189999998e-23,1.75,223.15000000000001,31622.7766016838,1,1,31622.7766016838,1,900,300,300,330,0.84999999999999987,500,5000,1,1,map,852
map_0853,map,map_853,haps_thermal_map.slx,1100,101325,300,223.15000000000001,50,1.875,120,0.40000000000000002,2,0.01,0.10000000000000001,0.0089999999999999004,0.0060000000000000001,0.094197000000000003,65.532179999999997,0.59999999999999987,88.468442999999994,0.11774625,3000,500,1.0000000000000001e-15,5.6703744189999998e-23,1.875,223.15000000000001,31622.7766016838,1,1,31622.7766016838,1,900,300,300,330,0.84999999999999987,500,5000,1,1,map,853
map_0854,map,map_854,haps_thermal_map.slx,1100,101325,300,223.15000000000001,50,2,120,0.40000000000000002,2,0.01,0.10000000000000001,0.0089999999999999004,0.0060000000000000001,0.094197000000000003,65.532179999999997,0.59999999999999987,88.468442999999994,0.11774625,3000,500,1.0000000000000001e-15,5.6703744189999998e-23,2,223.15000000000001,31622.7766016838,1,1,31622.7766016838,1,900,300,300,330,0.84999999999999987,500,5000,1,1,map,854
map_0855,map,map_855,haps_thermal_map.slx,1100,101325,300,223.15000000000001,50,2.25,120,0.40000000000000002,2,0.01,0.10000000000000001,0.0089999999999999004,0.0060000000000000001,0.094197000000000003,65.532179999999997,0.59999999999999987,88.468442999999994,0.11774625,3000,500,1.0000000000000001e-15,5.6703744189999998e-23,2.25,223.15000000000001,31622.7766016838,1,1,31622.7766016838,1,900,300,300,330,0.84999999999999987,500,5000,1,1,map,855
map_0856,map,map_856,haps_thermal_map.slx,1100,101325,300,223.15000000000001,50,2.5,120,0.40000000000000002,2,0.01,0.10000000000000001,0.0089999999999999004,0.0060000000000000001,0.094197000000000003,65.532179999999997,0.59999999999999987,88.468442999999994,0.11774625,3000,500,1.0000000000000001e-15,5.6703744189999998e-23,2.5,223.15000000000001,31622.7766016838,1,1,31622.7766016838,1,900,300,300,330,0.84999999999999987,500,5000,1,1,map,856
map_0857,map,map_857,haps_thermal_map.slx,1100,101325,300,223.15000000000001,50,2.75,120,0.40000000000000002,2,0.01,0.10000000000000001,0.0089999999999999004,0.0060000000000000001,0.094197000000000003,65.532179999999997,0.59999999999999987,88.468442999999994,0.11774625,3000,500,1.0000000000000001e-15,5.6703744189999998e-23,2.75,223.15000000000001,31622.7766016838,1,1,31622.7766016838,1,900,300,300,330,0.84999999999999987,500,5000,1,1,map,857
map_0858,map,map_858,haps_thermal_map.slx,1100,101325,300,223.15000000000001,50,3,120,0.40000000000000002,2,0.01,0.10000000000000001,0.0089999999999999004,0.0060000000000000001,0.094197000000000003,65.532179999999997,0.59999999999999987,88.468442999999994,0.11774625,3000,500,1.0000000000000001e-15,5.6703744189999998e-23,3,223.15000000000001,31622.7766016838,1,1,31622.7766016838,1,900,300,300,330,0.84999999999999987,500,5000,1,1,map,858
map_0859,map,map_859,haps_thermal_map.slx,1100,101325,300,223.15000000000001,50,3.25,120,0.40000000000000002,2,0.01,0.10000000000000001,0.0089999999999999004,0.0060000000000000001,0.094197000000000003,65.532179999999997,0.59999999999999987,88.468442999999994,0.11774625,3000,500,1.0000000000000001e-15,5.6703744189999998e-23,3.25,223.15000000000001,31622.7766016838,1,1,31622.7766016838,1,900,300,300,330,0.84999999999999987,500,5000,1,1,map,859
map_0860,map,map_860,haps_thermal_map.slx,1100,101325,300,223.15000000000001,50,3.5,120,0.40000000000000002,2,0.01,0.10000000000000001,0.0089999999999999004,0.0060000000000000001,0.094197000000000003,65.532179999999997,0.59999999999999987,88.468442999999994,0.11774625,3000,500,1.0000000000000001e-15,5.6703744189999998e-23,3.5,223.15000000000001,31622.7766016838,1,1,31622.7766016838,1,900,300,300,330,0.84999999999999987,500,5000,1,1,map,860
map_0861,map,map_861,haps_thermal_map.slx,1100,101325,300,223.15000000000001,50,3.75,120,0.40000000000000002,2,0.01,0.10000000000000001,0.0089999999999999004,0.0060000000000000001,0.094197000000000003,65.532179999999997,0.59999999999999987,88.468442999999994,0.11774625,3000,500,1.0000000000000001e-15,5.6703744189999998e-23,3.75,223.15000000000001,31622.7766016838,1,1,31622.7766016838,1,900,300,300,330,0.84999999999999987,500,5000,1,1,map,861
map_0862,map,map_862,haps_thermal_map.slx,1100,101325,300,223.15000000000001,50,4,120,0.40000000000000002,2,0.01,0.10000000000000001,0.0089999999999999004,0.0060000000000000001,0.094197000000000003,65.532179999999997,0.59999999999999987,88.468442999999994,0.11774625,3000,500,1.0000000000000001e-15,5.6703744189999998e-23,4,223.15000000000001,31622.7766016838,1,1,31622.7766016838,1,900,300,300,330,0.84999999999999987,500,5000,1,1,map,862
map_0863,map,map_863,haps_thermal_map.slx,1100,101325,300,223.15000000000001,50,4.25,120,0.40000000000000002,2,0.01,0.10000000000000001,0.0089999999999999004,0.0060000000000000001,0.094197000000000003,65.532179999999997,0.59999999999999987,88.468442999999994,0.11774625,3000,500,1.0000000000000001e-15,5.6703744189999998e-23,4.25,223.15000000000001,31622.7766016838,1,1,31622.7766016838,1,900,300,300,330,0.84999999999999987,500,5000,1,1,map,863
map_0864,map,map_864,haps_thermal_map.slx,1100,101325,300,223.15000000000001,50,4.5,120,0.40000000000000002,2,0.01,0.10000000000000001,0.0089999999999999004,0.0060000000000000001,0.094197000000000003,65.532179999999997,0.59999999999999987,88.468442999999994,0.11774625,3000,500,1.0000000000000001e-15,5.6703744189999998e-23,4.5,223.15000000000001,31622.7766016838,1,1,31622.7766016838,1,900,300,300,330,0.84999999999999987,500,5000,1,1,map,864
map_0865,map,map_865,haps_thermal_map.slx,1100,101325,300,223.15000000000001,50,4.75,120,0.40000000000000002,2,0.01,0.10000000000000001,0.0089999999999999004,0.0060000000000000001,0.094197000000000003,65.532179999999997,0.59999999999999987,88.468442999999994,0.11774625,3000,500,1.0000000000000001e-15,5.6703744189999998e-23,4.75,223.15000000000001,31622.7766016838,1,1,31622.7766016838,1,900,300,300,330,0.84999999999999987,500,5000,1,1,map,865
map_0866,map,map_866,haps_thermal_map.slx,1100,101325,300,223.15000000000001,50,5,120,0.40000000000000002,2,0.01,0.10000000000000001,0.0089999999999999004,0.0060000000000000001,0.094197000000000003,65.532179999999997,0.59999999999999987,88.468442999999994,0.11774625,3000,500,1.0000000000000001e-15,5.6703744189999998e-23,5,223.15000000000001,31622.7766016838,1,1,31622.7766016838,1,900,300,300,330,0.84999999999999987,500,5000,1,1,map,866
map_0867,map,map_867,haps_thermal_map.slx,1100,101325,300,223.15000000000001,50,5.25,120,0.40000000000000002,2,0.01,0.10000000000000001,0.0089999999999999004,0.0060000000000000001,0.094197000000000003,65.532179999999997,0.59999999999999987,88.468442999999994,0.11774625,3000,500,1.0000000000000001e-15,5.6703744189999998e-23,5.25,223.15000000000001,31622.7766016838,1,1,31622.7766016838,1,900,300,300,330,0.84999999999999987,500,5000,1,1,map,867
map_0868,map,map_868,haps_thermal_map.slx,1100,101325,300,223.15000000000001,50,5.5,120,0.40000000000000002,2,0.01,0.10000000000000001,0.0089999999999999004,0.0060000000000000001,0.094197000000000003,65.532179999999997,0.59999999999999987,88.468442999999994,0.11774625,3000,500,1.0000000000000001e-15,5.6703744189999998e-23,5.5,223.15000000000001,31622.7766016838,1,1,31622.7766016838,1,900,300,300,330,0.84999999999999987,500,5000,1,1,map,868
map_0869,map,map_869,haps_thermal_map.slx,1100,101325,300,223.15000000000001,50,5.75,120,0.40000000000000002,2,0.01,0.10000000000000001,0.0089999999999999004,0.0060000000000000001,0.094197000000000003,65.532179999999997,0.59999999999999987,88.468442999999994,0.11774625,3000,500,1.0000000000000001e-15,5.6703744189999998e-23,5.75,223.15000000000001,31622.7766016838,1,1,31622.7766016838,1,900,300,300,330,0.84999999999999987,500,5000,1,1,map,869
map_0870,map,map_870,haps_thermal_map.slx,1100,101325,300,223.15000000000001,50,6,120,0.40000000000000002,2,0.01,0.10000000000000001,0.0089999999999999004,0.0060000000000000001,0.094197000000000003,65.532179999999997,0.59999999999999987,88.468442999999994,0.11774625,3000,500,1.0000000000000001e-15,5.6703744189999998e-23,6,223.15000000000001,31622.7766016838,1,1,31622.7766016838,1,900,300,300,330,0.84999999999999987,500,5000,1,1,map,870
map_0871,map,map_871,haps_thermal_map.slx,1100,101325,300,223.15000000000001,50,0.5,120,0.40000000000000002,2,0.01,0.10000000000000001,0.0089999999999999004,0.0060000000000000001,0.094197000000000003,65.532179999999997,0.59999999999999987,88.468442999999994,0.11774625,3000,500,1.0000000000000001e-15,5.6703744189999998e-23,0.5,223.15000000000001,100000,1,1,100000,1,900,300,300,330,0.84999999999999987,500,5000,1,1,map,871
map_0872,map,map_872,haps_thermal_map.slx,1100,101325,300,223.15000000000001,50,0.625,120,0.40000000000000002,2,0.01,0.10000000000000001,0.0089999999999999004,0.0060000000000000001,0.094197000000000003,65.532179999999997,0.59999999999999987,88.468442999999994,0.11774625,3000,500,1.0000000000000001e-15,5.6703744189999998e-23,0.625,223.15000000000001,100000,1,1,100000,1,900,300,300,330,0.84999999999999987,500,5000,1,1,map,872
map_0873,map,map_873,haps_thermal_map.slx,1100,101325,300,223.15000000000001,50,0.75,120,0.40000000000000002,2,0.01,0.10000000000000001,0.0089999999999999004,0.0060000000000000001,0.094197000000000003,65.532179999999997,0.59999999999999987,88.468442999999994,0.11774625,3000,500,1.0000000000000001e-15,5.6703744189999998e-23,0.75,223.15000000000001,100000,1,1,100000,1,900,300,300,330,0.84999999999999987,500,5000,1,1,map,873
map_0874,map,map_874,haps_thermal_map.slx,1100,101325,300,223.15000000000001,50,0.875,120,0.40000000000000002,2,0.01,0.10000000000000001,0.0089999999999999004,0.0060000000000000001,0.094197000000000003,65.532179999999997,0.59999999999999987,88.468442999999994,0.11774625,3000,500,1.0000000000000001e-15,5.6703744189999998e-23,0.875,223.15000000000001,100000,1,1,100000,1,900,300,300,330,0.84999999999999987,500,5000,1,1,map,874
map_0875,map,map_875,haps_thermal_map.slx,1100,101325,300,223.15000000000001,50,1,120,0.40000000000000002,2,0.01,0.10000000000000001,0.0089999999999999004,0.0060000000000000001,0.094197000000000003,65.532179999999997,0.59999999999999987,88.468442999999994,0.11774625,3000,500,1.0000000000000001e-15,5.6703744189999998e-23,1,223.15000000000001,100000,1,1,100000,1,900,300,300,330,0.84999999999999987,500,5000,1,1,map,875
map_0876,map,map_876,haps_thermal_map.slx,1100,101325,300,223.15000000000001,50,1.125,120,0.40000000000000002,2,0.01,0.10000000000000001,0.0089999999999999004,0.0060000000000000001,0.094197000000000003,65.532179999999997,0.59999999999999987,88.468442999999994,0.11774625,3000,500,1.0000000000000001e-15,5.6703744189999998e-23,1.125,223.15000000000001,100000,1,1,100000,1,900,300,300,330,0.84999999999999987,500,5000,1,1,map,876
map_0877,map,map_877,haps_thermal_map.slx,1100,101325,300,223.15000000000001,50,1.25,120,0.40000000000000002,2,0.01,0.10000000000000001,0.0089999999999999004,0.0060000000000000001,0.094197000000000003,65.532179999999997,0.59999999999999987,88.468442999999994,0.11774625,3000,500,1.0000000000000001e-15,5.6703744189999998e-23,1.25,223.15000000000001,100000,1,1,100000,1,900,300,300,330,0.84999999999999987,500,5000,1,1,map,877
map_0878,map,map_878,haps_thermal_map.slx,1100,101325,300,223.15000000000001,50,1.375,120,0.40000000000000002,2,0.01,0.10000000000000001,0.0089999999999999004,0.0060000000000000001,0.094197000000000003,65.532179999999997,0.59999999999999987,88.468442999999994,0.11774625,3000,500,1.0000000000000001e-15,5.6703744189999998e-23,1.375,223.15000000000001,100000,1,1,100000,1,900,300,300,330,0.84999999999999987,500,5000,1,1,map,878
map_0879,map,map_879,haps_thermal_map.slx,1100,101325,300,223.15000000000001,50,1.5,120,0.40000000000000002,2,0.01,0.10000000000000001,0.0089999999999999004,0.0060000000000000001,0.094197000000000003,65.532179999999997,0.59999999999999987,88.468442999999994,0.11774625,3000,500,1.0000000000000001e-15,5.6703744189999998e-23,1.5,223.15000000000001,100000,1,1,100000,1,900,300,300,330,0.84999999999999987,500,5000,1,1,map,879
map_0880,map,map_880,haps_thermal_map.slx,1100,101325,300,223.15000000000001,50,1.625,120,0.40000000000000002,2,0.01,0.10000000000000001,0.0089999999999999004,0.0060000000000000001,0.094197000000000003,65.532179999999997,0.59999999999999987,88.468442999999994,0.11774625,3000,500,1.0000000000000001e-15,5.6703744189999998e-23,1.625,223.15000000000001,100000,1,1,100000,1,900,300,300,330,0.84999999999999987,500,5000,1,1,map,880
map_0881,map,map_881,haps_thermal_map.slx,1100,101325,300,223.15000000000001,50,1.75,120,0.40000000000000002,2,0.01,0.10000000000000001,0.0089999999999999004,0.0060000000000000001,0.094197000000000003,65.532179999999997,0.59999999999999987,88.468442999999994,0.11774625,3000,500,1.0000000000000001e-15,5.6703744189999998e-23,1.75,223.15000000000001,100000,1,1,100000,1,900,300,300,330,0.84999999999999987,500,5000,1,1,map,881
map_0882,map,map_882,haps_thermal_map.slx,1100,101325,300,223.15000000000001,50,1.875,120,0.40000000000000002,2,0.01,0.10000000000000001,0.0089999999999999004,0.0060000000000000001,0.094197000000000003,65.532179999999997,0.59999999999999987,88.468442999999994,0.11774625,3000,500,1.0000000000000001e-15,5.6703744189999998e-23,1.875,223.15000000000001,100000,1,1,100000,1,900,300,300,330,0.84999999999999987,500,5000,1,1,map,882
map_0883,map,map_883,haps_thermal_map.slx,1100,101325,300,223.15000000000001,50,2,120,0.40000000000000002,2,0.01,0.10000000000000001,0.0089999999999999004,0.0060000000000000001,0.094197000000000003,65.532179999999997,0.59999999999999987,88.468442999999994,0.11774625,3000,500,1.0000000000000001e-15,5.6703744189999998e-23,2,223.15000000000001,100000,1,1,100000,1,900,300,300,330,0.84999999999999987,500,5000,1,1,map,883
map_0884,map,map_884,haps_thermal_map.slx,1100,101325,300,223.15000000000001,50,2.25,120,0.40000000000000002,2,0.01,0.10000000000000001,0.0089999999999999004,0.0060000000000000001,0.094197000000000003,65.532179999999997,0.59999999999999987,88.468442999999994,0.11774625,3000,500,1.0000000000000001e-15,5.6703744189999998e-23,2.25,223.15000000000001,100000,1,1,100000,1,900,300,300,330,0.84999999999999987,500,5000,1,1,map,884
map_0885,map,map_885,haps_thermal_map.slx,1100,101325,300,223.15000000000001,50,2.5,120,0.40000000000000002,2,0.01,0.10000000000000001,0.0089999999999999004,0.0060000000000000001,0.094197000000000003,65.532179999999997,0.59999999999999987,88.468442999999994,0.11774625,3000,500,1.0000000000000001e-15,5.6703744189999998e-23,2.5,223.15000000000001,100000,1,1,100000,1,900,300,300,330,0.84999999999999987,500,5000,1,1,map,885
map_0886,map,map_886,haps_thermal_map.slx,1100,101325,300,223.15000000000001,50,2.75,120,0.40000000000000002,2,0.01,0.10000000000000001,0.0089999999999999004,0.0060000000000000001,0.094197000000000003,65.532179999999997,0.59999999999999987,88.468442999999994,0.11774625,3000,500,1.0000000000000001e-15,5.6703744189999998e-23,2.75,223.15000000000001,100000,1,1,100000,1,900,300,300,330,0.84999999999999987,500,5000,1,1,map,886
map_0887,map,map_887,haps_thermal_map.slx,1100,101325,300,223.15000000000001,50,3,120,0.40000000000000002,2,0.01,0.10000000000000001,0.0089999999999999004,0.0060000000000000001,0.094197000000000003,65.532179999999997,0.59999999999999987,88.468442999999994,0.11774625,3000,500,1.0000000000000001e-15,5.6703744189999998e-23,3,223.15000000000001,100000,1,1,100000,1,900,300,300,330,0.84999999999999987,500,5000,1,1,map,887
map_0888,map,map_888,haps_thermal_map.slx,1100,101325,300,223.15000000000001,50,3.25,120,0.40000000000000002,2,0.01,0.10000000000000001,0.0089999999999999004,0.0060000000000000001,0.094197000000000003,65.532179999999997,0.59999999999999987,88.468442999999994,0.11774625,3000,500,1.0000000000000001e-15,5.6703744189999998e-23,3.25,223.15000000000001,100000,1,1,100000,1,900,300,300,330,0.84999999999999987,500,5000,1,1,map,888
map_0889,map,map_889,haps_thermal_map.slx,1100,101325,300,223.15000000000001,50,3.5,120,0.40000000000000002,2,0.01,0.10000000000000001,0.0089999999999999004,0.0060000000000000001,0.094197000000000003,65.532179999999997,0.59999999999999987,88.468442999999994,0.11774625,3000,500,1.0000000000000001e-15,5.6703744189999998e-23,3.5,223.15000000000001,100000,1,1,100000,1,900,300,300,330,0.84999999999999987,500,5000,1,1,map,889
map_0890,map,map_890,haps_thermal_map.slx,1100,101325,300,223.15000000000001,50,3.75,120,0.40000000000000002,2,0.01,0.10000000000000001,0.0089999999999999004,0.0060000000000000001,0.094197000000000003,65.532179999999997,0.59999999999999987,88.468442999999994,0.11774625,3000,500,1.0000000000000001e-15,5.6703744189999998e-23,3.75,223.15000000000001,100000,1,1,100000,1,900,300,300,330,0.84999999999999987,500,5000,1,1,map,890
map_0891,map,map_891,haps_thermal_map.slx,1100,101325,300,223.15000000000001,50,4,120,0.40000000000000002,2,0.01,0.10000000000000001,0.0089999999999999004,0.0060000000000000001,0.094197000000000003,65.532179999999997,0.59999999999999987,88.468442999999994,0.11774625,3000,500,1.0000000000000001e-15,5.6703744189999998e-23,4,223.15000000000001,100000,1,1,100000,1,900,300,300,330,0.84999999999999987,500,5000,1,1,map,891
map_0892,map,map_892,haps_thermal_map.slx,1100,101325,300,223.15000000000001,50,4.25,120,0.40000000000000002,2,0.01,0.10000000000000001,0.0089999999999999004,0.0060000000000000001,0.094197000000000003,65.532179999999997,0.59999999999999987,88.468442999999994,0.11774625,3000,500,1.0000000000000001e-15,5.6703744189999998e-23,4.25,223.15000000000001,100000,1,1,100000,1,900,300,300,330,0.84999999999999987,500,5000,1,1,map,892
map_0893,map,map_893,haps_thermal_map.slx,1100,101325,300,223.15000000000001,50,4.5,120,0.40000000000000002,2,0.01,0.10000000000000001,0.0089999999999999004,0.0060000000000000001,0.094197000000000003,65.532179999999997,0.59999999999999987,88.468442999999994,0.11774625,3000,500,1.0000000000000001e-15,5.6703744189999998e-23,4.5,223.15000000000001,100000,1,1,100000,1,900,300,300,330,0.84999999999999987,500,5000,1,1,map,893
map_0894,map,map_894,haps_thermal_map.slx,1100,101325,300,223.15000000000001,50,4.75,120,0.40000000000000002,2,0.01,0.10000000000000001,0.0089999999999999004,0.0060000000000000001,0.094197000000000003,65.532179999999997,0.59999999999999987,88.468442999999994,0.11774625,3000,500,1.0000000000000001e-15,5.6703744189999998e-23,4.75,223.15000000000001,100000,1,1,100000,1,900,300,300,330,0.84999999999999987,500,5000,1,1,map,894
map_0895,map,map_895,haps_thermal_map.slx,1100,101325,300,223.15000000000001,50,5,120,0.40000000000000002,2,0.01,0.10000000000000001,0.0089999999999999004,0.0060000000000000001,0.094197000000000003,65.532179999999997,0.59999999999999987,88.468442999999994,0.11774625,3000,500,1.0000000000000001e-15,5.6703744189999998e-23,5,223.15000000000001,100000,1,1,100000,1,900,300,300,330,0.84999999999999987,500,5000,1,1,map,895
map_0896,map,map_896,haps_thermal_map.slx,1100,101325,300,223.15000000000001,50,5.25,120,0.40000000000000002,2,0.01,0.10000000000000001,0.0089999999999999004,0.0060000000000000001,0.094197000000000003,65.532179999999997,0.59999999999999987,88.468442999999994,0.11774625,3000,500,1.0000000000000001e-15,5.6703744189999998e-23,5.25,223.15000000000001,100000,1,1,100000,1,900,300,300,330,0.84999999999999987,500,5000,1,1,map,896
map_0897,map,map_897,haps_thermal_map.slx,1100,101325,300,223.15000000000001,50,5.5,120,0.40000000000000002,2,0.01,0.10000000000000001,0.0089999999999999004,0.0060000000000000001,0.094197000000000003,65.532179999999997,0.59999999999999987,88.468442999999994,0.11774625,3000,500,1.0000000000000001e-15,5.6703744189999998e-23,5.5,223.15000000000001,100000,1,1,100000,1,900,300,300,330,0.84999999999999987,500,5000,1,1,map,897
map_0898,map,map_898,haps_thermal_map.slx,1100,101325,300,223.15000000000001,50,5.75,120,0.40000000000000002,2,0.01,0.10000000000000001,0.0089999999999999004,0.0060000000000000001,0.094197000000000003,65.532179999999997,0.59999999999999987,88.468442999999994,0.11774625,3000,500,1.0000000000000001e-15,5.6703744189999998e-23,5.75,223.15000000000001,100000,1,1,100000,1,900,300,300,330,0.84999999999999987,500,5000,1,1,map,898
map_0899,map,map_899,haps_thermal_map.slx,1100,101325,300,223.15000000000001,50,6,120,0.40000000000000002,2,0.01,0.10000000000000001,0.0089999999999999004,0.0060000000000000001,0.094197000000000003,65.532179999999997,0.59999999999999987,88.468442999999994,0.11774625,3000,500,1.0000000000000001e-15,5.6703744189999998e-23,6,223.15000000000001,100000,1,1,100000,1,900,300,300,330,0.84999999999999987,500,5000,1,1,map,899
map_0900,map,map_900,haps_thermal_map.slx,1100,101325,300,223.15000000000001,50,0.5,120,0.40000000000000002,2,0.01,0.10000000000000001,0.0089999999999999004,0.0060000000000000001,0.094197000000000003,65.532179999999997,0.59999999999999987,88.468442999999994,0.11774625,3000,500,1.0000000000000001e-15,5.6703744189999998e-23,0.5,223.15000000000001,316227.76601683802,1,1,316227.76601683802,1,900,300,300,330,0.84999999999999987,500,5000,1,1,map,900
map_0901,map,map_901,haps_thermal_map.slx,1100,101325,300,223.15000000000001,50,0.625,120,0.40000000000000002,2,0.01,0.10000000000000001,0.0089999999999999004,0.0060000000000000001,0.094197000000000003,65.532179999999997,0.59999999999999987,88.468442999999994,0.11774625,3000,500,1.0000000000000001e-15,5.6703744189999998e-23,0.625,223.15000000000001,316227.76601683802,1,1,316227.76601683802,1,900,300,300,330,0.84999999999999987,500,5000,1,1,map,901
map_0902,map,map_902,haps_thermal_map.slx,1100,101325,300,223.15000000000001,50,0.75,120,0.40000000000000002,2,0.01,0.10000000000000001,0.0089999999999999004,0.0060000000000000001,0.094197000000000003,65.532179999999997,0.59999999999999987,88.468442999999994,0.11774625,3000,500,1.0000000000000001e-15,5.6703744189999998e-23,0.75,223.15000000000001,316227.76601683802,1,1,316227.76601683802,1,900,300,300,330,0.84999999999999987,500,5000,1,1,map,902
map_0903,map,map_903,haps_thermal_map.slx,1100,101325,300,223.15000000000001,50,0.875,120,0.40000000000000002,2,0.01,0.10000000000000001,0.0089999999999999004,0.0060000000000000001,0.094197000000000003,65.532179999999997,0.59999999999999987,88.468442999999994,0.11774625,3000,500,1.0000000000000001e-15,5.6703744189999998e-23,0.875,223.15000000000001,316227.76601683802,1,1,316227.76601683802,1,900,300,300,330,0.84999999999999987,500,5000,1,1,map,903
map_0904,map,map_904,haps_thermal_map.slx,1100,101325,300,223.15000000000001,50,1,120,0.40000000000000002,2,0.01,0.10000000000000001,0.0089999999999999004,0.0060000000000000001,0.094197000000000003,65.532179999999997,0.59999999999999987,88.468442999999994,0.11774625,3000,500,1.0000000000000001e-15,5.6703744189999998e-23,1,223.15000000000001,316227.76601683802,1,1,316227.76601683802,1,900,300,300,330,0.84999999999999987,500,5000,1,1,map,904
map_0905,map,map_905,haps_thermal_map.slx,1100,101325,300,223.15000000000001,50,1.125,120,0.40000000000000002,2,0.01,0.10000000000000001,0.0089999999999999004,0.0060000000000000001,0.094197000000000003,65.532179999999997,0.59999999999999987,88.468442999999994,0.11774625,3000,500,1.0000000000000001e-15,5.6703744189999998e-23,1.125,223.15000000000001,316227.76601683802,1,1,316227.76601683802,1,900,300,300,330,0.84999999999999987,500,5000,1,1,map,905
map_0906,map,map_906,haps_thermal_map.slx,1100,101325,300,223.15000000000001,50,1.25,120,0.40000000000000002,2,0.01,0.10000000000000001,0.0089999999999999004,0.0060000000000000001,0.094197000000000003,65.532179999999997,0.59999999999999987,88.468442999999994,0.11774625,3000,500,1.0000000000000001e-15,5.6703744189999998e-23,1.25,223.15000000000001,316227.76601683802,1,1,316227.76601683802,1,900,300,300,330,0.84999999999999987,500,5000,1,1,map,906
map_0907,map,map_907,haps_thermal_map.slx,1100,101325,300,223.15000000000001,50,1.375,120,0.40000000000000002,2,0.01,0.10000000000000001,0.0089999999999999004,0.0060000000000000001,0.094197000000000003,65.532179999999997,0.59999999999999987,88.468442999999994,0.11774625,3000,500,1.0000000000000001e-15,5.6703744189999998e-23,1.375,223.15000000000001,316227.76601683802,1,1,316227.76601683802,1,900,300,300,330,0.84999999999999987,500,5000,1,1,map,907
map_0908,map,map_908,haps_thermal_map.slx,1100,101325,300,223.15000000000001,50,1.5,120,0.40000000000000002,2,0.01,0.10000000000000001,0.0089999999999999004,0.0060000000000000001,0.094197000000000003,65.532179999999997,0.59999999999999987,88.468442999999994,0.11774625,3000,500,1.0000000000000001e-15,5.6703744189999998e-23,1.5,223.15000000000001,316227.76601683802,1,1,316227.76601683802,1,900,300,300,330,0.84999999999999987,500,5000,1,1,map,908
map_0909,map,map_909,haps_thermal_map.slx,1100,101325,300,223.15000000000001,50,1.625,120,0.40000000000000002,2,0.01,0.10000000000000001,0.0089999999999999004,0.0060000000000000001,0.094197000000000003,65.532179999999997,0.59999999999999987,88.468442999999994,0.11774625,3000,500,1.0000000000000001e-15,5.6703744189999998e-23,1.625,223.15000000000001,316227.76601683802,1,1,316227.76601683802,1,900,300,300,330,0.84999999999999987,500,5000,1,1,map,909
map_0910,map,map_910,haps_thermal_map.slx,1100,101325,300,223.15000000000001,50,1.75,120,0.40000000000000002,2,0.01,0.10000000000000001,0.0089999999999999004,0.0060000000000000001,0.094197000000000003,65.532179999999997,0.59999999999999987,88.468442999999994,0.11774625,3000,500,1.0000000000000001e-15,5.6703744189999998e-23,1.75,223.15000000000001,316227.76601683802,1,1,316227.76601683802,1,900,300,300,330,0.84999999999999987,500,5000,1,1,map,910
map_0911,map,map_911,haps_thermal_map.slx,1100,101325,300,223.15000000000001,50,1.875,120,0.40000000000000002,2,0.01,0.10000000000000001,0.0089999999999999004,0.0060000000000000001,0.094197000000000003,65.532179999999997,0.59999999999999987,88.468442999999994,0.11774625,3000,500,1.0000000000000001e-15,5.6703744189999998e-23,1.875,223.15000000000001,316227.76601683802,1,1,316227.76601683802,1,900,300,300,330,0.84999999999999987,500,5000,1,1,map,911
map_0912,map,map_912,haps_thermal_map.slx,1100,101325,300,223.15000000000001,50,2,120,0.40000000000000002,2,0.01,0.10000000000000001,0.0089999999999999004,0.0060000000000000001,0.094197000000000003,65.532179999999997,0.59999999999999987,88.468442999999994,0.11774625,3000,500,1.0000000000000001e-15,5.6703744189999998e-23,2,223.15000000000001,316227.76601683802,1,1,316227.76601683802,1,900,300,300,330,0.84999999999999987,500,5000,1,1,map,912
map_0913,map,map_913,haps_thermal_map.slx,1100,101325,300,223.15000000000001,50,2.25,120,0.40000000000000002,2,0.01,0.10000000000000001,0.0089999999999999004,0.0060000000000000001,0.094197000000000003,65.532179999999997,0.59999999999999987,88.468442999999994,0.11774625,3000,500,1.0000000000000001e-15,5.6703744189999998e-23,2.25,223.15000000000001,316227.76601683802,1,1,316227.76601683802,1,900,300,300,330,0.84999999999999987,500,5000,1,1,map,913
map_0914,map,map_914,haps_thermal_map.slx,1100,101325,300,223.15000000000001,50,2.5,120,0.40000000000000002,2,0.01,0.10000000000000001,0.0089999999999999004,0.0060000000000000001,0.094197000000000003,65.532179999999997,0.59999999999999987,88.468442999999994,0.11774625,3000,500,1.0000000000000001e-15,5.6703744189999998e-23,2.5,223.15000000000001,316227.76601683802,1,1,316227.76601683802,1,900,300,300,330,0.84999999999999987,500,5000,1,1,map,914
map_0915,map,map_915,haps_thermal_map.slx,1100,101325,300,223.15000000000001,50,2.75,120,0.40000000000000002,2,0.01,0.10000000000000001,0.0089999999999999004,0.0060000000000000001,0.094197000000000003,65.532179999999997,0.59999999999999987,88.468442999999994,0.11774625,3000,500,1.0000000000000001e-15,5.6703744189999998e-23,2.75,223.15000000000001,316227.76601683802,1,1,316227.76601683802,1,900,300,300,330,0.84999999999999987,500,5000,1,1,map,915
map_0916,map,map_916,haps_thermal_map.slx,1100,101325,300,223.15000000000001,50,3,120,0.40000000000000002,2,0.01,0.10000000000000001,0.0089999999999999004,0.0060000000000000001,0.094197000000000003,65.532179999999997,0.59999999999999987,88.468442999999994,0.11774625,3000,500,1.0000000000000001e-15,5.6703744189999998e-23,3,223.15000000000001,316227.76601683802,1,1,316227.76601683802,1,900,300,300,330,0.84999999999999987,500,5000,1,1,map,916
map_0917,map,map_917,haps_thermal_map.slx,1100,101325,300,223.15000000000001,50,3.25,120,0.40000000000000002,2,0.01,0.10000000000000001,0.0089999999999999004,0.0060000000000000001,0.094197000000000003,65.532179999999997,0.59999999999999987,88.468442999999994,0.11774625,3000,500,1.0000000000000001e-15,5.6703744189999998e-23,3.25,223.15000000000001,316227.76601683802,1,1,316227.76601683802,1,900,300,300,330,0.84999999999999987,500,5000,1,1,map,917
map_0918,map,map_918,haps_thermal_map.slx,1100,101325,300,223.15000000000001,50,3.5,120,0.40000000000000002,2,0.01,0.10000000000000001,0.0089999999999999004,0.0060000000000000001,0.094197000000000003,65.532179999999997,0.59999999999999987,88.468442999999994,0.11774625,3000,500,1.0000000000000001e-15,5.6703744189999998e-23,3.5,223.15000000000001,316227.76601683802,1,1,316227.76601683802,1,900,300,300,330,0.84999999999999987,500,5000,1,1,map,918
map_0919,map,map_919,haps_thermal_map.slx,1100,101325,300,223.15000000000001,50,3.75,120,0.40000000000000002,2,0.01,0.10000000000000001,0.0089999999999999004,0.0060000000000000001,0.094197000000000003,65.532179999999997,0.59999999999999987,88.468442999999994,0.11774625,3000,500,1.0000000000000001e-15,5.6703744189999998e-23,3.75,223.15000000000001,316227.76601683802,1,1,316227.76601683802,1,900,300,300,330,0.84999999999999987,500,5000,1,1,map,919
map_0920,map,map_920,haps_thermal_map.slx,1100,101325,300,223.15000000000001,50,4,120,0.40000000000000002,2,0.01,0.10000000000000001,0.0089999999999999004,0.0060000000000000001,0.094197000000000003,65.532179999999997,0.59999999999999987,88.468442999999994,0.11774625,3000,500,1.0000000000000001e-15,5.6703744189999998e-23,4,223.15000000000001,316227.76601683802,1,1,316227.76601683802,1,900,300,300,330,0.84999999999999987,500,5000,1,1,map,920
map_0921,map,map_921,haps_thermal_map.slx,1100,101325,300,223.15000000000001,50,4.25,120,0.40000000000000002,2,0.01,0.10000000000000001,0.0089999999999999004,0.0060000000000000001,0.094197000000000003,65.532179999999997,0.59999999999999987,88.468442999999994,0.11774625,3000,500,1.0000000000000001e-15,5.6703744189999998e-23,4.25,223.15000000000001,316227.76601683802,1,1,316227.76601683802,1,900,300,300,330,0.84999999999999987,500,5000,1,1,map,921
map_0922,map,map_922,haps_thermal_map.slx,1100,101325,300,223.15000000000001,50,4.5,120,0.40000000000000002,2,0.01,0.10000000000000001,0.0089999999999999004,0.0060000000000000001,0.094197000000000003,65.532179999999997,0.59999999999999987,88.468442999999994,0.11774625,3000,500,1.0000000000000001e-15,5.6703744189999998e-23,4.5,223.15000000000001,316227.76601683802,1,1,316227.76601683802,1,900,300,300,330,0.84999999999999987,500,5000,1,1,map,922
map_0923,map,map_923,haps_thermal_map.slx,1100,101325,300,223.15000000000001,50,4.75,120,0.40000000000000002,2,0.01,0.10000000000000001,0.0089999999999999004,0.0060000000000000001,0.094197000000000003,65.532179999999997,0.59999999999999987,88.468442999999994,0.11774625,3000,500,1.0000000000000001e-15,5.6703744189999998e-23,4.75,223.15000000000001,316227.76601683802,1,1,316227.76601683802,1,900,300,300,330,0.84999999999999987,500,5000,1,1,map,923
map_0924,map,map_924,haps_thermal_map.slx,1100,101325,300,223.15000000000001,50,5,120,0.40000000000000002,2,0.01,0.10000000000000001,0.0089999999999999004,0.0060000000000000001,0.094197000000000003,65.532179999999997,0.59999999999999987,88.468442999999994,0.11774625,3000,500,1.0000000000000001e-15,5.6703744189999998e-23,5,223.15000000000001,316227.76601683802,1,1,316227.76601683802,1,900,300,300,330,0.84999999999999987,500,5000,1,1,map,924
map_0925,map,map_925,haps_thermal_map.slx,1100,101325,300,223.15000000000001,50,5.25,120,0.40000000000000002,2,0.01,0.10000000000000001,0.0089999999999999004,0.0060000000000000001,0.094197000000000003,65.532179999999997,0.59999999999999987,88.468442999999994,0.11774625,3000,500,1.0000000000000001e-15,5.6703744189999998e-23,5.25,223.15000000000001,316227.76601683802,1,1,316227.76601683802,1,900,300,300,330,0.84999999999999987,500,5000,1,1,map,925
map_0926,map,map_926,haps_thermal_map.slx,1100,101325,300,223.15000000000001,50,5.5,120,0.40000000000000002,2,0.01,0.10000000000000001,0.0089999999999999004,0.0060000000000000001,0.094197000000000003,65.532179999999997,0.59999999999999987,88.468442999999994,0.11774625,3000,500,1.0000000000000001e-15,5.6703744189999998e-23,5.5,223.15000000000001,316227.76601683802,1,1,316227.76601683802,1,900,300,300,330,0.84999999999999987,500,5000,1,1,map,926
map_0927,map,map_927,haps_thermal_map.slx,1100,101325,300,223.15000000000001,50,5.75,120,0.40000000000000002,2,0.01,0.10000000000000001,0.0089999999999999004,0.0060000000000000001,0.094197000000000003,65.532179999999997,0.59999999999999987,88.468442999999994,0.11774625,3000,500,1.0000000000000001e-15,5.6703744189999998e-23,5.75,223.15000000000001,316227.76601683802,1,1,316227.76601683802,1,900,300,300,330,0.84999999999999987,500,5000,1,1,map,927
map_0928,map,map_928,haps_thermal_map.slx,1100,101325,300,223.15000000000001,50,6,120,0.40000000000000002,2,0.01,0.10000000000000001,0.0089999999999999004,0.0060000000000000001,0.094197000000000003,65.532179999999997,0.59999999999999987,88.468442999999994,0.11774625,3000,500,1.0000000000000001e-15,5.6703744189999998e-23,6,223.15000000000001,316227.76601683802,1,1,316227.76601683802,1,900,300,300,330,0.84999999999999987,500,5000,1,1,map,928
map_0929,map,map_929,haps_thermal_map.slx,1100,101325,300,223.15000000000001,50,0.5,120,0.40000000000000002,2,0.01,0.10000000000000001,0.0089999999999999004,0.0060000000000000001,0.094197000000000003,65.532179999999997,0.59999999999999987,88.468442999999994,0.11774625,3000,500,1.0000000000000001e-15,5.6703744189999998e-23,0.5,223.15000000000001,1000000,1,1,1000000,1,900,300,300,330,0.84999999999999987,500,5000,1,1,map,929
map_0930,map,map_930,haps_thermal_map.slx,1100,101325,300,223.15000000000001,50,0.625,120,0.40000000000000002,2,0.01,0.10000000000000001,0.0089999999999999004,0.0060000000000000001,0.094197000000000003,65.532179999999997,0.59999999999999987,88.468442999999994,0.11774625,3000,500,1.0000000000000001e-15,5.6703744189999998e-23,0.625,223.15000000000001,1000000,1,1,1000000,1,900,300,300,330,0.84999999999999987,500,5000,1,1,map,930
map_0931,map,map_931,haps_thermal_map.slx,1100,101325,300,223.15000000000001,50,0.75,120,0.40000000000000002,2,0.01,0.10000000000000001,0.0089999999999999004,0.0060000000000000001,0.094197000000000003,65.532179999999997,0.59999999999999987,88.468442999999994,0.11774625,3000,500,1.0000000000000001e-15,5.6703744189999998e-23,0.75,223.15000000000001,1000000,1,1,1000000,1,900,300,300,330,0.84999999999999987,500,5000,1,1,map,931
map_0932,map,map_932,haps_thermal_map.slx,1100,101325,300,223.15000000000001,50,0.875,120,0.40000000000000002,2,0.01,0.10000000000000001,0.0089999999999999004,0.0060000000000000001,0.094197000000000003,65.532179999999997,0.59999999999999987,88.468442999999994,0.11774625,3000,500,1.0000000000000001e-15,5.6703744189999998e-23,0.875,223.15000000000001,1000000,1,1,1000000,1,900,300,300,330,0.84999999999999987,500,5000,1,1,map,932
map_0933,map,map_933,haps_thermal_map.slx,1100,101325,300,223.15000000000001,50,1,120,0.40000000000000002,2,0.01,0.10000000000000001,0.0089999999999999004,0.0060000000000000001,0.094197000000000003,65.532179999999997,0.59999999999999987,88.468442999999994,0.11774625,3000,500,1.0000000000000001e-15,5.6703744189999998e-23,1,223.15000000000001,1000000,1,1,1000000,1,900,300,300,330,0.84999999999999987,500,5000,1,1,map,933
map_0934,map,map_934,haps_thermal_map.slx,1100,101325,300,223.15000000000001,50,1.125,120,0.40000000000000002,2,0.01,0.10000000000000001,0.0089999999999999004,0.0060000000000000001,0.094197000000000003,65.532179999999997,0.59999999999999987,88.468442999999994,0.11774625,3000,500,1.0000000000000001e-15,5.6703744189999998e-23,1.125,223.15000000000001,1000000,1,1,1000000,1,900,300,300,330,0.84999999999999987,500,5000,1,1,map,934
map_0935,map,map_935,haps_thermal_map.slx,1100,101325,300,223.15000000000001,50,1.25,120,0.40000000000000002,2,0.01,0.10000000000000001,0.0089999999999999004,0.0060000000000000001,0.094197000000000003,65.532179999999997,0.59999999999999987,88.468442999999994,0.11774625,3000,500,1.0000000000000001e-15,5.6703744189999998e-23,1.25,223.15000000000001,1000000,1,1,1000000,1,900,300,300,330,0.84999999999999987,500,5000,1,1,map,935
map_0936,map,map_936,haps_thermal_map.slx,1100,101325,300,223.15000000000001,50,1.375,120,0.40000000000000002,2,0.01,0.10000000000000001,0.0089999999999999004,0.0060000000000000001,0.094197000000000003,65.532179999999997,0.59999999999999987,88.468442999999994,0.11774625,3000,500,1.0000000000000001e-15,5.6703744189999998e-23,1.375,223.15000000000001,1000000,1,1,1000000,1,900,300,300,330,0.84999999999999987,500,5000,1,1,map,936
map_0937,map,map_937,haps_thermal_map.slx,1100,101325,300,223.15000000000001,50,1.5,120,0.40000000000000002,2,0.01,0.10000000000000001,0.0089999999999999004,0.0060000000000000001,0.094197000000000003,65.532179999999997,0.59999999999999987,88.468442999999994,0.11774625,3000,500,1.0000000000000001e-15,5.6703744189999998e-23,1.5,223.15000000000001,1000000,1,1,1000000,1,900,300,300,330,0.84999999999999987,500,5000,1,1,map,937
map_0938,map,map_938,haps_thermal_map.slx,1100,101325,300,223.15000000000001,50,1.625,120,0.40000000000000002,2,0.01,0.10000000000000001,0.0089999999999999004,0.0060000000000000001,0.094197000000000003,65.532179999999997,0.59999999999999987,88.468442999999994,0.11774625,3000,500,1.0000000000000001e-15,5.6703744189999998e-23,1.625,223.15000000000001,1000000,1,1,1000000,1,900,300,300,330,0.84999999999999987,500,5000,1,1,map,938
map_0939,map,map_939,haps_thermal_map.slx,1100,101325,300,223.15000000000001,50,1.75,120,0.40000000000000002,2,0.01,0.10000000000000001,0.0089999999999999004,0.0060000000000000001,0.094197000000000003,65.532179999999997,0.59999999999999987,88.468442999999994,0.11774625,3000,500,1.0000000000000001e-15,5.6703744189999998e-23,1.75,223.15000000000001,1000000,1,1,1000000,1,900,300,300,330,0.84999999999999987,500,5000,1,1,map,939
map_0940,map,map_940,haps_thermal_map.slx,1100,101325,300,223.15000000000001,50,1.875,120,0.40000000000000002,2,0.01,0.10000000000000001,0.0089999999999999004,0.0060000000000000001,0.094197000000000003,65.532179999999997,0.59999999999999987,88.468442999999994,0.11774625,3000,500,1.0000000000000001e-15,5.6703744189999998e-23,1.875,223.15000000000001,1000000,1,1,1000000,1,900,300,300,330,0.84999999999999987,500,5000,1,1,map,940
map_0941,map,map_941,haps_thermal_map.slx,1100,101325,300,223.15000000000001,50,2,120,0.40000000000000002,2,0.01,0.10000000000000001,0.0089999999999999004,0.0060000000000000001,0.094197000000000003,65.532179999999997,0.59999999999999987,88.468442999999994,0.11774625,3000,500,1.0000000000000001e-15,5.6703744189999998e-23,2,223.15000000000001,1000000,1,1,1000000,1,900,300,300,330,0.84999999999999987,500,5000,1,1,map,941
map_0942,map,map_942,haps_thermal_map.slx,1100,101325,300,223.15000000000001,50,2.25,120,0.40000000000000002,2,0.01,0.10000000000000001,0.0089999999999999004,0.0060000000000000001,0.094197000000000003,65.532179999999997,0.59999999999999987,88.468442999999994,0.11774625,3000,500,1.0000000000000001e-15,5.6703744189999998e-23,2.25,223.15000000000001,1000000,1,1,1000000,1,900,300,300,330,0.84999999999999987,500,5000,1,1,map,942
map_0943,map,map_943,haps_thermal_map.slx,1100,101325,300,223.15000000000001,50,2.5,120,0.40000000000000002,2,0.01,0.10000000000000001,0.0089999999999999004,0.0060000000000000001,0.094197000000000003,65.532179999999997,0.59999999999999987,88.468442999999994,0.11774625,3000,500,1.0000000000000001e-15,5.6703744189999998e-23,2.5,223.15000000000001,1000000,1,1,1000000,1,900,300,300,330,0.84999999999999987,500,5000,1,1,map,943
map_0944,map,map_944,haps_thermal_map.slx,1100,101325,300,223.15000000000001,50,2.75,120,0.40000000000000002,2,0.01,0.10000000000000001,0.0089999999999999004,0.0060000000000000001,0.094197000000000003,65.532179999999997,0.59999999999999987,88.468442999999994,0.11774625,3000,500,1.0000000000000001e-15,5.6703744189999998e-23,2.75,223.15000000000001,1000000,1,1,1000000,1,900,300,300,330,0.84999999999999987,500,5000,1,1,map,944
map_0945,map,map_945,haps_thermal_map.slx,1100,101325,300,223.15000000000001,50,3,120,0.40000000000000002,2,0.01,0.10000000000000001,0.0089999999999999004,0.0060000000000000001,0.094197000000000003,65.532179999999997,0.59999999999999987,88.468442999999994,0.11774625,3000,500,1.0000000000000001e-15,5.6703744189999998e-23,3,223.15000000000001,1000000,1,1,1000000,1,900,300,300,330,0.84999999999999987,500,5000,1,1,map,945
map_0946,map,map_946,haps_thermal_map.slx,1100,101325,300,223.15000000000001,50,3.25,120,0.40000000000000002,2,0.01,0.10000000000000001,0.0089999999999999004,0.0060000000000000001,0.094197000000000003,65.532179999999997,0.59999999999999987,88.468442999999994,0.11774625,3000,500,1.0000000000000001e-15,5.6703744189999998e-23,3.25,223.15000000000001,1000000,1,1,1000000,1,900,300,300,330,0.84999999999999987,500,5000,1,1,map,946
map_0947,map,map_947,haps_thermal_map.slx,1100,101325,300,223.15000000000001,50,3.5,120,0.40000000000000002,2,0.01,0.10000000000000001,0.0089999999999999004,0.0060000000000000001,0.094197000000000003,65.532179999999997,0.59999999999999987,88.468442999999994,0.11774625,3000,500,1.0000000000000001e-15,5.6703744189999998e-23,3.5,223.15000000000001,1000000,1,1,1000000,1,900,300,300,330,0.84999999999999987,500,5000,1,1,map,947
map_0948,map,map_948,haps_thermal_map.slx,1100,101325,300,223.15000000000001,50,3.75,120,0.40000000000000002,2,0.01,0.10000000000000001,0.0089999999999999004,0.0060000000000000001,0.094197000000000003,65.532179999999997,0.59999999999999987,88.468442999999994,0.11774625,3000,500,1.0000000000000001e-15,5.6703744189999998e-23,3.75,223.15000000000001,1000000,1,1,1000000,1,900,300,300,330,0.84999999999999987,500,5000,1,1,map,948
map_0949,map,map_949,haps_thermal_map.slx,1100,101325,300,223.15000000000001,50,4,120,0.40000000000000002,2,0.01,0.10000000000000001,0.0089999999999999004,0.0060000000000000001,0.094197000000000003,65.532179999999997,0.59999999999999987,88.468442999999994,0.11774625,3000,500,1.0000000000000001e-15,5.6703744189999998e-23,4,223.15000000000001,1000000,1,1,1000000,1,900,300,300,330,0.84999999999999987,500,5000,1,1,map,949
map_0950,map,map_950,haps_thermal_map.slx,1100,101325,300,223.15000000000001,50,4.25,120,0.40000000000000002,2,0.01,0.10000000000000001,0.0089999999999999004,0.0060000000000000001,0.094197000000000003,65.532179999999997,0.59999999999999987,88.468442999999994,0.11774625,3000,500,1.0000000000000001e-15,5.6703744189999998e-23,4.25,223.15000000000001,1000000,1,1,1000000,1,900,300,300,330,0.84999999999999987,500,5000,1,1,map,950
map_0951,map,map_951,haps_thermal_map.slx,1100,101325,300,223.15000000000001,50,4.5,120,0.40000000000000002,2,0.01,0.10000000000000001,0.0089999999999999004,0.0060000000000000001,0.094197000000000003,65.532179999999997,0.59999999999999987,88.468442999999994,0.11774625,3000,500,1.0000000000000001e-15,5.6703744189999998e-23,4.5,223.15000000000001,1000000,1,1,1000000,1,900,300,300,330,0.84999999999999987,500,5000,1,1,map,951
map_0952,map,map_952,haps_thermal_map.slx,1100,101325,300,223.15000000000001,50,4.75,120,0.40000000000000002,2,0.01,0.10000000000000001,0.0089999999999999004,0.0060000000000000001,0.094197000000000003,65.532179999999997,0.59999999999999987,88.468442999999994,0.11774625,3000,500,1.0000000000000001e-15,5.6703744189999998e-23,4.75,223.15000000000001,1000000,1,1,1000000,1,900,300,300,330,0.84999999999999987,500,5000,1,1,map,952
map_0953,map,map_953,haps_thermal_map.slx,1100,101325,300,223.15000000000001,50,5,120,0.40000000000000002,2,0.01,0.10000000000000001,0.0089999999999999004,0.0060000000000000001,0.094197000000000003,65.532179999999997,0.59999999999999987,88.468442999999994,0.11774625,3000,500,1.0000000000000001e-15,5.6703744189999998e-23,5,223.15000000000001,1000000,1,1,1000000,1,900,300,300,330,0.84999999999999987,500,5000,1,1,map,953
map_0954,map,map_954,haps_thermal_map.slx,1100,101325,300,223.15000000000001,50,5.25,120,0.40000000000000002,2,0.01,0.10000000000000001,0.0089999999999999004,0.0060000000000000001,0.094197000000000003,65.532179999999997,0.59999999999999987,88.468442999999994,0.11774625,3000,500,1.0000000000000001e-15,5.6703744189999998e-23,5.25,223.15000000000001,1000000,1,1,1000000,1,900,300,300,330,0.84999999999999987,500,5000,1,1,map,954
map_0955,map,map_955,haps_thermal_map.slx,1100,101325,300,223.15000000000001,50,5.5,120,0.40000000000000002,2,0.01,0.10000000000000001,0.0089999999999999004,0.0060000000000000001,0.094197000000000003,65.532179999999997,0.59999999999999987,88.468442999999994,0.11774625,3000,500,1.0000000000000001e-15,5.6703744189999998e-23,5.5,223.15000000000001,1000000,1,1,1000000,1,900,300,300,330,0.84999999999999987,500,5000,1,1,map,955
map_0956,map,map_956,haps_thermal_map.slx,1100,101325,300,223.15000000000001,50,5.75,120,0.40000000000000002,2,0.01,0.10000000000000001,0.0089999999999999004,0.0060000000000000001,0.094197000000000003,65.532179999999997,0.59999999999999987,88.468442999999994,0.11774625,3000,500,1.0000000000000001e-15,5.6703744189999998e-23,5.75,223.15000000000001,1000000,1,1,1000000,1,900,300,300,330,0.84999999999999987,500,5000,1,1,map,956
map_0957,map,map_957,haps_thermal_map.slx,1100,101325,300,223.15000000000001,50,6,120,0.40000000000000002,2,0.01,0.10000000000000001,0.0089999999999999004,0.0060000000000000001,0.094197000000000003,65.532179999999997,0.59999999999999987,88.468442999999994,0.11774625,3000,500,1.0000000000000001e-15,5.6703744189999998e-23,6,223.15000000000001,1000000,1,1,1000000,1,900,300,300,330,0.84999999999999987,500,5000,1,1,map,957
duct_0001,duct,baseline,haps_thermal_reference.slx,1100,101325,300,223.15000000000001,50,2,120,0.40000000000000002,2,0.01,0.10000000000000001,0.0089999999999999004,0.0060000000000000001,0.094197000000000003,65.532179999999997,0.59999999999999987,88.468442999999979,0.11774625,3000,500,1.0000000000000001e-15,5.6703744189999998e-23,2,223.15000000000001,1000000,1,1,1000000,1,900,300,300,330,0.84999999999999987,500,5000,1,1,baseline,1
duct_0002,duct,duct_fine_1.00x,haps_thermal_reference.slx,1100,101325,300,223.15000000000001,50,2,120,0.40000000000000002,2,0.01,0.10000000000000001,0.0089999999999999004,0.0060000000000000001,0.094197000000000003,65.532179999999997,0.59999999999999987,88.468442999999979,0.11774625,3000,500,1.0000000000000001e-15,5.6703744189999998e-23,2,223.15000000000001,1000000,1,1,1000000,1,900,300,300,330,0.84999999999999987,500,5000,1,1,duct_fine,2
duct_0003,duct,duct_fine_1.10x,haps_thermal_reference.slx,1100,101325,300,223.15000000000001,50,2,120,0.40000000000000002,2,0.0109999999999999,0.104880884817015,0.0099000000000000008,0.0066,0.094197000000000003,65.532179999999997,0.59999999999999987,88.468442999999979,0.11774625,3000,500,1.0000000000000001e-15,5.6703744189999998e-23,2,223.15000000000001,1000000,1,1,1000000,1,900,300,300,330,0.84999999999999987,500,5000,1.1000000000000001,1,duct_fine,3
duct_0004,duct,duct_fine_1.20x,haps_thermal_reference.slx,1100,101325,300,223.15000000000001,50,2,120,0.40000000000000002,2,0.012,0.109544511501033,0.010800000000000001,0.0071999999999999001,0.094197000000000003,65.532179999999997,0.59999999999999987,88.468442999999979,0.11774625,3000,500,1.0000000000000001e-15,5.6703744189999998e-23,2,223.15000000000001,1000000,1,1,1000000,1,900,300,300,330,0.84999999999999987,500,5000,1.2,1,duct_fine,4
duct_0005,duct,duct_fine_1.30x,haps_thermal_reference.slx,1100,101325,300,223.15000000000001,50,2,120,0.40000000000000002,2,0.012999999999999901,0.114017542509914,0.0117,0.0077999999999998999,0.094197000000000003,65.532179999999997,0.59999999999999987,88.468442999999979,0.11774625,3000,500,1.0000000000000001e-15,5.6703744189999998e-23,2,223.15000000000001,1000000,1,1,1000000,1,900,300,300,330,0.84999999999999987,500,5000,1.3,1,duct_fine,5
duct_0006,duct,duct_fine_1.40x,haps_thermal_reference.slx,1100,101325,300,223.15000000000001,50,2,120,0.40000000000000002,2,0.014,0.118321595661992,0.0126,0.0083999999999999006,0.094197000000000003,65.532179999999997,0.59999999999999987,88.468442999999979,0.11774625,3000,500,1.0000000000000001e-15,5.6703744189999998e-23,2,223.15000000000001,1000000,1,1,1000000,1,900,300,300,330,0.84999999999999987,500,5000,1.3999999999999999,1,duct_fine,6
duct_0007,duct,duct_fine_1.50x,haps_thermal_reference.slx,1100,101325,300,223.15000000000001,50,2,120,0.40000000000000002,2,0.014999999999999901,0.122474487139159,0.0135,0.0089999999999999004,0.094197000000000003,65.532179999999997,0.59999999999999987,88.468442999999979,0.11774625,3000,500,1.0000000000000001e-15,5.6703744189999998e-23,2,223.15000000000001,1000000,1,1,1000000,1,900,300,300,330,0.84999999999999987,500,5000,1.5,1,duct_fine,7
duct_0008,duct,duct_fine_1.60x,haps_thermal_reference.slx,1100,101325,300,223.15000000000001,50,2,120,0.40000000000000002,2,0.016,0.126491106406735,0.0144,0.0095999999999999003,0.094197000000000003,65.532179999999997,0.59999999999999987,88.468442999999979,0.11774625,3000,500,1.0000000000000001e-15,5.6703744189999998e-23,2,223.15000000000001,1000000,1,1,1000000,1,900,300,300,330,0.84999999999999987,500,5000,1.6000000000000001,1,duct_fine,8
duct_0009,duct,duct_fine_1.70x,haps_thermal_reference.slx,1100,101325,300,223.15000000000001,50,2,120,0.40000000000000002,2,0.017000000000000001,0.13038404810405291,0.0152999999999999,0.010200000000000001,0.094197000000000003,65.532179999999997,0.59999999999999987,88.468442999999979,0.11774625,3000,500,1.0000000000000001e-15,5.6703744189999998e-23,2,223.15000000000001,1000000,1,1,1000000,1,900,300,300,330,0.84999999999999987,500,5000,1.7,1,duct_fine,9
duct_0010,duct,duct_fine_1.80x,haps_thermal_reference.slx,1100,101325,300,223.15000000000001,50,2,120,0.40000000000000002,2,0.017999999999999901,0.134164078649987,0.016199999999999899,0.010800000000000001,0.094197000000000003,65.532179999999997,0.59999999999999987,88.468442999999979,0.11774625,3000,500,1.0000000000000001e-15,5.6703744189999998e-23,2,223.15000000000001,1000000,1,1,1000000,1,900,300,300,330,0.84999999999999987,500,5000,1.8,1,duct_fine,10
duct_0011,duct,duct_fine_1.90x,haps_thermal_reference.slx,1100,101325,300,223.15000000000001,50,2,120,0.40000000000000002,2,0.019,0.137840487520902,0.017100000000000001,0.0114,0.094197000000000003,65.532179999999997,0.59999999999999987,88.468442999999979,0.11774625,3000,500,1.0000000000000001e-15,5.6703744189999998e-23,2,223.15000000000001,1000000,1,1,1000000,1,900,300,300,330,0.84999999999999987,500,5000,1.8999999999999999,1,duct_fine,11
duct_0012,duct,duct_fine_2.00x,haps_thermal_reference.slx,1100,101325,300,223.15000000000001,50,2,120,0.40000000000000002,2,0.02,0.14142135623731,0.017999999999999901,0.012,0.094197000000000003,65.532179999999997,0.59999999999999987,88.468442999999979,0.11774625,3000,500,1.0000000000000001e-15,5.6703744189999998e-23,2,223.15000000000001,1000000,1,1,1000000,1,900,300,300,330,0.84999999999999987,500,5000,2,1,duct_fine,12
duct_0013,duct,duct_fine_2.10x,haps_thermal_reference.slx,1100,101325,300,223.15000000000001,50,2,120,0.40000000000000002,2,0.021000000000000001,0.14491376746189391,0.0189,0.0126,0.094197000000000003,65.532179999999997,0.59999999999999987,88.468442999999979,0.11774625,3000,500,1.0000000000000001e-15,5.6703744189999998e-23,2,223.15000000000001,1000000,1,1,1000000,1,900,300,300,330,0.84999999999999987,500,5000,2.1000000000000001,1,duct_fine,13
duct_0014,duct,duct_fine_2.20x,haps_thermal_reference.slx,1100,101325,300,223.15000000000001,50,2,120,0.40000000000000002,2,0.021999999999999902,0.148323969741913,0.019800000000000002,0.0132,0.094197000000000003,65.532179999999997,0.59999999999999987,88.468442999999979,0.11774625,3000,500,1.0000000000000001e-15,5.6703744189999998e-23,2,223.15000000000001,1000000,1,1,1000000,1,900,300,300,330,0.84999999999999987,500,5000,2.2000000000000002,1,duct_fine,14
robustness_0001,robustness,reference_duct_1.50x,haps_thermal_reference.slx,1100,101325,300,223.15000000000001,50,2,120,0.40000000000000002,2,0.014999999999999901,0.122474487139159,0.0135,0.0089999999999999004,0.094197000000000003,65.532179999999997,0.59999999999999987,88.468442999999979,0.11774625,3000,500,1.0000000000000001e-15,5.6703744189999998e-23,2,223.15000000000001,1000000,1,1,1000000,1,900,300,300,330,0.84999999999999987,500,5000,1.5,1,fig4d_reference,1
robustness_0002,robustness,margin_0.0K,haps_thermal_reference.slx,1100,101325,300,223.15000000000001,50,2,120,0.40000000000000002,2,0.014999999999999901,0.122474487139159,0.0135,0.0089999999999999004,0.094197000000000003,65.532179999999997,0.59999999999999987,88.468442999999979,0.11774625,3000,500,1.0000000000000001e-15,5.6703744189999998e-23,2,223.15000000000001,1000000,1,1,1000000,1,900,300,300,330,0.84999999999999987,500,5000,1.5,1,thermal_margin,2
robustness_0003,robustness,margin_2.5K,haps_thermal_reference.slx,1100,101325,300,223.15000000000001,50,2,120,0.40000000000000002,2,0.014999999999999901,0.122474487139159,0.0135,0.0089999999999999004,0.094197000000000003,65.532179999999997,0.59999999999999987,88.468442999999979,0.11774625,3000,500,1.0000000000000001e-15,5.6703744189999998e-23,2,223.15000000000001,1000000,1,1,1000000,1,900,300,297.5,327.5,0.84999999999999987,500,5000,1.5,1,thermal_margin,3
robustness_0004,robustness,margin_5.0K,haps_thermal_reference.slx,1100,101325,300,223.15000000000001,50,2,120,0.40000000000000002,2,0.014999999999999901,0.122474487139159,0.0135,0.0089999999999999004,0.094197000000000003,65.532179999999997,0.59999999999999987,88.468442999999979,0.11774625,3000,500,1.0000000000000001e-15,5.6703744189999998e-23,2,223.15000000000001,1000000,1,1,1000000,1,900,300,295,325,0.84999999999999987,500,5000,1.5,1,thermal_margin,4
robustness_0005,robustness,env_T223.15_Q500_eps1e-15,haps_thermal_reference.slx,1100,101325,300,223.15000000000001,50,2,120,0.40000000000000002,2,0.014999999999999901,0.122474487139159,0.0135,0.0089999999999999004,0.094197000000000003,65.532179999999997,0.59999999999999987,88.468442999999979,0.11774625,3000,500,1.0000000000000001e-15,5.6703744189999998e-23,2,223.15000000000001,1000000,1,1,1000000,1,900,300,300,330,0.84999999999999987,500,5000,1.5,1,environment_corner,5
robustness_0006,robustness,env_T223.15_Q500_eps0.3,haps_thermal_reference.slx,1100,101325,300,223.15000000000001,50,2,120,0.40000000000000002,2,0.014999999999999901,0.122474487139159,0.0135,0.0089999999999999004,0.094197000000000003,65.532179999999997,0.59999999999999987,88.468442999999979,0.11774625,3000,500,0.29999999999999988,1.7011123256999999e-08,2,223.15000000000001,1000000,1,1,1000000,1,900,300,300,330,0.84999999999999987,500,5000,1.5,1,environment_corner,6
robustness_0007,robustness,env_T223.15_Q500_eps0.9,haps_thermal_reference.slx,1100,101325,300,223.15000000000001,50,2,120,0.40000000000000002,2,0.014999999999999901,0.122474487139159,0.0135,0.0089999999999999004,0.094197000000000003,65.532179999999997,0.59999999999999987,88.468442999999979,0.11774625,3000,500,0.90000000000000002,5.1033369771000001e-08,2,223.15000000000001,1000000,1,1,1000000,1,900,300,300,330,0.84999999999999987,500,5000,1.5,1,environment_corner,7
robustness_0008,robustness,env_T223.15_Q1500_eps1e-15,haps_thermal_reference.slx,1100,101325,300,223.15000000000001,50,2,120,0.40000000000000002,2,0.014999999999999901,0.122474487139159,0.0135,0.0089999999999999004,0.094197000000000003,65.532179999999997,0.59999999999999987,88.468442999999979,0.11774625,3000,1500,1.0000000000000001e-15,5.6703744189999998e-23,2,223.15000000000001,1000000,1,1,1000000,1,900,300,300,330,0.84999999999999987,500,5000,1.5,1,environment_corner,8
robustness_0009,robustness,env_T223.15_Q1500_eps0.3,haps_thermal_reference.slx,1100,101325,300,223.15000000000001,50,2,120,0.40000000000000002,2,0.014999999999999901,0.122474487139159,0.0135,0.0089999999999999004,0.094197000000000003,65.532179999999997,0.59999999999999987,88.468442999999979,0.11774625,3000,1500,0.29999999999999988,1.7011123256999999e-08,2,223.15000000000001,1000000,1,1,1000000,1,900,300,300,330,0.84999999999999987,500,5000,1.5,1,environment_corner,9
robustness_0010,robustness,env_T223.15_Q1500_eps0.9,haps_thermal_reference.slx,1100,101325,300,223.15000000000001,50,2,120,0.40000000000000002,2,0.014999999999999901,0.122474487139159,0.0135,0.0089999999999999004,0.094197000000000003,65.532179999999997,0.59999999999999987,88.468442999999979,0.11774625,3000,1500,0.90000000000000002,5.1033369771000001e-08,2,223.15000000000001,1000000,1,1,1000000,1,900,300,300,330,0.84999999999999987,500,5000,1.5,1,environment_corner,10
robustness_0011,robustness,env_T243.15_Q500_eps1e-15,haps_thermal_reference.slx,1100,101325,300,243.15000000000001,50,2,120,0.40000000000000002,2,0.014999999999999901,0.122474487139159,0.0135,0.0089999999999999004,0.094197000000000003,65.532179999999997,0.59999999999999987,88.468442999999979,0.11774625,3000,500,1.0000000000000001e-15,5.6703744189999998e-23,2,243.15000000000001,1000000,1,1,1000000,1,900,300,300,330,0.84999999999999987,500,5000,1.5,1,environment_corner,11
robustness_0012,robustness,env_T243.15_Q500_eps0.3,haps_thermal_reference.slx,1100,101325,300,243.15000000000001,50,2,120,0.40000000000000002,2,0.014999999999999901,0.122474487139159,0.0135,0.0089999999999999004,0.094197000000000003,65.532179999999997,0.59999999999999987,88.468442999999979,0.11774625,3000,500,0.29999999999999988,1.7011123256999999e-08,2,243.15000000000001,1000000,1,1,1000000,1,900,300,300,330,0.84999999999999987,500,5000,1.5,1,environment_corner,12
robustness_0013,robustness,env_T243.15_Q500_eps0.9,haps_thermal_reference.slx,1100,101325,300,243.15000000000001,50,2,120,0.40000000000000002,2,0.014999999999999901,0.122474487139159,0.0135,0.0089999999999999004,0.094197000000000003,65.532179999999997,0.59999999999999987,88.468442999999979,0.11774625,3000,500,0.90000000000000002,5.1033369771000001e-08,2,243.15000000000001,1000000,1,1,1000000,1,900,300,300,330,0.84999999999999987,500,5000,1.5,1,environment_corner,13
robustness_0014,robustness,env_T243.15_Q1500_eps1e-15,haps_thermal_reference.slx,1100,101325,300,243.15000000000001,50,2,120,0.40000000000000002,2,0.014999999999999901,0.122474487139159,0.0135,0.0089999999999999004,0.094197000000000003,65.532179999999997,0.59999999999999987,88.468442999999979,0.11774625,3000,1500,1.0000000000000001e-15,5.6703744189999998e-23,2,243.15000000000001,1000000,1,1,1000000,1,900,300,300,330,0.84999999999999987,500,5000,1.5,1,environment_corner,14
robustness_0015,robustness,env_T243.15_Q1500_eps0.3,haps_thermal_reference.slx,1100,101325,300,243.15000000000001,50,2,120,0.40000000000000002,2,0.014999999999999901,0.122474487139159,0.0135,0.0089999999999999004,0.094197000000000003,65.532179999999997,0.59999999999999987,88.468442999999979,0.11774625,3000,1500,0.29999999999999988,1.7011123256999999e-08,2,243.15000000000001,1000000,1,1,1000000,1,900,300,300,330,0.84999999999999987,500,5000,1.5,1,environment_corner,15
robustness_0016,robustness,env_T243.15_Q1500_eps0.9,haps_thermal_reference.slx,1100,101325,300,243.15000000000001,50,2,120,0.40000000000000002,2,0.014999999999999901,0.122474487139159,0.0135,0.0089999999999999004,0.094197000000000003,65.532179999999997,0.59999999999999987,88.468442999999979,0.11774625,3000,1500,0.90000000000000002,5.1033369771000001e-08,2,243.15000000000001,1000000,1,1,1000000,1,900,300,300,330,0.84999999999999987,500,5000,1.5,1,environment_corner,16
robustness_0017,robustness,conv_baseline_time_1.0x,haps_thermal_reference.slx,1100,101325,300,223.15000000000001,50,2,120,0.40000000000000002,2,0.014999999999999901,0.122474487139159,0.0135,0.0089999999999999004,0.094197000000000003,65.532179999999997,0.59999999999999987,88.468442999999979,0.11774625,3000,500,1.0000000000000001e-15,5.6703744189999998e-23,2,223.15000000000001,1000000,1,1,1000000,1,900,300,300,330,0.84999999999999987,500,5000,1.5,1,conv_baseline,17
robustness_0018,robustness,conv_baseline_time_2.0x,haps_thermal_reference.slx,1100,101325,300,223.15000000000001,50,2,120,0.40000000000000002,2,0.014999999999999901,0.122474487139159,0.0135,0.0089999999999999004,0.094197000000000003,65.532179999999997,0.59999999999999987,88.468442999999979,0.11774625,3000,500,1.0000000000000001e-15,5.6703744189999998e-23,2,223.15000000000001,1000000,1,1,1000000,1,900,300,300,330,0.84999999999999987,500,10000,1.5,1,conv_baseline,18
robustness_0019,robustness,conv_adverse_environment_time_1.0x,haps_thermal_reference.slx,1100,101325,300,243.15000000000001,50,2,120,0.40000000000000002,2,0.014999999999999901,0.122474487139159,0.0135,0.0089999999999999004,0.094197000000000003,65.532179999999997,0.59999999999999987,88.468442999999979,0.11774625,3000,1500,0.29999999999999988,1.7011123256999999e-08,2,243.15000000000001,1000000,1,1,1000000,1,900,300,300,330,0.84999999999999987,500,5000,1.5,1,conv_adverse_environment,19
robustness_0020,robustness,conv_adverse_environment_time_2.0x,haps_thermal_reference.slx,1100,101325,300,243.15000000000001,50,2,120,0.40000000000000002,2,0.014999999999999901,0.122474487139159,0.0135,0.0089999999999999004,0.094197000000000003,65.532179999999997,0.59999999999999987,88.468442999999979,0.11774625,3000,1500,0.29999999999999988,1.7011123256999999e-08,2,243.15000000000001,1000000,1,1,1000000,1,900,300,300,330,0.84999999999999987,500,10000,1.5,1,conv_adverse_environment,20
robustness_0021,robustness,conv_near_boundary_time_1.0x,haps_thermal_reference.slx,1100,101325,300,223.15000000000001,50,1,120,0.40000000000000002,2,0.014999999999999901,0.122474487139159,0.0135,0.0089999999999999004,0.094197000000000003,65.532179999999997,0.59999999999999987,88.468442999999979,0.11774625,3000,500,1.0000000000000001e-15,5.6703744189999998e-23,1,223.15000000000001,1000000,1,1,1000000,1,900,300,300,330,0.84999999999999987,500,5000,1.5,1,conv_near_boundary,21
robustness_0022,robustness,conv_near_boundary_time_2.0x,haps_thermal_reference.slx,1100,101325,300,223.15000000000001,50,1,120,0.40000000000000002,2,0.014999999999999901,0.122474487139159,0.0135,0.0089999999999999004,0.094197000000000003,65.532179999999997,0.59999999999999987,88.468442999999979,0.11774625,3000,500,1.0000000000000001e-15,5.6703744189999998e-23,1,223.15000000000001,1000000,1,1,1000000,1,900,300,300,330,0.84999999999999987,500,10000,1.5,1,conv_near_boundary,22
highload_a_0001,highload_a,highload_a_0001,haps_thermal_reference.slx,1100,101325,300,223.15000000000001,50,2,120,0.40000000000000002,2,0.014999999999999901,0.1224744871391589,0.013499999999999899,0.0089999999999999993,0.094197000000000003,65.532179999999997,0.59999999999999987,88.468442999999994,0.11774625,3000,500,1.0000000000000001e-15,5.6703744189999998e-23,2,223.15000000000001,1000000,1,1,1000000,1,900,300,300,330,0.84999999999999987,500,5000,1.5,1,highload_a,1
highload_a_0002,highload_a,highload_a_0002,haps_thermal_reference.slx,1275,101325,300,223.15000000000001,50,2,120,0.40000000000000002,2,0.014999999999999901,0.1224744871391589,0.013499999999999899,0.0089999999999999993,0.094197000000000003,65.532179999999997,0.59999999999999987,88.468442999999994,0.11774625,3000,500,1.0000000000000001e-15,5.6703744189999998e-23,2,223.15000000000001,1000000,1,1,1000000,1,900,300,300,330,0.84999999999999987,500,5000,1.5,1,highload_a,2
highload_a_0003,highload_a,highload_a_0003,haps_thermal_reference.slx,2550,101325,300,223.15000000000001,50,2,120,0.40000000000000002,2,0.014999999999999901,0.1224744871391589,0.013499999999999899,0.0089999999999999993,0.094197000000000003,65.532179999999997,0.59999999999999987,88.468442999999994,0.11774625,3000,500,1.0000000000000001e-15,5.6703744189999998e-23,2,223.15000000000001,1000000,1,1,1000000,1,900,300,300,330,0.84999999999999987,500,5000,1.5,1,highload_a,3
highload_b_0001,highload_b,highload_b_0001,haps_thermal_reference.slx,1275,101325,300,223.15000000000001,50,2,120,0.40000000000000002,2,0.014999999999999901,0.1224744871391589,0.013499999999999899,0.0089999999999999993,0.094197000000000003,65.532179999999997,0.59999999999999987,88.468442999999994,0.11774625,3000,500,1.0000000000000001e-15,5.6703744189999998e-23,2,223.15000000000001,1000000,1,1,1000000,1,900,300,300,330,0.84999999999999987,500,5000,1.5,1,highload_b,1
highload_b_0002,highload_b,highload_b_0002,haps_thermal_reference.slx,1275,101325,300,223.15000000000001,50,2.5,120,0.40000000000000002,2,0.014999999999999901,0.1224744871391589,0.013499999999999899,0.0089999999999999993,0.094197000000000003,65.532179999999997,0.59999999999999987,88.468442999999994,0.11774625,3000,500,1.0000000000000001e-15,5.6703744189999998e-23,2.5,223.15000000000001,1000000,1,1,1000000,1,900,300,300,330,0.84999999999999987,500,5000,1.5,1,highload_b,2
highload_b_0003,highload_b,highload_b_0003,haps_thermal_reference.slx,1275,101325,300,223.15000000000001,50,3,120,0.40000000000000002,2,0.014999999999999901,0.1224744871391589,0.013499999999999899,0.0089999999999999993,0.094197000000000003,65.532179999999997,0.59999999999999987,88.468442999999994,0.11774625,3000,500,1.0000000000000001e-15,5.6703744189999998e-23,3,223.15000000000001,1000000,1,1,1000000,1,900,300,300,330,0.84999999999999987,500,5000,1.5,1,highload_b,3
highload_b_0004,highload_b,highload_b_0004,haps_thermal_reference.slx,1275,101325,300,223.15000000000001,50,3.5,120,0.40000000000000002,2,0.014999999999999901,0.1224744871391589,0.013499999999999899,0.0089999999999999993,0.094197000000000003,65.532179999999997,0.59999999999999987,88.468442999999994,0.11774625,3000,500,1.0000000000000001e-15,5.6703744189999998e-23,3.5,223.15000000000001,1000000,1,1,1000000,1,900,300,300,330,0.84999999999999987,500,5000,1.5,1,highload_b,4
highload_b_0005,highload_b,highload_b_0005,haps_thermal_reference.slx,1275,101325,300,223.15000000000001,50,4,120,0.40000000000000002,2,0.014999999999999901,0.1224744871391589,0.013499999999999899,0.0089999999999999993,0.094197000000000003,65.532179999999997,0.59999999999999987,88.468442999999994,0.11774625,3000,500,1.0000000000000001e-15,5.6703744189999998e-23,4,223.15000000000001,1000000,1,1,1000000,1,900,300,300,330,0.84999999999999987,500,5000,1.5,1,highload_b,5
highload_b_0006,highload_b,highload_b_0006,haps_thermal_reference.slx,1275,101325,300,223.15000000000001,50,5,120,0.40000000000000002,2,0.014999999999999901,0.1224744871391589,0.013499999999999899,0.0089999999999999993,0.094197000000000003,65.532179999999997,0.59999999999999987,88.468442999999994,0.11774625,3000,500,1.0000000000000001e-15,5.6703744189999998e-23,5,223.15000000000001,1000000,1,1,1000000,1,900,300,300,330,0.84999999999999987,500,5000,1.5,1,highload_b,6
highload_b_0007,highload_b,highload_b_0007,haps_thermal_reference.slx,1275,101325,300,223.15000000000001,50,6,120,0.40000000000000002,2,0.014999999999999901,0.1224744871391589,0.013499999999999899,0.0089999999999999993,0.094197000000000003,65.532179999999997,0.59999999999999987,88.468442999999994,0.11774625,3000,500,1.0000000000000001e-15,5.6703744189999998e-23,6,223.15000000000001,1000000,1,1,1000000,1,900,300,300,330,0.84999999999999987,500,5000,1.5,1,highload_b,7
highload_b_0008,highload_b,highload_b_0008,haps_thermal_reference.slx,1275,101325,300,223.15000000000001,50,8,120,0.40000000000000002,2,0.014999999999999901,0.1224744871391589,0.013499999999999899,0.0089999999999999993,0.094197000000000003,65.532179999999997,0.59999999999999987,88.468442999999994,0.11774625,3000,500,1.0000000000000001e-15,5.6703744189999998e-23,8,223.15000000000001,1000000,1,1,1000000,1,900,300,300,330,0.84999999999999987,500,5000,1.5,1,highload_b,8
highload_b_0009,highload_b,highload_b_0009,haps_thermal_reference.slx,1275,101325,300,223.15000000000001,50,10,120,0.40000000000000002,2,0.014999999999999901,0.1224744871391589,0.013499999999999899,0.0089999999999999993,0.094197000000000003,65.532179999999997,0.59999999999999987,88.468442999999994,0.11774625,3000,500,1.0000000000000001e-15,5.6703744189999998e-23,10,223.15000000000001,1000000,1,1,1000000,1,900,300,300,330,0.84999999999999987,500,5000,1.5,1,highload_b,9
highload_b_0010,highload_b,highload_b_0010,haps_thermal_reference.slx,2550,101325,300,223.15000000000001,50,2,120,0.40000000000000002,2,0.014999999999999901,0.1224744871391589,0.013499999999999899,0.0089999999999999993,0.094197000000000003,65.532179999999997,0.59999999999999987,88.468442999999994,0.11774625,3000,500,1.0000000000000001e-15,5.6703744189999998e-23,2,223.15000000000001,1000000,1,1,1000000,1,900,300,300,330,0.84999999999999987,500,5000,1.5,1,highload_b,10
highload_b_0011,highload_b,highload_b_0011,haps_thermal_reference.slx,2550,101325,300,223.15000000000001,50,2.5,120,0.40000000000000002,2,0.014999999999999901,0.1224744871391589,0.013499999999999899,0.0089999999999999993,0.094197000000000003,65.532179999999997,0.59999999999999987,88.468442999999994,0.11774625,3000,500,1.0000000000000001e-15,5.6703744189999998e-23,2.5,223.15000000000001,1000000,1,1,1000000,1,900,300,300,330,0.84999999999999987,500,5000,1.5,1,highload_b,11
highload_b_0012,highload_b,highload_b_0012,haps_thermal_reference.slx,2550,101325,300,223.15000000000001,50,3,120,0.40000000000000002,2,0.014999999999999901,0.1224744871391589,0.013499999999999899,0.0089999999999999993,0.094197000000000003,65.532179999999997,0.59999999999999987,88.468442999999994,0.11774625,3000,500,1.0000000000000001e-15,5.6703744189999998e-23,3,223.15000000000001,1000000,1,1,1000000,1,900,300,300,330,0.84999999999999987,500,5000,1.5,1,highload_b,12
highload_b_0013,highload_b,highload_b_0013,haps_thermal_reference.slx,2550,101325,300,223.15000000000001,50,3.5,120,0.40000000000000002,2,0.014999999999999901,0.1224744871391589,0.013499999999999899,0.0089999999999999993,0.094197000000000003,65.532179999999997,0.59999999999999987,88.468442999999994,0.11774625,3000,500,1.0000000000000001e-15,5.6703744189999998e-23,3.5,223.15000000000001,1000000,1,1,1000000,1,900,300,300,330,0.84999999999999987,500,5000,1.5,1,highload_b,13
highload_b_0014,highload_b,highload_b_0014,haps_thermal_reference.slx,2550,101325,300,223.15000000000001,50,4,120,0.40000000000000002,2,0.014999999999999901,0.1224744871391589,0.013499999999999899,0.0089999999999999993,0.094197000000000003,65.532179999999997,0.59999999999999987,88.468442999999994,0.11774625,3000,500,1.0000000000000001e-15,5.6703744189999998e-23,4,223.15000000000001,1000000,1,1,1000000,1,900,300,300,330,0.84999999999999987,500,5000,1.5,1,highload_b,14
highload_b_0015,highload_b,highload_b_0015,haps_thermal_reference.slx,2550,101325,300,223.15000000000001,50,5,120,0.40000000000000002,2,0.014999999999999901,0.1224744871391589,0.013499999999999899,0.0089999999999999993,0.094197000000000003,65.532179999999997,0.59999999999999987,88.468442999999994,0.11774625,3000,500,1.0000000000000001e-15,5.6703744189999998e-23,5,223.15000000000001,1000000,1,1,1000000,1,900,300,300,330,0.84999999999999987,500,5000,1.5,1,highload_b,15
highload_b_0016,highload_b,highload_b_0016,haps_thermal_reference.slx,2550,101325,300,223.15000000000001,50,6,120,0.40000000000000002,2,0.014999999999999901,0.1224744871391589,0.013499999999999899,0.0089999999999999993,0.094197000000000003,65.532179999999997,0.59999999999999987,88.468442999999994,0.11774625,3000,500,1.0000000000000001e-15,5.6703744189999998e-23,6,223.15000000000001,1000000,1,1,1000000,1,900,300,300,330,0.84999999999999987,500,5000,1.5,1,highload_b,16
highload_b_0017,highload_b,highload_b_0017,haps_thermal_reference.slx,2550,101325,300,223.15000000000001,50,8,120,0.40000000000000002,2,0.014999999999999901,0.1224744871391589,0.013499999999999899,0.0089999999999999993,0.094197000000000003,65.532179999999997,0.59999999999999987,88.468442999999994,0.11774625,3000,500,1.0000000000000001e-15,5.6703744189999998e-23,8,223.15000000000001,1000000,1,1,1000000,1,900,300,300,330,0.84999999999999987,500,5000,1.5,1,highload_b,17
highload_b_0018,highload_b,highload_b_0018,haps_thermal_reference.slx,2550,101325,300,223.15000000000001,50,10,120,0.40000000000000002,2,0.014999999999999901,0.1224744871391589,0.013499999999999899,0.0089999999999999993,0.094197000000000003,65.532179999999997,0.59999999999999987,88.468442999999994,0.11774625,3000,500,1.0000000000000001e-15,5.6703744189999998e-23,10,223.15000000000001,1000000,1,1,1000000,1,900,300,300,330,0.84999999999999987,500,5000,1.5,1,highload_b,18
highload_c_0001,highload_c,highload_c_0001,haps_thermal_reference.slx,2550,101325,300,223.15000000000001,50,3.5,120,0.59999999999999987,2,0.014999999999999901,0.1224744871391589,0.013499999999999899,0.0089999999999999993,0.094197000000000003,65.532179999999997,0.59999999999999987,88.468442999999994,0.11774625,3000,500,1.0000000000000001e-15,5.6703744189999998e-23,3.5,223.15000000000001,1000000,1,1,1000000,1,900,300,300,330,0.84999999999999987,500,5000,1.5,1.5,highload_c,1
highload_c_0002,highload_c,highload_c_0002,haps_thermal_reference.slx,2550,101325,300,223.15000000000001,50,4,120,0.59999999999999987,2,0.014999999999999901,0.1224744871391589,0.013499999999999899,0.0089999999999999993,0.094197000000000003,65.532179999999997,0.59999999999999987,88.468442999999994,0.11774625,3000,500,1.0000000000000001e-15,5.6703744189999998e-23,4,223.15000000000001,1000000,1,1,1000000,1,900,300,300,330,0.84999999999999987,500,5000,1.5,1.5,highload_c,2
highload_c_0003,highload_c,highload_c_0003,haps_thermal_reference.slx,2550,101325,300,223.15000000000001,50,5,120,0.59999999999999987,2,0.014999999999999901,0.1224744871391589,0.013499999999999899,0.0089999999999999993,0.094197000000000003,65.532179999999997,0.59999999999999987,88.468442999999994,0.11774625,3000,500,1.0000000000000001e-15,5.6703744189999998e-23,5,223.15000000000001,1000000,1,1,1000000,1,900,300,300,330,0.84999999999999987,500,5000,1.5,1.5,highload_c,3
highload_c_0004,highload_c,highload_c_0004,haps_thermal_reference.slx,2550,101325,300,223.15000000000001,50,6,120,0.59999999999999987,2,0.014999999999999901,0.1224744871391589,0.013499999999999899,0.0089999999999999993,0.094197000000000003,65.532179999999997,0.59999999999999987,88.468442999999994,0.11774625,3000,500,1.0000000000000001e-15,5.6703744189999998e-23,6,223.15000000000001,1000000,1,1,1000000,1,900,300,300,330,0.84999999999999987,500,5000,1.5,1.5,highload_c,4
highload_c_0005,highload_c,highload_c_0005,haps_thermal_reference.slx,2550,101325,300,223.15000000000001,50,3.5,120,0.59999999999999987,2,0.02,0.1414213562373095,0.017999999999999901,0.012,0.094197000000000003,65.532179999999997,0.59999999999999987,88.468442999999994,0.11774625,3000,500,1.0000000000000001e-15,5.6703744189999998e-23,3.5,223.15000000000001,1000000,1,1,1000000,1,900,300,300,330,0.84999999999999987,500,5000,2,1.5,highload_c,5
highload_c_0006,highload_c,highload_c_0006,haps_thermal_reference.slx,2550,101325,300,223.15000000000001,50,4,120,0.59999999999999987,2,0.02,0.1414213562373095,0.017999999999999901,0.012,0.094197000000000003,65.532179999999997,0.59999999999999987,88.468442999999994,0.11774625,3000,500,1.0000000000000001e-15,5.6703744189999998e-23,4,223.15000000000001,1000000,1,1,1000000,1,900,300,300,330,0.84999999999999987,500,5000,2,1.5,highload_c,6
highload_c_0007,highload_c,highload_c_0007,haps_thermal_reference.slx,2550,101325,300,223.15000000000001,50,5,120,0.59999999999999987,2,0.02,0.1414213562373095,0.017999999999999901,0.012,0.094197000000000003,65.532179999999997,0.59999999999999987,88.468442999999994,0.11774625,3000,500,1.0000000000000001e-15,5.6703744189999998e-23,5,223.15000000000001,1000000,1,1,1000000,1,900,300,300,330,0.84999999999999987,500,5000,2,1.5,highload_c,7
highload_c_0008,highload_c,highload_c_0008,haps_thermal_reference.slx,2550,101325,300,223.15000000000001,50,6,120,0.59999999999999987,2,0.02,0.1414213562373095,0.017999999999999901,0.012,0.094197000000000003,65.532179999999997,0.59999999999999987,88.468442999999994,0.11774625,3000,500,1.0000000000000001e-15,5.6703744189999998e-23,6,223.15000000000001,1000000,1,1,1000000,1,900,300,300,330,0.84999999999999987,500,5000,2,1.5,highload_c,8
highload_c_0009,highload_c,highload_c_0009,haps_thermal_reference.slx,2550,101325,300,223.15000000000001,50,3.5,120,0.59999999999999987,2,0.025000000000000001,0.158113883008419,0.022499999999999899,0.014999999999999901,0.094197000000000003,65.532179999999997,0.59999999999999987,88.468442999999994,0.11774625,3000,500,1.0000000000000001e-15,5.6703744189999998e-23,3.5,223.15000000000001,1000000,1,1,1000000,1,900,300,300,330,0.84999999999999987,500,5000,2.5,1.5,highload_c,9
highload_c_0010,highload_c,highload_c_0010,haps_thermal_reference.slx,2550,101325,300,223.15000000000001,50,4,120,0.59999999999999987,2,0.025000000000000001,0.158113883008419,0.022499999999999899,0.014999999999999901,0.094197000000000003,65.532179999999997,0.59999999999999987,88.468442999999994,0.11774625,3000,500,1.0000000000000001e-15,5.6703744189999998e-23,4,223.15000000000001,1000000,1,1,1000000,1,900,300,300,330,0.84999999999999987,500,5000,2.5,1.5,highload_c,10
highload_c_0011,highload_c,highload_c_0011,haps_thermal_reference.slx,2550,101325,300,223.15000000000001,50,5,120,0.59999999999999987,2,0.025000000000000001,0.158113883008419,0.022499999999999899,0.014999999999999901,0.094197000000000003,65.532179999999997,0.59999999999999987,88.468442999999994,0.11774625,3000,500,1.0000000000000001e-15,5.6703744189999998e-23,5,223.15000000000001,1000000,1,1,1000000,1,900,300,300,330,0.84999999999999987,500,5000,2.5,1.5,highload_c,11
highload_c_0012,highload_c,highload_c_0012,haps_thermal_reference.slx,2550,101325,300,223.15000000000001,50,6,120,0.59999999999999987,2,0.025000000000000001,0.158113883008419,0.022499999999999899,0.014999999999999901,0.094197000000000003,65.532179999999997,0.59999999999999987,88.468442999999994,0.11774625,3000,500,1.0000000000000001e-15,5.6703744189999998e-23,6,223.15000000000001,1000000,1,1,1000000,1,900,300,300,330,0.84999999999999987,500,5000,2.5,1.5,highload_c,12
highload_c_0013,highload_c,highload_c_0013,haps_thermal_reference.slx,2550,101325,300,223.15000000000001,50,3.5,120,0.69999999999999984,2,0.014999999999999901,0.1224744871391589,0.013499999999999899,0.0089999999999999993,0.094197000000000003,65.532179999999997,0.59999999999999987,88.468442999999994,0.11774625,3000,500,1.0000000000000001e-15,5.6703744189999998e-23,3.5,223.15000000000001,1000000,1,1,1000000,1,900,300,300,330,0.84999999999999987,500,5000,1.5,1.75,highload_c,13
highload_c_0014,highload_c,highload_c_0014,haps_thermal_reference.slx,2550,101325,300,223.15000000000001,50,4,120,0.69999999999999984,2,0.014999999999999901,0.1224744871391589,0.013499999999999899,0.0089999999999999993,0.094197000000000003,65.532179999999997,0.59999999999999987,88.468442999999994,0.11774625,3000,500,1.0000000000000001e-15,5.6703744189999998e-23,4,223.15000000000001,1000000,1,1,1000000,1,900,300,300,330,0.84999999999999987,500,5000,1.5,1.75,highload_c,14
highload_c_0015,highload_c,highload_c_0015,haps_thermal_reference.slx,2550,101325,300,223.15000000000001,50,5,120,0.69999999999999984,2,0.014999999999999901,0.1224744871391589,0.013499999999999899,0.0089999999999999993,0.094197000000000003,65.532179999999997,0.59999999999999987,88.468442999999994,0.11774625,3000,500,1.0000000000000001e-15,5.6703744189999998e-23,5,223.15000000000001,1000000,1,1,1000000,1,900,300,300,330,0.84999999999999987,500,5000,1.5,1.75,highload_c,15
highload_c_0016,highload_c,highload_c_0016,haps_thermal_reference.slx,2550,101325,300,223.15000000000001,50,6,120,0.69999999999999984,2,0.014999999999999901,0.1224744871391589,0.013499999999999899,0.0089999999999999993,0.094197000000000003,65.532179999999997,0.59999999999999987,88.468442999999994,0.11774625,3000,500,1.0000000000000001e-15,5.6703744189999998e-23,6,223.15000000000001,1000000,1,1,1000000,1,900,300,300,330,0.84999999999999987,500,5000,1.5,1.75,highload_c,16
highload_c_0017,highload_c,highload_c_0017,haps_thermal_reference.slx,2550,101325,300,223.15000000000001,50,3.5,120,0.69999999999999984,2,0.02,0.1414213562373095,0.017999999999999901,0.012,0.094197000000000003,65.532179999999997,0.59999999999999987,88.468442999999994,0.11774625,3000,500,1.0000000000000001e-15,5.6703744189999998e-23,3.5,223.15000000000001,1000000,1,1,1000000,1,900,300,300,330,0.84999999999999987,500,5000,2,1.75,highload_c,17
highload_c_0018,highload_c,highload_c_0018,haps_thermal_reference.slx,2550,101325,300,223.15000000000001,50,4,120,0.69999999999999984,2,0.02,0.1414213562373095,0.017999999999999901,0.012,0.094197000000000003,65.532179999999997,0.59999999999999987,88.468442999999994,0.11774625,3000,500,1.0000000000000001e-15,5.6703744189999998e-23,4,223.15000000000001,1000000,1,1,1000000,1,900,300,300,330,0.84999999999999987,500,5000,2,1.75,highload_c,18
highload_c_0019,highload_c,highload_c_0019,haps_thermal_reference.slx,2550,101325,300,223.15000000000001,50,5,120,0.69999999999999984,2,0.02,0.1414213562373095,0.017999999999999901,0.012,0.094197000000000003,65.532179999999997,0.59999999999999987,88.468442999999994,0.11774625,3000,500,1.0000000000000001e-15,5.6703744189999998e-23,5,223.15000000000001,1000000,1,1,1000000,1,900,300,300,330,0.84999999999999987,500,5000,2,1.75,highload_c,19
highload_c_0020,highload_c,highload_c_0020,haps_thermal_reference.slx,2550,101325,300,223.15000000000001,50,6,120,0.69999999999999984,2,0.02,0.1414213562373095,0.017999999999999901,0.012,0.094197000000000003,65.532179999999997,0.59999999999999987,88.468442999999994,0.11774625,3000,500,1.0000000000000001e-15,5.6703744189999998e-23,6,223.15000000000001,1000000,1,1,1000000,1,900,300,300,330,0.84999999999999987,500,5000,2,1.75,highload_c,20
highload_c_0021,highload_c,highload_c_0021,haps_thermal_reference.slx,2550,101325,300,223.15000000000001,50,3.5,120,0.69999999999999984,2,0.025000000000000001,0.158113883008419,0.022499999999999899,0.014999999999999901,0.094197000000000003,65.532179999999997,0.59999999999999987,88.468442999999994,0.11774625,3000,500,1.0000000000000001e-15,5.6703744189999998e-23,3.5,223.15000000000001,1000000,1,1,1000000,1,900,300,300,330,0.84999999999999987,500,5000,2.5,1.75,highload_c,21
highload_c_0022,highload_c,highload_c_0022,haps_thermal_reference.slx,2550,101325,300,223.15000000000001,50,4,120,0.69999999999999984,2,0.025000000000000001,0.158113883008419,0.022499999999999899,0.014999999999999901,0.094197000000000003,65.532179999999997,0.59999999999999987,88.468442999999994,0.11774625,3000,500,1.0000000000000001e-15,5.6703744189999998e-23,4,223.15000000000001,1000000,1,1,1000000,1,900,300,300,330,0.84999999999999987,500,5000,2.5,1.75,highload_c,22
highload_c_0023,highload_c,highload_c_0023,haps_thermal_reference.slx,2550,101325,300,223.15000000000001,50,5,120,0.69999999999999984,2,0.025000000000000001,0.158113883008419,0.022499999999999899,0.014999999999999901,0.094197000000000003,65.532179999999997,0.59999999999999987,88.468442999999994,0.11774625,3000,500,1.0000000000000001e-15,5.6703744189999998e-23,5,223.15000000000001,1000000,1,1,1000000,1,900,300,300,330,0.84999999999999987,500,5000,2.5,1.75,highload_c,23
highload_c_0024,highload_c,highload_c_0024,haps_thermal_reference.slx,2550,101325,300,223.15000000000001,50,6,120,0.69999999999999984,2,0.025000000000000001,0.158113883008419,0.022499999999999899,0.014999999999999901,0.094197000000000003,65.532179999999997,0.59999999999999987,88.468442999999994,0.11774625,3000,500,1.0000000000000001e-15,5.6703744189999998e-23,6,223.15000000000001,1000000,1,1,1000000,1,900,300,300,330,0.84999999999999987,500,5000,2.5,1.75,highload_c,24
highload_c_0025,highload_c,highload_c_0025,haps_thermal_reference.slx,2550,101325,300,223.15000000000001,50,3.5,120,0.80000000000000004,2,0.014999999999999901,0.1224744871391589,0.013499999999999899,0.0089999999999999993,0.094197000000000003,65.532179999999997,0.59999999999999987,88.468442999999994,0.11774625,3000,500,1.0000000000000001e-15,5.6703744189999998e-23,3.5,223.15000000000001,1000000,1,1,1000000,1,900,300,300,330,0.84999999999999987,500,5000,1.5,2,highload_c,25
highload_c_0026,highload_c,highload_c_0026,haps_thermal_reference.slx,2550,101325,300,223.15000000000001,50,4,120,0.80000000000000004,2,0.014999999999999901,0.1224744871391589,0.013499999999999899,0.0089999999999999993,0.094197000000000003,65.532179999999997,0.59999999999999987,88.468442999999994,0.11774625,3000,500,1.0000000000000001e-15,5.6703744189999998e-23,4,223.15000000000001,1000000,1,1,1000000,1,900,300,300,330,0.84999999999999987,500,5000,1.5,2,highload_c,26
highload_c_0027,highload_c,highload_c_0027,haps_thermal_reference.slx,2550,101325,300,223.15000000000001,50,5,120,0.80000000000000004,2,0.014999999999999901,0.1224744871391589,0.013499999999999899,0.0089999999999999993,0.094197000000000003,65.532179999999997,0.59999999999999987,88.468442999999994,0.11774625,3000,500,1.0000000000000001e-15,5.6703744189999998e-23,5,223.15000000000001,1000000,1,1,1000000,1,900,300,300,330,0.84999999999999987,500,5000,1.5,2,highload_c,27
highload_c_0028,highload_c,highload_c_0028,haps_thermal_reference.slx,2550,101325,300,223.15000000000001,50,6,120,0.80000000000000004,2,0.014999999999999901,0.1224744871391589,0.013499999999999899,0.0089999999999999993,0.094197000000000003,65.532179999999997,0.59999999999999987,88.468442999999994,0.11774625,3000,500,1.0000000000000001e-15,5.6703744189999998e-23,6,223.15000000000001,1000000,1,1,1000000,1,900,300,300,330,0.84999999999999987,500,5000,1.5,2,highload_c,28
highload_c_0029,highload_c,highload_c_0029,haps_thermal_reference.slx,2550,101325,300,223.15000000000001,50,3.5,120,0.80000000000000004,2,0.02,0.1414213562373095,0.017999999999999901,0.012,0.094197000000000003,65.532179999999997,0.59999999999999987,88.468442999999994,0.11774625,3000,500,1.0000000000000001e-15,5.6703744189999998e-23,3.5,223.15000000000001,1000000,1,1,1000000,1,900,300,300,330,0.84999999999999987,500,5000,2,2,highload_c,29
highload_c_0030,highload_c,highload_c_0030,haps_thermal_reference.slx,2550,101325,300,223.15000000000001,50,4,120,0.80000000000000004,2,0.02,0.1414213562373095,0.017999999999999901,0.012,0.094197000000000003,65.532179999999997,0.59999999999999987,88.468442999999994,0.11774625,3000,500,1.0000000000000001e-15,5.6703744189999998e-23,4,223.15000000000001,1000000,1,1,1000000,1,900,300,300,330,0.84999999999999987,500,5000,2,2,highload_c,30
highload_c_0031,highload_c,highload_c_0031,haps_thermal_reference.slx,2550,101325,300,223.15000000000001,50,5,120,0.80000000000000004,2,0.02,0.1414213562373095,0.017999999999999901,0.012,0.094197000000000003,65.532179999999997,0.59999999999999987,88.468442999999994,0.11774625,3000,500,1.0000000000000001e-15,5.6703744189999998e-23,5,223.15000000000001,1000000,1,1,1000000,1,900,300,300,330,0.84999999999999987,500,5000,2,2,highload_c,31
highload_c_0032,highload_c,highload_c_0032,haps_thermal_reference.slx,2550,101325,300,223.15000000000001,50,6,120,0.80000000000000004,2,0.02,0.1414213562373095,0.017999999999999901,0.012,0.094197000000000003,65.532179999999997,0.59999999999999987,88.468442999999994,0.11774625,3000,500,1.0000000000000001e-15,5.6703744189999998e-23,6,223.15000000000001,1000000,1,1,1000000,1,900,300,300,330,0.84999999999999987,500,5000,2,2,highload_c,32
highload_c_0033,highload_c,highload_c_0033,haps_thermal_reference.slx,2550,101325,300,223.15000000000001,50,3.5,120,0.80000000000000004,2,0.025000000000000001,0.158113883008419,0.022499999999999899,0.014999999999999901,0.094197000000000003,65.532179999999997,0.59999999999999987,88.468442999999994,0.11774625,3000,500,1.0000000000000001e-15,5.6703744189999998e-23,3.5,223.15000000000001,1000000,1,1,1000000,1,900,300,300,330,0.84999999999999987,500,5000,2.5,2,highload_c,33
highload_c_0034,highload_c,highload_c_0034,haps_thermal_reference.slx,2550,101325,300,223.15000000000001,50,4,120,0.80000000000000004,2,0.025000000000000001,0.158113883008419,0.022499999999999899,0.014999999999999901,0.094197000000000003,65.532179999999997,0.59999999999999987,88.468442999999994,0.11774625,3000,500,1.0000000000000001e-15,5.6703744189999998e-23,4,223.15000000000001,1000000,1,1,1000000,1,900,300,300,330,0.84999999999999987,500,5000,2.5,2,highload_c,34
highload_c_0035,highload_c,highload_c_0035,haps_thermal_reference.slx,2550,101325,300,223.15000000000001,50,5,120,0.80000000000000004,2,0.025000000000000001,0.158113883008419,0.022499999999999899,0.014999999999999901,0.094197000000000003,65.532179999999997,0.59999999999999987,88.468442999999994,0.11774625,3000,500,1.0000000000000001e-15,5.6703744189999998e-23,5,223.15000000000001,1000000,1,1,1000000,1,900,300,300,330,0.84999999999999987,500,5000,2.5,2,highload_c,35
highload_c_0036,highload_c,highload_c_0036,haps_thermal_reference.slx,2550,101325,300,223.15000000000001,50,6,120,0.80000000000000004,2,0.025000000000000001,0.158113883008419,0.022499999999999899,0.014999999999999901,0.094197000000000003,65.532179999999997,0.59999999999999987,88.468442999999994,0.11774625,3000,500,1.0000000000000001e-15,5.6703744189999998e-23,6,223.15000000000001,1000000,1,1,1000000,1,900,300,300,330,0.84999999999999987,500,5000,2.5,2,highload_c,36
highload_c_0037,highload_c,highload_c_0037,haps_thermal_reference.slx,2550,101325,300,223.15000000000001,50,3.5,120,1,2,0.014999999999999901,0.1224744871391589,0.013499999999999899,0.0089999999999999993,0.094197000000000003,65.532179999999997,0.59999999999999987,88.468442999999994,0.11774625,3000,500,1.0000000000000001e-15,5.6703744189999998e-23,3.5,223.15000000000001,1000000,1,1,1000000,1,900,300,300,330,0.84999999999999987,500,5000,1.5,2.5,highload_c,37
highload_c_0038,highload_c,highload_c_0038,haps_thermal_reference.slx,2550,101325,300,223.15000000000001,50,4,120,1,2,0.014999999999999901,0.1224744871391589,0.013499999999999899,0.0089999999999999993,0.094197000000000003,65.532179999999997,0.59999999999999987,88.468442999999994,0.11774625,3000,500,1.0000000000000001e-15,5.6703744189999998e-23,4,223.15000000000001,1000000,1,1,1000000,1,900,300,300,330,0.84999999999999987,500,5000,1.5,2.5,highload_c,38
highload_c_0039,highload_c,highload_c_0039,haps_thermal_reference.slx,2550,101325,300,223.15000000000001,50,5,120,1,2,0.014999999999999901,0.1224744871391589,0.013499999999999899,0.0089999999999999993,0.094197000000000003,65.532179999999997,0.59999999999999987,88.468442999999994,0.11774625,3000,500,1.0000000000000001e-15,5.6703744189999998e-23,5,223.15000000000001,1000000,1,1,1000000,1,900,300,300,330,0.84999999999999987,500,5000,1.5,2.5,highload_c,39
highload_c_0040,highload_c,highload_c_0040,haps_thermal_reference.slx,2550,101325,300,223.15000000000001,50,6,120,1,2,0.014999999999999901,0.1224744871391589,0.013499999999999899,0.0089999999999999993,0.094197000000000003,65.532179999999997,0.59999999999999987,88.468442999999994,0.11774625,3000,500,1.0000000000000001e-15,5.6703744189999998e-23,6,223.15000000000001,1000000,1,1,1000000,1,900,300,300,330,0.84999999999999987,500,5000,1.5,2.5,highload_c,40
highload_c_0041,highload_c,highload_c_0041,haps_thermal_reference.slx,2550,101325,300,223.15000000000001,50,3.5,120,1,2,0.02,0.1414213562373095,0.017999999999999901,0.012,0.094197000000000003,65.532179999999997,0.59999999999999987,88.468442999999994,0.11774625,3000,500,1.0000000000000001e-15,5.6703744189999998e-23,3.5,223.15000000000001,1000000,1,1,1000000,1,900,300,300,330,0.84999999999999987,500,5000,2,2.5,highload_c,41
highload_c_0042,highload_c,highload_c_0042,haps_thermal_reference.slx,2550,101325,300,223.15000000000001,50,4,120,1,2,0.02,0.1414213562373095,0.017999999999999901,0.012,0.094197000000000003,65.532179999999997,0.59999999999999987,88.468442999999994,0.11774625,3000,500,1.0000000000000001e-15,5.6703744189999998e-23,4,223.15000000000001,1000000,1,1,1000000,1,900,300,300,330,0.84999999999999987,500,5000,2,2.5,highload_c,42
highload_c_0043,highload_c,highload_c_0043,haps_thermal_reference.slx,2550,101325,300,223.15000000000001,50,5,120,1,2,0.02,0.1414213562373095,0.017999999999999901,0.012,0.094197000000000003,65.532179999999997,0.59999999999999987,88.468442999999994,0.11774625,3000,500,1.0000000000000001e-15,5.6703744189999998e-23,5,223.15000000000001,1000000,1,1,1000000,1,900,300,300,330,0.84999999999999987,500,5000,2,2.5,highload_c,43
highload_c_0044,highload_c,highload_c_0044,haps_thermal_reference.slx,2550,101325,300,223.15000000000001,50,6,120,1,2,0.02,0.1414213562373095,0.017999999999999901,0.012,0.094197000000000003,65.532179999999997,0.59999999999999987,88.468442999999994,0.11774625,3000,500,1.0000000000000001e-15,5.6703744189999998e-23,6,223.15000000000001,1000000,1,1,1000000,1,900,300,300,330,0.84999999999999987,500,5000,2,2.5,highload_c,44
highload_c_0045,highload_c,highload_c_0045,haps_thermal_reference.slx,2550,101325,300,223.15000000000001,50,3.5,120,1,2,0.025000000000000001,0.158113883008419,0.022499999999999899,0.014999999999999901,0.094197000000000003,65.532179999999997,0.59999999999999987,88.468442999999994,0.11774625,3000,500,1.0000000000000001e-15,5.6703744189999998e-23,3.5,223.15000000000001,1000000,1,1,1000000,1,900,300,300,330,0.84999999999999987,500,5000,2.5,2.5,highload_c,45
highload_c_0046,highload_c,highload_c_0046,haps_thermal_reference.slx,2550,101325,300,223.15000000000001,50,4,120,1,2,0.025000000000000001,0.158113883008419,0.022499999999999899,0.014999999999999901,0.094197000000000003,65.532179999999997,0.59999999999999987,88.468442999999994,0.11774625,3000,500,1.0000000000000001e-15,5.6703744189999998e-23,4,223.15000000000001,1000000,1,1,1000000,1,900,300,300,330,0.84999999999999987,500,5000,2.5,2.5,highload_c,46
highload_c_0047,highload_c,highload_c_0047,haps_thermal_reference.slx,2550,101325,300,223.15000000000001,50,5,120,1,2,0.025000000000000001,0.158113883008419,0.022499999999999899,0.014999999999999901,0.094197000000000003,65.532179999999997,0.59999999999999987,88.468442999999994,0.11774625,3000,500,1.0000000000000001e-15,5.6703744189999998e-23,5,223.15000000000001,1000000,1,1,1000000,1,900,300,300,330,0.84999999999999987,500,5000,2.5,2.5,highload_c,47
highload_c_0048,highload_c,highload_c_0048,haps_thermal_reference.slx,2550,101325,300,223.15000000000001,50,6,120,1,2,0.025000000000000001,0.158113883008419,0.022499999999999899,0.014999999999999901,0.094197000000000003,65.532179999999997,0.59999999999999987,88.468442999999994,0.11774625,3000,500,1.0000000000000001e-15,5.6703744189999998e-23,6,223.15000000000001,1000000,1,1,1000000,1,900,300,300,330,0.84999999999999987,500,5000,2.5,2.5,highload_c,48
highload_c_0049,highload_c,highload_c_0049,haps_thermal_reference.slx,2550,101325,300,223.15000000000001,50,3.5,120,1.2,2,0.014999999999999901,0.1224744871391589,0.013499999999999899,0.0089999999999999993,0.094197000000000003,65.532179999999997,0.59999999999999987,88.468442999999994,0.11774625,3000,500,1.0000000000000001e-15,5.6703744189999998e-23,3.5,223.15000000000001,1000000,1,1,1000000,1,900,300,300,330,0.84999999999999987,500,5000,1.5,3,highload_c,49
highload_c_0050,highload_c,highload_c_0050,haps_thermal_reference.slx,2550,101325,300,223.15000000000001,50,4,120,1.2,2,0.014999999999999901,0.1224744871391589,0.013499999999999899,0.0089999999999999993,0.094197000000000003,65.532179999999997,0.59999999999999987,88.468442999999994,0.11774625,3000,500,1.0000000000000001e-15,5.6703744189999998e-23,4,223.15000000000001,1000000,1,1,1000000,1,900,300,300,330,0.84999999999999987,500,5000,1.5,3,highload_c,50
highload_c_0051,highload_c,highload_c_0051,haps_thermal_reference.slx,2550,101325,300,223.15000000000001,50,5,120,1.2,2,0.014999999999999901,0.1224744871391589,0.013499999999999899,0.0089999999999999993,0.094197000000000003,65.532179999999997,0.59999999999999987,88.468442999999994,0.11774625,3000,500,1.0000000000000001e-15,5.6703744189999998e-23,5,223.15000000000001,1000000,1,1,1000000,1,900,300,300,330,0.84999999999999987,500,5000,1.5,3,highload_c,51
highload_c_0052,highload_c,highload_c_0052,haps_thermal_reference.slx,2550,101325,300,223.15000000000001,50,6,120,1.2,2,0.014999999999999901,0.1224744871391589,0.013499999999999899,0.0089999999999999993,0.094197000000000003,65.532179999999997,0.59999999999999987,88.468442999999994,0.11774625,3000,500,1.0000000000000001e-15,5.6703744189999998e-23,6,223.15000000000001,1000000,1,1,1000000,1,900,300,300,330,0.84999999999999987,500,5000,1.5,3,highload_c,52
highload_c_0053,highload_c,highload_c_0053,haps_thermal_reference.slx,2550,101325,300,223.15000000000001,50,3.5,120,1.2,2,0.02,0.1414213562373095,0.017999999999999901,0.012,0.094197000000000003,65.532179999999997,0.59999999999999987,88.468442999999994,0.11774625,3000,500,1.0000000000000001e-15,5.6703744189999998e-23,3.5,223.15000000000001,1000000,1,1,1000000,1,900,300,300,330,0.84999999999999987,500,5000,2,3,highload_c,53
highload_c_0054,highload_c,highload_c_0054,haps_thermal_reference.slx,2550,101325,300,223.15000000000001,50,4,120,1.2,2,0.02,0.1414213562373095,0.017999999999999901,0.012,0.094197000000000003,65.532179999999997,0.59999999999999987,88.468442999999994,0.11774625,3000,500,1.0000000000000001e-15,5.6703744189999998e-23,4,223.15000000000001,1000000,1,1,1000000,1,900,300,300,330,0.84999999999999987,500,5000,2,3,highload_c,54
highload_c_0055,highload_c,highload_c_0055,haps_thermal_reference.slx,2550,101325,300,223.15000000000001,50,5,120,1.2,2,0.02,0.1414213562373095,0.017999999999999901,0.012,0.094197000000000003,65.532179999999997,0.59999999999999987,88.468442999999994,0.11774625,3000,500,1.0000000000000001e-15,5.6703744189999998e-23,5,223.15000000000001,1000000,1,1,1000000,1,900,300,300,330,0.84999999999999987,500,5000,2,3,highload_c,55
highload_c_0056,highload_c,highload_c_0056,haps_thermal_reference.slx,2550,101325,300,223.15000000000001,50,6,120,1.2,2,0.02,0.1414213562373095,0.017999999999999901,0.012,0.094197000000000003,65.532179999999997,0.59999999999999987,88.468442999999994,0.11774625,3000,500,1.0000000000000001e-15,5.6703744189999998e-23,6,223.15000000000001,1000000,1,1,1000000,1,900,300,300,330,0.84999999999999987,500,5000,2,3,highload_c,56
highload_c_0057,highload_c,highload_c_0057,haps_thermal_reference.slx,2550,101325,300,223.15000000000001,50,3.5,120,1.2,2,0.025000000000000001,0.158113883008419,0.022499999999999899,0.014999999999999901,0.094197000000000003,65.532179999999997,0.59999999999999987,88.468442999999994,0.11774625,3000,500,1.0000000000000001e-15,5.6703744189999998e-23,3.5,223.15000000000001,1000000,1,1,1000000,1,900,300,300,330,0.84999999999999987,500,5000,2.5,3,highload_c,57
highload_c_0058,highload_c,highload_c_0058,haps_thermal_reference.slx,2550,101325,300,223.15000000000001,50,4,120,1.2,2,0.025000000000000001,0.158113883008419,0.022499999999999899,0.014999999999999901,0.094197000000000003,65.532179999999997,0.59999999999999987,88.468442999999994,0.11774625,3000,500,1.0000000000000001e-15,5.6703744189999998e-23,4,223.15000000000001,1000000,1,1,1000000,1,900,300,300,330,0.84999999999999987,500,5000,2.5,3,highload_c,58
highload_c_0059,highload_c,highload_c_0059,haps_thermal_reference.slx,2550,101325,300,223.15000000000001,50,5,120,1.2,2,0.025000000000000001,0.158113883008419,0.022499999999999899,0.014999999999999901,0.094197000000000003,65.532179999999997,0.59999999999999987,88.468442999999994,0.11774625,3000,500,1.0000000000000001e-15,5.6703744189999998e-23,5,223.15000000000001,1000000,1,1,1000000,1,900,300,300,330,0.84999999999999987,500,5000,2.5,3,highload_c,59
highload_c_0060,highload_c,highload_c_0060,haps_thermal_reference.slx,2550,101325,300,223.15000000000001,50,6,120,1.2,2,0.025000000000000001,0.158113883008419,0.022499999999999899,0.014999999999999901,0.094197000000000003,65.532179999999997,0.59999999999999987,88.468442999999994,0.11774625,3000,500,1.0000000000000001e-15,5.6703744189999998e-23,6,223.15000000000001,1000000,1,1,1000000,1,900,300,300,330,0.84999999999999987,500,5000,2.5,3,highload_c,60
highload_c2_0001,highload_c2,highload_c2_0001,haps_thermal_reference.slx,2550,101325,300,223.15000000000001,50,6,120,0.69999999999999984,2,0.01,0.10000000000000001,0.0089999999999999004,0.0060000000000000001,0.094197000000000003,65.532179999999997,0.59999999999999987,88.468442999999994,0.11774625,3000,500,1.0000000000000001e-15,5.6703744189999998e-23,6,223.15000000000001,1000000,1,1,1000000,1,900,300,300,330,0.84999999999999987,500,5000,1,1.75,highload_c2,1
highload_c2_0002,highload_c2,highload_c2_0002,haps_thermal_reference.slx,2550,101325,300,223.15000000000001,50,7,120,0.69999999999999984,2,0.01,0.10000000000000001,0.0089999999999999004,0.0060000000000000001,0.094197000000000003,65.532179999999997,0.59999999999999987,88.468442999999994,0.11774625,3000,500,1.0000000000000001e-15,5.6703744189999998e-23,7,223.15000000000001,1000000,1,1,1000000,1,900,300,300,330,0.84999999999999987,500,5000,1,1.75,highload_c2,2
highload_c2_0003,highload_c2,highload_c2_0003,haps_thermal_reference.slx,2550,101325,300,223.15000000000001,50,8,120,0.69999999999999984,2,0.01,0.10000000000000001,0.0089999999999999004,0.0060000000000000001,0.094197000000000003,65.532179999999997,0.59999999999999987,88.468442999999994,0.11774625,3000,500,1.0000000000000001e-15,5.6703744189999998e-23,8,223.15000000000001,1000000,1,1,1000000,1,900,300,300,330,0.84999999999999987,500,5000,1,1.75,highload_c2,3
highload_c2_0004,highload_c2,highload_c2_0004,haps_thermal_reference.slx,2550,101325,300,223.15000000000001,50,10,120,0.69999999999999984,2,0.01,0.10000000000000001,0.0089999999999999004,0.0060000000000000001,0.094197000000000003,65.532179999999997,0.59999999999999987,88.468442999999994,0.11774625,3000,500,1.0000000000000001e-15,5.6703744189999998e-23,10,223.15000000000001,1000000,1,1,1000000,1,900,300,300,330,0.84999999999999987,500,5000,1,1.75,highload_c2,4
highload_c2_0005,highload_c2,highload_c2_0005,haps_thermal_reference.slx,2550,101325,300,223.15000000000001,50,12,120,0.69999999999999984,2,0.01,0.10000000000000001,0.0089999999999999004,0.0060000000000000001,0.094197000000000003,65.532179999999997,0.59999999999999987,88.468442999999994,0.11774625,3000,500,1.0000000000000001e-15,5.6703744189999998e-23,12,223.15000000000001,1000000,1,1,1000000,1,900,300,300,330,0.84999999999999987,500,5000,1,1.75,highload_c2,5
highload_c2_0006,highload_c2,highload_c2_0006,haps_thermal_reference.slx,2550,101325,300,223.15000000000001,50,15,120,0.69999999999999984,2,0.01,0.10000000000000001,0.0089999999999999004,0.0060000000000000001,0.094197000000000003,65.532179999999997,0.59999999999999987,88.468442999999994,0.11774625,3000,500,1.0000000000000001e-15,5.6703744189999998e-23,15,223.15000000000001,1000000,1,1,1000000,1,900,300,300,330,0.84999999999999987,500,5000,1,1.75,highload_c2,6
highload_c2_0007,highload_c2,highload_c2_0007,haps_thermal_reference.slx,2550,101325,300,223.15000000000001,50,20,120,0.69999999999999984,2,0.01,0.10000000000000001,0.0089999999999999004,0.0060000000000000001,0.094197000000000003,65.532179999999997,0.59999999999999987,88.468442999999994,0.11774625,3000,500,1.0000000000000001e-15,5.6703744189999998e-23,20,223.15000000000001,1000000,1,1,1000000,1,900,300,300,330,0.84999999999999987,500,5000,1,1.75,highload_c2,7
highload_c2_0008,highload_c2,highload_c2_0008,haps_thermal_reference.slx,2550,101325,300,223.15000000000001,50,6,120,0.69999999999999984,2,0.012500000000000001,0.1118033988749895,0.01125,0.0074999999999999,0.094197000000000003,65.532179999999997,0.59999999999999987,88.468442999999994,0.11774625,3000,500,1.0000000000000001e-15,5.6703744189999998e-23,6,223.15000000000001,1000000,1,1,1000000,1,900,300,300,330,0.84999999999999987,500,5000,1.25,1.75,highload_c2,8
highload_c2_0009,highload_c2,highload_c2_0009,haps_thermal_reference.slx,2550,101325,300,223.15000000000001,50,7,120,0.69999999999999984,2,0.012500000000000001,0.1118033988749895,0.01125,0.0074999999999999,0.094197000000000003,65.532179999999997,0.59999999999999987,88.468442999999994,0.11774625,3000,500,1.0000000000000001e-15,5.6703744189999998e-23,7,223.15000000000001,1000000,1,1,1000000,1,900,300,300,330,0.84999999999999987,500,5000,1.25,1.75,highload_c2,9
highload_c2_0010,highload_c2,highload_c2_0010,haps_thermal_reference.slx,2550,101325,300,223.15000000000001,50,8,120,0.69999999999999984,2,0.012500000000000001,0.1118033988749895,0.01125,0.0074999999999999,0.094197000000000003,65.532179999999997,0.59999999999999987,88.468442999999994,0.11774625,3000,500,1.0000000000000001e-15,5.6703744189999998e-23,8,223.15000000000001,1000000,1,1,1000000,1,900,300,300,330,0.84999999999999987,500,5000,1.25,1.75,highload_c2,10
highload_c2_0011,highload_c2,highload_c2_0011,haps_thermal_reference.slx,2550,101325,300,223.15000000000001,50,10,120,0.69999999999999984,2,0.012500000000000001,0.1118033988749895,0.01125,0.0074999999999999,0.094197000000000003,65.532179999999997,0.59999999999999987,88.468442999999994,0.11774625,3000,500,1.0000000000000001e-15,5.6703744189999998e-23,10,223.15000000000001,1000000,1,1,1000000,1,900,300,300,330,0.84999999999999987,500,5000,1.25,1.75,highload_c2,11
highload_c2_0012,highload_c2,highload_c2_0012,haps_thermal_reference.slx,2550,101325,300,223.15000000000001,50,12,120,0.69999999999999984,2,0.012500000000000001,0.1118033988749895,0.01125,0.0074999999999999,0.094197000000000003,65.532179999999997,0.59999999999999987,88.468442999999994,0.11774625,3000,500,1.0000000000000001e-15,5.6703744189999998e-23,12,223.15000000000001,1000000,1,1,1000000,1,900,300,300,330,0.84999999999999987,500,5000,1.25,1.75,highload_c2,12
highload_c2_0013,highload_c2,highload_c2_0013,haps_thermal_reference.slx,2550,101325,300,223.15000000000001,50,15,120,0.69999999999999984,2,0.012500000000000001,0.1118033988749895,0.01125,0.0074999999999999,0.094197000000000003,65.532179999999997,0.59999999999999987,88.468442999999994,0.11774625,3000,500,1.0000000000000001e-15,5.6703744189999998e-23,15,223.15000000000001,1000000,1,1,1000000,1,900,300,300,330,0.84999999999999987,500,5000,1.25,1.75,highload_c2,13
highload_c2_0014,highload_c2,highload_c2_0014,haps_thermal_reference.slx,2550,101325,300,223.15000000000001,50,20,120,0.69999999999999984,2,0.012500000000000001,0.1118033988749895,0.01125,0.0074999999999999,0.094197000000000003,65.532179999999997,0.59999999999999987,88.468442999999994,0.11774625,3000,500,1.0000000000000001e-15,5.6703744189999998e-23,20,223.15000000000001,1000000,1,1,1000000,1,900,300,300,330,0.84999999999999987,500,5000,1.25,1.75,highload_c2,14
highload_c2_0015,highload_c2,highload_c2_0015,haps_thermal_reference.slx,2550,101325,300,223.15000000000001,50,6,120,0.69999999999999984,2,0.014999999999999901,0.1224744871391589,0.013499999999999899,0.0089999999999999993,0.094197000000000003,65.532179999999997,0.59999999999999987,88.468442999999994,0.11774625,3000,500,1.0000000000000001e-15,5.6703744189999998e-23,6,223.15000000000001,1000000,1,1,1000000,1,900,300,300,330,0.84999999999999987,500,5000,1.5,1.75,highload_c2,15
highload_c2_0016,highload_c2,highload_c2_0016,haps_thermal_reference.slx,2550,101325,300,223.15000000000001,50,7,120,0.69999999999999984,2,0.014999999999999901,0.1224744871391589,0.013499999999999899,0.0089999999999999993,0.094197000000000003,65.532179999999997,0.59999999999999987,88.468442999999994,0.11774625,3000,500,1.0000000000000001e-15,5.6703744189999998e-23,7,223.15000000000001,1000000,1,1,1000000,1,900,300,300,330,0.84999999999999987,500,5000,1.5,1.75,highload_c2,16
highload_c2_0017,highload_c2,highload_c2_0017,haps_thermal_reference.slx,2550,101325,300,223.15000000000001,50,8,120,0.69999999999999984,2,0.014999999999999901,0.1224744871391589,0.013499999999999899,0.0089999999999999993,0.094197000000000003,65.532179999999997,0.59999999999999987,88.468442999999994,0.11774625,3000,500,1.0000000000000001e-15,5.6703744189999998e-23,8,223.15000000000001,1000000,1,1,1000000,1,900,300,300,330,0.84999999999999987,500,5000,1.5,1.75,highload_c2,17
highload_c2_0018,highload_c2,highload_c2_0018,haps_thermal_reference.slx,2550,101325,300,223.15000000000001,50,10,120,0.69999999999999984,2,0.014999999999999901,0.1224744871391589,0.013499999999999899,0.0089999999999999993,0.094197000000000003,65.532179999999997,0.59999999999999987,88.468442999999994,0.11774625,3000,500,1.0000000000000001e-15,5.6703744189999998e-23,10,223.15000000000001,1000000,1,1,1000000,1,900,300,300,330,0.84999999999999987,500,5000,1.5,1.75,highload_c2,18
highload_c2_0019,highload_c2,highload_c2_0019,haps_thermal_reference.slx,2550,101325,300,223.15000000000001,50,12,120,0.69999999999999984,2,0.014999999999999901,0.1224744871391589,0.013499999999999899,0.0089999999999999993,0.094197000000000003,65.532179999999997,0.59999999999999987,88.468442999999994,0.11774625,3000,500,1.0000000000000001e-15,5.6703744189999998e-23,12,223.15000000000001,1000000,1,1,1000000,1,900,300,300,330,0.84999999999999987,500,5000,1.5,1.75,highload_c2,19
highload_c2_0020,highload_c2,highload_c2_0020,haps_thermal_reference.slx,2550,101325,300,223.15000000000001,50,15,120,0.69999999999999984,2,0.014999999999999901,0.1224744871391589,0.013499999999999899,0.0089999999999999993,0.094197000000000003,65.532179999999997,0.59999999999999987,88.468442999999994,0.11774625,3000,500,1.0000000000000001e-15,5.6703744189999998e-23,15,223.15000000000001,1000000,1,1,1000000,1,900,300,300,330,0.84999999999999987,500,5000,1.5,1.75,highload_c2,20
highload_c2_0021,highload_c2,highload_c2_0021,haps_thermal_reference.slx,2550,101325,300,223.15000000000001,50,20,120,0.69999999999999984,2,0.014999999999999901,0.1224744871391589,0.013499999999999899,0.0089999999999999993,0.094197000000000003,65.532179999999997,0.59999999999999987,88.468442999999994,0.11774625,3000,500,1.0000000000000001e-15,5.6703744189999998e-23,20,223.15000000000001,1000000,1,1,1000000,1,900,300,300,330,0.84999999999999987,500,5000,1.5,1.75,highload_c2,21
highload_c2_0022,highload_c2,highload_c2_0022,haps_thermal_reference.slx,2550,101325,300,223.15000000000001,50,6,120,0.69999999999999984,2,0.017500000000000002,0.13228756555322951,0.01575,0.010500000000000001,0.094197000000000003,65.532179999999997,0.59999999999999987,88.468442999999994,0.11774625,3000,500,1.0000000000000001e-15,5.6703744189999998e-23,6,223.15000000000001,1000000,1,1,1000000,1,900,300,300,330,0.84999999999999987,500,5000,1.75,1.75,highload_c2,22
highload_c2_0023,highload_c2,highload_c2_0023,haps_thermal_reference.slx,2550,101325,300,223.15000000000001,50,7,120,0.69999999999999984,2,0.017500000000000002,0.13228756555322951,0.01575,0.010500000000000001,0.094197000000000003,65.532179999999997,0.59999999999999987,88.468442999999994,0.11774625,3000,500,1.0000000000000001e-15,5.6703744189999998e-23,7,223.15000000000001,1000000,1,1,1000000,1,900,300,300,330,0.84999999999999987,500,5000,1.75,1.75,highload_c2,23
highload_c2_0024,highload_c2,highload_c2_0024,haps_thermal_reference.slx,2550,101325,300,223.15000000000001,50,8,120,0.69999999999999984,2,0.017500000000000002,0.13228756555322951,0.01575,0.010500000000000001,0.094197000000000003,65.532179999999997,0.59999999999999987,88.468442999999994,0.11774625,3000,500,1.0000000000000001e-15,5.6703744189999998e-23,8,223.15000000000001,1000000,1,1,1000000,1,900,300,300,330,0.84999999999999987,500,5000,1.75,1.75,highload_c2,24
highload_c2_0025,highload_c2,highload_c2_0025,haps_thermal_reference.slx,2550,101325,300,223.15000000000001,50,10,120,0.69999999999999984,2,0.017500000000000002,0.13228756555322951,0.01575,0.010500000000000001,0.094197000000000003,65.532179999999997,0.59999999999999987,88.468442999999994,0.11774625,3000,500,1.0000000000000001e-15,5.6703744189999998e-23,10,223.15000000000001,1000000,1,1,1000000,1,900,300,300,330,0.84999999999999987,500,5000,1.75,1.75,highload_c2,25
highload_c2_0026,highload_c2,highload_c2_0026,haps_thermal_reference.slx,2550,101325,300,223.15000000000001,50,12,120,0.69999999999999984,2,0.017500000000000002,0.13228756555322951,0.01575,0.010500000000000001,0.094197000000000003,65.532179999999997,0.59999999999999987,88.468442999999994,0.11774625,3000,500,1.0000000000000001e-15,5.6703744189999998e-23,12,223.15000000000001,1000000,1,1,1000000,1,900,300,300,330,0.84999999999999987,500,5000,1.75,1.75,highload_c2,26
highload_c2_0027,highload_c2,highload_c2_0027,haps_thermal_reference.slx,2550,101325,300,223.15000000000001,50,15,120,0.69999999999999984,2,0.017500000000000002,0.13228756555322951,0.01575,0.010500000000000001,0.094197000000000003,65.532179999999997,0.59999999999999987,88.468442999999994,0.11774625,3000,500,1.0000000000000001e-15,5.6703744189999998e-23,15,223.15000000000001,1000000,1,1,1000000,1,900,300,300,330,0.84999999999999987,500,5000,1.75,1.75,highload_c2,27
highload_c2_0028,highload_c2,highload_c2_0028,haps_thermal_reference.slx,2550,101325,300,223.15000000000001,50,20,120,0.69999999999999984,2,0.017500000000000002,0.13228756555322951,0.01575,0.010500000000000001,0.094197000000000003,65.532179999999997,0.59999999999999987,88.468442999999994,0.11774625,3000,500,1.0000000000000001e-15,5.6703744189999998e-23,20,223.15000000000001,1000000,1,1,1000000,1,900,300,300,330,0.84999999999999987,500,5000,1.75,1.75,highload_c2,28
highload_c2_0029,highload_c2,highload_c2_0029,haps_thermal_reference.slx,2550,101325,300,223.15000000000001,50,6,120,0.80000000000000004,2,0.01,0.10000000000000001,0.0089999999999999004,0.0060000000000000001,0.094197000000000003,65.532179999999997,0.59999999999999987,88.468442999999994,0.11774625,3000,500,1.0000000000000001e-15,5.6703744189999998e-23,6,223.15000000000001,1000000,1,1,1000000,1,900,300,300,330,0.84999999999999987,500,5000,1,2,highload_c2,29
highload_c2_0030,highload_c2,highload_c2_0030,haps_thermal_reference.slx,2550,101325,300,223.15000000000001,50,7,120,0.80000000000000004,2,0.01,0.10000000000000001,0.0089999999999999004,0.0060000000000000001,0.094197000000000003,65.532179999999997,0.59999999999999987,88.468442999999994,0.11774625,3000,500,1.0000000000000001e-15,5.6703744189999998e-23,7,223.15000000000001,1000000,1,1,1000000,1,900,300,300,330,0.84999999999999987,500,5000,1,2,highload_c2,30
highload_c2_0031,highload_c2,highload_c2_0031,haps_thermal_reference.slx,2550,101325,300,223.15000000000001,50,8,120,0.80000000000000004,2,0.01,0.10000000000000001,0.0089999999999999004,0.0060000000000000001,0.094197000000000003,65.532179999999997,0.59999999999999987,88.468442999999994,0.11774625,3000,500,1.0000000000000001e-15,5.6703744189999998e-23,8,223.15000000000001,1000000,1,1,1000000,1,900,300,300,330,0.84999999999999987,500,5000,1,2,highload_c2,31
highload_c2_0032,highload_c2,highload_c2_0032,haps_thermal_reference.slx,2550,101325,300,223.15000000000001,50,10,120,0.80000000000000004,2,0.01,0.10000000000000001,0.0089999999999999004,0.0060000000000000001,0.094197000000000003,65.532179999999997,0.59999999999999987,88.468442999999994,0.11774625,3000,500,1.0000000000000001e-15,5.6703744189999998e-23,10,223.15000000000001,1000000,1,1,1000000,1,900,300,300,330,0.84999999999999987,500,5000,1,2,highload_c2,32
highload_c2_0033,highload_c2,highload_c2_0033,haps_thermal_reference.slx,2550,101325,300,223.15000000000001,50,12,120,0.80000000000000004,2,0.01,0.10000000000000001,0.0089999999999999004,0.0060000000000000001,0.094197000000000003,65.532179999999997,0.59999999999999987,88.468442999999994,0.11774625,3000,500,1.0000000000000001e-15,5.6703744189999998e-23,12,223.15000000000001,1000000,1,1,1000000,1,900,300,300,330,0.84999999999999987,500,5000,1,2,highload_c2,33
highload_c2_0034,highload_c2,highload_c2_0034,haps_thermal_reference.slx,2550,101325,300,223.15000000000001,50,15,120,0.80000000000000004,2,0.01,0.10000000000000001,0.0089999999999999004,0.0060000000000000001,0.094197000000000003,65.532179999999997,0.59999999999999987,88.468442999999994,0.11774625,3000,500,1.0000000000000001e-15,5.6703744189999998e-23,15,223.15000000000001,1000000,1,1,1000000,1,900,300,300,330,0.84999999999999987,500,5000,1,2,highload_c2,34
highload_c2_0035,highload_c2,highload_c2_0035,haps_thermal_reference.slx,2550,101325,300,223.15000000000001,50,20,120,0.80000000000000004,2,0.01,0.10000000000000001,0.0089999999999999004,0.0060000000000000001,0.094197000000000003,65.532179999999997,0.59999999999999987,88.468442999999994,0.11774625,3000,500,1.0000000000000001e-15,5.6703744189999998e-23,20,223.15000000000001,1000000,1,1,1000000,1,900,300,300,330,0.84999999999999987,500,5000,1,2,highload_c2,35
highload_c2_0036,highload_c2,highload_c2_0036,haps_thermal_reference.slx,2550,101325,300,223.15000000000001,50,6,120,0.80000000000000004,2,0.012500000000000001,0.1118033988749895,0.01125,0.0074999999999999,0.094197000000000003,65.532179999999997,0.59999999999999987,88.468442999999994,0.11774625,3000,500,1.0000000000000001e-15,5.6703744189999998e-23,6,223.15000000000001,1000000,1,1,1000000,1,900,300,300,330,0.84999999999999987,500,5000,1.25,2,highload_c2,36
highload_c2_0037,highload_c2,highload_c2_0037,haps_thermal_reference.slx,2550,101325,300,223.15000000000001,50,7,120,0.80000000000000004,2,0.012500000000000001,0.1118033988749895,0.01125,0.0074999999999999,0.094197000000000003,65.532179999999997,0.59999999999999987,88.468442999999994,0.11774625,3000,500,1.0000000000000001e-15,5.6703744189999998e-23,7,223.15000000000001,1000000,1,1,1000000,1,900,300,300,330,0.84999999999999987,500,5000,1.25,2,highload_c2,37
highload_c2_0038,highload_c2,highload_c2_0038,haps_thermal_reference.slx,2550,101325,300,223.15000000000001,50,8,120,0.80000000000000004,2,0.012500000000000001,0.1118033988749895,0.01125,0.0074999999999999,0.094197000000000003,65.532179999999997,0.59999999999999987,88.468442999999994,0.11774625,3000,500,1.0000000000000001e-15,5.6703744189999998e-23,8,223.15000000000001,1000000,1,1,1000000,1,900,300,300,330,0.84999999999999987,500,5000,1.25,2,highload_c2,38
highload_c2_0039,highload_c2,highload_c2_0039,haps_thermal_reference.slx,2550,101325,300,223.15000000000001,50,10,120,0.80000000000000004,2,0.012500000000000001,0.1118033988749895,0.01125,0.0074999999999999,0.094197000000000003,65.532179999999997,0.59999999999999987,88.468442999999994,0.11774625,3000,500,1.0000000000000001e-15,5.6703744189999998e-23,10,223.15000000000001,1000000,1,1,1000000,1,900,300,300,330,0.84999999999999987,500,5000,1.25,2,highload_c2,39
highload_c2_0040,highload_c2,highload_c2_0040,haps_thermal_reference.slx,2550,101325,300,223.15000000000001,50,12,120,0.80000000000000004,2,0.012500000000000001,0.1118033988749895,0.01125,0.0074999999999999,0.094197000000000003,65.532179999999997,0.59999999999999987,88.468442999999994,0.11774625,3000,500,1.0000000000000001e-15,5.6703744189999998e-23,12,223.15000000000001,1000000,1,1,1000000,1,900,300,300,330,0.84999999999999987,500,5000,1.25,2,highload_c2,40
highload_c2_0041,highload_c2,highload_c2_0041,haps_thermal_reference.slx,2550,101325,300,223.15000000000001,50,15,120,0.80000000000000004,2,0.012500000000000001,0.1118033988749895,0.01125,0.0074999999999999,0.094197000000000003,65.532179999999997,0.59999999999999987,88.468442999999994,0.11774625,3000,500,1.0000000000000001e-15,5.6703744189999998e-23,15,223.15000000000001,1000000,1,1,1000000,1,900,300,300,330,0.84999999999999987,500,5000,1.25,2,highload_c2,41
highload_c2_0042,highload_c2,highload_c2_0042,haps_thermal_reference.slx,2550,101325,300,223.15000000000001,50,20,120,0.80000000000000004,2,0.012500000000000001,0.1118033988749895,0.01125,0.0074999999999999,0.094197000000000003,65.532179999999997,0.59999999999999987,88.468442999999994,0.11774625,3000,500,1.0000000000000001e-15,5.6703744189999998e-23,20,223.15000000000001,1000000,1,1,1000000,1,900,300,300,330,0.84999999999999987,500,5000,1.25,2,highload_c2,42
highload_c2_0043,highload_c2,highload_c2_0043,haps_thermal_reference.slx,2550,101325,300,223.15000000000001,50,6,120,0.80000000000000004,2,0.014999999999999901,0.1224744871391589,0.013499999999999899,0.0089999999999999993,0.094197000000000003,65.532179999999997,0.59999999999999987,88.468442999999994,0.11774625,3000,500,1.0000000000000001e-15,5.6703744189999998e-23,6,223.15000000000001,1000000,1,1,1000000,1,900,300,300,330,0.84999999999999987,500,5000,1.5,2,highload_c2,43
highload_c2_0044,highload_c2,highload_c2_0044,haps_thermal_reference.slx,2550,101325,300,223.15000000000001,50,7,120,0.80000000000000004,2,0.014999999999999901,0.1224744871391589,0.013499999999999899,0.0089999999999999993,0.094197000000000003,65.532179999999997,0.59999999999999987,88.468442999999994,0.11774625,3000,500,1.0000000000000001e-15,5.6703744189999998e-23,7,223.15000000000001,1000000,1,1,1000000,1,900,300,300,330,0.84999999999999987,500,5000,1.5,2,highload_c2,44
highload_c2_0045,highload_c2,highload_c2_0045,haps_thermal_reference.slx,2550,101325,300,223.15000000000001,50,8,120,0.80000000000000004,2,0.014999999999999901,0.1224744871391589,0.013499999999999899,0.0089999999999999993,0.094197000000000003,65.532179999999997,0.59999999999999987,88.468442999999994,0.11774625,3000,500,1.0000000000000001e-15,5.6703744189999998e-23,8,223.15000000000001,1000000,1,1,1000000,1,900,300,300,330,0.84999999999999987,500,5000,1.5,2,highload_c2,45
highload_c2_0046,highload_c2,highload_c2_0046,haps_thermal_reference.slx,2550,101325,300,223.15000000000001,50,10,120,0.80000000000000004,2,0.014999999999999901,0.1224744871391589,0.013499999999999899,0.0089999999999999993,0.094197000000000003,65.532179999999997,0.59999999999999987,88.468442999999994,0.11774625,3000,500,1.0000000000000001e-15,5.6703744189999998e-23,10,223.15000000000001,1000000,1,1,1000000,1,900,300,300,330,0.84999999999999987,500,5000,1.5,2,highload_c2,46
highload_c2_0047,highload_c2,highload_c2_0047,haps_thermal_reference.slx,2550,101325,300,223.15000000000001,50,12,120,0.80000000000000004,2,0.014999999999999901,0.1224744871391589,0.013499999999999899,0.0089999999999999993,0.094197000000000003,65.532179999999997,0.59999999999999987,88.468442999999994,0.11774625,3000,500,1.0000000000000001e-15,5.6703744189999998e-23,12,223.15000000000001,1000000,1,1,1000000,1,900,300,300,330,0.84999999999999987,500,5000,1.5,2,highload_c2,47
highload_c2_0048,highload_c2,highload_c2_0048,haps_thermal_reference.slx,2550,101325,300,223.15000000000001,50,15,120,0.80000000000000004,2,0.014999999999999901,0.1224744871391589,0.013499999999999899,0.0089999999999999993,0.094197000000000003,65.532179999999997,0.59999999999999987,88.468442999999994,0.11774625,3000,500,1.0000000000000001e-15,5.6703744189999998e-23,15,223.15000000000001,1000000,1,1,1000000,1,900,300,300,330,0.84999999999999987,500,5000,1.5,2,highload_c2,48
highload_c2_0049,highload_c2,highload_c2_0049,haps_thermal_reference.slx,2550,101325,300,223.15000000000001,50,20,120,0.80000000000000004,2,0.014999999999999901,0.1224744871391589,0.013499999999999899,0.0089999999999999993,0.094197000000000003,65.532179999999997,0.59999999999999987,88.468442999999994,0.11774625,3000,500,1.0000000000000001e-15,5.6703744189999998e-23,20,223.15000000000001,1000000,1,1,1000000,1,900,300,300,330,0.84999999999999987,500,5000,1.5,2,highload_c2,49
highload_c2_0050,highload_c2,highload_c2_0050,haps_thermal_reference.slx,2550,101325,300,223.15000000000001,50,6,120,0.80000000000000004,2,0.017500000000000002,0.13228756555322951,0.01575,0.010500000000000001,0.094197000000000003,65.532179999999997,0.59999999999999987,88.468442999999994,0.11774625,3000,500,1.0000000000000001e-15,5.6703744189999998e-23,6,223.15000000000001,1000000,1,1,1000000,1,900,300,300,330,0.84999999999999987,500,5000,1.75,2,highload_c2,50
highload_c2_0051,highload_c2,highload_c2_0051,haps_thermal_reference.slx,2550,101325,300,223.15000000000001,50,7,120,0.80000000000000004,2,0.017500000000000002,0.13228756555322951,0.01575,0.010500000000000001,0.094197000000000003,65.532179999999997,0.59999999999999987,88.468442999999994,0.11774625,3000,500,1.0000000000000001e-15,5.6703744189999998e-23,7,223.15000000000001,1000000,1,1,1000000,1,900,300,300,330,0.84999999999999987,500,5000,1.75,2,highload_c2,51
highload_c2_0052,highload_c2,highload_c2_0052,haps_thermal_reference.slx,2550,101325,300,223.15000000000001,50,8,120,0.80000000000000004,2,0.017500000000000002,0.13228756555322951,0.01575,0.010500000000000001,0.094197000000000003,65.532179999999997,0.59999999999999987,88.468442999999994,0.11774625,3000,500,1.0000000000000001e-15,5.6703744189999998e-23,8,223.15000000000001,1000000,1,1,1000000,1,900,300,300,330,0.84999999999999987,500,5000,1.75,2,highload_c2,52
highload_c2_0053,highload_c2,highload_c2_0053,haps_thermal_reference.slx,2550,101325,300,223.15000000000001,50,10,120,0.80000000000000004,2,0.017500000000000002,0.13228756555322951,0.01575,0.010500000000000001,0.094197000000000003,65.532179999999997,0.59999999999999987,88.468442999999994,0.11774625,3000,500,1.0000000000000001e-15,5.6703744189999998e-23,10,223.15000000000001,1000000,1,1,1000000,1,900,300,300,330,0.84999999999999987,500,5000,1.75,2,highload_c2,53
highload_c2_0054,highload_c2,highload_c2_0054,haps_thermal_reference.slx,2550,101325,300,223.15000000000001,50,12,120,0.80000000000000004,2,0.017500000000000002,0.13228756555322951,0.01575,0.010500000000000001,0.094197000000000003,65.532179999999997,0.59999999999999987,88.468442999999994,0.11774625,3000,500,1.0000000000000001e-15,5.6703744189999998e-23,12,223.15000000000001,1000000,1,1,1000000,1,900,300,300,330,0.84999999999999987,500,5000,1.75,2,highload_c2,54
highload_c2_0055,highload_c2,highload_c2_0055,haps_thermal_reference.slx,2550,101325,300,223.15000000000001,50,15,120,0.80000000000000004,2,0.017500000000000002,0.13228756555322951,0.01575,0.010500000000000001,0.094197000000000003,65.532179999999997,0.59999999999999987,88.468442999999994,0.11774625,3000,500,1.0000000000000001e-15,5.6703744189999998e-23,15,223.15000000000001,1000000,1,1,1000000,1,900,300,300,330,0.84999999999999987,500,5000,1.75,2,highload_c2,55
highload_c2_0056,highload_c2,highload_c2_0056,haps_thermal_reference.slx,2550,101325,300,223.15000000000001,50,20,120,0.80000000000000004,2,0.017500000000000002,0.13228756555322951,0.01575,0.010500000000000001,0.094197000000000003,65.532179999999997,0.59999999999999987,88.468442999999994,0.11774625,3000,500,1.0000000000000001e-15,5.6703744189999998e-23,20,223.15000000000001,1000000,1,1,1000000,1,900,300,300,330,0.84999999999999987,500,5000,1.75,2,highload_c2,56
highload_c2_0057,highload_c2,highload_c2_0057,haps_thermal_reference.slx,2550,101325,300,223.15000000000001,50,6,120,0.90000000000000002,2,0.01,0.10000000000000001,0.0089999999999999004,0.0060000000000000001,0.094197000000000003,65.532179999999997,0.59999999999999987,88.468442999999994,0.11774625,3000,500,1.0000000000000001e-15,5.6703744189999998e-23,6,223.15000000000001,1000000,1,1,1000000,1,900,300,300,330,0.84999999999999987,500,5000,1,2.25,highload_c2,57
highload_c2_0058,highload_c2,highload_c2_0058,haps_thermal_reference.slx,2550,101325,300,223.15000000000001,50,7,120,0.90000000000000002,2,0.01,0.10000000000000001,0.0089999999999999004,0.0060000000000000001,0.094197000000000003,65.532179999999997,0.59999999999999987,88.468442999999994,0.11774625,3000,500,1.0000000000000001e-15,5.6703744189999998e-23,7,223.15000000000001,1000000,1,1,1000000,1,900,300,300,330,0.84999999999999987,500,5000,1,2.25,highload_c2,58
highload_c2_0059,highload_c2,highload_c2_0059,haps_thermal_reference.slx,2550,101325,300,223.15000000000001,50,8,120,0.90000000000000002,2,0.01,0.10000000000000001,0.0089999999999999004,0.0060000000000000001,0.094197000000000003,65.532179999999997,0.59999999999999987,88.468442999999994,0.11774625,3000,500,1.0000000000000001e-15,5.6703744189999998e-23,8,223.15000000000001,1000000,1,1,1000000,1,900,300,300,330,0.84999999999999987,500,5000,1,2.25,highload_c2,59
highload_c2_0060,highload_c2,highload_c2_0060,haps_thermal_reference.slx,2550,101325,300,223.15000000000001,50,10,120,0.90000000000000002,2,0.01,0.10000000000000001,0.0089999999999999004,0.0060000000000000001,0.094197000000000003,65.532179999999997,0.59999999999999987,88.468442999999994,0.11774625,3000,500,1.0000000000000001e-15,5.6703744189999998e-23,10,223.15000000000001,1000000,1,1,1000000,1,900,300,300,330,0.84999999999999987,500,5000,1,2.25,highload_c2,60
highload_c2_0061,highload_c2,highload_c2_0061,haps_thermal_reference.slx,2550,101325,300,223.15000000000001,50,12,120,0.90000000000000002,2,0.01,0.10000000000000001,0.0089999999999999004,0.0060000000000000001,0.094197000000000003,65.532179999999997,0.59999999999999987,88.468442999999994,0.11774625,3000,500,1.0000000000000001e-15,5.6703744189999998e-23,12,223.15000000000001,1000000,1,1,1000000,1,900,300,300,330,0.84999999999999987,500,5000,1,2.25,highload_c2,61
highload_c2_0062,highload_c2,highload_c2_0062,haps_thermal_reference.slx,2550,101325,300,223.15000000000001,50,15,120,0.90000000000000002,2,0.01,0.10000000000000001,0.0089999999999999004,0.0060000000000000001,0.094197000000000003,65.532179999999997,0.59999999999999987,88.468442999999994,0.11774625,3000,500,1.0000000000000001e-15,5.6703744189999998e-23,15,223.15000000000001,1000000,1,1,1000000,1,900,300,300,330,0.84999999999999987,500,5000,1,2.25,highload_c2,62
highload_c2_0063,highload_c2,highload_c2_0063,haps_thermal_reference.slx,2550,101325,300,223.15000000000001,50,20,120,0.90000000000000002,2,0.01,0.10000000000000001,0.0089999999999999004,0.0060000000000000001,0.094197000000000003,65.532179999999997,0.59999999999999987,88.468442999999994,0.11774625,3000,500,1.0000000000000001e-15,5.6703744189999998e-23,20,223.15000000000001,1000000,1,1,1000000,1,900,300,300,330,0.84999999999999987,500,5000,1,2.25,highload_c2,63
highload_c2_0064,highload_c2,highload_c2_0064,haps_thermal_reference.slx,2550,101325,300,223.15000000000001,50,6,120,0.90000000000000002,2,0.012500000000000001,0.1118033988749895,0.01125,0.0074999999999999,0.094197000000000003,65.532179999999997,0.59999999999999987,88.468442999999994,0.11774625,3000,500,1.0000000000000001e-15,5.6703744189999998e-23,6,223.15000000000001,1000000,1,1,1000000,1,900,300,300,330,0.84999999999999987,500,5000,1.25,2.25,highload_c2,64
highload_c2_0065,highload_c2,highload_c2_0065,haps_thermal_reference.slx,2550,101325,300,223.15000000000001,50,7,120,0.90000000000000002,2,0.012500000000000001,0.1118033988749895,0.01125,0.0074999999999999,0.094197000000000003,65.532179999999997,0.59999999999999987,88.468442999999994,0.11774625,3000,500,1.0000000000000001e-15,5.6703744189999998e-23,7,223.15000000000001,1000000,1,1,1000000,1,900,300,300,330,0.84999999999999987,500,5000,1.25,2.25,highload_c2,65
highload_c2_0066,highload_c2,highload_c2_0066,haps_thermal_reference.slx,2550,101325,300,223.15000000000001,50,8,120,0.90000000000000002,2,0.012500000000000001,0.1118033988749895,0.01125,0.0074999999999999,0.094197000000000003,65.532179999999997,0.59999999999999987,88.468442999999994,0.11774625,3000,500,1.0000000000000001e-15,5.6703744189999998e-23,8,223.15000000000001,1000000,1,1,1000000,1,900,300,300,330,0.84999999999999987,500,5000,1.25,2.25,highload_c2,66
highload_c2_0067,highload_c2,highload_c2_0067,haps_thermal_reference.slx,2550,101325,300,223.15000000000001,50,10,120,0.90000000000000002,2,0.012500000000000001,0.1118033988749895,0.01125,0.0074999999999999,0.094197000000000003,65.532179999999997,0.59999999999999987,88.468442999999994,0.11774625,3000,500,1.0000000000000001e-15,5.6703744189999998e-23,10,223.15000000000001,1000000,1,1,1000000,1,900,300,300,330,0.84999999999999987,500,5000,1.25,2.25,highload_c2,67
highload_c2_0068,highload_c2,highload_c2_0068,haps_thermal_reference.slx,2550,101325,300,223.15000000000001,50,12,120,0.90000000000000002,2,0.012500000000000001,0.1118033988749895,0.01125,0.0074999999999999,0.094197000000000003,65.532179999999997,0.59999999999999987,88.468442999999994,0.11774625,3000,500,1.0000000000000001e-15,5.6703744189999998e-23,12,223.15000000000001,1000000,1,1,1000000,1,900,300,300,330,0.84999999999999987,500,5000,1.25,2.25,highload_c2,68
highload_c2_0069,highload_c2,highload_c2_0069,haps_thermal_reference.slx,2550,101325,300,223.15000000000001,50,15,120,0.90000000000000002,2,0.012500000000000001,0.1118033988749895,0.01125,0.0074999999999999,0.094197000000000003,65.532179999999997,0.59999999999999987,88.468442999999994,0.11774625,3000,500,1.0000000000000001e-15,5.6703744189999998e-23,15,223.15000000000001,1000000,1,1,1000000,1,900,300,300,330,0.84999999999999987,500,5000,1.25,2.25,highload_c2,69
highload_c2_0070,highload_c2,highload_c2_0070,haps_thermal_reference.slx,2550,101325,300,223.15000000000001,50,20,120,0.90000000000000002,2,0.012500000000000001,0.1118033988749895,0.01125,0.0074999999999999,0.094197000000000003,65.532179999999997,0.59999999999999987,88.468442999999994,0.11774625,3000,500,1.0000000000000001e-15,5.6703744189999998e-23,20,223.15000000000001,1000000,1,1,1000000,1,900,300,300,330,0.84999999999999987,500,5000,1.25,2.25,highload_c2,70
highload_c2_0071,highload_c2,highload_c2_0071,haps_thermal_reference.slx,2550,101325,300,223.15000000000001,50,6,120,0.90000000000000002,2,0.014999999999999901,0.1224744871391589,0.013499999999999899,0.0089999999999999993,0.094197000000000003,65.532179999999997,0.59999999999999987,88.468442999999994,0.11774625,3000,500,1.0000000000000001e-15,5.6703744189999998e-23,6,223.15000000000001,1000000,1,1,1000000,1,900,300,300,330,0.84999999999999987,500,5000,1.5,2.25,highload_c2,71
highload_c2_0072,highload_c2,highload_c2_0072,haps_thermal_reference.slx,2550,101325,300,223.15000000000001,50,7,120,0.90000000000000002,2,0.014999999999999901,0.1224744871391589,0.013499999999999899,0.0089999999999999993,0.094197000000000003,65.532179999999997,0.59999999999999987,88.468442999999994,0.11774625,3000,500,1.0000000000000001e-15,5.6703744189999998e-23,7,223.15000000000001,1000000,1,1,1000000,1,900,300,300,330,0.84999999999999987,500,5000,1.5,2.25,highload_c2,72
highload_c2_0073,highload_c2,highload_c2_0073,haps_thermal_reference.slx,2550,101325,300,223.15000000000001,50,8,120,0.90000000000000002,2,0.014999999999999901,0.1224744871391589,0.013499999999999899,0.0089999999999999993,0.094197000000000003,65.532179999999997,0.59999999999999987,88.468442999999994,0.11774625,3000,500,1.0000000000000001e-15,5.6703744189999998e-23,8,223.15000000000001,1000000,1,1,1000000,1,900,300,300,330,0.84999999999999987,500,5000,1.5,2.25,highload_c2,73
highload_c2_0074,highload_c2,highload_c2_0074,haps_thermal_reference.slx,2550,101325,300,223.15000000000001,50,10,120,0.90000000000000002,2,0.014999999999999901,0.1224744871391589,0.013499999999999899,0.0089999999999999993,0.094197000000000003,65.532179999999997,0.59999999999999987,88.468442999999994,0.11774625,3000,500,1.0000000000000001e-15,5.6703744189999998e-23,10,223.15000000000001,1000000,1,1,1000000,1,900,300,300,330,0.84999999999999987,500,5000,1.5,2.25,highload_c2,74
highload_c2_0075,highload_c2,highload_c2_0075,haps_thermal_reference.slx,2550,101325,300,223.15000000000001,50,12,120,0.90000000000000002,2,0.014999999999999901,0.1224744871391589,0.013499999999999899,0.0089999999999999993,0.094197000000000003,65.532179999999997,0.59999999999999987,88.468442999999994,0.11774625,3000,500,1.0000000000000001e-15,5.6703744189999998e-23,12,223.15000000000001,1000000,1,1,1000000,1,900,300,300,330,0.84999999999999987,500,5000,1.5,2.25,highload_c2,75
highload_c2_0076,highload_c2,highload_c2_0076,haps_thermal_reference.slx,2550,101325,300,223.15000000000001,50,15,120,0.90000000000000002,2,0.014999999999999901,0.1224744871391589,0.013499999999999899,0.0089999999999999993,0.094197000000000003,65.532179999999997,0.59999999999999987,88.468442999999994,0.11774625,3000,500,1.0000000000000001e-15,5.6703744189999998e-23,15,223.15000000000001,1000000,1,1,1000000,1,900,300,300,330,0.84999999999999987,500,5000,1.5,2.25,highload_c2,76
highload_c2_0077,highload_c2,highload_c2_0077,haps_thermal_reference.slx,2550,101325,300,223.15000000000001,50,20,120,0.90000000000000002,2,0.014999999999999901,0.1224744871391589,0.013499999999999899,0.0089999999999999993,0.094197000000000003,65.532179999999997,0.59999999999999987,88.468442999999994,0.11774625,3000,500,1.0000000000000001e-15,5.6703744189999998e-23,20,223.15000000000001,1000000,1,1,1000000,1,900,300,300,330,0.84999999999999987,500,5000,1.5,2.25,highload_c2,77
highload_c2_0078,highload_c2,highload_c2_0078,haps_thermal_reference.slx,2550,101325,300,223.15000000000001,50,6,120,0.90000000000000002,2,0.017500000000000002,0.13228756555322951,0.01575,0.010500000000000001,0.094197000000000003,65.532179999999997,0.59999999999999987,88.468442999999994,0.11774625,3000,500,1.0000000000000001e-15,5.6703744189999998e-23,6,223.15000000000001,1000000,1,1,1000000,1,900,300,300,330,0.84999999999999987,500,5000,1.75,2.25,highload_c2,78
highload_c2_0079,highload_c2,highload_c2_0079,haps_thermal_reference.slx,2550,101325,300,223.15000000000001,50,7,120,0.90000000000000002,2,0.017500000000000002,0.13228756555322951,0.01575,0.010500000000000001,0.094197000000000003,65.532179999999997,0.59999999999999987,88.468442999999994,0.11774625,3000,500,1.0000000000000001e-15,5.6703744189999998e-23,7,223.15000000000001,1000000,1,1,1000000,1,900,300,300,330,0.84999999999999987,500,5000,1.75,2.25,highload_c2,79
highload_c2_0080,highload_c2,highload_c2_0080,haps_thermal_reference.slx,2550,101325,300,223.15000000000001,50,8,120,0.90000000000000002,2,0.017500000000000002,0.13228756555322951,0.01575,0.010500000000000001,0.094197000000000003,65.532179999999997,0.59999999999999987,88.468442999999994,0.11774625,3000,500,1.0000000000000001e-15,5.6703744189999998e-23,8,223.15000000000001,1000000,1,1,1000000,1,900,300,300,330,0.84999999999999987,500,5000,1.75,2.25,highload_c2,80
highload_c2_0081,highload_c2,highload_c2_0081,haps_thermal_reference.slx,2550,101325,300,223.15000000000001,50,10,120,0.90000000000000002,2,0.017500000000000002,0.13228756555322951,0.01575,0.010500000000000001,0.094197000000000003,65.532179999999997,0.59999999999999987,88.468442999999994,0.11774625,3000,500,1.0000000000000001e-15,5.6703744189999998e-23,10,223.15000000000001,1000000,1,1,1000000,1,900,300,300,330,0.84999999999999987,500,5000,1.75,2.25,highload_c2,81
highload_c2_0082,highload_c2,highload_c2_0082,haps_thermal_reference.slx,2550,101325,300,223.15000000000001,50,12,120,0.90000000000000002,2,0.017500000000000002,0.13228756555322951,0.01575,0.010500000000000001,0.094197000000000003,65.532179999999997,0.59999999999999987,88.468442999999994,0.11774625,3000,500,1.0000000000000001e-15,5.6703744189999998e-23,12,223.15000000000001,1000000,1,1,1000000,1,900,300,300,330,0.84999999999999987,500,5000,1.75,2.25,highload_c2,82
highload_c2_0083,highload_c2,highload_c2_0083,haps_thermal_reference.slx,2550,101325,300,223.15000000000001,50,15,120,0.90000000000000002,2,0.017500000000000002,0.13228756555322951,0.01575,0.010500000000000001,0.094197000000000003,65.532179999999997,0.59999999999999987,88.468442999999994,0.11774625,3000,500,1.0000000000000001e-15,5.6703744189999998e-23,15,223.15000000000001,1000000,1,1,1000000,1,900,300,300,330,0.84999999999999987,500,5000,1.75,2.25,highload_c2,83
highload_c2_0084,highload_c2,highload_c2_0084,haps_thermal_reference.slx,2550,101325,300,223.15000000000001,50,20,120,0.90000000000000002,2,0.017500000000000002,0.13228756555322951,0.01575,0.010500000000000001,0.094197000000000003,65.532179999999997,0.59999999999999987,88.468442999999994,0.11774625,3000,500,1.0000000000000001e-15,5.6703744189999998e-23,20,223.15000000000001,1000000,1,1,1000000,1,900,300,300,330,0.84999999999999987,500,5000,1.75,2.25,highload_c2,84
