case_id,case_label,case_source,case_key,Q_server,P_air_internal,T_air_internal,T_ambient,h2,A2,h1,A1,L_pipe,A_pipe,D_h_pipe,A_res1,A_res3,q_fan_nom,dp_fan_nom,eta_fan_nom,dp_fan_max0,q_fan_max0,w_fan_ref_rpm,Q_solar,epsilon_rad,k_rad,A_rad,T_sky,G_wall,A_wall,t_wall,k_wall,m_HX,cp_HX,T_HX0,T_chamber_limit,T_server_limit,temperature_margin_K,sim_time_scale,validation_group,A_rad_scale,A1_scale,duct_area_scale,pipe_area_scale,res1_area_scale,res3_area_scale,fan_capacity_scale,known_infeasible_rpm,UA_external_W_K,UA_internal_W_K,res1_to_pipe_ratio,res3_to_pipe_ratio,flow_path_valid,search_stage,w_fan_cmd_rpm,rpm_ratio_to_reference,above_preferred_rpm,sim_success,error_identifier,error_message,server_mean_tail,chamber_mean_tail,radiator_mean_tail,dp_total_mean_tail,vdot_mean_tail,mdot_mean_tail,Pfan_est,Pfan_fluid_est_W,Pfan_shaft_est_from_fluid_W,Pfan_elec_est_from_fluid_W,Pfan_shaft_mean_tail,Pfan_elec_est_from_shaft,feasible,server_margin_K,chamber_margin_K,normalized_temperature_excess_K,fan_overhead_ratio,fan_overhead_percent
1,reference_duct_1.50x,fig4d_reference,Qs1100_P101325_Ta223.15_A22_h250_Qsol500_eps1e-15_G1000000_Ars1_A1s1_Ds1.5_Ps1_R1s1_R3s1_Fs1_Ef0.6_Tcl300_Tsl330_St1_Vfig4d_reference,1100,101325,300,223.15,50,2,120,0.4,2,0.015,0.122474487139159,0.0135,0.009,0.094197,65.53218,0.6,88.468443,0.11774625,3000,500,1e-15,5.670374419e-23,2,223.15,1000000,1,1,1000000,1,900,300,300,330,0,1,fig4d_reference,1,1,1.5,1,1,1,1,NaN,100,48,0.9,0.6,1,probe,750,0.25,0,1,,"",545.044745178796,534.953865402437,232.94062521451,5.38434977570432,0.00760102204844652,0.00855103646143494,0.0682109356027944,0.0409265613616766,0.0682109356027944,0.0802481595326993,0.125889649328786,0.148105469798572,0,-215.044745178796,-234.953865402437,234.953865402437,0.00013464133618052,0.013464133618052
1,reference_duct_1.50x,fig4d_reference,Qs1100_P101325_Ta223.15_A22_h250_Qsol500_eps1e-15_G1000000_Ars1_A1s1_Ds1.5_Ps1_R1s1_R3s1_Fs1_Ef0.6_Tcl300_Tsl330_St1_Vfig4d_reference,1100,101325,300,223.15,50,2,120,0.4,2,0.015,0.122474487139159,0.0135,0.009,0.094197,65.53218,0.6,88.468443,0.11774625,3000,500,1e-15,5.670374419e-23,2,223.15,1000000,1,1,1000000,1,900,300,300,330,0,1,fig4d_reference,1,1,1.5,1,1,1,1,NaN,100,48,0.9,0.6,1,probe,1000,0.333333333333333,0,1,,"",455.587610022493,436.996179121416,237.020335747206,9.28912124265723,0.0145219437472427,0.0161753288549024,0.224826826911976,0.134896096147186,0.224826826911976,0.264502149308207,0.316009759106007,0.371776187183538,0,-125.587610022493,-136.996179121416,136.996179121416,0.000337978351985034,0.0337978351985034
1,reference_duct_1.50x,fig4d_reference,Qs1100_P101325_Ta223.15_A22_h250_Qsol500_eps1e-15_G1000000_Ars1_A1s1_Ds1.5_Ps1_R1s1_R3s1_Fs1_Ef0.6_Tcl300_Tsl330_St1_Vfig4d_reference,1100,101325,300,223.15,50,2,120,0.4,2,0.015,0.122474487139159,0.0135,0.009,0.094197,65.53218,0.6,88.468443,0.11774625,3000,500,1e-15,5.670374419e-23,2,223.15,1000000,1,1,1000000,1,900,300,300,330,0,1,fig4d_reference,1,1,1.5,1,1,1,1,NaN,100,48,0.9,0.6,1,probe,1500,0.5,0,1,,"",384.625170670117,362.966646254766,238.525596218622,19.5464045152815,0.0315627780480623,0.0358629818906487,1.02823137892245,0.616938827353473,1.02823137892245,1.20968397520289,1.15348048638316,1.35703586633313,0,-54.6251706701174,-62.966646254766,62.966646254766,0.00123366896939376,0.123366896939376
1,reference_duct_1.50x,fig4d_reference,Qs1100_P101325_Ta223.15_A22_h250_Qsol500_eps1e-15_G1000000_Ars1_A1s1_Ds1.5_Ps1_R1s1_R3s1_Fs1_Ef0.6_Tcl300_Tsl330_St1_Vfig4d_reference,1100,101325,300,223.15,50,2,120,0.4,2,0.015,0.122474487139159,0.0135,0.009,0.094197,65.53218,0.6,88.468443,0.11774625,3000,500,1e-15,5.670374419e-23,2,223.15,1000000,1,1,1000000,1,900,300,300,330,0,1,fig4d_reference,1,1,1.5,1,1,1,1,NaN,100,48,0.9,0.6,1,probe,2000,0.666666666666667,0,1,,"",348.169936211628,325.622922243968,238.978927780022,32.0904318136818,0.0528985735580424,0.060728735052421,2.82923011300899,1.69753806780539,2.82923011300899,3.32850601530469,2.90088666437632,3.41280784044273,0,-18.169936211628,-25.6229222439679,25.6229222439679,0.00310255258222067,0.310255258222067
1,reference_duct_1.50x,fig4d_reference,Qs1100_P101325_Ta223.15_A22_h250_Qsol500_eps1e-15_G1000000_Ars1_A1s1_Ds1.5_Ps1_R1s1_R3s1_Fs1_Ef0.6_Tcl300_Tsl330_St1_Vfig4d_reference,1100,101325,300,223.15,50,2,120,0.4,2,0.015,0.122474487139159,0.0135,0.009,0.094197,65.53218,0.6,88.468443,0.11774625,3000,500,1e-15,5.670374419e-23,2,223.15,1000000,1,1,1000000,1,900,300,300,330,0,1,fig4d_reference,1,1,1.5,1,1,1,1,NaN,100,48,0.9,0.6,1,binary_refine,2500,0.833333333333333,0,1,,"",327.376015649639,304.568847781673,239.129080214721,46.1280684604086,0.0769666656608418,0.0888601619629888,5.91720603795449,3.55032362277269,5.91720603795449,6.96141886818176,5.91883049371982,6.96332999261155,0,2.6239843503609,-4.56884778167324,4.56884778167324,0.00633029999328323,0.633029999328323
1,reference_duct_1.50x,fig4d_reference,Qs1100_P101325_Ta223.15_A22_h250_Qsol500_eps1e-15_G1000000_Ars1_A1s1_Ds1.5_Ps1_R1s1_R3s1_Fs1_Ef0.6_Tcl300_Tsl330_St1_Vfig4d_reference,1100,101325,300,223.15,50,2,120,0.4,2,0.015,0.122474487139159,0.0135,0.009,0.094197,65.53218,0.6,88.468443,0.11774625,3000,500,1e-15,5.670374419e-23,2,223.15,1000000,1,1,1000000,1,900,300,300,330,0,1,fig4d_reference,1,1,1.5,1,1,1,1,NaN,100,48,0.9,0.6,1,binary_refine,2625,0.875,0,1,,"",323.63930212929,300.803689067764,239.149527750715,49.7922056891184,0.0831919895733757,0.0961424980725833,6.90385442754086,4.14231265652452,6.90385442754086,8.12218167945984,6.91275814632109,8.1326566427307,0,6.36069787070971,-0.803689067764196,0.803689067764196,0.00739332422066427,0.739332422066427
1,reference_duct_1.50x,fig4d_reference,Qs1100_P101325_Ta223.15_A22_h250_Qsol500_eps1e-15_G1000000_Ars1_A1s1_Ds1.5_Ps1_R1s1_R3s1_Fs1_Ef0.6_Tcl300_Tsl330_St1_Vfig4d_reference,1100,101325,300,223.15,50,2,120,0.4,2,0.015,0.122474487139159,0.0135,0.009,0.094197,65.53218,0.6,88.468443,0.11774625,3000,500,1e-15,5.670374419e-23,2,223.15,1000000,1,1,1000000,1,900,300,300,330,0,1,fig4d_reference,1,1,1.5,1,1,1,1,NaN,100,48,0.9,0.6,1,binary_refine,2650,0.883333333333333,0,1,,"",322.971699985001,300.132690129286,239.152446542645,50.497012390059,0.0843842668821001,0.097537448390177,7.10192228378576,4.26115337027146,7.10192228378576,8.35520268680678,7.12394353937842,8.38111004632756,0,7.02830001499865,-0.132690129285891,0.132690129285891,0.00761919095120687,0.761919095120687
1,reference_duct_1.50x,fig4d_reference,Qs1100_P101325_Ta223.15_A22_h250_Qsol500_eps1e-15_G1000000_Ars1_A1s1_Ds1.5_Ps1_R1s1_R3s1_Fs1_Ef0.6_Tcl300_Tsl330_St1_Vfig4d_reference,1100,101325,300,223.15,50,2,120,0.4,2,0.015,0.122474487139159,0.0135,0.009,0.094197,65.53218,0.6,88.468443,0.11774625,3000,500,1e-15,5.670374419e-23,2,223.15,1000000,1,1,1000000,1,900,300,300,330,0,1,fig4d_reference,1,1,1.5,1,1,1,1,NaN,100,48,0.9,0.6,1,binary_refine,2675,0.891666666666667,0,1,,"",322.340421394146,299.496038005097,239.156388490289,51.1909448601218,0.0855553713905404,0.098907579024223,7.299433832234,4.3796602993404,7.299433832234,8.58756921439294,7.33927670278419,8.6344431797461,1,7.65957860585416,0.503961994902909,-0.503961994902909,0.00784949379976919,0.784949379976919
1,reference_duct_1.50x,fig4d_reference,Qs1100_P101325_Ta223.15_A22_h250_Qsol500_eps1e-15_G1000000_Ars1_A1s1_Ds1.5_Ps1_R1s1_R3s1_Fs1_Ef0.6_Tcl300_Tsl330_St1_Vfig4d_reference,1100,101325,300,223.15,50,2,120,0.4,2,0.015,0.122474487139159,0.0135,0.009,0.094197,65.53218,0.6,88.468443,0.11774625,3000,500,1e-15,5.670374419e-23,2,223.15,1000000,1,1,1000000,1,900,300,300,330,0,1,fig4d_reference,1,1,1.5,1,1,1,1,NaN,100,48,0.9,0.6,1,binary_refine,2750,0.916666666666667,0,1,,"",320.570464856137,297.713401707564,239.166459529173,53.2243818772913,0.0889753702719271,0.102909115769181,7.89276514171073,4.73565908502644,7.89276514171073,9.28560604907145,8.01056073367994,9.42418909844699,1,9.42953514386267,2.28659829243566,-2.28659829243566,0.00856744463495181,0.856744463495181
1,reference_duct_1.50x,fig4d_reference,Qs1100_P101325_Ta223.15_A22_h250_Qsol500_eps1e-15_G1000000_Ars1_A1s1_Ds1.5_Ps1_R1s1_R3s1_Fs1_Ef0.6_Tcl300_Tsl330_St1_Vfig4d_reference,1100,101325,300,223.15,50,2,120,0.4,2,0.015,0.122474487139159,0.0135,0.009,0.094197,65.53218,0.6,88.468443,0.11774625,3000,500,1e-15,5.670374419e-23,2,223.15,1000000,1,1,1000000,1,900,300,300,330,0,1,fig4d_reference,1,1,1.5,1,1,1,1,NaN,100,48,0.9,0.6,1,probe,3000,1,0,1,,"",315.638307453274,292.755082815474,239.192213124968,59.7481715662919,0.0998011623317619,0.115577969433325,9.93822828252243,5.96293696951346,9.93822828252243,11.6920332735558,10.533497336009,12.3923498070694,1,14.3616925467256,7.24491718452646,-7.24491718452646,0.0112657725518813,1.12657725518813
2,margin_0.0K,thermal_margin,Qs1100_P101325_Ta223.15_A22_h250_Qsol500_eps1e-15_G1000000_Ars1_A1s1_Ds1.5_Ps1_R1s1_R3s1_Fs1_Ef0.6_Tcl300_Tsl330_St1_Vthermal_margin,1100,101325,300,223.15,50,2,120,0.4,2,0.015,0.122474487139159,0.0135,0.009,0.094197,65.53218,0.6,88.468443,0.11774625,3000,500,1e-15,5.670374419e-23,2,223.15,1000000,1,1,1000000,1,900,300,300,330,0,1,thermal_margin,1,1,1.5,1,1,1,1,NaN,100,48,0.9,0.6,1,probe,750,0.25,0,1,,"",545.044745178796,534.953865402437,232.94062521451,5.38434977570432,0.00760102204844652,0.00855103646143494,0.0682109356027944,0.0409265613616766,0.0682109356027944,0.0802481595326993,0.125889649328786,0.148105469798572,0,-215.044745178796,-234.953865402437,234.953865402437,0.00013464133618052,0.013464133618052
2,margin_0.0K,thermal_margin,Qs1100_P101325_Ta223.15_A22_h250_Qsol500_eps1e-15_G1000000_Ars1_A1s1_Ds1.5_Ps1_R1s1_R3s1_Fs1_Ef0.6_Tcl300_Tsl330_St1_Vthermal_margin,1100,101325,300,223.15,50,2,120,0.4,2,0.015,0.122474487139159,0.0135,0.009,0.094197,65.53218,0.6,88.468443,0.11774625,3000,500,1e-15,5.670374419e-23,2,223.15,1000000,1,1,1000000,1,900,300,300,330,0,1,thermal_margin,1,1,1.5,1,1,1,1,NaN,100,48,0.9,0.6,1,probe,1000,0.333333333333333,0,1,,"",455.587610022493,436.996179121416,237.020335747206,9.28912124265723,0.0145219437472427,0.0161753288549024,0.224826826911976,0.134896096147186,0.224826826911976,0.264502149308207,0.316009759106007,0.371776187183538,0,-125.587610022493,-136.996179121416,136.996179121416,0.000337978351985034,0.0337978351985034
2,margin_0.0K,thermal_margin,Qs1100_P101325_Ta223.15_A22_h250_Qsol500_eps1e-15_G1000000_Ars1_A1s1_Ds1.5_Ps1_R1s1_R3s1_Fs1_Ef0.6_Tcl300_Tsl330_St1_Vthermal_margin,1100,101325,300,223.15,50,2,120,0.4,2,0.015,0.122474487139159,0.0135,0.009,0.094197,65.53218,0.6,88.468443,0.11774625,3000,500,1e-15,5.670374419e-23,2,223.15,1000000,1,1,1000000,1,900,300,300,330,0,1,thermal_margin,1,1,1.5,1,1,1,1,NaN,100,48,0.9,0.6,1,probe,1500,0.5,0,1,,"",384.625170670117,362.966646254766,238.525596218622,19.5464045152815,0.0315627780480623,0.0358629818906487,1.02823137892245,0.616938827353473,1.02823137892245,1.20968397520289,1.15348048638316,1.35703586633313,0,-54.6251706701174,-62.966646254766,62.966646254766,0.00123366896939376,0.123366896939376
2,margin_0.0K,thermal_margin,Qs1100_P101325_Ta223.15_A22_h250_Qsol500_eps1e-15_G1000000_Ars1_A1s1_Ds1.5_Ps1_R1s1_R3s1_Fs1_Ef0.6_Tcl300_Tsl330_St1_Vthermal_margin,1100,101325,300,223.15,50,2,120,0.4,2,0.015,0.122474487139159,0.0135,0.009,0.094197,65.53218,0.6,88.468443,0.11774625,3000,500,1e-15,5.670374419e-23,2,223.15,1000000,1,1,1000000,1,900,300,300,330,0,1,thermal_margin,1,1,1.5,1,1,1,1,NaN,100,48,0.9,0.6,1,probe,2000,0.666666666666667,0,1,,"",348.169936211628,325.622922243968,238.978927780022,32.0904318136818,0.0528985735580424,0.060728735052421,2.82923011300899,1.69753806780539,2.82923011300899,3.32850601530469,2.90088666437632,3.41280784044273,0,-18.169936211628,-25.6229222439679,25.6229222439679,0.00310255258222067,0.310255258222067
2,margin_0.0K,thermal_margin,Qs1100_P101325_Ta223.15_A22_h250_Qsol500_eps1e-15_G1000000_Ars1_A1s1_Ds1.5_Ps1_R1s1_R3s1_Fs1_Ef0.6_Tcl300_Tsl330_St1_Vthermal_margin,1100,101325,300,223.15,50,2,120,0.4,2,0.015,0.122474487139159,0.0135,0.009,0.094197,65.53218,0.6,88.468443,0.11774625,3000,500,1e-15,5.670374419e-23,2,223.15,1000000,1,1,1000000,1,900,300,300,330,0,1,thermal_margin,1,1,1.5,1,1,1,1,NaN,100,48,0.9,0.6,1,binary_refine,2500,0.833333333333333,0,1,,"",327.376015649639,304.568847781673,239.129080214721,46.1280684604086,0.0769666656608418,0.0888601619629888,5.91720603795449,3.55032362277269,5.91720603795449,6.96141886818176,5.91883049371982,6.96332999261155,0,2.6239843503609,-4.56884778167324,4.56884778167324,0.00633029999328323,0.633029999328323
2,margin_0.0K,thermal_margin,Qs1100_P101325_Ta223.15_A22_h250_Qsol500_eps1e-15_G1000000_Ars1_A1s1_Ds1.5_Ps1_R1s1_R3s1_Fs1_Ef0.6_Tcl300_Tsl330_St1_Vthermal_margin,1100,101325,300,223.15,50,2,120,0.4,2,0.015,0.122474487139159,0.0135,0.009,0.094197,65.53218,0.6,88.468443,0.11774625,3000,500,1e-15,5.670374419e-23,2,223.15,1000000,1,1,1000000,1,900,300,300,330,0,1,thermal_margin,1,1,1.5,1,1,1,1,NaN,100,48,0.9,0.6,1,binary_refine,2625,0.875,0,1,,"",323.63930212929,300.803689067764,239.149527750715,49.7922056891184,0.0831919895733757,0.0961424980725833,6.90385442754086,4.14231265652452,6.90385442754086,8.12218167945984,6.91275814632109,8.1326566427307,0,6.36069787070971,-0.803689067764196,0.803689067764196,0.00739332422066427,0.739332422066427
2,margin_0.0K,thermal_margin,Qs1100_P101325_Ta223.15_A22_h250_Qsol500_eps1e-15_G1000000_Ars1_A1s1_Ds1.5_Ps1_R1s1_R3s1_Fs1_Ef0.6_Tcl300_Tsl330_St1_Vthermal_margin,1100,101325,300,223.15,50,2,120,0.4,2,0.015,0.122474487139159,0.0135,0.009,0.094197,65.53218,0.6,88.468443,0.11774625,3000,500,1e-15,5.670374419e-23,2,223.15,1000000,1,1,1000000,1,900,300,300,330,0,1,thermal_margin,1,1,1.5,1,1,1,1,NaN,100,48,0.9,0.6,1,binary_refine,2650,0.883333333333333,0,1,,"",322.971699985001,300.132690129286,239.152446542645,50.497012390059,0.0843842668821001,0.097537448390177,7.10192228378576,4.26115337027146,7.10192228378576,8.35520268680678,7.12394353937842,8.38111004632756,0,7.02830001499865,-0.132690129285891,0.132690129285891,0.00761919095120687,0.761919095120687
2,margin_0.0K,thermal_margin,Qs1100_P101325_Ta223.15_A22_h250_Qsol500_eps1e-15_G1000000_Ars1_A1s1_Ds1.5_Ps1_R1s1_R3s1_Fs1_Ef0.6_Tcl300_Tsl330_St1_Vthermal_margin,1100,101325,300,223.15,50,2,120,0.4,2,0.015,0.122474487139159,0.0135,0.009,0.094197,65.53218,0.6,88.468443,0.11774625,3000,500,1e-15,5.670374419e-23,2,223.15,1000000,1,1,1000000,1,900,300,300,330,0,1,thermal_margin,1,1,1.5,1,1,1,1,NaN,100,48,0.9,0.6,1,binary_refine,2675,0.891666666666667,0,1,,"",322.340421394146,299.496038005097,239.156388490289,51.1909448601218,0.0855553713905404,0.098907579024223,7.299433832234,4.3796602993404,7.299433832234,8.58756921439294,7.33927670278419,8.6344431797461,1,7.65957860585416,0.503961994902909,-0.503961994902909,0.00784949379976919,0.784949379976919
2,margin_0.0K,thermal_margin,Qs1100_P101325_Ta223.15_A22_h250_Qsol500_eps1e-15_G1000000_Ars1_A1s1_Ds1.5_Ps1_R1s1_R3s1_Fs1_Ef0.6_Tcl300_Tsl330_St1_Vthermal_margin,1100,101325,300,223.15,50,2,120,0.4,2,0.015,0.122474487139159,0.0135,0.009,0.094197,65.53218,0.6,88.468443,0.11774625,3000,500,1e-15,5.670374419e-23,2,223.15,1000000,1,1,1000000,1,900,300,300,330,0,1,thermal_margin,1,1,1.5,1,1,1,1,NaN,100,48,0.9,0.6,1,binary_refine,2750,0.916666666666667,0,1,,"",320.570464856137,297.713401707564,239.166459529173,53.2243818772913,0.0889753702719271,0.102909115769181,7.89276514171073,4.73565908502644,7.89276514171073,9.28560604907145,8.01056073367994,9.42418909844699,1,9.42953514386267,2.28659829243566,-2.28659829243566,0.00856744463495181,0.856744463495181
2,margin_0.0K,thermal_margin,Qs1100_P101325_Ta223.15_A22_h250_Qsol500_eps1e-15_G1000000_Ars1_A1s1_Ds1.5_Ps1_R1s1_R3s1_Fs1_Ef0.6_Tcl300_Tsl330_St1_Vthermal_margin,1100,101325,300,223.15,50,2,120,0.4,2,0.015,0.122474487139159,0.0135,0.009,0.094197,65.53218,0.6,88.468443,0.11774625,3000,500,1e-15,5.670374419e-23,2,223.15,1000000,1,1,1000000,1,900,300,300,330,0,1,thermal_margin,1,1,1.5,1,1,1,1,NaN,100,48,0.9,0.6,1,probe,3000,1,0,1,,"",315.638307453274,292.755082815474,239.192213124968,59.7481715662919,0.0998011623317619,0.115577969433325,9.93822828252243,5.96293696951346,9.93822828252243,11.6920332735558,10.533497336009,12.3923498070694,1,14.3616925467256,7.24491718452646,-7.24491718452646,0.0112657725518813,1.12657725518813
3,margin_2.5K,thermal_margin,Qs1100_P101325_Ta223.15_A22_h250_Qsol500_eps1e-15_G1000000_Ars1_A1s1_Ds1.5_Ps1_R1s1_R3s1_Fs1_Ef0.6_Tcl297.5_Tsl327.5_St1_Vthermal_margin,1100,101325,300,223.15,50,2,120,0.4,2,0.015,0.122474487139159,0.0135,0.009,0.094197,65.53218,0.6,88.468443,0.11774625,3000,500,1e-15,5.670374419e-23,2,223.15,1000000,1,1,1000000,1,900,300,297.5,327.5,2.5,1,thermal_margin,1,1,1.5,1,1,1,1,NaN,100,48,0.9,0.6,1,probe,750,0.25,0,1,,"",545.044745178796,534.953865402437,232.94062521451,5.38434977570432,0.00760102204844652,0.00855103646143494,0.0682109356027944,0.0409265613616766,0.0682109356027944,0.0802481595326993,0.125889649328786,0.148105469798572,0,-217.544745178796,-237.453865402437,237.453865402437,0.00013464133618052,0.013464133618052
3,margin_2.5K,thermal_margin,Qs1100_P101325_Ta223.15_A22_h250_Qsol500_eps1e-15_G1000000_Ars1_A1s1_Ds1.5_Ps1_R1s1_R3s1_Fs1_Ef0.6_Tcl297.5_Tsl327.5_St1_Vthermal_margin,1100,101325,300,223.15,50,2,120,0.4,2,0.015,0.122474487139159,0.0135,0.009,0.094197,65.53218,0.6,88.468443,0.11774625,3000,500,1e-15,5.670374419e-23,2,223.15,1000000,1,1,1000000,1,900,300,297.5,327.5,2.5,1,thermal_margin,1,1,1.5,1,1,1,1,NaN,100,48,0.9,0.6,1,probe,1000,0.333333333333333,0,1,,"",455.587610022493,436.996179121416,237.020335747206,9.28912124265723,0.0145219437472427,0.0161753288549024,0.224826826911976,0.134896096147186,0.224826826911976,0.264502149308207,0.316009759106007,0.371776187183538,0,-128.087610022493,-139.496179121416,139.496179121416,0.000337978351985034,0.0337978351985034
3,margin_2.5K,thermal_margin,Qs1100_P101325_Ta223.15_A22_h250_Qsol500_eps1e-15_G1000000_Ars1_A1s1_Ds1.5_Ps1_R1s1_R3s1_Fs1_Ef0.6_Tcl297.5_Tsl327.5_St1_Vthermal_margin,1100,101325,300,223.15,50,2,120,0.4,2,0.015,0.122474487139159,0.0135,0.009,0.094197,65.53218,0.6,88.468443,0.11774625,3000,500,1e-15,5.670374419e-23,2,223.15,1000000,1,1,1000000,1,900,300,297.5,327.5,2.5,1,thermal_margin,1,1,1.5,1,1,1,1,NaN,100,48,0.9,0.6,1,probe,1500,0.5,0,1,,"",384.625170670117,362.966646254766,238.525596218622,19.5464045152815,0.0315627780480623,0.0358629818906487,1.02823137892245,0.616938827353473,1.02823137892245,1.20968397520289,1.15348048638316,1.35703586633313,0,-57.1251706701174,-65.466646254766,65.466646254766,0.00123366896939376,0.123366896939376
3,margin_2.5K,thermal_margin,Qs1100_P101325_Ta223.15_A22_h250_Qsol500_eps1e-15_G1000000_Ars1_A1s1_Ds1.5_Ps1_R1s1_R3s1_Fs1_Ef0.6_Tcl297.5_Tsl327.5_St1_Vthermal_margin,1100,101325,300,223.15,50,2,120,0.4,2,0.015,0.122474487139159,0.0135,0.009,0.094197,65.53218,0.6,88.468443,0.11774625,3000,500,1e-15,5.670374419e-23,2,223.15,1000000,1,1,1000000,1,900,300,297.5,327.5,2.5,1,thermal_margin,1,1,1.5,1,1,1,1,NaN,100,48,0.9,0.6,1,probe,2000,0.666666666666667,0,1,,"",348.169936211628,325.622922243968,238.978927780022,32.0904318136818,0.0528985735580424,0.060728735052421,2.82923011300899,1.69753806780539,2.82923011300899,3.32850601530469,2.90088666437632,3.41280784044273,0,-20.669936211628,-28.1229222439679,28.1229222439679,0.00310255258222067,0.310255258222067
3,margin_2.5K,thermal_margin,Qs1100_P101325_Ta223.15_A22_h250_Qsol500_eps1e-15_G1000000_Ars1_A1s1_Ds1.5_Ps1_R1s1_R3s1_Fs1_Ef0.6_Tcl297.5_Tsl327.5_St1_Vthermal_margin,1100,101325,300,223.15,50,2,120,0.4,2,0.015,0.122474487139159,0.0135,0.009,0.094197,65.53218,0.6,88.468443,0.11774625,3000,500,1e-15,5.670374419e-23,2,223.15,1000000,1,1,1000000,1,900,300,297.5,327.5,2.5,1,thermal_margin,1,1,1.5,1,1,1,1,NaN,100,48,0.9,0.6,1,binary_refine,2500,0.833333333333333,0,1,,"",327.376015649639,304.568847781673,239.129080214721,46.1280684604086,0.0769666656608418,0.0888601619629888,5.91720603795449,3.55032362277269,5.91720603795449,6.96141886818176,5.91883049371982,6.96332999261155,0,0.123984350360899,-7.06884778167324,7.06884778167324,0.00633029999328323,0.633029999328323
3,margin_2.5K,thermal_margin,Qs1100_P101325_Ta223.15_A22_h250_Qsol500_eps1e-15_G1000000_Ars1_A1s1_Ds1.5_Ps1_R1s1_R3s1_Fs1_Ef0.6_Tcl297.5_Tsl327.5_St1_Vthermal_margin,1100,101325,300,223.15,50,2,120,0.4,2,0.015,0.122474487139159,0.0135,0.009,0.094197,65.53218,0.6,88.468443,0.11774625,3000,500,1e-15,5.670374419e-23,2,223.15,1000000,1,1,1000000,1,900,300,297.5,327.5,2.5,1,thermal_margin,1,1,1.5,1,1,1,1,NaN,100,48,0.9,0.6,1,binary_refine,2750,0.916666666666667,0,1,,"",320.570464856137,297.713401707564,239.166459529173,53.2243818772913,0.0889753702719271,0.102909115769181,7.89276514171073,4.73565908502644,7.89276514171073,9.28560604907145,8.01056073367994,9.42418909844699,0,6.92953514386267,-0.213401707564344,0.213401707564344,0.00856744463495181,0.856744463495181
3,margin_2.5K,thermal_margin,Qs1100_P101325_Ta223.15_A22_h250_Qsol500_eps1e-15_G1000000_Ars1_A1s1_Ds1.5_Ps1_R1s1_R3s1_Fs1_Ef0.6_Tcl297.5_Tsl327.5_St1_Vthermal_margin,1100,101325,300,223.15,50,2,120,0.4,2,0.015,0.122474487139159,0.0135,0.009,0.094197,65.53218,0.6,88.468443,0.11774625,3000,500,1e-15,5.670374419e-23,2,223.15,1000000,1,1,1000000,1,900,300,297.5,327.5,2.5,1,thermal_margin,1,1,1.5,1,1,1,1,NaN,100,48,0.9,0.6,1,binary_refine,2775,0.925,0,1,,"",320.007357490588,297.149063177935,239.16827591367,53.8900302258723,0.0900915163462771,0.104215239292315,8.09172423165924,4.85503453899554,8.09172423165924,9.51967556665793,8.24287990614098,9.69750577193056,1,7.49264250941161,0.350936822064511,-0.350936822064511,0.00881591433811869,0.881591433811869
3,margin_2.5K,thermal_margin,Qs1100_P101325_Ta223.15_A22_h250_Qsol500_eps1e-15_G1000000_Ars1_A1s1_Ds1.5_Ps1_R1s1_R3s1_Fs1_Ef0.6_Tcl297.5_Tsl327.5_St1_Vthermal_margin,1100,101325,300,223.15,50,2,120,0.4,2,0.015,0.122474487139159,0.0135,0.009,0.094197,65.53218,0.6,88.468443,0.11774625,3000,500,1e-15,5.670374419e-23,2,223.15,1000000,1,1,1000000,1,900,300,297.5,327.5,2.5,1,thermal_margin,1,1,1.5,1,1,1,1,NaN,100,48,0.9,0.6,1,binary_refine,2800,0.933333333333333,0,1,,"",319.476571831058,296.613233824847,239.172077486523,54.5517881260967,0.091197537789676,0.105509353458935,8.2916479318735,4.9749887591241,8.2916479318735,9.75487991985118,8.47951520021917,9.97590023555196,1,8.02342816894242,0.8867661751529,-0.8867661751529,0.00906900021413815,0.906900021413815
3,margin_2.5K,thermal_margin,Qs1100_P101325_Ta223.15_A22_h250_Qsol500_eps1e-15_G1000000_Ars1_A1s1_Ds1.5_Ps1_R1s1_R3s1_Fs1_Ef0.6_Tcl297.5_Tsl327.5_St1_Vthermal_margin,1100,101325,300,223.15,50,2,120,0.4,2,0.015,0.122474487139159,0.0135,0.009,0.094197,65.53218,0.6,88.468443,0.11774625,3000,500,1e-15,5.670374419e-23,2,223.15,1000000,1,1,1000000,1,900,300,297.5,327.5,2.5,1,thermal_margin,1,1,1.5,1,1,1,1,NaN,100,48,0.9,0.6,1,binary_refine,2875,0.958333333333333,0,1,,"",317.953706422126,295.0802805942,239.180920101998,56.5163115216322,0.0944683813414534,0.10933685790872,8.89834078139655,5.33900446883793,8.89834078139655,10.4686362134077,9.21584791427279,10.8421740167915,1,9.54629357787405,2.41971940580032,-2.41971940580032,0.00985652183344683,0.985652183344683
3,margin_2.5K,thermal_margin,Qs1100_P101325_Ta223.15_A22_h250_Qsol500_eps1e-15_G1000000_Ars1_A1s1_Ds1.5_Ps1_R1s1_R3s1_Fs1_Ef0.6_Tcl297.5_Tsl327.5_St1_Vthermal_margin,1100,101325,300,223.15,50,2,120,0.4,2,0.015,0.122474487139159,0.0135,0.009,0.094197,65.53218,0.6,88.468443,0.11774625,3000,500,1e-15,5.670374419e-23,2,223.15,1000000,1,1,1000000,1,900,300,297.5,327.5,2.5,1,thermal_margin,1,1,1.5,1,1,1,1,NaN,100,48,0.9,0.6,1,probe,3000,1,0,1,,"",315.638307453274,292.755082815474,239.192213124968,59.7481715662919,0.0998011623317619,0.115577969433325,9.93822828252243,5.96293696951346,9.93822828252243,11.6920332735558,10.533497336009,12.3923498070694,1,11.8616925467256,4.74491718452646,-4.74491718452646,0.0112657725518813,1.12657725518813
4,margin_5.0K,thermal_margin,Qs1100_P101325_Ta223.15_A22_h250_Qsol500_eps1e-15_G1000000_Ars1_A1s1_Ds1.5_Ps1_R1s1_R3s1_Fs1_Ef0.6_Tcl295_Tsl325_St1_Vthermal_margin,1100,101325,300,223.15,50,2,120,0.4,2,0.015,0.122474487139159,0.0135,0.009,0.094197,65.53218,0.6,88.468443,0.11774625,3000,500,1e-15,5.670374419e-23,2,223.15,1000000,1,1,1000000,1,900,300,295,325,5,1,thermal_margin,1,1,1.5,1,1,1,1,NaN,100,48,0.9,0.6,1,probe,750,0.25,0,1,,"",545.044745178796,534.953865402437,232.94062521451,5.38434977570432,0.00760102204844652,0.00855103646143494,0.0682109356027944,0.0409265613616766,0.0682109356027944,0.0802481595326993,0.125889649328786,0.148105469798572,0,-220.044745178796,-239.953865402437,239.953865402437,0.00013464133618052,0.013464133618052
4,margin_5.0K,thermal_margin,Qs1100_P101325_Ta223.15_A22_h250_Qsol500_eps1e-15_G1000000_Ars1_A1s1_Ds1.5_Ps1_R1s1_R3s1_Fs1_Ef0.6_Tcl295_Tsl325_St1_Vthermal_margin,1100,101325,300,223.15,50,2,120,0.4,2,0.015,0.122474487139159,0.0135,0.009,0.094197,65.53218,0.6,88.468443,0.11774625,3000,500,1e-15,5.670374419e-23,2,223.15,1000000,1,1,1000000,1,900,300,295,325,5,1,thermal_margin,1,1,1.5,1,1,1,1,NaN,100,48,0.9,0.6,1,probe,1000,0.333333333333333,0,1,,"",455.587610022493,436.996179121416,237.020335747206,9.28912124265723,0.0145219437472427,0.0161753288549024,0.224826826911976,0.134896096147186,0.224826826911976,0.264502149308207,0.316009759106007,0.371776187183538,0,-130.587610022493,-141.996179121416,141.996179121416,0.000337978351985034,0.0337978351985034
4,margin_5.0K,thermal_margin,Qs1100_P101325_Ta223.15_A22_h250_Qsol500_eps1e-15_G1000000_Ars1_A1s1_Ds1.5_Ps1_R1s1_R3s1_Fs1_Ef0.6_Tcl295_Tsl325_St1_Vthermal_margin,1100,101325,300,223.15,50,2,120,0.4,2,0.015,0.122474487139159,0.0135,0.009,0.094197,65.53218,0.6,88.468443,0.11774625,3000,500,1e-15,5.670374419e-23,2,223.15,1000000,1,1,1000000,1,900,300,295,325,5,1,thermal_margin,1,1,1.5,1,1,1,1,NaN,100,48,0.9,0.6,1,probe,1500,0.5,0,1,,"",384.625170670117,362.966646254766,238.525596218622,19.5464045152815,0.0315627780480623,0.0358629818906487,1.02823137892245,0.616938827353473,1.02823137892245,1.20968397520289,1.15348048638316,1.35703586633313,0,-59.6251706701174,-67.966646254766,67.966646254766,0.00123366896939376,0.123366896939376
4,margin_5.0K,thermal_margin,Qs1100_P101325_Ta223.15_A22_h250_Qsol500_eps1e-15_G1000000_Ars1_A1s1_Ds1.5_Ps1_R1s1_R3s1_Fs1_Ef0.6_Tcl295_Tsl325_St1_Vthermal_margin,1100,101325,300,223.15,50,2,120,0.4,2,0.015,0.122474487139159,0.0135,0.009,0.094197,65.53218,0.6,88.468443,0.11774625,3000,500,1e-15,5.670374419e-23,2,223.15,1000000,1,1,1000000,1,900,300,295,325,5,1,thermal_margin,1,1,1.5,1,1,1,1,NaN,100,48,0.9,0.6,1,probe,2000,0.666666666666667,0,1,,"",348.169936211628,325.622922243968,238.978927780022,32.0904318136818,0.0528985735580424,0.060728735052421,2.82923011300899,1.69753806780539,2.82923011300899,3.32850601530469,2.90088666437632,3.41280784044273,0,-23.169936211628,-30.6229222439679,30.6229222439679,0.00310255258222067,0.310255258222067
4,margin_5.0K,thermal_margin,Qs1100_P101325_Ta223.15_A22_h250_Qsol500_eps1e-15_G1000000_Ars1_A1s1_Ds1.5_Ps1_R1s1_R3s1_Fs1_Ef0.6_Tcl295_Tsl325_St1_Vthermal_margin,1100,101325,300,223.15,50,2,120,0.4,2,0.015,0.122474487139159,0.0135,0.009,0.094197,65.53218,0.6,88.468443,0.11774625,3000,500,1e-15,5.670374419e-23,2,223.15,1000000,1,1,1000000,1,900,300,295,325,5,1,thermal_margin,1,1,1.5,1,1,1,1,NaN,100,48,0.9,0.6,1,binary_refine,2500,0.833333333333333,0,1,,"",327.376015649639,304.568847781673,239.129080214721,46.1280684604086,0.0769666656608418,0.0888601619629888,5.91720603795449,3.55032362277269,5.91720603795449,6.96141886818176,5.91883049371982,6.96332999261155,0,-2.3760156496391,-9.56884778167324,9.56884778167324,0.00633029999328323,0.633029999328323
4,margin_5.0K,thermal_margin,Qs1100_P101325_Ta223.15_A22_h250_Qsol500_eps1e-15_G1000000_Ars1_A1s1_Ds1.5_Ps1_R1s1_R3s1_Fs1_Ef0.6_Tcl295_Tsl325_St1_Vthermal_margin,1100,101325,300,223.15,50,2,120,0.4,2,0.015,0.122474487139159,0.0135,0.009,0.094197,65.53218,0.6,88.468443,0.11774625,3000,500,1e-15,5.670374419e-23,2,223.15,1000000,1,1,1000000,1,900,300,295,325,5,1,thermal_margin,1,1,1.5,1,1,1,1,NaN,100,48,0.9,0.6,1,binary_refine,2750,0.916666666666667,0,1,,"",320.570464856137,297.713401707564,239.166459529173,53.2243818772913,0.0889753702719271,0.102909115769181,7.89276514171073,4.73565908502644,7.89276514171073,9.28560604907145,8.01056073367994,9.42418909844699,0,4.42953514386267,-2.71340170756434,2.71340170756434,0.00856744463495181,0.856744463495181
4,margin_5.0K,thermal_margin,Qs1100_P101325_Ta223.15_A22_h250_Qsol500_eps1e-15_G1000000_Ars1_A1s1_Ds1.5_Ps1_R1s1_R3s1_Fs1_Ef0.6_Tcl295_Tsl325_St1_Vthermal_margin,1100,101325,300,223.15,50,2,120,0.4,2,0.015,0.122474487139159,0.0135,0.009,0.094197,65.53218,0.6,88.468443,0.11774625,3000,500,1e-15,5.670374419e-23,2,223.15,1000000,1,1,1000000,1,900,300,295,325,5,1,thermal_margin,1,1,1.5,1,1,1,1,NaN,100,48,0.9,0.6,1,binary_refine,2875,0.958333333333333,0,1,,"",317.953706422126,295.0802805942,239.180920101998,56.5163115216322,0.0944683813414534,0.10933685790872,8.89834078139655,5.33900446883793,8.89834078139655,10.4686362134077,9.21584791427279,10.8421740167915,0,7.04629357787405,-0.080280594199678,0.080280594199678,0.00985652183344683,0.985652183344683
4,margin_5.0K,thermal_margin,Qs1100_P101325_Ta223.15_A22_h250_Qsol500_eps1e-15_G1000000_Ars1_A1s1_Ds1.5_Ps1_R1s1_R3s1_Fs1_Ef0.6_Tcl295_Tsl325_St1_Vthermal_margin,1100,101325,300,223.15,50,2,120,0.4,2,0.015,0.122474487139159,0.0135,0.009,0.094197,65.53218,0.6,88.468443,0.11774625,3000,500,1e-15,5.670374419e-23,2,223.15,1000000,1,1,1000000,1,900,300,295,325,5,1,thermal_margin,1,1,1.5,1,1,1,1,NaN,100,48,0.9,0.6,1,binary_refine,2900,0.966666666666667,0,1,,"",317.468971390254,294.593198031844,239.183359626919,57.1659245186529,0.0955453877136632,0.110597247983114,9.10323403690783,5.4619404221447,9.10323403690783,10.7096871022445,9.47023023909424,11.1414473401109,1,7.5310286097461,0.406801968156117,-0.406801968156117,0.0101285884910099,1.01285884910099
4,margin_5.0K,thermal_margin,Qs1100_P101325_Ta223.15_A22_h250_Qsol500_eps1e-15_G1000000_Ars1_A1s1_Ds1.5_Ps1_R1s1_R3s1_Fs1_Ef0.6_Tcl295_Tsl325_St1_Vthermal_margin,1100,101325,300,223.15,50,2,120,0.4,2,0.015,0.122474487139159,0.0135,0.009,0.094197,65.53218,0.6,88.468443,0.11774625,3000,500,1e-15,5.670374419e-23,2,223.15,1000000,1,1,1000000,1,900,300,295,325,5,1,thermal_margin,1,1,1.5,1,1,1,1,NaN,100,48,0.9,0.6,1,binary_refine,2925,0.975,0,1,,"",316.996530657328,294.118384447376,239.185822475469,57.8136475477489,0.0966166973180975,0.111850991870906,9.30960614329338,5.58576368597603,9.30960614329338,10.9524778156393,9.72914531970671,11.446053317302,1,8.0034693426723,0.881615552624226,-0.881615552624226,0.0104055030157291,1.04055030157291
4,margin_5.0K,thermal_margin,Qs1100_P101325_Ta223.15_A22_h250_Qsol500_eps1e-15_G1000000_Ars1_A1s1_Ds1.5_Ps1_R1s1_R3s1_Fs1_Ef0.6_Tcl295_Tsl325_St1_Vthermal_margin,1100,101325,300,223.15,50,2,120,0.4,2,0.015,0.122474487139159,0.0135,0.009,0.094197,65.53218,0.6,88.468443,0.11774625,3000,500,1e-15,5.670374419e-23,2,223.15,1000000,1,1,1000000,1,900,300,295,325,5,1,thermal_margin,1,1,1.5,1,1,1,1,NaN,100,48,0.9,0.6,1,probe,3000,1,0,1,,"",315.638307453274,292.755082815474,239.192213124968,59.7481715662919,0.0998011623317619,0.115577969433325,9.93822828252243,5.96293696951346,9.93822828252243,11.6920332735558,10.533497336009,12.3923498070694,1,9.36169254672558,2.24491718452646,-2.24491718452646,0.0112657725518813,1.12657725518813
5,env_T223.15_Q500_eps1e-15,environment_corner,Qs1100_P101325_Ta223.15_A22_h250_Qsol500_eps1e-15_G1000000_Ars1_A1s1_Ds1.5_Ps1_R1s1_R3s1_Fs1_Ef0.6_Tcl300_Tsl330_St1_Venvironment_corner,1100,101325,300,223.15,50,2,120,0.4,2,0.015,0.122474487139159,0.0135,0.009,0.094197,65.53218,0.6,88.468443,0.11774625,3000,500,1e-15,5.670374419e-23,2,223.15,1000000,1,1,1000000,1,900,300,300,330,0,1,environment_corner,1,1,1.5,1,1,1,1,NaN,100,48,0.9,0.6,1,probe,750,0.25,0,1,,"",545.044745178796,534.953865402437,232.94062521451,5.38434977570432,0.00760102204844652,0.00855103646143494,0.0682109356027944,0.0409265613616766,0.0682109356027944,0.0802481595326993,0.125889649328786,0.148105469798572,0,-215.044745178796,-234.953865402437,234.953865402437,0.00013464133618052,0.013464133618052
5,env_T223.15_Q500_eps1e-15,environment_corner,Qs1100_P101325_Ta223.15_A22_h250_Qsol500_eps1e-15_G1000000_Ars1_A1s1_Ds1.5_Ps1_R1s1_R3s1_Fs1_Ef0.6_Tcl300_Tsl330_St1_Venvironment_corner,1100,101325,300,223.15,50,2,120,0.4,2,0.015,0.122474487139159,0.0135,0.009,0.094197,65.53218,0.6,88.468443,0.11774625,3000,500,1e-15,5.670374419e-23,2,223.15,1000000,1,1,1000000,1,900,300,300,330,0,1,environment_corner,1,1,1.5,1,1,1,1,NaN,100,48,0.9,0.6,1,probe,1000,0.333333333333333,0,1,,"",455.587610022493,436.996179121416,237.020335747206,9.28912124265723,0.0145219437472427,0.0161753288549024,0.224826826911976,0.134896096147186,0.224826826911976,0.264502149308207,0.316009759106007,0.371776187183538,0,-125.587610022493,-136.996179121416,136.996179121416,0.000337978351985034,0.0337978351985034
5,env_T223.15_Q500_eps1e-15,environment_corner,Qs1100_P101325_Ta223.15_A22_h250_Qsol500_eps1e-15_G1000000_Ars1_A1s1_Ds1.5_Ps1_R1s1_R3s1_Fs1_Ef0.6_Tcl300_Tsl330_St1_Venvironment_corner,1100,101325,300,223.15,50,2,120,0.4,2,0.015,0.122474487139159,0.0135,0.009,0.094197,65.53218,0.6,88.468443,0.11774625,3000,500,1e-15,5.670374419e-23,2,223.15,1000000,1,1,1000000,1,900,300,300,330,0,1,environment_corner,1,1,1.5,1,1,1,1,NaN,100,48,0.9,0.6,1,probe,1500,0.5,0,1,,"",384.625170670117,362.966646254766,238.525596218622,19.5464045152815,0.0315627780480623,0.0358629818906487,1.02823137892245,0.616938827353473,1.02823137892245,1.20968397520289,1.15348048638316,1.35703586633313,0,-54.6251706701174,-62.966646254766,62.966646254766,0.00123366896939376,0.123366896939376
5,env_T223.15_Q500_eps1e-15,environment_corner,Qs1100_P101325_Ta223.15_A22_h250_Qsol500_eps1e-15_G1000000_Ars1_A1s1_Ds1.5_Ps1_R1s1_R3s1_Fs1_Ef0.6_Tcl300_Tsl330_St1_Venvironment_corner,1100,101325,300,223.15,50,2,120,0.4,2,0.015,0.122474487139159,0.0135,0.009,0.094197,65.53218,0.6,88.468443,0.11774625,3000,500,1e-15,5.670374419e-23,2,223.15,1000000,1,1,1000000,1,900,300,300,330,0,1,environment_corner,1,1,1.5,1,1,1,1,NaN,100,48,0.9,0.6,1,probe,2000,0.666666666666667,0,1,,"",348.169936211628,325.622922243968,238.978927780022,32.0904318136818,0.0528985735580424,0.060728735052421,2.82923011300899,1.69753806780539,2.82923011300899,3.32850601530469,2.90088666437632,3.41280784044273,0,-18.169936211628,-25.6229222439679,25.6229222439679,0.00310255258222067,0.310255258222067
5,env_T223.15_Q500_eps1e-15,environment_corner,Qs1100_P101325_Ta223.15_A22_h250_Qsol500_eps1e-15_G1000000_Ars1_A1s1_Ds1.5_Ps1_R1s1_R3s1_Fs1_Ef0.6_Tcl300_Tsl330_St1_Venvironment_corner,1100,101325,300,223.15,50,2,120,0.4,2,0.015,0.122474487139159,0.0135,0.009,0.094197,65.53218,0.6,88.468443,0.11774625,3000,500,1e-15,5.670374419e-23,2,223.15,1000000,1,1,1000000,1,900,300,300,330,0,1,environment_corner,1,1,1.5,1,1,1,1,NaN,100,48,0.9,0.6,1,binary_refine,2500,0.833333333333333,0,1,,"",327.376015649639,304.568847781673,239.129080214721,46.1280684604086,0.0769666656608418,0.0888601619629888,5.91720603795449,3.55032362277269,5.91720603795449,6.96141886818176,5.91883049371982,6.96332999261155,0,2.6239843503609,-4.56884778167324,4.56884778167324,0.00633029999328323,0.633029999328323
5,env_T223.15_Q500_eps1e-15,environment_corner,Qs1100_P101325_Ta223.15_A22_h250_Qsol500_eps1e-15_G1000000_Ars1_A1s1_Ds1.5_Ps1_R1s1_R3s1_Fs1_Ef0.6_Tcl300_Tsl330_St1_Venvironment_corner,1100,101325,300,223.15,50,2,120,0.4,2,0.015,0.122474487139159,0.0135,0.009,0.094197,65.53218,0.6,88.468443,0.11774625,3000,500,1e-15,5.670374419e-23,2,223.15,1000000,1,1,1000000,1,900,300,300,330,0,1,environment_corner,1,1,1.5,1,1,1,1,NaN,100,48,0.9,0.6,1,binary_refine,2625,0.875,0,1,,"",323.63930212929,300.803689067764,239.149527750715,49.7922056891184,0.0831919895733757,0.0961424980725833,6.90385442754086,4.14231265652452,6.90385442754086,8.12218167945984,6.91275814632109,8.1326566427307,0,6.36069787070971,-0.803689067764196,0.803689067764196,0.00739332422066427,0.739332422066427
5,env_T223.15_Q500_eps1e-15,environment_corner,Qs1100_P101325_Ta223.15_A22_h250_Qsol500_eps1e-15_G1000000_Ars1_A1s1_Ds1.5_Ps1_R1s1_R3s1_Fs1_Ef0.6_Tcl300_Tsl330_St1_Venvironment_corner,1100,101325,300,223.15,50,2,120,0.4,2,0.015,0.122474487139159,0.0135,0.009,0.094197,65.53218,0.6,88.468443,0.11774625,3000,500,1e-15,5.670374419e-23,2,223.15,1000000,1,1,1000000,1,900,300,300,330,0,1,environment_corner,1,1,1.5,1,1,1,1,NaN,100,48,0.9,0.6,1,binary_refine,2650,0.883333333333333,0,1,,"",322.971699985001,300.132690129286,239.152446542645,50.497012390059,0.0843842668821001,0.097537448390177,7.10192228378576,4.26115337027146,7.10192228378576,8.35520268680678,7.12394353937842,8.38111004632756,0,7.02830001499865,-0.132690129285891,0.132690129285891,0.00761919095120687,0.761919095120687
5,env_T223.15_Q500_eps1e-15,environment_corner,Qs1100_P101325_Ta223.15_A22_h250_Qsol500_eps1e-15_G1000000_Ars1_A1s1_Ds1.5_Ps1_R1s1_R3s1_Fs1_Ef0.6_Tcl300_Tsl330_St1_Venvironment_corner,1100,101325,300,223.15,50,2,120,0.4,2,0.015,0.122474487139159,0.0135,0.009,0.094197,65.53218,0.6,88.468443,0.11774625,3000,500,1e-15,5.670374419e-23,2,223.15,1000000,1,1,1000000,1,900,300,300,330,0,1,environment_corner,1,1,1.5,1,1,1,1,NaN,100,48,0.9,0.6,1,binary_refine,2675,0.891666666666667,0,1,,"",322.340421394146,299.496038005097,239.156388490289,51.1909448601218,0.0855553713905404,0.098907579024223,7.299433832234,4.3796602993404,7.299433832234,8.58756921439294,7.33927670278419,8.6344431797461,1,7.65957860585416,0.503961994902909,-0.503961994902909,0.00784949379976919,0.784949379976919
5,env_T223.15_Q500_eps1e-15,environment_corner,Qs1100_P101325_Ta223.15_A22_h250_Qsol500_eps1e-15_G1000000_Ars1_A1s1_Ds1.5_Ps1_R1s1_R3s1_Fs1_Ef0.6_Tcl300_Tsl330_St1_Venvironment_corner,1100,101325,300,223.15,50,2,120,0.4,2,0.015,0.122474487139159,0.0135,0.009,0.094197,65.53218,0.6,88.468443,0.11774625,3000,500,1e-15,5.670374419e-23,2,223.15,1000000,1,1,1000000,1,900,300,300,330,0,1,environment_corner,1,1,1.5,1,1,1,1,NaN,100,48,0.9,0.6,1,binary_refine,2750,0.916666666666667,0,1,,"",320.570464856137,297.713401707564,239.166459529173,53.2243818772913,0.0889753702719271,0.102909115769181,7.89276514171073,4.73565908502644,7.89276514171073,9.28560604907145,8.01056073367994,9.42418909844699,1,9.42953514386267,2.28659829243566,-2.28659829243566,0.00856744463495181,0.856744463495181
5,env_T223.15_Q500_eps1e-15,environment_corner,Qs1100_P101325_Ta223.15_A22_h250_Qsol500_eps1e-15_G1000000_Ars1_A1s1_Ds1.5_Ps1_R1s1_R3s1_Fs1_Ef0.6_Tcl300_Tsl330_St1_Venvironment_corner,1100,101325,300,223.15,50,2,120,0.4,2,0.015,0.122474487139159,0.0135,0.009,0.094197,65.53218,0.6,88.468443,0.11774625,3000,500,1e-15,5.670374419e-23,2,223.15,1000000,1,1,1000000,1,900,300,300,330,0,1,environment_corner,1,1,1.5,1,1,1,1,NaN,100,48,0.9,0.6,1,probe,3000,1,0,1,,"",315.638307453274,292.755082815474,239.192213124968,59.7481715662919,0.0998011623317619,0.115577969433325,9.93822828252243,5.96293696951346,9.93822828252243,11.6920332735558,10.533497336009,12.3923498070694,1,14.3616925467256,7.24491718452646,-7.24491718452646,0.0112657725518813,1.12657725518813
6,env_T223.15_Q500_eps0.3,environment_corner,Qs1100_P101325_Ta223.15_A22_h250_Qsol500_eps0.3_G1000000_Ars1_A1s1_Ds1.5_Ps1_R1s1_R3s1_Fs1_Ef0.6_Tcl300_Tsl330_St1_Venvironment_corner,1100,101325,300,223.15,50,2,120,0.4,2,0.015,0.122474487139159,0.0135,0.009,0.094197,65.53218,0.6,88.468443,0.11774625,3000,500,0.3,1.7011123257e-08,2,223.15,1000000,1,1,1000000,1,900,300,300,330,0,1,environment_corner,1,1,1.5,1,1,1,1,NaN,100,48,0.9,0.6,1,probe,750,0.25,0,1,,"",541.660049108788,531.607655549473,232.768860010889,5.38349019682695,0.00762282800735181,0.00857548415520648,0.0683956997494606,0.0410374198496764,0.0683956997494606,0.0804655291170125,0.125939079767819,0.148163623256258,0,-211.660049108788,-231.607655549473,231.607655549473,0.000134694202960234,0.0134694202960234
6,env_T223.15_Q500_eps0.3,environment_corner,Qs1100_P101325_Ta223.15_A22_h250_Qsol500_eps0.3_G1000000_Ars1_A1s1_Ds1.5_Ps1_R1s1_R3s1_Fs1_Ef0.6_Tcl300_Tsl330_St1_Venvironment_corner,1100,101325,300,223.15,50,2,120,0.4,2,0.015,0.122474487139159,0.0135,0.009,0.094197,65.53218,0.6,88.468443,0.11774625,3000,500,0.3,1.7011123257e-08,2,223.15,1000000,1,1,1000000,1,900,300,300,330,0,1,environment_corner,1,1,1.5,1,1,1,1,NaN,100,48,0.9,0.6,1,probe,1000,0.333333333333333,0,1,,"",455.506413492686,436.902156165662,236.801289065921,9.2889283541493,0.0145245131223156,0.0161774528034698,0.224861936286818,0.134917161772091,0.224861936286818,0.26454345445508,0.316020010671161,0.371788247848424,0,-125.506413492686,-136.902156165662,136.902156165662,0.00033798931622584,0.033798931622584
6,env_T223.15_Q500_eps0.3,environment_corner,Qs1100_P101325_Ta223.15_A22_h250_Qsol500_eps0.3_G1000000_Ars1_A1s1_Ds1.5_Ps1_R1s1_R3s1_Fs1_Ef0.6_Tcl300_Tsl330_St1_Venvironment_corner,1100,101325,300,223.15,50,2,120,0.4,2,0.015,0.122474487139159,0.0135,0.009,0.094197,65.53218,0.6,88.468443,0.11774625,3000,500,0.3,1.7011123257e-08,2,223.15,1000000,1,1,1000000,1,900,300,300,330,0,1,environment_corner,1,1,1.5,1,1,1,1,NaN,100,48,0.9,0.6,1,probe,1500,0.5,0,1,,"",384.366395405669,362.707255179027,238.27332799139,19.5448526534941,0.0315722869189606,0.0358732077595346,1.02845949294154,0.617075695764923,1.02845949294154,1.2099523446371,1.15356401181124,1.35713413154263,0,-54.3663954056685,-62.707255179027,62.707255179027,0.00123375830140239,0.123375830140239
6,env_T223.15_Q500_eps0.3,environment_corner,Qs1100_P101325_Ta223.15_A22_h250_Qsol500_eps0.3_G1000000_Ars1_A1s1_Ds1.5_Ps1_R1s1_R3s1_Fs1_Ef0.6_Tcl300_Tsl330_St1_Venvironment_corner,1100,101325,300,223.15,50,2,120,0.4,2,0.015,0.122474487139159,0.0135,0.009,0.094197,65.53218,0.6,88.468443,0.11774625,3000,500,0.3,1.7011123257e-08,2,223.15,1000000,1,1,1000000,1,900,300,300,330,0,1,environment_corner,1,1,1.5,1,1,1,1,NaN,100,48,0.9,0.6,1,probe,2000,0.666666666666667,0,1,,"",347.923730509038,325.372911074982,238.719779628575,32.0863461591895,0.052913511079634,0.0607449499742786,2.82966872166541,1.69780123299925,2.82966872166541,3.32902202548872,2.90111338087205,3.41307456573183,0,-17.9237305090384,-25.3729110749816,25.3729110749816,0.00310279505975621,0.310279505975621
6,env_T223.15_Q500_eps0.3,environment_corner,Qs1100_P101325_Ta223.15_A22_h250_Qsol500_eps0.3_G1000000_Ars1_A1s1_Ds1.5_Ps1_R1s1_R3s1_Fs1_Ef0.6_Tcl300_Tsl330_St1_Venvironment_corner,1100,101325,300,223.15,50,2,120,0.4,2,0.015,0.122474487139159,0.0135,0.009,0.094197,65.53218,0.6,88.468443,0.11774625,3000,500,0.3,1.7011123257e-08,2,223.15,1000000,1,1,1000000,1,900,300,300,330,0,1,environment_corner,1,1,1.5,1,1,1,1,NaN,100,48,0.9,0.6,1,binary_refine,2500,0.833333333333333,0,1,,"",327.101553614022,304.296132755987,238.864312093367,46.1196858850769,0.0769877294672345,0.0888836264810535,5.91774983339022,3.55064990003413,5.91774983339022,6.96205862751791,5.91931277898496,6.96389738704112,0,2.89844638597827,-4.2961327559874,4.2961327559874,0.00633081580640102,0.633081580640102
6,env_T223.15_Q500_eps0.3,environment_corner,Qs1100_P101325_Ta223.15_A22_h250_Qsol500_eps0.3_G1000000_Ars1_A1s1_Ds1.5_Ps1_R1s1_R3s1_Fs1_Ef0.6_Tcl300_Tsl330_St1_Venvironment_corner,1100,101325,300,223.15,50,2,120,0.4,2,0.015,0.122474487139159,0.0135,0.009,0.094197,65.53218,0.6,88.468443,0.11774625,3000,500,0.3,1.7011123257e-08,2,223.15,1000000,1,1,1000000,1,900,300,300,330,0,1,environment_corner,1,1,1.5,1,1,1,1,NaN,100,48,0.9,0.6,1,binary_refine,2625,0.875,0,1,,"",323.365810987289,300.532205921673,238.884235223374,49.7810606042597,0.0832112865264455,0.0961639094283493,6.90391016255234,4.1423460975314,6.90391016255234,8.12224725006158,6.91330265010282,8.13329723541508,0,6.63418901271137,-0.532205921672869,0.532205921672869,0.00739390657765007,0.739390657765007
6,env_T223.15_Q500_eps0.3,environment_corner,Qs1100_P101325_Ta223.15_A22_h250_Qsol500_eps0.3_G1000000_Ars1_A1s1_Ds1.5_Ps1_R1s1_R3s1_Fs1_Ef0.6_Tcl300_Tsl330_St1_Venvironment_corner,1100,101325,300,223.15,50,2,120,0.4,2,0.015,0.122474487139159,0.0135,0.009,0.094197,65.53218,0.6,88.468443,0.11774625,3000,500,0.3,1.7011123257e-08,2,223.15,1000000,1,1,1000000,1,900,300,300,330,0,1,environment_corner,1,1,1.5,1,1,1,1,NaN,100,48,0.9,0.6,1,binary_refine,2650,0.883333333333333,0,1,,"",322.710994109266,299.871117035167,238.888555845093,50.485249306929,0.0844020662507606,0.0975569861068449,7.10176559448264,4.26105935668958,7.10176559448264,8.35501834645017,7.12448199918559,8.38174352845363,1,7.28900589073436,0.128882964833394,-0.128882964833394,0.00761976684404876,0.761976684404876
6,env_T223.15_Q500_eps0.3,environment_corner,Qs1100_P101325_Ta223.15_A22_h250_Qsol500_eps0.3_G1000000_Ars1_A1s1_Ds1.5_Ps1_R1s1_R3s1_Fs1_Ef0.6_Tcl300_Tsl330_St1_Venvironment_corner,1100,101325,300,223.15,50,2,120,0.4,2,0.015,0.122474487139159,0.0135,0.009,0.094197,65.53218,0.6,88.468443,0.11774625,3000,500,0.3,1.7011123257e-08,2,223.15,1000000,1,1,1000000,1,900,300,300,330,0,1,environment_corner,1,1,1.5,1,1,1,1,NaN,100,48,0.9,0.6,1,binary_refine,2675,0.891666666666667,0,1,,"",322.074681460639,299.230765091015,238.891745180518,51.1782264463691,0.0855725546905831,0.0989264226597402,7.29908596924828,4.37945158154896,7.29908596924828,8.5871599638215,7.33982947368855,8.63509349845712,1,7.92531853936077,0.769234908984686,-0.769234908984686,0.00785008499859738,0.785008499859738
6,env_T223.15_Q500_eps0.3,environment_corner,Qs1100_P101325_Ta223.15_A22_h250_Qsol500_eps0.3_G1000000_Ars1_A1s1_Ds1.5_Ps1_R1s1_R3s1_Fs1_Ef0.6_Tcl300_Tsl330_St1_Venvironment_corner,1100,101325,300,223.15,50,2,120,0.4,2,0.015,0.122474487139159,0.0135,0.009,0.094197,65.53218,0.6,88.468443,0.11774625,3000,500,0.3,1.7011123257e-08,2,223.15,1000000,1,1,1000000,1,900,300,300,330,0,1,environment_corner,1,1,1.5,1,1,1,1,NaN,100,48,0.9,0.6,1,binary_refine,2750,0.916666666666667,0,1,,"",320.303202247165,297.447262843673,238.901289071738,53.2095842280857,0.0889907871956781,0.102925906212218,7.89193797802014,4.73516278681208,7.89193797802014,9.28463291531781,8.01113791804599,9.42486813887764,1,9.69679775283458,2.55273715632694,-2.55273715632694,0.00856806194443421,0.856806194443422
6,env_T223.15_Q500_eps0.3,environment_corner,Qs1100_P101325_Ta223.15_A22_h250_Qsol500_eps0.3_G1000000_Ars1_A1s1_Ds1.5_Ps1_R1s1_R3s1_Fs1_Ef0.6_Tcl300_Tsl330_St1_Venvironment_corner,1100,101325,300,223.15,50,2,120,0.4,2,0.015,0.122474487139159,0.0135,0.009,0.094197,65.53218,0.6,88.468443,0.11774625,3000,500,0.3,1.7011123257e-08,2,223.15,1000000,1,1,1000000,1,900,300,300,330,0,1,environment_corner,1,1,1.5,1,1,1,1,NaN,100,48,0.9,0.6,1,probe,3000,1,0,1,,"",315.382870697744,292.498111390297,238.927906969129,59.7291791787114,0.0998131798319471,0.115590638163623,9.93626550429885,5.96175930257931,9.93626550429885,11.6897241227045,10.5341306595376,12.3930948935737,1,14.6171293022557,7.50188860970326,-7.50188860970326,0.0112664499032488,1.12664499032488
7,env_T223.15_Q500_eps0.9,environment_corner,Qs1100_P101325_Ta223.15_A22_h250_Qsol500_eps0.9_G1000000_Ars1_A1s1_Ds1.5_Ps1_R1s1_R3s1_Fs1_Ef0.6_Tcl300_Tsl330_St1_Venvironment_corner,1100,101325,300,223.15,50,2,120,0.4,2,0.015,0.122474487139159,0.0135,0.009,0.094197,65.53218,0.6,88.468443,0.11774625,3000,500,0.9,5.1033369771e-08,2,223.15,1000000,1,1,1000000,1,900,300,300,330,0,1,environment_corner,1,1,1.5,1,1,1,1,NaN,100,48,0.9,0.6,1,probe,750,0.25,0,1,,"",543.476468270272,533.390953894951,232.488858359054,5.38391832417498,0.00761198079783946,0.00856285574388379,0.0683038048345932,0.0409822829007559,0.0683038048345932,0.0803574174524626,0.12591449182813,0.148134696268389,0,-213.476468270272,-233.390953894951,233.390953894951,0.000134667905698535,0.0134667905698535
7,env_T223.15_Q500_eps0.9,environment_corner,Qs1100_P101325_Ta223.15_A22_h250_Qsol500_eps0.9_G1000000_Ars1_A1s1_Ds1.5_Ps1_R1s1_R3s1_Fs1_Ef0.6_Tcl300_Tsl330_St1_Venvironment_corner,1100,101325,300,223.15,50,2,120,0.4,2,0.015,0.122474487139159,0.0135,0.009,0.094197,65.53218,0.6,88.468443,0.11774625,3000,500,0.9,5.1033369771e-08,2,223.15,1000000,1,1,1000000,1,900,300,300,330,0,1,environment_corner,1,1,1.5,1,1,1,1,NaN,100,48,0.9,0.6,1,probe,1000,0.333333333333333,0,1,,"",455.233196184998,436.613530875069,236.380778118853,9.28847957524219,0.0145304888032383,0.0161830169605908,0.224943580778607,0.134966148467164,0.224943580778607,0.264639506798361,0.316043853117774,0.371816297785616,0,-125.233196184998,-136.613530875069,136.613530875069,0.000338014816168742,0.0338014816168742
7,env_T223.15_Q500_eps0.9,environment_corner,Qs1100_P101325_Ta223.15_A22_h250_Qsol500_eps0.9_G1000000_Ars1_A1s1_Ds1.5_Ps1_R1s1_R3s1_Fs1_Ef0.6_Tcl300_Tsl330_St1_Venvironment_corner,1100,101325,300,223.15,50,2,120,0.4,2,0.015,0.122474487139159,0.0135,0.009,0.094197,65.53218,0.6,88.468443,0.11774625,3000,500,0.9,5.1033369771e-08,2,223.15,1000000,1,1,1000000,1,900,300,300,330,0,1,environment_corner,1,1,1.5,1,1,1,1,NaN,100,48,0.9,0.6,1,probe,1500,0.5,0,1,,"",384.103494449732,362.412608647702,237.809536832838,19.5426768098938,0.0315856150812634,0.0358859838702308,1.0287791122914,0.617267467374839,1.0287791122914,1.21032836740165,1.15368108140722,1.35727186047908,0,-54.1034944497317,-62.4126086477023,62.4126086477023,0.00123388350952644,0.123388350952644
7,env_T223.15_Q500_eps0.9,environment_corner,Qs1100_P101325_Ta223.15_A22_h250_Qsol500_eps0.9_G1000000_Ars1_A1s1_Ds1.5_Ps1_R1s1_R3s1_Fs1_Ef0.6_Tcl300_Tsl330_St1_Venvironment_corner,1100,101325,300,223.15,50,2,120,0.4,2,0.015,0.122474487139159,0.0135,0.009,0.094197,65.53218,0.6,88.468443,0.11774625,3000,500,0.9,5.1033369771e-08,2,223.15,1000000,1,1,1000000,1,900,300,300,330,0,1,environment_corner,1,1,1.5,1,1,1,1,NaN,100,48,0.9,0.6,1,probe,2000,0.666666666666667,0,1,,"",347.438168931711,324.883599222844,238.226790435011,32.0784161290042,0.0529424918980944,0.0607766221779291,2.83051881002251,1.69831128601351,2.83051881002251,3.33002212943825,2.9015532101575,3.41359201195,0,-17.4381689317115,-24.8835992228438,24.8835992228438,0.00310326546540909,0.310326546540909
7,env_T223.15_Q500_eps0.9,environment_corner,Qs1100_P101325_Ta223.15_A22_h250_Qsol500_eps0.9_G1000000_Ars1_A1s1_Ds1.5_Ps1_R1s1_R3s1_Fs1_Ef0.6_Tcl300_Tsl330_St1_Venvironment_corner,1100,101325,300,223.15,50,2,120,0.4,2,0.015,0.122474487139159,0.0135,0.009,0.094197,65.53218,0.6,88.468443,0.11774625,3000,500,0.9,5.1033369771e-08,2,223.15,1000000,1,1,1000000,1,900,300,300,330,0,1,environment_corner,1,1,1.5,1,1,1,1,NaN,100,48,0.9,0.6,1,binary_refine,2500,0.833333333333333,0,1,,"",326.5976482545,303.791876112033,238.364473438032,46.1040753301737,0.0770269404450667,0.0889271701057341,5.9187597745536,3.55125586473216,5.9187597745536,6.96324679359247,5.92021046187021,6.96495348455319,0,3.40235174549952,-3.79187611203298,3.79187611203298,0.00633177589504836,0.633177589504836
7,env_T223.15_Q500_eps0.9,environment_corner,Qs1100_P101325_Ta223.15_A22_h250_Qsol500_eps0.9_G1000000_Ars1_A1s1_Ds1.5_Ps1_R1s1_R3s1_Fs1_Ef0.6_Tcl300_Tsl330_St1_Venvironment_corner,1100,101325,300,223.15,50,2,120,0.4,2,0.015,0.122474487139159,0.0135,0.009,0.094197,65.53218,0.6,88.468443,0.11774625,3000,500,0.9,5.1033369771e-08,2,223.15,1000000,1,1,1000000,1,900,300,300,330,0,1,environment_corner,1,1,1.5,1,1,1,1,NaN,100,48,0.9,0.6,1,binary_refine,2625,0.875,0,1,,"",322.875045030398,300.038760191833,238.384809477529,49.760462120447,0.083246627160015,0.0962027534639357,6.9039843957515,4.1423906374509,6.9039843957515,8.12233458323706,6.91430350273949,8.13447470910529,0,7.12495496960213,-0.0387601918325231,0.0387601918325231,0.00739497700827753,0.739497700827753
7,env_T223.15_Q500_eps0.9,environment_corner,Qs1100_P101325_Ta223.15_A22_h250_Qsol500_eps0.9_G1000000_Ars1_A1s1_Ds1.5_Ps1_R1s1_R3s1_Fs1_Ef0.6_Tcl300_Tsl330_St1_Venvironment_corner,1100,101325,300,223.15,50,2,120,0.4,2,0.015,0.122474487139159,0.0135,0.009,0.094197,65.53218,0.6,88.468443,0.11774625,3000,500,0.9,5.1033369771e-08,2,223.15,1000000,1,1,1000000,1,900,300,300,330,0,1,environment_corner,1,1,1.5,1,1,1,1,NaN,100,48,0.9,0.6,1,binary_refine,2650,0.883333333333333,0,1,,"",322.233599399384,299.388103900469,238.39040762574,50.4632619092323,0.0844350893116549,0.0975929512397097,7.10145004377245,4.26087002626347,7.10145004377245,8.35464711032052,7.12548405194834,8.38292241405687,1,7.76640060061595,0.611896099530895,-0.611896099530895,0.00762083855823352,0.762083855823352
7,env_T223.15_Q500_eps0.9,environment_corner,Qs1100_P101325_Ta223.15_A22_h250_Qsol500_eps0.9_G1000000_Ars1_A1s1_Ds1.5_Ps1_R1s1_R3s1_Fs1_Ef0.6_Tcl300_Tsl330_St1_Venvironment_corner,1100,101325,300,223.15,50,2,120,0.4,2,0.015,0.122474487139159,0.0135,0.009,0.094197,65.53218,0.6,88.468443,0.11774625,3000,500,0.9,5.1033369771e-08,2,223.15,1000000,1,1,1000000,1,900,300,300,330,0,1,environment_corner,1,1,1.5,1,1,1,1,NaN,100,48,0.9,0.6,1,binary_refine,2675,0.891666666666667,0,1,,"",321.587888707413,298.74082690836,238.392273158605,51.1544866049444,0.0856044226435877,0.0989611479364508,7.29841715240901,4.37905029144541,7.29841715240901,8.58637312048119,7.34085736712469,8.63630278485258,1,8.4121112925871,1.25917309164015,-1.25917309164015,0.00785118434986598,0.785118434986598
7,env_T223.15_Q500_eps0.9,environment_corner,Qs1100_P101325_Ta223.15_A22_h250_Qsol500_eps0.9_G1000000_Ars1_A1s1_Ds1.5_Ps1_R1s1_R3s1_Fs1_Ef0.6_Tcl300_Tsl330_St1_Venvironment_corner,1100,101325,300,223.15,50,2,120,0.4,2,0.015,0.122474487139159,0.0135,0.009,0.094197,65.53218,0.6,88.468443,0.11774625,3000,500,0.9,5.1033369771e-08,2,223.15,1000000,1,1,1000000,1,900,300,300,330,0,1,environment_corner,1,1,1.5,1,1,1,1,NaN,100,48,0.9,0.6,1,binary_refine,2750,0.916666666666667,0,1,,"",319.817360137882,296.958484850835,238.401368090912,53.1821141992502,0.0890192794435476,0.102956660106655,7.89038914216952,4.73423348530171,7.89038914216952,9.28281075549355,8.01220660350086,9.42612541588336,1,10.1826398621176,3.04151514916543,-3.04151514916543,0.00856920492353033,0.856920492353033
7,env_T223.15_Q500_eps0.9,environment_corner,Qs1100_P101325_Ta223.15_A22_h250_Qsol500_eps0.9_G1000000_Ars1_A1s1_Ds1.5_Ps1_R1s1_R3s1_Fs1_Ef0.6_Tcl300_Tsl330_St1_Venvironment_corner,1100,101325,300,223.15,50,2,120,0.4,2,0.015,0.122474487139159,0.0135,0.009,0.094197,65.53218,0.6,88.468443,0.11774625,3000,500,0.9,5.1033369771e-08,2,223.15,1000000,1,1,1000000,1,900,300,300,330,0,1,environment_corner,1,1,1.5,1,1,1,1,NaN,100,48,0.9,0.6,1,probe,3000,1,0,1,,"",314.889878434514,292.004543781262,238.425861846491,59.6927535306798,0.0998361785794798,0.11561502820062,9.93249400231638,5.95949640138983,9.93249400231638,11.6852870615487,10.5353437294902,12.3945220346944,1,15.110121565486,7.9954562187379,-7.9954562187379,0.0112677473042676,1.12677473042676
8,env_T223.15_Q1500_eps1e-15,environment_corner,Qs1100_P101325_Ta223.15_A22_h250_Qsol1500_eps1e-15_G1000000_Ars1_A1s1_Ds1.5_Ps1_R1s1_R3s1_Fs1_Ef0.6_Tcl300_Tsl330_St1_Venvironment_corner,1100,101325,300,223.15,50,2,120,0.4,2,0.015,0.122474487139159,0.0135,0.009,0.094197,65.53218,0.6,88.468443,0.11774625,3000,1500,1e-15,5.670374419e-23,2,223.15,1000000,1,1,1000000,1,900,300,300,330,0,1,environment_corner,1,1,1.5,1,1,1,1,NaN,100,48,0.9,0.6,1,probe,750,0.25,0,1,,"",549.987627980616,540.161000295436,242.808333526499,5.3864597309439,0.00754712043451877,0.0085024395592475,0.0677537671751986,0.0406522603051192,0.0677537671751986,0.0797103143237631,0.125767444643008,0.147961699580009,0,-219.987627980616,-240.161000295436,240.161000295436,0.000134510635981827,0.0134510635981827
8,env_T223.15_Q1500_eps1e-15,environment_corner,Qs1100_P101325_Ta223.15_A22_h250_Qsol1500_eps1e-15_G1000000_Ars1_A1s1_Ds1.5_Ps1_R1s1_R3s1_Fs1_Ef0.6_Tcl300_Tsl330_St1_Venvironment_corner,1100,101325,300,223.15,50,2,120,0.4,2,0.015,0.122474487139159,0.0135,0.009,0.094197,65.53218,0.6,88.468443,0.11774625,3000,1500,1e-15,5.670374419e-23,2,223.15,1000000,1,1,1000000,1,900,300,300,330,0,1,environment_corner,1,1,1.5,1,1,1,1,NaN,100,48,0.9,0.6,1,probe,1000,0.333333333333333,0,1,,"",463.434502039423,445.093523963551,246.897210120791,9.30040769541908,0.0143708227073168,0.0160285782544944,0.222757516827721,0.133654510096633,0.222757516827721,0.262067666856143,0.315406677374958,0.371066679264657,0,-133.434502039423,-145.093523963551,145.093523963551,0.000337333344786052,0.0337333344786052
8,env_T223.15_Q1500_eps1e-15,environment_corner,Qs1100_P101325_Ta223.15_A22_h250_Qsol1500_eps1e-15_G1000000_Ars1_A1s1_Ds1.5_Ps1_R1s1_R3s1_Fs1_Ef0.6_Tcl300_Tsl330_St1_Venvironment_corner,1100,101325,300,223.15,50,2,120,0.4,2,0.015,0.122474487139159,0.0135,0.009,0.094197,65.53218,0.6,88.468443,0.11774625,3000,1500,1e-15,5.670374419e-23,2,223.15,1000000,1,1,1000000,1,900,300,300,330,0,1,environment_corner,1,1,1.5,1,1,1,1,NaN,100,48,0.9,0.6,1,probe,1500,0.5,0,1,,"",393.980560035067,372.460654008429,248.456019103446,19.603394219191,0.0312115686750032,0.035490382134125,1.0197544748924,0.61185268493544,1.0197544748924,1.19971114693224,1.1503939458714,1.35340464220165,0,-63.9805600350666,-72.4606540084291,72.4606540084291,0.00123036785654695,0.123036785654695
8,env_T223.15_Q1500_eps1e-15,environment_corner,Qs1100_P101325_Ta223.15_A22_h250_Qsol1500_eps1e-15_G1000000_Ars1_A1s1_Ds1.5_Ps1_R1s1_R3s1_Fs1_Ef0.6_Tcl300_Tsl330_St1_Venvironment_corner,1100,101325,300,223.15,50,2,120,0.4,2,0.015,0.122474487139159,0.0135,0.009,0.094197,65.53218,0.6,88.468443,0.11774625,3000,1500,1e-15,5.670374419e-23,2,223.15,1000000,1,1,1000000,1,900,300,300,330,0,1,environment_corner,1,1,1.5,1,1,1,1,NaN,100,48,0.9,0.6,1,probe,2000,0.666666666666667,0,1,,"",357.907125568766,335.449239841713,248.933502937347,32.2459741481143,0.0523267262503034,0.0601036523489979,2.8122104365379,1.68732626192274,2.8122104365379,3.30848286651518,2.89219906820773,3.40258713906792,0,-27.9071255687657,-35.4492398417126,35.4492398417126,0.00309326103551629,0.309326103551629
8,env_T223.15_Q1500_eps1e-15,environment_corner,Qs1100_P101325_Ta223.15_A22_h250_Qsol1500_eps1e-15_G1000000_Ars1_A1s1_Ds1.5_Ps1_R1s1_R3s1_Fs1_Ef0.6_Tcl300_Tsl330_St1_Venvironment_corner,1100,101325,300,223.15,50,2,120,0.4,2,0.015,0.122474487139159,0.0135,0.009,0.094197,65.53218,0.6,88.468443,0.11774625,3000,1500,1e-15,5.670374419e-23,2,223.15,1000000,1,1,1000000,1,900,300,300,330,0,1,environment_corner,1,1,1.5,1,1,1,1,NaN,100,48,0.9,0.6,1,probe,3000,1,0,1,,"",325.372693821454,302.523559334736,249.174883941555,60.4542561968337,0.0993409803111592,0.115089295485197,10.0093084576257,6.00558507457543,10.0093084576257,11.7756570089714,10.5095289869622,12.3641517493672,0,4.62730617854623,-2.52355933473598,2.52355933473598,0.0112401379539702,1.12401379539702
8,env_T223.15_Q1500_eps1e-15,environment_corner,Qs1100_P101325_Ta223.15_A22_h250_Qsol1500_eps1e-15_G1000000_Ars1_A1s1_Ds1.5_Ps1_R1s1_R3s1_Fs1_Ef0.6_Tcl300_Tsl330_St1_Venvironment_corner,1100,101325,300,223.15,50,2,120,0.4,2,0.015,0.122474487139159,0.0135,0.009,0.094197,65.53218,0.6,88.468443,0.11774625,3000,1500,1e-15,5.670374419e-23,2,223.15,1000000,1,1,1000000,1,900,300,300,330,0,1,environment_corner,1,1,1.5,1,1,1,1,NaN,100,48,0.9,0.6,1,binary_refine,3125,1.04166666666667,0,1,,"",323.316938526214,300.452127255395,249.189602585113,63.732550042257,0.104602372101474,0.121247656709838,11.1109598574933,6.66657591449597,11.1109598574933,13.0717174794039,11.9431093790436,14.0507169165219,0,6.68306147378644,-0.452127255394601,0.452127255394601,0.0127733790150199,1.27733790150199
8,env_T223.15_Q1500_eps1e-15,environment_corner,Qs1100_P101325_Ta223.15_A22_h250_Qsol1500_eps1e-15_G1000000_Ars1_A1s1_Ds1.5_Ps1_R1s1_R3s1_Fs1_Ef0.6_Tcl300_Tsl330_St1_Venvironment_corner,1100,101325,300,223.15,50,2,120,0.4,2,0.015,0.122474487139159,0.0135,0.009,0.094197,65.53218,0.6,88.468443,0.11774625,3000,1500,1e-15,5.670374419e-23,2,223.15,1000000,1,1,1000000,1,900,300,300,330,0,1,environment_corner,1,1,1.5,1,1,1,1,NaN,100,48,0.9,0.6,1,binary_refine,3150,1.05,0,1,,"",322.924751213827,300.058762534381,249.191561337013,64.3865190317107,0.10564407104662,0.122467066888194,11.3367566517177,6.80205399103061,11.3367566517177,13.3373607667267,12.2443456008337,14.4051124715691,0,7.0752487861734,-0.0587625343812874,0.0587625343812874,0.0130955567923355,1.30955567923355
8,env_T223.15_Q1500_eps1e-15,environment_corner,Qs1100_P101325_Ta223.15_A22_h250_Qsol1500_eps1e-15_G1000000_Ars1_A1s1_Ds1.5_Ps1_R1s1_R3s1_Fs1_Ef0.6_Tcl300_Tsl330_St1_Venvironment_corner,1100,101325,300,223.15,50,2,120,0.4,2,0.015,0.122474487139159,0.0135,0.009,0.094197,65.53218,0.6,88.468443,0.11774625,3000,1500,1e-15,5.670374419e-23,2,223.15,1000000,1,1,1000000,1,900,300,300,330,0,1,environment_corner,1,1,1.5,1,1,1,1,NaN,100,48,0.9,0.6,1,binary_refine,3175,1.05833333333333,0,1,,"",322.537873171234,299.671431933821,249.193153605438,65.0403157622083,0.106682756172757,0.12368300295544,11.564466913098,6.93868014785879,11.564466913098,13.60525519188,12.5505148705818,14.7653116124492,1,7.46212682876558,0.32856806617923,-0.32856806617923,0.013423010556772,1.3423010556772
8,env_T223.15_Q1500_eps1e-15,environment_corner,Qs1100_P101325_Ta223.15_A22_h250_Qsol1500_eps1e-15_G1000000_Ars1_A1s1_Ds1.5_Ps1_R1s1_R3s1_Fs1_Ef0.6_Tcl300_Tsl330_St1_Venvironment_corner,1100,101325,300,223.15,50,2,120,0.4,2,0.015,0.122474487139159,0.0135,0.009,0.094197,65.53218,0.6,88.468443,0.11774625,3000,1500,1e-15,5.670374419e-23,2,223.15,1000000,1,1,1000000,1,900,300,300,330,0,1,environment_corner,1,1,1.5,1,1,1,1,NaN,100,48,0.9,0.6,1,binary_refine,3250,1.08333333333333,0,1,,"",321.44176575941,298.568662965982,249.200777774789,67.0036680597841,0.10978162042324,0.127310495948814,12.2596187565066,7.35577125390396,12.2596187565066,14.4230808900078,13.4989660516131,15.8811365313095,1,8.55823424059002,1.4313370340181,-1.4313370340181,0.014437396846645,1.4437396846645
8,env_T223.15_Q1500_eps1e-15,environment_corner,Qs1100_P101325_Ta223.15_A22_h250_Qsol1500_eps1e-15_G1000000_Ars1_A1s1_Ds1.5_Ps1_R1s1_R3s1_Fs1_Ef0.6_Tcl300_Tsl330_St1_Venvironment_corner,1100,101325,300,223.15,50,2,120,0.4,2,0.015,0.122474487139159,0.0135,0.009,0.094197,65.53218,0.6,88.468443,0.11774625,3000,1500,1e-15,5.670374419e-23,2,223.15,1000000,1,1,1000000,1,900,300,300,330,0,1,environment_corner,1,1,1.5,1,1,1,1,NaN,100,48,0.9,0.6,1,binary_refine,3500,1.16666666666667,0,1,,"",318.17542260366,295.287813412793,249.22304176406,73.5952688693239,0.1199674851381,0.139234779361786,14.7150655405252,8.82903932431512,14.7150655405252,17.3118418123826,16.9971333976675,19.9966275266677,1,11.8245773963399,4.71218658720665,-4.71218658720665,0.0181787522969706,1.81787522969706
8,env_T223.15_Q1500_eps1e-15,environment_corner,Qs1100_P101325_Ta223.15_A22_h250_Qsol1500_eps1e-15_G1000000_Ars1_A1s1_Ds1.5_Ps1_R1s1_R3s1_Fs1_Ef0.6_Tcl300_Tsl330_St1_Venvironment_corner,1100,101325,300,223.15,50,2,120,0.4,2,0.015,0.122474487139159,0.0135,0.009,0.094197,65.53218,0.6,88.468443,0.11774625,3000,1500,1e-15,5.670374419e-23,2,223.15,1000000,1,1,1000000,1,900,300,300,330,0,1,environment_corner,1,1,1.5,1,1,1,1,NaN,100,48,0.9,0.6,1,probe,4000,1.33333333333333,0,1,,"",313.003456757165,290.100590912047,249.264855468711,87.3141431082307,0.139889038313837,0.162557865472741,20.3571525176786,12.2142915106072,20.3571525176786,23.9495911972689,25.6750439991789,30.2059341166811,1,16.9965432428355,9.89940908795279,-9.89940908795279,0.0274599401060737,2.74599401060737
9,env_T223.15_Q1500_eps0.3,environment_corner,Qs1100_P101325_Ta223.15_A22_h250_Qsol1500_eps0.3_G1000000_Ars1_A1s1_Ds1.5_Ps1_R1s1_R3s1_Fs1_Ef0.6_Tcl300_Tsl330_St1_Venvironment_corner,1100,101325,300,223.15,50,2,120,0.4,2,0.015,0.122474487139159,0.0135,0.009,0.094197,65.53218,0.6,88.468443,0.11774625,3000,1500,0.3,1.7011123257e-08,2,223.15,1000000,1,1,1000000,1,900,300,300,330,0,1,environment_corner,1,1,1.5,1,1,1,1,NaN,100,48,0.9,0.6,1,probe,750,0.25,0,1,,"",549.773609089143,539.939316389514,242.480164782688,5.38637958161416,0.00754917443673838,0.00850437529227441,0.0677711984068187,0.0406627190440912,0.0677711984068187,0.0797308216550808,0.125772101644894,0.147967178405757,0,-219.773609089143,-239.939316389514,239.939316389514,0.000134515616732507,0.0134515616732507
9,env_T223.15_Q1500_eps0.3,environment_corner,Qs1100_P101325_Ta223.15_A22_h250_Qsol1500_eps0.3_G1000000_Ars1_A1s1_Ds1.5_Ps1_R1s1_R3s1_Fs1_Ef0.6_Tcl300_Tsl330_St1_Venvironment_corner,1100,101325,300,223.15,50,2,120,0.4,2,0.015,0.122474487139159,0.0135,0.009,0.094197,65.53218,0.6,88.468443,0.11774625,3000,1500,0.3,1.7011123257e-08,2,223.15,1000000,1,1,1000000,1,900,300,300,330,0,1,environment_corner,1,1,1.5,1,1,1,1,NaN,100,48,0.9,0.6,1,probe,1000,0.333333333333333,0,1,,"",462.376513235835,444.080379464001,246.464288602227,9.29945755906131,0.0143836023668653,0.016043725885603,0.222932832928462,0.133759699757077,0.222932832928462,0.262273921092309,0.315457686416126,0.371126689901325,0,-132.376513235835,-144.080379464001,144.080379464001,0.000337387899910295,0.0337387899910295
9,env_T223.15_Q1500_eps0.3,environment_corner,Qs1100_P101325_Ta223.15_A22_h250_Qsol1500_eps0.3_G1000000_Ars1_A1s1_Ds1.5_Ps1_R1s1_R3s1_Fs1_Ef0.6_Tcl300_Tsl330_St1_Venvironment_corner,1100,101325,300,223.15,50,2,120,0.4,2,0.015,0.122474487139159,0.0135,0.009,0.094197,65.53218,0.6,88.468443,0.11774625,3000,1500,0.3,1.7011123257e-08,2,223.15,1000000,1,1,1000000,1,900,300,300,330,0,1,environment_corner,1,1,1.5,1,1,1,1,NaN,100,48,0.9,0.6,1,probe,1500,0.5,0,1,,"",393.530763553625,372.00947698862,248.013613914395,19.6008110026572,0.0312275735023918,0.0355076306177496,1.02014294381995,0.612085766291967,1.02014294381995,1.20016816919994,1.15053466718665,1.35357019669017,0,-63.5307635536251,-72.00947698862,72.00947698862,0.00123051836062743,0.123051836062743
9,env_T223.15_Q1500_eps0.3,environment_corner,Qs1100_P101325_Ta223.15_A22_h250_Qsol1500_eps0.3_G1000000_Ars1_A1s1_Ds1.5_Ps1_R1s1_R3s1_Fs1_Ef0.6_Tcl300_Tsl330_St1_Venvironment_corner,1100,101325,300,223.15,50,2,120,0.4,2,0.015,0.122474487139159,0.0135,0.009,0.094197,65.53218,0.6,88.468443,0.11774625,3000,1500,0.3,1.7011123257e-08,2,223.15,1000000,1,1,1000000,1,900,300,300,330,0,1,environment_corner,1,1,1.5,1,1,1,1,NaN,100,48,0.9,0.6,1,probe,2000,0.666666666666667,0,1,,"",357.4989213118,335.030952116357,248.485418159269,32.239365606154,0.052351149491098,0.0601300301831771,2.81294641390989,1.68776784834593,2.81294641390989,3.30934872224693,2.89257043800854,3.40302404471593,0,-27.4989213117998,-35.0309521163571,35.0309521163571,0.00309365822246903,0.309365822246903
9,env_T223.15_Q1500_eps0.3,environment_corner,Qs1100_P101325_Ta223.15_A22_h250_Qsol1500_eps0.3_G1000000_Ars1_A1s1_Ds1.5_Ps1_R1s1_R3s1_Fs1_Ef0.6_Tcl300_Tsl330_St1_Venvironment_corner,1100,101325,300,223.15,50,2,120,0.4,2,0.015,0.122474487139159,0.0135,0.009,0.094197,65.53218,0.6,88.468443,0.11774625,3000,1500,0.3,1.7011123257e-08,2,223.15,1000000,1,1,1000000,1,900,300,300,330,0,1,environment_corner,1,1,1.5,1,1,1,1,NaN,100,48,0.9,0.6,1,probe,3000,1,0,1,,"",324.930571022207,302.078740142962,248.718002483399,60.4226631140967,0.099362161571971,0.115111797165052,10.0062106915861,6.00372641495165,10.0062106915861,11.7720125783366,10.5106198873947,12.3654351616408,0,5.06942897779345,-2.07874014296243,2.07874014296243,0.0112413046924007,1.12413046924007
9,env_T223.15_Q1500_eps0.3,environment_corner,Qs1100_P101325_Ta223.15_A22_h250_Qsol1500_eps0.3_G1000000_Ars1_A1s1_Ds1.5_Ps1_R1s1_R3s1_Fs1_Ef0.6_Tcl300_Tsl330_St1_Venvironment_corner,1100,101325,300,223.15,50,2,120,0.4,2,0.015,0.122474487139159,0.0135,0.009,0.094197,65.53218,0.6,88.468443,0.11774625,3000,1500,0.3,1.7011123257e-08,2,223.15,1000000,1,1,1000000,1,900,300,300,330,0,1,environment_corner,1,1,1.5,1,1,1,1,NaN,100,48,0.9,0.6,1,binary_refine,3050,1.01666666666667,0,1,,"",324.074880130694,301.218296523969,248.722954213441,61.7345920819256,0.101477925348834,0.117588282588663,10.4411638778839,6.26469832673035,10.4411638778839,12.2837222092752,11.0697337149376,13.0232161352207,0,5.92511986930646,-1.21829652396946,1.21829652396946,0.0118392873956552,1.18392873956552
9,env_T223.15_Q1500_eps0.3,environment_corner,Qs1100_P101325_Ta223.15_A22_h250_Qsol1500_eps0.3_G1000000_Ars1_A1s1_Ds1.5_Ps1_R1s1_R3s1_Fs1_Ef0.6_Tcl300_Tsl330_St1_Venvironment_corner,1100,101325,300,223.15,50,2,120,0.4,2,0.015,0.122474487139159,0.0135,0.009,0.094197,65.53218,0.6,88.468443,0.11774625,3000,1500,0.3,1.7011123257e-08,2,223.15,1000000,1,1,1000000,1,900,300,300,330,0,1,environment_corner,1,1,1.5,1,1,1,1,NaN,100,48,0.9,0.6,1,binary_refine,3075,1.025,0,1,,"",323.660748002293,300.80195134652,248.725363945086,62.3892781216418,0.102529694751664,0.118819397727672,10.6612560693143,6.39675364158859,10.6612560693143,12.5426541991933,11.3564272153435,13.3605026062865,0,6.33925199770687,-0.801951346520354,0.801951346520354,0.0121459114602605,1.21459114602605
9,env_T223.15_Q1500_eps0.3,environment_corner,Qs1100_P101325_Ta223.15_A22_h250_Qsol1500_eps0.3_G1000000_Ars1_A1s1_Ds1.5_Ps1_R1s1_R3s1_Fs1_Ef0.6_Tcl300_Tsl330_St1_Venvironment_corner,1100,101325,300,223.15,50,2,120,0.4,2,0.015,0.122474487139159,0.0135,0.009,0.094197,65.53218,0.6,88.468443,0.11774625,3000,1500,0.3,1.7011123257e-08,2,223.15,1000000,1,1,1000000,1,900,300,300,330,0,1,environment_corner,1,1,1.5,1,1,1,1,NaN,100,48,0.9,0.6,1,binary_refine,3100,1.03333333333333,0,1,,"",323.256197666727,300.395032197667,248.727864880889,63.0434302528932,0.103577737532347,0.120046159128153,10.883159786455,6.52989587187302,10.883159786455,12.8037173958295,11.6479301151569,13.7034471943023,0,6.74380233327321,-0.39503219766658,0.39503219766658,0.0124576792675475,1.24576792675475
9,env_T223.15_Q1500_eps0.3,environment_corner,Qs1100_P101325_Ta223.15_A22_h250_Qsol1500_eps0.3_G1000000_Ars1_A1s1_Ds1.5_Ps1_R1s1_R3s1_Fs1_Ef0.6_Tcl300_Tsl330_St1_Venvironment_corner,1100,101325,300,223.15,50,2,120,0.4,2,0.015,0.122474487139159,0.0135,0.009,0.094197,65.53218,0.6,88.468443,0.11774625,3000,1500,0.3,1.7011123257e-08,2,223.15,1000000,1,1,1000000,1,900,300,300,330,0,1,environment_corner,1,1,1.5,1,1,1,1,NaN,100,48,0.9,0.6,1,binary_refine,3125,1.04166666666667,0,1,,"",322.858246359048,299.995253610048,248.73010132768,63.6971234016285,0.104622360231132,0.121268950228965,11.1069056503534,6.66414339021204,11.1069056503534,13.0669478239452,11.9442858689555,14.0521010223006,1,7.14175364095183,0.00474638995200394,-0.00474638995200394,0.0127746372930005,1.27746372930005
9,env_T223.15_Q1500_eps0.3,environment_corner,Qs1100_P101325_Ta223.15_A22_h250_Qsol1500_eps0.3_G1000000_Ars1_A1s1_Ds1.5_Ps1_R1s1_R3s1_Fs1_Ef0.6_Tcl300_Tsl330_St1_Venvironment_corner,1100,101325,300,223.15,50,2,120,0.4,2,0.015,0.122474487139159,0.0135,0.009,0.094197,65.53218,0.6,88.468443,0.11774625,3000,1500,0.3,1.7011123257e-08,2,223.15,1000000,1,1,1000000,1,900,300,300,330,0,1,environment_corner,1,1,1.5,1,1,1,1,NaN,100,48,0.9,0.6,1,binary_refine,3250,1.08333333333333,0,1,,"",320.987978705949,298.115465730399,248.741663789539,66.9656562620245,0.109800280494789,0.12733015603304,12.2547464018132,7.3528478410879,12.2547464018132,14.4173487080155,13.500200215894,15.8825884892871,1,9.01202129405078,1.88453426960081,-1.88453426960081,0.0144387168084428,1.44387168084428
9,env_T223.15_Q1500_eps0.3,environment_corner,Qs1100_P101325_Ta223.15_A22_h250_Qsol1500_eps0.3_G1000000_Ars1_A1s1_Ds1.5_Ps1_R1s1_R3s1_Fs1_Ef0.6_Tcl300_Tsl330_St1_Venvironment_corner,1100,101325,300,223.15,50,2,120,0.4,2,0.015,0.122474487139159,0.0135,0.009,0.094197,65.53218,0.6,88.468443,0.11774625,3000,1500,0.3,1.7011123257e-08,2,223.15,1000000,1,1,1000000,1,900,300,300,330,0,1,environment_corner,1,1,1.5,1,1,1,1,NaN,100,48,0.9,0.6,1,binary_refine,3500,1.16666666666667,0,1,,"",317.720761252876,294.834037592728,248.763298384086,73.5524445816797,0.119984391381127,0.139252338704585,14.7085754962115,8.82514529772689,14.7085754962115,17.3042064661311,16.9985005367911,19.9982359256366,1,12.2792387471236,5.16596240727239,-5.16596240727239,0.0181802144778515,1.81802144778515
9,env_T223.15_Q1500_eps0.3,environment_corner,Qs1100_P101325_Ta223.15_A22_h250_Qsol1500_eps0.3_G1000000_Ars1_A1s1_Ds1.5_Ps1_R1s1_R3s1_Fs1_Ef0.6_Tcl300_Tsl330_St1_Venvironment_corner,1100,101325,300,223.15,50,2,120,0.4,2,0.015,0.122474487139159,0.0135,0.009,0.094197,65.53218,0.6,88.468443,0.11774625,3000,1500,0.3,1.7011123257e-08,2,223.15,1000000,1,1,1000000,1,900,300,300,330,0,1,environment_corner,1,1,1.5,1,1,1,1,NaN,100,48,0.9,0.6,1,probe,4000,1.33333333333333,0,1,,"",312.555367223208,289.651221141077,248.805340926382,87.2649726466067,0.139903343735585,0.162572182925835,20.347769107091,12.2086614642546,20.347769107091,23.9385518906953,25.6766470759349,30.2078200893352,1,17.4446327767918,10.3487788589229,-10.3487788589229,0.0274616546266684,2.74616546266684
10,env_T223.15_Q1500_eps0.9,environment_corner,Qs1100_P101325_Ta223.15_A22_h250_Qsol1500_eps0.9_G1000000_Ars1_A1s1_Ds1.5_Ps1_R1s1_R3s1_Fs1_Ef0.6_Tcl300_Tsl330_St1_Venvironment_corner,1100,101325,300,223.15,50,2,120,0.4,2,0.015,0.122474487139159,0.0135,0.009,0.094197,65.53218,0.6,88.468443,0.11774625,3000,1500,0.9,5.1033369771e-08,2,223.15,1000000,1,1,1000000,1,900,300,300,330,0,1,environment_corner,1,1,1.5,1,1,1,1,NaN,100,48,0.9,0.6,1,probe,750,0.25,0,1,,"",551.224935643225,541.346563137787,241.872092595189,5.38666246178036,0.00754194182416477,0.00849520730414005,0.0677098248552661,0.0406258949131597,0.0677098248552661,0.0796586174767837,0.12575570480272,0.1479478880032,0,-221.224935643225,-241.346563137787,241.346563137787,0.000134498080002909,0.0134498080002909
10,env_T223.15_Q1500_eps0.9,environment_corner,Qs1100_P101325_Ta223.15_A22_h250_Qsol1500_eps0.9_G1000000_Ars1_A1s1_Ds1.5_Ps1_R1s1_R3s1_Fs1_Ef0.6_Tcl300_Tsl330_St1_Venvironment_corner,1100,101325,300,223.15,50,2,120,0.4,2,0.015,0.122474487139159,0.0135,0.009,0.094197,65.53218,0.6,88.468443,0.11774625,3000,1500,0.9,5.1033369771e-08,2,223.15,1000000,1,1,1000000,1,900,300,300,330,0,1,environment_corner,1,1,1.5,1,1,1,1,NaN,100,48,0.9,0.6,1,probe,1000,0.333333333333333,0,1,,"",462.369757456412,444.009081235805,245.719630074159,9.29900008225134,0.0143897560649646,0.0160474727445709,0.223017238052804,0.133810342831682,0.223017238052804,0.262373221238593,0.315482247981395,0.371155585860464,0,-132.369757456412,-144.009081235805,144.009081235805,0.000337414168964058,0.0337414168964058
10,env_T223.15_Q1500_eps0.9,environment_corner,Qs1100_P101325_Ta223.15_A22_h250_Qsol1500_eps0.9_G1000000_Ars1_A1s1_Ds1.5_Ps1_R1s1_R3s1_Fs1_Ef0.6_Tcl300_Tsl330_St1_Venvironment_corner,1100,101325,300,223.15,50,2,120,0.4,2,0.015,0.122474487139159,0.0135,0.009,0.094197,65.53218,0.6,88.468443,0.11774625,3000,1500,0.9,5.1033369771e-08,2,223.15,1000000,1,1,1000000,1,900,300,300,330,0,1,environment_corner,1,1,1.5,1,1,1,1,NaN,100,48,0.9,0.6,1,probe,1500,0.5,0,1,,"",392.89039965935,371.33867637399,247.193399774827,19.5965963795655,0.0312536690806926,0.0355343547618004,1.02077589725806,0.612465538354838,1.02077589725806,1.2009128203036,1.15076409712384,1.35384011426334,0,-62.8903996593502,-71.3386763739897,71.3386763739897,0.0012307637402394,0.12307637402394
10,env_T223.15_Q1500_eps0.9,environment_corner,Qs1100_P101325_Ta223.15_A22_h250_Qsol1500_eps0.9_G1000000_Ars1_A1s1_Ds1.5_Ps1_R1s1_R3s1_Fs1_Ef0.6_Tcl300_Tsl330_St1_Venvironment_corner,1100,101325,300,223.15,50,2,120,0.4,2,0.015,0.122474487139159,0.0135,0.009,0.094197,65.53218,0.6,88.468443,0.11774625,3000,1500,0.9,5.1033369771e-08,2,223.15,1000000,1,1,1000000,1,900,300,300,330,0,1,environment_corner,1,1,1.5,1,1,1,1,NaN,100,48,0.9,0.6,1,probe,2000,0.666666666666667,0,1,,"",356.707073575852,334.224302748272,247.639200630164,32.2266804196673,0.0523979982815232,0.0601808635696782,2.81435590874821,1.68861354524892,2.81435590874821,3.31100695146848,2.89328272050631,3.40386202412507,0,-26.7070735758523,-34.2243027482722,34.2243027482722,0.00309442002193188,0.309442002193188
10,env_T223.15_Q1500_eps0.9,environment_corner,Qs1100_P101325_Ta223.15_A22_h250_Qsol1500_eps0.9_G1000000_Ars1_A1s1_Ds1.5_Ps1_R1s1_R3s1_Fs1_Ef0.6_Tcl300_Tsl330_St1_Venvironment_corner,1100,101325,300,223.15,50,2,120,0.4,2,0.015,0.122474487139159,0.0135,0.009,0.094197,65.53218,0.6,88.468443,0.11774625,3000,1500,0.9,5.1033369771e-08,2,223.15,1000000,1,1,1000000,1,900,300,300,330,0,1,environment_corner,1,1,1.5,1,1,1,1,NaN,100,48,0.9,0.6,1,probe,3000,1,0,1,,"",324.091772890801,301.236572639601,247.856978987989,60.3627843280313,0.0994021467138557,0.115154380085591,10.0003172397197,6.0001903438318,10.0003172397197,11.7650791055525,10.5126825342183,12.3678618049627,0,5.90822710919946,-1.23657263960126,1.23657263960126,0.0112435107317843,1.12435107317843
10,env_T223.15_Q1500_eps0.9,environment_corner,Qs1100_P101325_Ta223.15_A22_h250_Qsol1500_eps0.9_G1000000_Ars1_A1s1_Ds1.5_Ps1_R1s1_R3s1_Fs1_Ef0.6_Tcl300_Tsl330_St1_Venvironment_corner,1100,101325,300,223.15,50,2,120,0.4,2,0.015,0.122474487139159,0.0135,0.009,0.094197,65.53218,0.6,88.468443,0.11774625,3000,1500,0.9,5.1033369771e-08,2,223.15,1000000,1,1,1000000,1,900,300,300,330,0,1,environment_corner,1,1,1.5,1,1,1,1,NaN,100,48,0.9,0.6,1,binary_refine,3050,1.01666666666667,0,1,,"",323.235850446264,300.376057767513,247.861652710437,61.672236906561,0.101516608991919,0.117629324048146,10.434593932834,6.26075635970038,10.434593932834,12.2759928621576,11.0718435401026,13.0256982824736,0,6.76414955373633,-0.376057767513373,0.376057767513373,0.0118415438931578,1.18415438931578
10,env_T223.15_Q1500_eps0.9,environment_corner,Qs1100_P101325_Ta223.15_A22_h250_Qsol1500_eps0.9_G1000000_Ars1_A1s1_Ds1.5_Ps1_R1s1_R3s1_Fs1_Ef0.6_Tcl300_Tsl330_St1_Venvironment_corner,1100,101325,300,223.15,50,2,120,0.4,2,0.015,0.122474487139159,0.0135,0.009,0.094197,65.53218,0.6,88.468443,0.11774625,3000,1500,0.9,5.1033369771e-08,2,223.15,1000000,1,1,1000000,1,900,300,300,330,0,1,environment_corner,1,1,1.5,1,1,1,1,NaN,100,48,0.9,0.6,1,binary_refine,3075,1.025,0,1,,"",322.82596673621,299.962864578489,247.864501280422,62.3259154786356,0.102567683356146,0.118859559253134,10.6543746061577,6.39262476369464,10.6543746061577,12.5345583601856,11.3585548711241,13.3630057307342,1,7.17403326378991,0.0371354215113229,-0.0371354215113229,0.0121481870279402,1.21481870279402
10,env_T223.15_Q1500_eps0.9,environment_corner,Qs1100_P101325_Ta223.15_A22_h250_Qsol1500_eps0.9_G1000000_Ars1_A1s1_Ds1.5_Ps1_R1s1_R3s1_Fs1_Ef0.6_Tcl300_Tsl330_St1_Venvironment_corner,1100,101325,300,223.15,50,2,120,0.4,2,0.015,0.122474487139159,0.0135,0.009,0.094197,65.53218,0.6,88.468443,0.11774625,3000,1500,0.9,5.1033369771e-08,2,223.15,1000000,1,1,1000000,1,900,300,300,330,0,1,environment_corner,1,1,1.5,1,1,1,1,NaN,100,48,0.9,0.6,1,binary_refine,3125,1.04166666666667,0,1,,"",322.018853004455,299.152847841,247.868415066705,63.6313071686794,0.104659379652604,0.121308017941378,11.0993552245972,6.65961313475831,11.0993552245972,13.0580649701143,11.9464673880369,14.0546675153376,1,7.98114699554463,0.847152158999847,-0.847152158999847,0.0127769704684887,1.27769704684887
10,env_T223.15_Q1500_eps0.9,environment_corner,Qs1100_P101325_Ta223.15_A22_h250_Qsol1500_eps0.9_G1000000_Ars1_A1s1_Ds1.5_Ps1_R1s1_R3s1_Fs1_Ef0.6_Tcl300_Tsl330_St1_Venvironment_corner,1100,101325,300,223.15,50,2,120,0.4,2,0.015,0.122474487139159,0.0135,0.009,0.094197,65.53218,0.6,88.468443,0.11774625,3000,1500,0.9,5.1033369771e-08,2,223.15,1000000,1,1,1000000,1,900,300,300,330,0,1,environment_corner,1,1,1.5,1,1,1,1,NaN,100,48,0.9,0.6,1,binary_refine,3250,1.08333333333333,0,1,,"",320.156455209143,297.278822995572,247.88054394531,66.8949845794123,0.109834884608947,0.127366232979515,12.2456715203284,7.34740291219703,12.2456715203284,14.4066723768569,13.5024911353337,15.8852836886279,1,9.84354479085658,2.7211770044284,-2.7211770044284,0.0144411669896617,1.44411669896617
10,env_T223.15_Q1500_eps0.9,environment_corner,Qs1100_P101325_Ta223.15_A22_h250_Qsol1500_eps0.9_G1000000_Ars1_A1s1_Ds1.5_Ps1_R1s1_R3s1_Fs1_Ef0.6_Tcl300_Tsl330_St1_Venvironment_corner,1100,101325,300,223.15,50,2,120,0.4,2,0.015,0.122474487139159,0.0135,0.009,0.094197,65.53218,0.6,88.468443,0.11774625,3000,1500,0.9,5.1033369771e-08,2,223.15,1000000,1,1,1000000,1,900,300,300,330,0,1,environment_corner,1,1,1.5,1,1,1,1,NaN,100,48,0.9,0.6,1,binary_refine,3500,1.16666666666667,0,1,,"",316.885026265645,293.994221724487,247.900801375776,73.472707089272,0.120015812072995,0.139284618232996,14.6964776775337,8.81788660652024,14.6964776775337,17.289973738275,17.001043067225,20.0012271379118,1,13.1149737343549,6.0057782755128,-6.0057782755128,0.018182933761738,1.8182933761738
10,env_T223.15_Q1500_eps0.9,environment_corner,Qs1100_P101325_Ta223.15_A22_h250_Qsol1500_eps0.9_G1000000_Ars1_A1s1_Ds1.5_Ps1_R1s1_R3s1_Fs1_Ef0.6_Tcl300_Tsl330_St1_Venvironment_corner,1100,101325,300,223.15,50,2,120,0.4,2,0.015,0.122474487139159,0.0135,0.009,0.094197,65.53218,0.6,88.468443,0.11774625,3000,1500,0.9,5.1033369771e-08,2,223.15,1000000,1,1,1000000,1,900,300,300,330,0,1,environment_corner,1,1,1.5,1,1,1,1,NaN,100,48,0.9,0.6,1,probe,4000,1.33333333333333,0,1,,"",311.70710777073,288.802022835751,247.939612616647,87.1720150937957,0.139930356689226,0.162599293945489,20.330018608989,12.1980111653934,20.330018608989,23.9176689517517,25.6796753453964,30.2113827592899,1,18.2928922292703,11.1979771642487,-11.1979771642487,0.0274648934175363,2.74648934175363
11,env_T243.15_Q500_eps1e-15,environment_corner,Qs1100_P101325_Ta243.15_A22_h250_Qsol500_eps1e-15_G1000000_Ars1_A1s1_Ds1.5_Ps1_R1s1_R3s1_Fs1_Ef0.6_Tcl300_Tsl330_St1_Venvironment_corner,1100,101325,300,243.15,50,2,120,0.4,2,0.015,0.122474487139159,0.0135,0.009,0.094197,65.53218,0.6,88.468443,0.11774625,3000,500,1e-15,5.670374419e-23,2,243.15,1000000,1,1,1000000,1,900,300,300,330,0,1,environment_corner,1,1,1.5,1,1,1,1,NaN,100,48,0.9,0.6,1,probe,750,0.25,0,1,,"",557.570387265783,547.940231767746,252.707908411911,5.38905707302426,0.00748027041653327,0.00843748654075077,0.0671860069939212,0.0403116041963527,0.0671860069939212,0.0790423611693191,0.12561585972618,0.147783364383742,0,-227.570387265783,-247.940231767746,247.940231767746,0.000134348513076129,0.0134348513076129
11,env_T243.15_Q500_eps1e-15,environment_corner,Qs1100_P101325_Ta243.15_A22_h250_Qsol500_eps1e-15_G1000000_Ars1_A1s1_Ds1.5_Ps1_R1s1_R3s1_Fs1_Ef0.6_Tcl300_Tsl330_St1_Venvironment_corner,1100,101325,300,243.15,50,2,120,0.4,2,0.015,0.122474487139159,0.0135,0.009,0.094197,65.53218,0.6,88.468443,0.11774625,3000,500,1e-15,5.670374419e-23,2,243.15,1000000,1,1,1000000,1,900,300,300,330,0,1,environment_corner,1,1,1.5,1,1,1,1,NaN,100,48,0.9,0.6,1,probe,1000,0.333333333333333,0,1,,"",470.912582692073,452.847671937495,256.761299573907,9.3110193409666,0.0142272721140653,0.0158900842631029,0.220784009705427,0.132470405823256,0.220784009705427,0.259745893771091,0.31483358263069,0.370392450153753,0,-140.912582692073,-152.847671937495,152.847671937495,0.000336720409230685,0.0336720409230685
11,env_T243.15_Q500_eps1e-15,environment_corner,Qs1100_P101325_Ta243.15_A22_h250_Qsol500_eps1e-15_G1000000_Ars1_A1s1_Ds1.5_Ps1_R1s1_R3s1_Fs1_Ef0.6_Tcl300_Tsl330_St1_Venvironment_corner,1100,101325,300,243.15,50,2,120,0.4,2,0.015,0.122474487139159,0.0135,0.009,0.094197,65.53218,0.6,88.468443,0.11774625,3000,500,1e-15,5.670374419e-23,2,243.15,1000000,1,1,1000000,1,900,300,300,330,0,1,environment_corner,1,1,1.5,1,1,1,1,NaN,100,48,0.9,0.6,1,probe,1500,0.5,0,1,,"",403.277607299867,381.902287637446,258.383534452981,19.6578969479015,0.0308719479924014,0.0351304808460494,1.01146262035933,0.6068775722156,1.01146262035933,1.18995602395216,1.14740640742095,1.34988989108347,0,-73.2776072998667,-81.9022876374456,81.9022876374456,0.0012271726282577,0.12271726282577
11,env_T243.15_Q500_eps1e-15,environment_corner,Qs1100_P101325_Ta243.15_A22_h250_Qsol500_eps1e-15_G1000000_Ars1_A1s1_Ds1.5_Ps1_R1s1_R3s1_Fs1_Ef0.6_Tcl300_Tsl330_St1_Venvironment_corner,1100,101325,300,243.15,50,2,120,0.4,2,0.015,0.122474487139159,0.0135,0.009,0.094197,65.53218,0.6,88.468443,0.11774625,3000,500,1e-15,5.670374419e-23,2,243.15,1000000,1,1,1000000,1,900,300,300,330,0,1,environment_corner,1,1,1.5,1,1,1,1,NaN,100,48,0.9,0.6,1,probe,2000,0.666666666666667,0,1,,"",367.716913226209,345.334062448612,258.895253825883,32.3952715427925,0.0517718976843926,0.0594953315035449,2.79527447295262,1.67716468377157,2.79527447295262,3.28855820347367,2.88375481193417,3.39265271992255,0,-37.7169132262085,-45.334062448612,45.334062448612,0.00308422974538413,0.308422974538413
11,env_T243.15_Q500_eps1e-15,environment_corner,Qs1100_P101325_Ta243.15_A22_h250_Qsol500_eps1e-15_G1000000_Ars1_A1s1_Ds1.5_Ps1_R1s1_R3s1_Fs1_Ef0.6_Tcl300_Tsl330_St1_Venvironment_corner,1100,101325,300,243.15,50,2,120,0.4,2,0.015,0.122474487139159,0.0135,0.009,0.094197,65.53218,0.6,88.468443,0.11774625,3000,500,1e-15,5.670374419e-23,2,243.15,1000000,1,1,1000000,1,900,300,300,330,0,1,environment_corner,1,1,1.5,1,1,1,1,NaN,100,48,0.9,0.6,1,probe,3000,1,0,1,,"",335.146101390754,312.324618787285,259.160866625552,61.1328119952329,0.0988709615565832,0.114585639839387,10.0737665077108,6.0442599046265,10.0737665077108,11.8514900090716,10.48563726438,12.336043840447,0,-5.14610139075359,-12.3246187872854,12.3246187872854,0.0112145853094973,1.12145853094973
11,env_T243.15_Q500_eps1e-15,environment_corner,Qs1100_P101325_Ta243.15_A22_h250_Qsol500_eps1e-15_G1000000_Ars1_A1s1_Ds1.5_Ps1_R1s1_R3s1_Fs1_Ef0.6_Tcl300_Tsl330_St1_Venvironment_corner,1100,101325,300,243.15,50,2,120,0.4,2,0.015,0.122474487139159,0.0135,0.009,0.094197,65.53218,0.6,88.468443,0.11774625,3000,500,1e-15,5.670374419e-23,2,243.15,1000000,1,1,1000000,1,900,300,300,330,0,1,environment_corner,1,1,1.5,1,1,1,1,NaN,100,48,0.9,0.6,1,binary_refine,3500,1.16666666666667,0,1,,"",327.930946271622,305.066956712509,259.211466316756,74.5089128989493,0.11960139627047,0.138854890658034,14.8522833621819,8.91137001730915,14.8522833621819,17.4732745437434,16.9676870808052,19.9619848009473,0,2.06905372837764,-5.06695671250924,5.06695671250924,0.0181472589099521,1.81472589099521
11,env_T243.15_Q500_eps1e-15,environment_corner,Qs1100_P101325_Ta243.15_A22_h250_Qsol500_eps1e-15_G1000000_Ars1_A1s1_Ds1.5_Ps1_R1s1_R3s1_Fs1_Ef0.6_Tcl300_Tsl330_St1_Venvironment_corner,1100,101325,300,243.15,50,2,120,0.4,2,0.015,0.122474487139159,0.0135,0.009,0.094197,65.53218,0.6,88.468443,0.11774625,3000,500,1e-15,5.670374419e-23,2,243.15,1000000,1,1,1000000,1,900,300,300,330,0,1,environment_corner,1,1,1.5,1,1,1,1,NaN,100,48,0.9,0.6,1,binary_refine,3750,1.25,0,1,,"",325.169237306737,302.291399404427,259.235006930125,81.3345065474859,0.129652709536436,0.150623111635418,17.5753985878176,10.5452391526906,17.5753985878176,20.6769395150795,21.0107901472463,24.7185766438192,0,4.83076269326284,-2.29139940442707,2.29139940442707,0.0224714333125629,2.24714333125629
11,env_T243.15_Q500_eps1e-15,environment_corner,Qs1100_P101325_Ta243.15_A22_h250_Qsol500_eps1e-15_G1000000_Ars1_A1s1_Ds1.5_Ps1_R1s1_R3s1_Fs1_Ef0.6_Tcl300_Tsl330_St1_Venvironment_corner,1100,101325,300,243.15,50,2,120,0.4,2,0.015,0.122474487139159,0.0135,0.009,0.094197,65.53218,0.6,88.468443,0.11774625,3000,500,1e-15,5.670374419e-23,2,243.15,1000000,1,1,1000000,1,900,300,300,330,0,1,environment_corner,1,1,1.5,1,1,1,1,NaN,100,48,0.9,0.6,1,binary_refine,3875,1.29166666666667,0,1,,"",323.925234176434,301.045370504602,259.244787904582,84.8229191304005,0.13462908635334,0.156449823969325,19.0327201739151,11.4196321043491,19.0327201739151,22.3914354987237,23.2498353231635,27.3527474390159,0,6.07476582356577,-1.0453705046022,1.0453705046022,0.024866134035469,2.4866134035469
11,env_T243.15_Q500_eps1e-15,environment_corner,Qs1100_P101325_Ta243.15_A22_h250_Qsol500_eps1e-15_G1000000_Ars1_A1s1_Ds1.5_Ps1_R1s1_R3s1_Fs1_Ef0.6_Tcl300_Tsl330_St1_Venvironment_corner,1100,101325,300,243.15,50,2,120,0.4,2,0.015,0.122474487139159,0.0135,0.009,0.094197,65.53218,0.6,88.468443,0.11774625,3000,500,1e-15,5.670374419e-23,2,243.15,1000000,1,1,1000000,1,900,300,300,330,0,1,environment_corner,1,1,1.5,1,1,1,1,NaN,100,48,0.9,0.6,1,binary_refine,3925,1.30833333333333,0,1,,"",323.455921913663,300.574247287142,259.2493440881,86.2361204196228,0.13661148843946,0.15877090908089,19.6347412796153,11.7808447677692,19.6347412796153,23.0996956230768,24.1875509058085,28.4559422421276,0,6.54407808633698,-0.574247287142441,0.574247287142441,0.0258690384019342,2.58690384019342
11,env_T243.15_Q500_eps1e-15,environment_corner,Qs1100_P101325_Ta243.15_A22_h250_Qsol500_eps1e-15_G1000000_Ars1_A1s1_Ds1.5_Ps1_R1s1_R3s1_Fs1_Ef0.6_Tcl300_Tsl330_St1_Venvironment_corner,1100,101325,300,243.15,50,2,120,0.4,2,0.015,0.122474487139159,0.0135,0.009,0.094197,65.53218,0.6,88.468443,0.11774625,3000,500,1e-15,5.670374419e-23,2,243.15,1000000,1,1,1000000,1,900,300,300,330,0,1,environment_corner,1,1,1.5,1,1,1,1,NaN,100,48,0.9,0.6,1,binary_refine,3950,1.31666666666667,0,1,,"",323.234183236761,300.349201848512,259.252915854869,86.9472798270435,0.137600908379019,0.159929239088766,19.9400411421432,11.9640246852859,19.9400411421432,23.4588719319332,24.6655674884439,29.0183146922869,0,6.76581676323929,-0.349201848511939,0.349201848511939,0.0263802860838972,2.63802860838972
11,env_T243.15_Q500_eps1e-15,environment_corner,Qs1100_P101325_Ta243.15_A22_h250_Qsol500_eps1e-15_G1000000_Ars1_A1s1_Ds1.5_Ps1_R1s1_R3s1_Fs1_Ef0.6_Tcl300_Tsl330_St1_Venvironment_corner,1100,101325,300,243.15,50,2,120,0.4,2,0.015,0.122474487139159,0.0135,0.009,0.094197,65.53218,0.6,88.468443,0.11774625,3000,500,1e-15,5.670374419e-23,2,243.15,1000000,1,1,1000000,1,900,300,300,330,0,1,environment_corner,1,1,1.5,1,1,1,1,NaN,100,48,0.9,0.6,1,binary_refine,3975,1.325,0,1,,"",322.999209733146,300.115934109472,259.253858313898,87.6604409645976,0.13858951492332,0.16108687576884,20.2480299854131,12.1488179912479,20.2480299854131,23.8212117475449,25.1497778963503,29.5879739957063,0,7.00079026685415,-0.115934109472391,0.115934109472391,0.0268981581779148,2.68981581779148
11,env_T243.15_Q500_eps1e-15,environment_corner,Qs1100_P101325_Ta243.15_A22_h250_Qsol500_eps1e-15_G1000000_Ars1_A1s1_Ds1.5_Ps1_R1s1_R3s1_Fs1_Ef0.6_Tcl300_Tsl330_St1_Venvironment_corner,1100,101325,300,243.15,50,2,120,0.4,2,0.015,0.122474487139159,0.0135,0.009,0.094197,65.53218,0.6,88.468443,0.11774625,3000,500,1e-15,5.670374419e-23,2,243.15,1000000,1,1,1000000,1,900,300,300,330,0,1,environment_corner,1,1,1.5,1,1,1,1,NaN,100,48,0.9,0.6,1,probe,4000,1.33333333333333,0,1,,"",322.775773924467,299.891663293201,259.256159950074,88.3770138318675,0.139576922072806,0.162242967014872,20.5589859543964,12.3353915726379,20.5589859543964,24.1870422992899,25.6401760615322,30.1649130135673,1,7.22422607553318,0.108336706799321,-0.108336706799321,0.0274226481941521,2.74226481941521
12,env_T243.15_Q500_eps0.3,environment_corner,Qs1100_P101325_Ta243.15_A22_h250_Qsol500_eps0.3_G1000000_Ars1_A1s1_Ds1.5_Ps1_R1s1_R3s1_Fs1_Ef0.6_Tcl300_Tsl330_St1_Venvironment_corner,1100,101325,300,243.15,50,2,120,0.4,2,0.015,0.122474487139159,0.0135,0.009,0.094197,65.53218,0.6,88.468443,0.11774625,3000,500,0.3,1.7011123257e-08,2,243.15,1000000,1,1,1000000,1,900,300,300,330,0,1,environment_corner,1,1,1.5,1,1,1,1,NaN,100,48,0.9,0.6,1,probe,750,0.25,0,1,,"",559.908909442445,550.22777488247,252.537738513346,5.38954986842873,0.00746753795484657,0.00842220838010008,0.0670777803367164,0.0402466682020299,0.0670777803367164,0.0789150356902547,0.125586988197511,0.147749397879425,0,-229.908909442445,-250.22777488247,250.22777488247,0.000134317634435841,0.0134317634435841
12,env_T243.15_Q500_eps0.3,environment_corner,Qs1100_P101325_Ta243.15_A22_h250_Qsol500_eps0.3_G1000000_Ars1_A1s1_Ds1.5_Ps1_R1s1_R3s1_Fs1_Ef0.6_Tcl300_Tsl330_St1_Venvironment_corner,1100,101325,300,243.15,50,2,120,0.4,2,0.015,0.122474487139159,0.0135,0.009,0.094197,65.53218,0.6,88.468443,0.11774625,3000,500,0.3,1.7011123257e-08,2,243.15,1000000,1,1,1000000,1,900,300,300,330,0,1,environment_corner,1,1,1.5,1,1,1,1,NaN,100,48,0.9,0.6,1,probe,1000,0.333333333333333,0,1,,"",470.536914610757,452.476583122032,256.477211780091,9.31061932669642,0.0142327088343525,0.0158959465568961,0.220858889907275,0.132515333944365,0.220858889907275,0.259833988126206,0.314855290877512,0.370417989267661,0,-140.536914610757,-152.476583122032,152.476583122032,0.000336743626606964,0.0336743626606964
12,env_T243.15_Q500_eps0.3,environment_corner,Qs1100_P101325_Ta243.15_A22_h250_Qsol500_eps0.3_G1000000_Ars1_A1s1_Ds1.5_Ps1_R1s1_R3s1_Fs1_Ef0.6_Tcl300_Tsl330_St1_Venvironment_corner,1100,101325,300,243.15,50,2,120,0.4,2,0.015,0.122474487139159,0.0135,0.009,0.094197,65.53218,0.6,88.468443,0.11774625,3000,500,0.3,1.7011123257e-08,2,243.15,1000000,1,1,1000000,1,900,300,300,330,0,1,environment_corner,1,1,1.5,1,1,1,1,NaN,100,48,0.9,0.6,1,probe,1500,0.5,0,1,,"",402.921892311951,381.54988007672,258.062834631312,19.656013352161,0.0308837471840532,0.0351434031242953,1.01175224502419,0.607051347014514,1.01175224502419,1.19029675885199,1.14751024787267,1.35001205632078,0,-72.9218923119507,-81.5498800767199,81.5498800767199,0.00122728368756435,0.122728368756435
12,env_T243.15_Q500_eps0.3,environment_corner,Qs1100_P101325_Ta243.15_A22_h250_Qsol500_eps0.3_G1000000_Ars1_A1s1_Ds1.5_Ps1_R1s1_R3s1_Fs1_Ef0.6_Tcl300_Tsl330_St1_Venvironment_corner,1100,101325,300,243.15,50,2,120,0.4,2,0.015,0.122474487139159,0.0135,0.009,0.094197,65.53218,0.6,88.468443,0.11774625,3000,500,0.3,1.7011123257e-08,2,243.15,1000000,1,1,1000000,1,900,300,300,330,0,1,environment_corner,1,1,1.5,1,1,1,1,NaN,100,48,0.9,0.6,1,probe,2000,0.666666666666667,0,1,,"",367.286964529736,344.920926362344,258.555765467905,32.3895540259909,0.0517932547341834,0.0595197958604663,2.79593403732457,1.67756042239474,2.79593403732457,3.28933416155832,2.88408012950457,3.39303544647596,0,-37.2869645297362,-44.9209263623436,44.9209263623436,0.00308457767861451,0.308457767861451
12,env_T243.15_Q500_eps0.3,environment_corner,Qs1100_P101325_Ta243.15_A22_h250_Qsol500_eps0.3_G1000000_Ars1_A1s1_Ds1.5_Ps1_R1s1_R3s1_Fs1_Ef0.6_Tcl300_Tsl330_St1_Venvironment_corner,1100,101325,300,243.15,50,2,120,0.4,2,0.015,0.122474487139159,0.0135,0.009,0.094197,65.53218,0.6,88.468443,0.11774625,3000,500,0.3,1.7011123257e-08,2,243.15,1000000,1,1,1000000,1,900,300,300,330,0,1,environment_corner,1,1,1.5,1,1,1,1,NaN,100,48,0.9,0.6,1,probe,3000,1,0,1,,"",334.820138775269,311.996632086658,258.824395065044,61.1105256010172,0.0988868869329792,0.114602713487144,10.0717160592045,6.04302963552272,10.0717160592045,11.8490777167112,10.4864367392939,12.3369843991692,0,-4.8201387752693,-11.9966320866583,11.9966320866583,0.0112154403628811,1.12154403628811
12,env_T243.15_Q500_eps0.3,environment_corner,Qs1100_P101325_Ta243.15_A22_h250_Qsol500_eps0.3_G1000000_Ars1_A1s1_Ds1.5_Ps1_R1s1_R3s1_Fs1_Ef0.6_Tcl300_Tsl330_St1_Venvironment_corner,1100,101325,300,243.15,50,2,120,0.4,2,0.015,0.122474487139159,0.0135,0.009,0.094197,65.53218,0.6,88.468443,0.11774625,3000,500,0.3,1.7011123257e-08,2,243.15,1000000,1,1,1000000,1,900,300,300,330,0,1,environment_corner,1,1,1.5,1,1,1,1,NaN,100,48,0.9,0.6,1,binary_refine,3500,1.16666666666667,0,1,,"",327.593260568027,304.730520725182,258.872114352989,74.4779750958114,0.11961396628356,0.138868099922316,14.8476766699637,8.90860600197824,14.8476766699637,17.4678549058397,16.9686931107329,19.9631683655682,0,2.40673943197316,-4.7305207251818,4.7305207251818,0.0181483348777892,1.81483348777892
12,env_T243.15_Q500_eps0.3,environment_corner,Qs1100_P101325_Ta243.15_A22_h250_Qsol500_eps0.3_G1000000_Ars1_A1s1_Ds1.5_Ps1_R1s1_R3s1_Fs1_Ef0.6_Tcl300_Tsl330_St1_Venvironment_corner,1100,101325,300,243.15,50,2,120,0.4,2,0.015,0.122474487139159,0.0135,0.009,0.094197,65.53218,0.6,88.468443,0.11774625,3000,500,0.3,1.7011123257e-08,2,243.15,1000000,1,1,1000000,1,900,300,300,330,0,1,environment_corner,1,1,1.5,1,1,1,1,NaN,100,48,0.9,0.6,1,binary_refine,3750,1.25,0,1,,"",324.834356740784,301.956853377632,258.895562043964,81.3007896659449,0.129664213116369,0.150635016058981,17.5696715296236,10.5418029177741,17.5696715296236,20.6702017995572,21.0118873349992,24.7198674529402,0,5.16564325921576,-1.95685337763183,1.95685337763183,0.0224726067754002,2.24726067754002
12,env_T243.15_Q500_eps0.3,environment_corner,Qs1100_P101325_Ta243.15_A22_h250_Qsol500_eps0.3_G1000000_Ars1_A1s1_Ds1.5_Ps1_R1s1_R3s1_Fs1_Ef0.6_Tcl300_Tsl330_St1_Venvironment_corner,1100,101325,300,243.15,50,2,120,0.4,2,0.015,0.122474487139159,0.0135,0.009,0.094197,65.53218,0.6,88.468443,0.11774625,3000,500,0.3,1.7011123257e-08,2,243.15,1000000,1,1,1000000,1,900,300,300,330,0,1,environment_corner,1,1,1.5,1,1,1,1,NaN,100,48,0.9,0.6,1,binary_refine,3875,1.29166666666667,0,1,,"",323.60084560429,300.71809218156,258.906771220593,84.7885373316579,0.134639979644872,0.156460834012856,19.0265449007549,11.4159269404529,19.0265449007549,22.3841704714763,23.2509605306585,27.3540712125394,0,6.39915439571035,-0.718092181559769,0.718092181559769,0.0248673374659449,2.48673374659449
12,env_T243.15_Q500_eps0.3,environment_corner,Qs1100_P101325_Ta243.15_A22_h250_Qsol500_eps0.3_G1000000_Ars1_A1s1_Ds1.5_Ps1_R1s1_R3s1_Fs1_Ef0.6_Tcl300_Tsl330_St1_Venvironment_corner,1100,101325,300,243.15,50,2,120,0.4,2,0.015,0.122474487139159,0.0135,0.009,0.094197,65.53218,0.6,88.468443,0.11774625,3000,500,0.3,1.7011123257e-08,2,243.15,1000000,1,1,1000000,1,900,300,300,330,0,1,environment_corner,1,1,1.5,1,1,1,1,NaN,100,48,0.9,0.6,1,binary_refine,3925,1.30833333333333,0,1,,"",323.13101268578,300.246558543287,258.911163650694,86.2012762594168,0.13662222703187,0.158781736295512,19.6283505592517,11.777010335551,19.6283505592517,23.0921771285314,24.1886946792335,28.4572878579218,0,6.86898731422042,-0.246558543287449,0.246558543287449,0.0258702616890198,2.58702616890198
12,env_T243.15_Q500_eps0.3,environment_corner,Qs1100_P101325_Ta243.15_A22_h250_Qsol500_eps0.3_G1000000_Ars1_A1s1_Ds1.5_Ps1_R1s1_R3s1_Fs1_Ef0.6_Tcl300_Tsl330_St1_Venvironment_corner,1100,101325,300,243.15,50,2,120,0.4,2,0.015,0.122474487139159,0.0135,0.009,0.094197,65.53218,0.6,88.468443,0.11774625,3000,500,0.3,1.7011123257e-08,2,243.15,1000000,1,1,1000000,1,900,300,300,330,0,1,environment_corner,1,1,1.5,1,1,1,1,NaN,100,48,0.9,0.6,1,binary_refine,3950,1.31666666666667,0,1,,"",322.901333927042,300.015963131961,258.913419125109,86.911803391083,0.137611695752135,0.159940242107752,19.9334677425384,11.9600806455231,19.9334677425384,23.4511385206334,24.6667339320564,29.0196869788898,0,7.09866607295834,-0.0159631319607456,0.0159631319607456,0.0263815336171726,2.63815336171726
12,env_T243.15_Q500_eps0.3,environment_corner,Qs1100_P101325_Ta243.15_A22_h250_Qsol500_eps0.3_G1000000_Ars1_A1s1_Ds1.5_Ps1_R1s1_R3s1_Fs1_Ef0.6_Tcl300_Tsl330_St1_Venvironment_corner,1100,101325,300,243.15,50,2,120,0.4,2,0.015,0.122474487139159,0.0135,0.009,0.094197,65.53218,0.6,88.468443,0.11774625,3000,500,0.3,1.7011123257e-08,2,243.15,1000000,1,1,1000000,1,900,300,300,330,0,1,environment_corner,1,1,1.5,1,1,1,1,NaN,100,48,0.9,0.6,1,binary_refine,3975,1.325,0,1,,"",322.673717939957,299.787791485211,258.915505783491,87.6251429352075,0.138600107196294,0.161097523748931,20.2414236731839,12.1448542039103,20.2414236731839,23.8134396155104,25.150940476238,29.5893417367506,1,7.3262820600425,0.212208514788927,-0.212208514788927,0.0268994015788642,2.68994015788642
12,env_T243.15_Q500_eps0.3,environment_corner,Qs1100_P101325_Ta243.15_A22_h250_Qsol500_eps0.3_G1000000_Ars1_A1s1_Ds1.5_Ps1_R1s1_R3s1_Fs1_Ef0.6_Tcl300_Tsl330_St1_Venvironment_corner,1100,101325,300,243.15,50,2,120,0.4,2,0.015,0.122474487139159,0.0135,0.009,0.094197,65.53218,0.6,88.468443,0.11774625,3000,500,0.3,1.7011123257e-08,2,243.15,1000000,1,1,1000000,1,900,300,300,330,0,1,environment_corner,1,1,1.5,1,1,1,1,NaN,100,48,0.9,0.6,1,probe,4000,1.33333333333333,0,1,,"",322.450438103639,299.563598155644,258.917793784616,88.3415054039263,0.139587440114756,0.162253515271713,20.5522743253633,12.331364595218,20.5522743253633,24.1791462651333,25.6413476884265,30.1662913981488,1,7.5495618963609,0.436401844355828,-0.436401844355828,0.0274239012710444,2.74239012710444
13,env_T243.15_Q500_eps0.9,environment_corner,Qs1100_P101325_Ta243.15_A22_h250_Qsol500_eps0.9_G1000000_Ars1_A1s1_Ds1.5_Ps1_R1s1_R3s1_Fs1_Ef0.6_Tcl300_Tsl330_St1_Venvironment_corner,1100,101325,300,243.15,50,2,120,0.4,2,0.015,0.122474487139159,0.0135,0.009,0.094197,65.53218,0.6,88.468443,0.11774625,3000,500,0.9,5.1033369771e-08,2,243.15,1000000,1,1,1000000,1,900,300,300,330,0,1,environment_corner,1,1,1.5,1,1,1,1,NaN,100,48,0.9,0.6,1,probe,750,0.25,0,1,,"",558.670128484171,549.001132389079,252.16881792309,5.38924993413578,0.00747529477458547,0.00843089427116853,0.0671437197859672,0.0402862318715803,0.0671437197859672,0.0789926115129026,0.125604578309986,0.147770092129396,0,-228.670128484171,-249.001132389079,249.001132389079,0.00013433644739036,0.013433644739036
13,env_T243.15_Q500_eps0.9,environment_corner,Qs1100_P101325_Ta243.15_A22_h250_Qsol500_eps0.9_G1000000_Ars1_A1s1_Ds1.5_Ps1_R1s1_R3s1_Fs1_Ef0.6_Tcl300_Tsl330_St1_Venvironment_corner,1100,101325,300,243.15,50,2,120,0.4,2,0.015,0.122474487139159,0.0135,0.009,0.094197,65.53218,0.6,88.468443,0.11774625,3000,500,0.9,5.1033369771e-08,2,243.15,1000000,1,1,1000000,1,900,300,300,330,0,1,environment_corner,1,1,1.5,1,1,1,1,NaN,100,48,0.9,0.6,1,probe,1000,0.333333333333333,0,1,,"",470.300343964851,452.213638361188,255.961774899877,9.31017019307668,0.0142388122563291,0.0159012582457767,0.220942942422817,0.13256576545369,0.220942942422817,0.259932873438609,0.314879661362301,0.370446660426237,0,-140.300343964851,-152.213638361188,152.213638361188,0.000336769691296579,0.0336769691296579
13,env_T243.15_Q500_eps0.9,environment_corner,Qs1100_P101325_Ta243.15_A22_h250_Qsol500_eps0.9_G1000000_Ars1_A1s1_Ds1.5_Ps1_R1s1_R3s1_Fs1_Ef0.6_Tcl300_Tsl330_St1_Venvironment_corner,1100,101325,300,243.15,50,2,120,0.4,2,0.015,0.122474487139159,0.0135,0.009,0.094197,65.53218,0.6,88.468443,0.11774625,3000,500,0.9,5.1033369771e-08,2,243.15,1000000,1,1,1000000,1,900,300,300,330,0,1,environment_corner,1,1,1.5,1,1,1,1,NaN,100,48,0.9,0.6,1,probe,1500,0.5,0,1,,"",402.317559783414,380.94360280301,257.467270525674,19.6526678050383,0.0309046934826212,0.0351659424552344,1.01226612438415,0.607359674630488,1.01226612438415,1.19090132280488,1.14769457934418,1.35022891687551,0,-72.3175597834135,-80.9436028030102,80.9436028030102,0.00122748083352319,0.122748083352319
13,env_T243.15_Q500_eps0.9,environment_corner,Qs1100_P101325_Ta243.15_A22_h250_Qsol500_eps0.9_G1000000_Ars1_A1s1_Ds1.5_Ps1_R1s1_R3s1_Fs1_Ef0.6_Tcl300_Tsl330_St1_Venvironment_corner,1100,101325,300,243.15,50,2,120,0.4,2,0.015,0.122474487139159,0.0135,0.009,0.094197,65.53218,0.6,88.468443,0.11774625,3000,500,0.9,5.1033369771e-08,2,243.15,1000000,1,1,1000000,1,900,300,300,330,0,1,environment_corner,1,1,1.5,1,1,1,1,NaN,100,48,0.9,0.6,1,probe,2000,0.666666666666667,0,1,,"",366.718030445512,344.340401312743,257.94282129454,32.3808095179047,0.0518259020608753,0.0595552353722075,2.79694110454465,1.67816466272679,2.79694110454465,3.29051894652312,2.88457738364909,3.39362045135187,0,-36.7180304455117,-44.3404013127435,44.3404013127435,0.00308510950122897,0.308510950122897
13,env_T243.15_Q500_eps0.9,environment_corner,Qs1100_P101325_Ta243.15_A22_h250_Qsol500_eps0.9_G1000000_Ars1_A1s1_Ds1.5_Ps1_R1s1_R3s1_Fs1_Ef0.6_Tcl300_Tsl330_St1_Venvironment_corner,1100,101325,300,243.15,50,2,120,0.4,2,0.015,0.122474487139159,0.0135,0.009,0.094197,65.53218,0.6,88.468443,0.11774625,3000,500,0.9,5.1033369771e-08,2,243.15,1000000,1,1,1000000,1,900,300,300,330,0,1,environment_corner,1,1,1.5,1,1,1,1,NaN,100,48,0.9,0.6,1,probe,3000,1,0,1,,"",334.203044722985,311.377872662845,258.194615519019,61.0684920626712,0.0989168278834067,0.1146349033108,10.0678358641041,6.04070151846243,10.0678358641041,11.8445127812989,10.4879417092872,12.3387549521025,0,-4.203044722985,-11.377872662845,11.377872662845,0.0112170499564569,1.12170499564569
13,env_T243.15_Q500_eps0.9,environment_corner,Qs1100_P101325_Ta243.15_A22_h250_Qsol500_eps0.9_G1000000_Ars1_A1s1_Ds1.5_Ps1_R1s1_R3s1_Fs1_Ef0.6_Tcl300_Tsl330_St1_Venvironment_corner,1100,101325,300,243.15,50,2,120,0.4,2,0.015,0.122474487139159,0.0135,0.009,0.094197,65.53218,0.6,88.468443,0.11774625,3000,500,0.9,5.1033369771e-08,2,243.15,1000000,1,1,1000000,1,900,300,300,330,0,1,environment_corner,1,1,1.5,1,1,1,1,NaN,100,48,0.9,0.6,1,binary_refine,3500,1.16666666666667,0,1,,"",326.991174006967,304.122494184612,258.242269561128,74.4214988474584,0.119636880524799,0.138891695427385,14.8392599434831,8.90355596608985,14.8392599434831,17.457952874686,16.9705279478901,19.9653269975177,0,3.00882599303338,-4.12249418461244,4.12249418461244,0.0181502972704706,1.81502972704706
13,env_T243.15_Q500_eps0.9,environment_corner,Qs1100_P101325_Ta243.15_A22_h250_Qsol500_eps0.9_G1000000_Ars1_A1s1_Ds1.5_Ps1_R1s1_R3s1_Fs1_Ef0.6_Tcl300_Tsl330_St1_Venvironment_corner,1100,101325,300,243.15,50,2,120,0.4,2,0.015,0.122474487139159,0.0135,0.009,0.094197,65.53218,0.6,88.468443,0.11774625,3000,500,0.9,5.1033369771e-08,2,243.15,1000000,1,1,1000000,1,900,300,300,330,0,1,environment_corner,1,1,1.5,1,1,1,1,NaN,100,48,0.9,0.6,1,binary_refine,3750,1.25,0,1,,"",324.218040181995,301.338397669001,258.262809063438,81.2382186447697,0.129685537953835,0.150656904057331,17.5590368122636,10.5354220873582,17.5590368122636,20.657690367369,21.0139220185754,24.722261198324,0,5.7819598180053,-1.33839766900081,1.33839766900081,0.0224747829075673,2.24747829075673
13,env_T243.15_Q500_eps0.9,environment_corner,Qs1100_P101325_Ta243.15_A22_h250_Qsol500_eps0.9_G1000000_Ars1_A1s1_Ds1.5_Ps1_R1s1_R3s1_Fs1_Ef0.6_Tcl300_Tsl330_St1_Venvironment_corner,1100,101325,300,243.15,50,2,120,0.4,2,0.015,0.122474487139159,0.0135,0.009,0.094197,65.53218,0.6,88.468443,0.11774625,3000,500,0.9,5.1033369771e-08,2,243.15,1000000,1,1,1000000,1,900,300,300,330,0,1,environment_corner,1,1,1.5,1,1,1,1,NaN,100,48,0.9,0.6,1,binary_refine,3875,1.29166666666667,0,1,,"",322.981821917103,300.097587286419,258.273194444501,84.7235589370951,0.13466054688239,0.156481835934856,19.0148679671527,11.4089207802916,19.0148679671527,22.3704329025326,23.2530857047434,27.3565714173452,0,7.0181780828969,-0.0975872864191842,0.0975872864191842,0.0248696103794047,2.48696103794047
13,env_T243.15_Q500_eps0.9,environment_corner,Qs1100_P101325_Ta243.15_A22_h250_Qsol500_eps0.9_G1000000_Ars1_A1s1_Ds1.5_Ps1_R1s1_R3s1_Fs1_Ef0.6_Tcl300_Tsl330_St1_Venvironment_corner,1100,101325,300,243.15,50,2,120,0.4,2,0.015,0.122474487139159,0.0135,0.009,0.094197,65.53218,0.6,88.468443,0.11774625,3000,500,0.9,5.1033369771e-08,2,243.15,1000000,1,1,1000000,1,900,300,300,330,0,1,environment_corner,1,1,1.5,1,1,1,1,NaN,100,48,0.9,0.6,1,binary_refine,3900,1.3,0,1,,"",322.745027390615,299.859960599487,258.275275817746,85.428128299752,0.135652082018162,0.157642757498451,19.3141724446267,11.588503466776,19.3141724446267,22.7225558172079,23.7189255486214,27.9046182924958,1,7.25497260938488,0.140039400512592,-0.140039400512592,0.0253678348113598,2.53678348113598
13,env_T243.15_Q500_eps0.9,environment_corner,Qs1100_P101325_Ta243.15_A22_h250_Qsol500_eps0.9_G1000000_Ars1_A1s1_Ds1.5_Ps1_R1s1_R3s1_Fs1_Ef0.6_Tcl300_Tsl330_St1_Venvironment_corner,1100,101325,300,243.15,50,2,120,0.4,2,0.015,0.122474487139159,0.0135,0.009,0.094197,65.53218,0.6,88.468443,0.11774625,3000,500,0.9,5.1033369771e-08,2,243.15,1000000,1,1,1000000,1,900,300,300,330,0,1,environment_corner,1,1,1.5,1,1,1,1,NaN,100,48,0.9,0.6,1,binary_refine,3925,1.30833333333333,0,1,,"",322.511549843798,299.625673193012,258.277362037395,86.1354040779964,0.136642509141485,0.158802378006084,19.6162628985552,11.7697577391331,19.6162628985552,23.0779563512414,24.1908556256118,28.4598301477786,1,7.48845015620174,0.374326806987767,-0.374326806987767,0.0258725728616169,2.58725728616169
13,env_T243.15_Q500_eps0.9,environment_corner,Qs1100_P101325_Ta243.15_A22_h250_Qsol500_eps0.9_G1000000_Ars1_A1s1_Ds1.5_Ps1_R1s1_R3s1_Fs1_Ef0.6_Tcl300_Tsl330_St1_Venvironment_corner,1100,101325,300,243.15,50,2,120,0.4,2,0.015,0.122474487139159,0.0135,0.009,0.094197,65.53218,0.6,88.468443,0.11774625,3000,500,0.9,5.1033369771e-08,2,243.15,1000000,1,1,1000000,1,900,300,300,330,0,1,environment_corner,1,1,1.5,1,1,1,1,NaN,100,48,0.9,0.6,1,probe,4000,1.33333333333333,0,1,,"",321.830345885495,298.942167551344,258.283655029003,88.2744314964148,0.139607290757495,0.162273619704161,20.5395903739543,12.3237542243726,20.5395903739543,24.164223969358,25.6435595503117,30.168893588602,1,8.16965411450536,1.05783244865614,-1.05783244865614,0.0274262668987291,2.74262668987291
14,env_T243.15_Q1500_eps1e-15,environment_corner,Qs1100_P101325_Ta243.15_A22_h250_Qsol1500_eps1e-15_G1000000_Ars1_A1s1_Ds1.5_Ps1_R1s1_R3s1_Fs1_Ef0.6_Tcl300_Tsl330_St1_Venvironment_corner,1100,101325,300,243.15,50,2,120,0.4,2,0.015,0.122474487139159,0.0135,0.009,0.094197,65.53218,0.6,88.468443,0.11774625,3000,1500,1e-15,5.670374419e-23,2,243.15,1000000,1,1,1000000,1,900,300,300,330,0,1,environment_corner,1,1,1.5,1,1,1,1,NaN,100,48,0.9,0.6,1,probe,750,0.25,0,1,,"",566.311453915425,556.823384015949,262.63370946399,5.39174226704927,0.00741053383978806,0.00836736559343175,0.0665928142089737,0.0399556885253842,0.0665928142089737,0.0783444873046749,0.125457703167562,0.14759729784419,0,-236.311453915425,-256.823384015949,256.823384015949,0.000134179361676537,0.0134179361676537
14,env_T243.15_Q1500_eps1e-15,environment_corner,Qs1100_P101325_Ta243.15_A22_h250_Qsol1500_eps1e-15_G1000000_Ars1_A1s1_Ds1.5_Ps1_R1s1_R3s1_Fs1_Ef0.6_Tcl300_Tsl330_St1_Venvironment_corner,1100,101325,300,243.15,50,2,120,0.4,2,0.015,0.122474487139159,0.0135,0.009,0.094197,65.53218,0.6,88.468443,0.11774625,3000,1500,1e-15,5.670374419e-23,2,243.15,1000000,1,1,1000000,1,900,300,300,330,0,1,environment_corner,1,1,1.5,1,1,1,1,NaN,100,48,0.9,0.6,1,probe,1000,0.333333333333333,0,1,,"",479.849566858532,461.949642736872,266.680171722724,9.32213520131093,0.0140753372392421,0.0157377660205807,0.218686994580435,0.131212196748261,0.218686994580435,0.257278817153453,0.314226782186586,0.369678567278337,0,-149.849566858532,-161.949642736872,161.949642736872,0.000336071424798488,0.0336071424798488
14,env_T243.15_Q1500_eps1e-15,environment_corner,Qs1100_P101325_Ta243.15_A22_h250_Qsol1500_eps1e-15_G1000000_Ars1_A1s1_Ds1.5_Ps1_R1s1_R3s1_Fs1_Ef0.6_Tcl300_Tsl330_St1_Venvironment_corner,1100,101325,300,243.15,50,2,120,0.4,2,0.015,0.122474487139159,0.0135,0.009,0.094197,65.53218,0.6,88.468443,0.11774625,3000,1500,1e-15,5.670374419e-23,2,243.15,1000000,1,1,1000000,1,900,300,300,330,0,1,environment_corner,1,1,1.5,1,1,1,1,NaN,100,48,0.9,0.6,1,probe,1500,0.5,0,1,,"",412.423760602234,391.217195799571,268.299097426789,19.7097246915606,0.0305454929050756,0.0347851169117713,1.00340542621177,0.60204325572706,1.00340542621177,1.18047697201384,1.14453208871945,1.34650833966994,0,-82.4237606022345,-91.2171957995713,91.2171957995713,0.00122409849060904,0.122409849060904
14,env_T243.15_Q1500_eps1e-15,environment_corner,Qs1100_P101325_Ta243.15_A22_h250_Qsol1500_eps1e-15_G1000000_Ars1_A1s1_Ds1.5_Ps1_R1s1_R3s1_Fs1_Ef0.6_Tcl300_Tsl330_St1_Venvironment_corner,1100,101325,300,243.15,50,2,120,0.4,2,0.015,0.122474487139159,0.0135,0.009,0.094197,65.53218,0.6,88.468443,0.11774625,3000,1500,1e-15,5.670374419e-23,2,243.15,1000000,1,1,1000000,1,900,300,300,330,0,1,environment_corner,1,1,1.5,1,1,1,1,NaN,100,48,0.9,0.6,1,probe,2000,0.666666666666667,0,1,,"",377.387485937938,355.104346988868,268.844460470509,32.5369933771144,0.0512396637686746,0.0589120844070089,2.77864100114489,1.66718460068693,2.77864100114489,3.26898941311164,2.87564066927537,3.38310666973573,0,-47.3874859379382,-55.1043469888681,55.1043469888681,0.00307555151794157,0.307555151794157
14,env_T243.15_Q1500_eps1e-15,environment_corner,Qs1100_P101325_Ta243.15_A22_h250_Qsol1500_eps1e-15_G1000000_Ars1_A1s1_Ds1.5_Ps1_R1s1_R3s1_Fs1_Ef0.6_Tcl300_Tsl330_St1_Venvironment_corner,1100,101325,300,243.15,50,2,120,0.4,2,0.015,0.122474487139159,0.0135,0.009,0.094197,65.53218,0.6,88.468443,0.11774625,3000,1500,1e-15,5.670374419e-23,2,243.15,1000000,1,1,1000000,1,900,300,300,330,0,1,environment_corner,1,1,1.5,1,1,1,1,NaN,100,48,0.9,0.6,1,probe,3000,1,0,1,,"",344.895240595243,322.111467981591,269.141567456719,61.7809432573534,0.0983912507602694,0.114068261823898,10.1311738004004,6.07870428024024,10.1311738004004,11.9190280004711,10.4618979003077,12.3081151768326,0,-14.8952405952432,-22.1114679815914,22.1114679815914,0.0111891956153024,1.11891956153024
14,env_T243.15_Q1500_eps1e-15,environment_corner,Qs1100_P101325_Ta243.15_A22_h250_Qsol1500_eps1e-15_G1000000_Ars1_A1s1_Ds1.5_Ps1_R1s1_R3s1_Fs1_Ef0.6_Tcl300_Tsl330_St1_Venvironment_corner,1100,101325,300,243.15,50,2,120,0.4,2,0.015,0.122474487139159,0.0135,0.009,0.094197,65.53218,0.6,88.468443,0.11774625,3000,1500,1e-15,5.670374419e-23,2,243.15,1000000,1,1,1000000,1,900,300,300,330,0,1,environment_corner,1,1,1.5,1,1,1,1,NaN,100,48,0.9,0.6,1,probe,4000,1.33333333333333,0,1,,"",332.56517470721,309.696933879404,269.248957001356,89.4250950146185,0.139263536882531,0.161923266181647,20.7560916963202,12.4536550177921,20.7560916963202,24.4189314074356,25.6053772328964,30.1239732151723,0,-2.56517470721036,-9.69693387940356,9.69693387940356,0.0273854301956112,2.73854301956111
14,env_T243.15_Q1500_eps1e-15,environment_corner,Qs1100_P101325_Ta243.15_A22_h250_Qsol1500_eps1e-15_G1000000_Ars1_A1s1_Ds1.5_Ps1_R1s1_R3s1_Fs1_Ef0.6_Tcl300_Tsl330_St1_Venvironment_corner,1100,101325,300,243.15,50,2,120,0.4,2,0.015,0.122474487139159,0.0135,0.009,0.094197,65.53218,0.6,88.468443,0.11774625,3000,1500,1e-15,5.670374419e-23,2,243.15,1000000,1,1,1000000,1,900,300,300,330,0,1,environment_corner,1,1,1.5,1,1,1,1,NaN,100,48,0.9,0.6,1,probe,5000,1.66666666666667,0,1,,"",325.634796601059,302.742016240127,269.354218996348,121.874926004925,0.178021883240124,0.207300902504921,36.1606730785792,21.6964038471475,36.1606730785792,42.5419683277403,50.7125250584727,59.6617941864385,0,4.36520339894093,-2.74201624012721,2.74201624012721,0.0542379947149441,5.42379947149441
14,env_T243.15_Q1500_eps1e-15,environment_corner,Qs1100_P101325_Ta243.15_A22_h250_Qsol1500_eps1e-15_G1000000_Ars1_A1s1_Ds1.5_Ps1_R1s1_R3s1_Fs1_Ef0.6_Tcl300_Tsl330_St1_Venvironment_corner,1100,101325,300,243.15,50,2,120,0.4,2,0.015,0.122474487139159,0.0135,0.009,0.094197,65.53218,0.6,88.468443,0.11774625,3000,1500,1e-15,5.670374419e-23,2,243.15,1000000,1,1,1000000,1,900,300,300,330,0,1,environment_corner,1,1,1.5,1,1,1,1,NaN,100,48,0.9,0.6,1,binary_refine,5425,1.80833333333333,1,1,,"",323.559123165355,300.661185560839,269.41025510717,139.386201156,0.19391011997857,0.225896657611324,45.0473249825285,27.0283949895171,45.0473249825285,52.9968529206218,64.9380304870618,76.397682925955,0,6.44087683464505,-0.661185560839215,0.661185560839215,0.0694524390235955,6.94524390235955
14,env_T243.15_Q1500_eps1e-15,environment_corner,Qs1100_P101325_Ta243.15_A22_h250_Qsol1500_eps1e-15_G1000000_Ars1_A1s1_Ds1.5_Ps1_R1s1_R3s1_Fs1_Ef0.6_Tcl300_Tsl330_St1_Venvironment_corner,1100,101325,300,243.15,50,2,120,0.4,2,0.015,0.122474487139159,0.0135,0.009,0.094197,65.53218,0.6,88.468443,0.11774625,3000,1500,1e-15,5.670374419e-23,2,243.15,1000000,1,1,1000000,1,900,300,300,330,0,1,environment_corner,1,1,1.5,1,1,1,1,NaN,100,48,0.9,0.6,1,binary_refine,5525,1.84166666666667,1,1,,"",323.128896813182,300.22972878371,269.425177228848,144.017140385178,0.197583789138678,0.23019547160906,47.4257538303673,28.4554522982204,47.4257538303673,55.7950045063145,68.6180409472697,80.7271069967879,0,6.87110318681766,-0.229728783710073,0.229728783710073,0.073388279087989,7.3388279087989
14,env_T243.15_Q1500_eps1e-15,environment_corner,Qs1100_P101325_Ta243.15_A22_h250_Qsol1500_eps1e-15_G1000000_Ars1_A1s1_Ds1.5_Ps1_R1s1_R3s1_Fs1_Ef0.6_Tcl300_Tsl330_St1_Venvironment_corner,1100,101325,300,243.15,50,2,120,0.4,2,0.015,0.122474487139159,0.0135,0.009,0.094197,65.53218,0.6,88.468443,0.11774625,3000,1500,1e-15,5.670374419e-23,2,243.15,1000000,1,1,1000000,1,900,300,300,330,0,1,environment_corner,1,1,1.5,1,1,1,1,NaN,100,48,0.9,0.6,1,binary_refine,5575,1.85833333333333,1,1,,"",322.922809570868,300.022449216791,269.433214467586,146.408490834794,0.19941203048816,0.232334656494407,48.6593573967891,29.1956144380735,48.6593573967891,57.2463028197519,70.5071013313824,82.949530978097,0,7.07719042913186,-0.0224492167909602,0.0224492167909602,0.0754086645255427,7.54086645255427
14,env_T243.15_Q1500_eps1e-15,environment_corner,Qs1100_P101325_Ta243.15_A22_h250_Qsol1500_eps1e-15_G1000000_Ars1_A1s1_Ds1.5_Ps1_R1s1_R3s1_Fs1_Ef0.6_Tcl300_Tsl330_St1_Venvironment_corner,1100,101325,300,243.15,50,2,120,0.4,2,0.015,0.122474487139159,0.0135,0.009,0.094197,65.53218,0.6,88.468443,0.11774625,3000,1500,1e-15,5.670374419e-23,2,243.15,1000000,1,1,1000000,1,900,300,300,330,0,1,environment_corner,1,1,1.5,1,1,1,1,NaN,100,48,0.9,0.6,1,binary_refine,5600,1.86666666666667,1,1,,"",322.820795134758,299.920096077023,269.437161412965,147.622251434029,0.200324236308309,0.233401982514284,49.2871913010583,29.572314780635,49.2871913010583,57.9849309424216,71.4640535496157,84.0753571171949,1,7.17920486524162,0.0799039229769392,-0.0799039229769392,0.0764321428338135,7.64321428338135
14,env_T243.15_Q1500_eps1e-15,environment_corner,Qs1100_P101325_Ta243.15_A22_h250_Qsol1500_eps1e-15_G1000000_Ars1_A1s1_Ds1.5_Ps1_R1s1_R3s1_Fs1_Ef0.6_Tcl300_Tsl330_St1_Venvironment_corner,1100,101325,300,243.15,50,2,120,0.4,2,0.015,0.122474487139159,0.0135,0.009,0.094197,65.53218,0.6,88.468443,0.11774625,3000,1500,1e-15,5.670374419e-23,2,243.15,1000000,1,1,1000000,1,900,300,300,330,0,1,environment_corner,1,1,1.5,1,1,1,1,NaN,100,48,0.9,0.6,1,binary_refine,5650,1.88333333333333,1,1,,"",322.61871902589,299.717846494415,269.444915362318,150.083747749309,0.202145297547016,0.235532674382105,50.5645397429255,30.3387238457553,50.5645397429255,59.4876938152065,73.4030678783455,86.3565504451123,1,7.38128097411033,0.282153505584972,-0.282153505584972,0.0785059549501021,7.85059549501021
14,env_T243.15_Q1500_eps1e-15,environment_corner,Qs1100_P101325_Ta243.15_A22_h250_Qsol1500_eps1e-15_G1000000_Ars1_A1s1_Ds1.5_Ps1_R1s1_R3s1_Fs1_Ef0.6_Tcl300_Tsl330_St1_Venvironment_corner,1100,101325,300,243.15,50,2,120,0.4,2,0.015,0.122474487139159,0.0135,0.009,0.094197,65.53218,0.6,88.468443,0.11774625,3000,1500,1e-15,5.670374419e-23,2,243.15,1000000,1,1,1000000,1,900,300,300,330,0,1,environment_corner,1,1,1.5,1,1,1,1,NaN,100,48,0.9,0.6,1,binary_refine,5875,1.95833333333333,1,1,,"",321.761366863467,298.858686042353,269.482302265563,161.577295121414,0.210311904230351,0.245086797894306,56.6360476956235,33.9816286173741,56.6360476956235,66.6306443477923,82.5560848390346,97.1248056929819,1,8.23863313653288,1.1413139576469,-1.1413139576469,0.0882952779027108,8.82952779027108
14,env_T243.15_Q1500_eps1e-15,environment_corner,Qs1100_P101325_Ta243.15_A22_h250_Qsol1500_eps1e-15_G1000000_Ars1_A1s1_Ds1.5_Ps1_R1s1_R3s1_Fs1_Ef0.6_Tcl300_Tsl330_St1_Venvironment_corner,1100,101325,300,243.15,50,2,120,0.4,2,0.015,0.122474487139159,0.0135,0.009,0.094197,65.53218,0.6,88.468443,0.11774625,3000,1500,1e-15,5.670374419e-23,2,243.15,1000000,1,1,1000000,1,900,300,300,330,0,1,environment_corner,1,1,1.5,1,1,1,1,NaN,100,48,0.9,0.6,1,expanded_probe,6750,2.25,1,1,,"",319.019047359008,296.111026130887,269.65474131523,210.463914154612,0.242042722749716,0.282194254726315,84.9020980375746,50.9412588225448,84.9020980375746,99.884821220676,125.347114182235,147.467193155571,1,10.9809526409925,3.8889738691127,-3.8889738691127,0.134061084686883,13.4061084686883
15,env_T243.15_Q1500_eps0.3,environment_corner,Qs1100_P101325_Ta243.15_A22_h250_Qsol1500_eps0.3_G1000000_Ars1_A1s1_Ds1.5_Ps1_R1s1_R3s1_Fs1_Ef0.6_Tcl300_Tsl330_St1_Venvironment_corner,1100,101325,300,243.15,50,2,120,0.4,2,0.015,0.122474487139159,0.0135,0.009,0.094197,65.53218,0.6,88.468443,0.11774625,3000,1500,0.3,1.7011123257e-08,2,243.15,1000000,1,1,1000000,1,900,300,300,330,0,1,environment_corner,1,1,1.5,1,1,1,1,NaN,100,48,0.9,0.6,1,probe,750,0.25,0,1,,"",564.642357386163,555.177004833746,262.205405636391,5.39136431502023,0.00742037992880904,0.00837864469452805,0.0666766192534557,0.0400059715520734,0.0666766192534557,0.0784430814746537,0.125480035254413,0.147623570887544,0,-234.642357386163,-255.177004833746,255.177004833746,0.000134203246261404,0.0134203246261404
15,env_T243.15_Q1500_eps0.3,environment_corner,Qs1100_P101325_Ta243.15_A22_h250_Qsol1500_eps0.3_G1000000_Ars1_A1s1_Ds1.5_Ps1_R1s1_R3s1_Fs1_Ef0.6_Tcl300_Tsl330_St1_Venvironment_corner,1100,101325,300,243.15,50,2,120,0.4,2,0.015,0.122474487139159,0.0135,0.009,0.094197,65.53218,0.6,88.468443,0.11774625,3000,1500,0.3,1.7011123257e-08,2,243.15,1000000,1,1,1000000,1,900,300,300,330,0,1,environment_corner,1,1,1.5,1,1,1,1,NaN,100,48,0.9,0.6,1,probe,1000,0.333333333333333,0,1,,"",478.813585995894,460.947964662664,266.146716722935,9.32121744006387,0.0140879405680611,0.0157523163134506,0.218861262195991,0.131316757317595,0.218861262195991,0.257483837877637,0.31427712919278,0.369737799050329,0,-148.813585995894,-160.947964662664,160.947964662664,0.000336125271863936,0.0336125271863936
15,env_T243.15_Q1500_eps0.3,environment_corner,Qs1100_P101325_Ta243.15_A22_h250_Qsol1500_eps0.3_G1000000_Ars1_A1s1_Ds1.5_Ps1_R1s1_R3s1_Fs1_Ef0.6_Tcl300_Tsl330_St1_Venvironment_corner,1100,101325,300,243.15,50,2,120,0.4,2,0.015,0.122474487139159,0.0135,0.009,0.094197,65.53218,0.6,88.468443,0.11774625,3000,1500,0.3,1.7011123257e-08,2,243.15,1000000,1,1,1000000,1,900,300,300,330,0,1,environment_corner,1,1,1.5,1,1,1,1,NaN,100,48,0.9,0.6,1,probe,1500,0.5,0,1,,"",412.286518534947,391.020813366434,267.769661055707,19.7079924856419,0.0305564613436527,0.0347942527045116,1.00367751758086,0.602206510548515,1.00367751758086,1.18079707950689,1.14462870358164,1.34662200421369,0,-82.2865185349472,-91.0208133664337,91.0208133664337,0.00122420182201245,0.122420182201245
15,env_T243.15_Q1500_eps0.3,environment_corner,Qs1100_P101325_Ta243.15_A22_h250_Qsol1500_eps0.3_G1000000_Ars1_A1s1_Ds1.5_Ps1_R1s1_R3s1_Fs1_Ef0.6_Tcl300_Tsl330_St1_Venvironment_corner,1100,101325,300,243.15,50,2,120,0.4,2,0.015,0.122474487139159,0.0135,0.009,0.094197,65.53218,0.6,88.468443,0.11774625,3000,1500,0.3,1.7011123257e-08,2,243.15,1000000,1,1,1000000,1,900,300,300,330,0,1,environment_corner,1,1,1.5,1,1,1,1,NaN,100,48,0.9,0.6,1,probe,2000,0.666666666666667,0,1,,"",376.878440986394,354.581416165951,268.278731945845,32.5294004446502,0.0512683190453669,0.0589430787467009,2.77954613391804,1.66772768035083,2.77954613391804,3.2700542751977,2.87607787055381,3.38362102418095,0,-46.8784409863942,-54.5814161659509,54.5814161659509,0.00307601911289178,0.307601911289178
15,env_T243.15_Q1500_eps0.3,environment_corner,Qs1100_P101325_Ta243.15_A22_h250_Qsol1500_eps0.3_G1000000_Ars1_A1s1_Ds1.5_Ps1_R1s1_R3s1_Fs1_Ef0.6_Tcl300_Tsl330_St1_Venvironment_corner,1100,101325,300,243.15,50,2,120,0.4,2,0.015,0.122474487139159,0.0135,0.009,0.094197,65.53218,0.6,88.468443,0.11774625,3000,1500,0.3,1.7011123257e-08,2,243.15,1000000,1,1,1000000,1,900,300,300,330,0,1,environment_corner,1,1,1.5,1,1,1,1,NaN,100,48,0.9,0.6,1,probe,3000,1,0,1,,"",344.343537671761,321.553715430589,268.564107729011,61.7446211302255,0.0984190405962497,0.114098115467773,10.1280772893595,6.07684637361572,10.1280772893595,11.9153850463053,10.4632547613087,12.3097114838926,0,-14.3435376717615,-21.5537154305891,21.5537154305891,0.0111906468035388,1.11906468035388
15,env_T243.15_Q1500_eps0.3,environment_corner,Qs1100_P101325_Ta243.15_A22_h250_Qsol1500_eps0.3_G1000000_Ars1_A1s1_Ds1.5_Ps1_R1s1_R3s1_Fs1_Ef0.6_Tcl300_Tsl330_St1_Venvironment_corner,1100,101325,300,243.15,50,2,120,0.4,2,0.015,0.122474487139159,0.0135,0.009,0.094197,65.53218,0.6,88.468443,0.11774625,3000,1500,0.3,1.7011123257e-08,2,243.15,1000000,1,1,1000000,1,900,300,300,330,0,1,environment_corner,1,1,1.5,1,1,1,1,NaN,100,48,0.9,0.6,1,probe,4000,1.33333333333333,0,1,,"",332.000937329689,309.129597501656,268.667147440142,89.3647153650309,0.139281748293124,0.161941801098768,20.7447896529315,12.4468737917589,20.7447896529315,24.4056348858018,25.607393524357,30.1263453227729,0,-2.00093732968918,-9.12959750165567,9.12959750165567,0.0273875866570663,2.73875866570663
15,env_T243.15_Q1500_eps0.3,environment_corner,Qs1100_P101325_Ta243.15_A22_h250_Qsol1500_eps0.3_G1000000_Ars1_A1s1_Ds1.5_Ps1_R1s1_R3s1_Fs1_Ef0.6_Tcl300_Tsl330_St1_Venvironment_corner,1100,101325,300,243.15,50,2,120,0.4,2,0.015,0.122474487139159,0.0135,0.009,0.094197,65.53218,0.6,88.468443,0.11774625,3000,1500,0.3,1.7011123257e-08,2,243.15,1000000,1,1,1000000,1,900,300,300,330,0,1,environment_corner,1,1,1.5,1,1,1,1,NaN,100,48,0.9,0.6,1,probe,5000,1.66666666666667,0,1,,"",325.063564791972,302.168776015835,268.769106366544,121.816474948968,0.178033782193344,0.207311913839126,36.1457462810426,21.6874477686256,36.1457462810426,42.5244073894619,50.7146998200394,59.6643527294582,0,4.93643520802846,-2.16877601583485,2.16877601583485,0.0542403206631438,5.42403206631438
15,env_T243.15_Q1500_eps0.3,environment_corner,Qs1100_P101325_Ta243.15_A22_h250_Qsol1500_eps0.3_G1000000_Ars1_A1s1_Ds1.5_Ps1_R1s1_R3s1_Fs1_Ef0.6_Tcl300_Tsl330_St1_Venvironment_corner,1100,101325,300,243.15,50,2,120,0.4,2,0.015,0.122474487139159,0.0135,0.009,0.094197,65.53218,0.6,88.468443,0.11774625,3000,1500,0.3,1.7011123257e-08,2,243.15,1000000,1,1,1000000,1,900,300,300,330,0,1,environment_corner,1,1,1.5,1,1,1,1,NaN,100,48,0.9,0.6,1,binary_refine,5425,1.80833333333333,1,1,,"",322.98310431687,300.084343509248,268.823103468419,139.346642967161,0.193917342823371,0.225902131799903,45.0362178925814,27.0217307355488,45.0362178925814,52.9837857559781,64.9395975743545,76.3995265580641,0,7.01689568312992,-0.0843435092484128,0.0843435092484128,0.0694541150527856,6.94541150527855
15,env_T243.15_Q1500_eps0.3,environment_corner,Qs1100_P101325_Ta243.15_A22_h250_Qsol1500_eps0.3_G1000000_Ars1_A1s1_Ds1.5_Ps1_R1s1_R3s1_Fs1_Ef0.6_Tcl300_Tsl330_St1_Venvironment_corner,1100,101325,300,243.15,50,2,120,0.4,2,0.015,0.122474487139159,0.0135,0.009,0.094197,65.53218,0.6,88.468443,0.11774625,3000,1500,0.3,1.7011123257e-08,2,243.15,1000000,1,1,1000000,1,900,300,300,330,0,1,environment_corner,1,1,1.5,1,1,1,1,NaN,100,48,0.9,0.6,1,binary_refine,5450,1.81666666666667,1,1,,"",322.873291725881,299.974317524989,268.826625911216,140.486496677569,0.194837728874804,0.226979162989681,45.6201165837255,27.3720699502353,45.6201165837255,53.6707253926182,65.847386670593,77.4675137301094,1,7.12670827411881,0.0256824750109104,-0.0256824750109104,0.0704250124819177,7.04250124819177
15,env_T243.15_Q1500_eps0.3,environment_corner,Qs1100_P101325_Ta243.15_A22_h250_Qsol1500_eps0.3_G1000000_Ars1_A1s1_Ds1.5_Ps1_R1s1_R3s1_Fs1_Ef0.6_Tcl300_Tsl330_St1_Venvironment_corner,1100,101325,300,243.15,50,2,120,0.4,2,0.015,0.122474487139159,0.0135,0.009,0.094197,65.53218,0.6,88.468443,0.11774625,3000,1500,0.3,1.7011123257e-08,2,243.15,1000000,1,1,1000000,1,900,300,300,330,0,1,environment_corner,1,1,1.5,1,1,1,1,NaN,100,48,0.9,0.6,1,binary_refine,5475,1.825,1,1,,"",322.768522816237,299.868007542237,268.830882648589,141.639295550604,0.195756576979629,0.228054309919081,46.2113727713204,27.7268236627922,46.2113727713204,54.3663209074357,66.7632578259864,78.5450092070428,1,7.23147718376327,0.131992457763488,-0.131992457763488,0.0714045538245844,7.14045538245844
15,env_T243.15_Q1500_eps0.3,environment_corner,Qs1100_P101325_Ta243.15_A22_h250_Qsol1500_eps0.3_G1000000_Ars1_A1s1_Ds1.5_Ps1_R1s1_R3s1_Fs1_Ef0.6_Tcl300_Tsl330_St1_Venvironment_corner,1100,101325,300,243.15,50,2,120,0.4,2,0.015,0.122474487139159,0.0135,0.009,0.094197,65.53218,0.6,88.468443,0.11774625,3000,1500,0.3,1.7011123257e-08,2,243.15,1000000,1,1,1000000,1,900,300,300,330,0,1,environment_corner,1,1,1.5,1,1,1,1,NaN,100,48,0.9,0.6,1,binary_refine,5525,1.84166666666667,1,1,,"",322.551894919379,299.652129899146,268.837530541209,143.98327250314,0.197589840036019,0.230199548028132,47.4160529695965,28.4496317817579,47.4160529695965,55.7835917289371,68.6194040741926,80.7287106755207,1,7.44810508062096,0.347870100854095,-0.347870100854095,0.0733897369777461,7.33897369777461
15,env_T243.15_Q1500_eps0.3,environment_corner,Qs1100_P101325_Ta243.15_A22_h250_Qsol1500_eps0.3_G1000000_Ars1_A1s1_Ds1.5_Ps1_R1s1_R3s1_Fs1_Ef0.6_Tcl300_Tsl330_St1_Venvironment_corner,1100,101325,300,243.15,50,2,120,0.4,2,0.015,0.122474487139159,0.0135,0.009,0.094197,65.53218,0.6,88.468443,0.11774625,3000,1500,0.3,1.7011123257e-08,2,243.15,1000000,1,1,1000000,1,900,300,300,330,0,1,environment_corner,1,1,1.5,1,1,1,1,NaN,100,48,0.9,0.6,1,binary_refine,5650,1.88333333333333,1,1,,"",322.041216922711,299.139746954544,268.856767548425,150.0558068834,0.20215016417437,0.235535327042186,50.5563433279947,30.3338059967968,50.5563433279947,59.4780509741114,73.4042154268765,86.3579005022077,1,7.95878307728884,0.860253045456375,-0.860253045456375,0.0785071822747343,7.85071822747343
15,env_T243.15_Q1500_eps0.3,environment_corner,Qs1100_P101325_Ta243.15_A22_h250_Qsol1500_eps0.3_G1000000_Ars1_A1s1_Ds1.5_Ps1_R1s1_R3s1_Fs1_Ef0.6_Tcl300_Tsl330_St1_Venvironment_corner,1100,101325,300,243.15,50,2,120,0.4,2,0.015,0.122474487139159,0.0135,0.009,0.094197,65.53218,0.6,88.468443,0.11774625,3000,1500,0.3,1.7011123257e-08,2,243.15,1000000,1,1,1000000,1,900,300,300,330,0,1,environment_corner,1,1,1.5,1,1,1,1,NaN,100,48,0.9,0.6,1,binary_refine,5875,1.95833333333333,1,1,,"",321.182370821596,298.279201308687,268.893133915226,161.551211036625,0.21031625681243,0.245088791622482,56.6280766478966,33.976845988738,56.6280766478966,66.6212666445843,82.5571958498961,97.1261127645836,1,8.8176291784041,1.72079869131346,-1.72079869131346,0.0882964661496215,8.82964661496215
15,env_T243.15_Q1500_eps0.3,environment_corner,Qs1100_P101325_Ta243.15_A22_h250_Qsol1500_eps0.3_G1000000_Ars1_A1s1_Ds1.5_Ps1_R1s1_R3s1_Fs1_Ef0.6_Tcl300_Tsl330_St1_Venvironment_corner,1100,101325,300,243.15,50,2,120,0.4,2,0.015,0.122474487139159,0.0135,0.009,0.094197,65.53218,0.6,88.468443,0.11774625,3000,1500,0.3,1.7011123257e-08,2,243.15,1000000,1,1,1000000,1,900,300,300,330,0,1,environment_corner,1,1,1.5,1,1,1,1,NaN,100,48,0.9,0.6,1,expanded_probe,6750,2.25,1,1,,"",318.433250532621,295.525229952407,269.060845549115,210.433159252267,0.242047138566268,0.282196025534966,84.8912400941186,50.9347440564711,84.8912400941186,99.8720471695513,125.348607214628,147.468949664268,1,11.5667494673785,4.47477004759259,-4.47477004759259,0.134062681512971,13.4062681512971
16,env_T243.15_Q1500_eps0.9,environment_corner,Qs1100_P101325_Ta243.15_A22_h250_Qsol1500_eps0.9_G1000000_Ars1_A1s1_Ds1.5_Ps1_R1s1_R3s1_Fs1_Ef0.6_Tcl300_Tsl330_St1_Venvironment_corner,1100,101325,300,243.15,50,2,120,0.4,2,0.015,0.122474487139159,0.0135,0.009,0.094197,65.53218,0.6,88.468443,0.11774625,3000,1500,0.9,5.1033369771e-08,2,243.15,1000000,1,1,1000000,1,900,300,300,330,0,1,environment_corner,1,1,1.5,1,1,1,1,NaN,100,48,0.9,0.6,1,probe,750,0.25,0,1,,"",563.255242927136,553.794412862085,261.424814388198,5.391011917789,0.00742955152408407,0.00838862698346148,0.0667546680169411,0.0400528008101647,0.0667546680169411,0.0785349035493425,0.125500836508737,0.147648042951456,0,-233.255242927136,-253.794412862085,253.794412862085,0.000134225493592232,0.0134225493592232
16,env_T243.15_Q1500_eps0.9,environment_corner,Qs1100_P101325_Ta243.15_A22_h250_Qsol1500_eps0.9_G1000000_Ars1_A1s1_Ds1.5_Ps1_R1s1_R3s1_Fs1_Ef0.6_Tcl300_Tsl330_St1_Venvironment_corner,1100,101325,300,243.15,50,2,120,0.4,2,0.015,0.122474487139159,0.0135,0.009,0.094197,65.53218,0.6,88.468443,0.11774625,3000,1500,0.9,5.1033369771e-08,2,243.15,1000000,1,1,1000000,1,900,300,300,330,0,1,environment_corner,1,1,1.5,1,1,1,1,NaN,100,48,0.9,0.6,1,probe,1000,0.333333333333333,0,1,,"",478.259648642564,460.35553356561,265.204501965121,9.32035459234612,0.0140997831422606,0.0157631964056739,0.219024964268422,0.131414978561053,0.219024964268422,0.257676428551085,0.314324434069823,0.369793451846851,0,-148.259648642564,-160.35553356561,160.35553356561,0.000336175865315319,0.0336175865315319
16,env_T243.15_Q1500_eps0.9,environment_corner,Qs1100_P101325_Ta243.15_A22_h250_Qsol1500_eps0.9_G1000000_Ars1_A1s1_Ds1.5_Ps1_R1s1_R3s1_Fs1_Ef0.6_Tcl300_Tsl330_St1_Venvironment_corner,1100,101325,300,243.15,50,2,120,0.4,2,0.015,0.122474487139159,0.0135,0.009,0.094197,65.53218,0.6,88.468443,0.11774625,3000,1500,0.9,5.1033369771e-08,2,243.15,1000000,1,1,1000000,1,900,300,300,330,0,1,environment_corner,1,1,1.5,1,1,1,1,NaN,100,48,0.9,0.6,1,probe,1500,0.5,0,1,,"",411.300977978783,390.022523112296,266.738125165088,19.7025983075922,0.0305905885153684,0.0348306142922027,1.00452346251858,0.602714077511147,1.00452346251858,1.18179230884539,1.14492929007098,1.34697563537762,0,-81.3009779787831,-90.0225231122959,90.0225231122959,0.00122452330488874,0.122452330488874
16,env_T243.15_Q1500_eps0.9,environment_corner,Qs1100_P101325_Ta243.15_A22_h250_Qsol1500_eps0.9_G1000000_Ars1_A1s1_Ds1.5_Ps1_R1s1_R3s1_Fs1_Ef0.6_Tcl300_Tsl330_St1_Venvironment_corner,1100,101325,300,243.15,50,2,120,0.4,2,0.015,0.122474487139159,0.0135,0.009,0.094197,65.53218,0.6,88.468443,0.11774625,3000,1500,0.9,5.1033369771e-08,2,243.15,1000000,1,1,1000000,1,900,300,300,330,0,1,environment_corner,1,1,1.5,1,1,1,1,NaN,100,48,0.9,0.6,1,probe,2000,0.666666666666667,0,1,,"",375.760639346749,353.469653658326,267.213497607225,32.5138712497331,0.0513268750427516,0.0590081484315042,2.78139234465194,1.66883540679116,2.78139234465194,3.27222628782581,2.8769711567124,3.38467194907341,0,-45.7606393467494,-53.4696536583257,53.4696536583257,0.00307697449915765,0.307697449915765
16,env_T243.15_Q1500_eps0.9,environment_corner,Qs1100_P101325_Ta243.15_A22_h250_Qsol1500_eps0.9_G1000000_Ars1_A1s1_Ds1.5_Ps1_R1s1_R3s1_Fs1_Ef0.6_Tcl300_Tsl330_St1_Venvironment_corner,1100,101325,300,243.15,50,2,120,0.4,2,0.015,0.122474487139159,0.0135,0.009,0.094197,65.53218,0.6,88.468443,0.11774625,3000,1500,0.9,5.1033369771e-08,2,243.15,1000000,1,1,1000000,1,900,300,300,330,0,1,environment_corner,1,1,1.5,1,1,1,1,NaN,100,48,0.9,0.6,1,probe,3000,1,0,1,,"",343.310565083085,320.512078860644,267.491664804874,61.6766501844565,0.0984707384789055,0.114153766068987,10.1222421509476,6.07334529056855,10.1222421509476,11.9085201775854,10.4657850346515,12.3126882760606,0,-13.3105650830855,-20.5120788606441,20.5120788606441,0.0111933529782369,1.11933529782369
16,env_T243.15_Q1500_eps0.9,environment_corner,Qs1100_P101325_Ta243.15_A22_h250_Qsol1500_eps0.9_G1000000_Ars1_A1s1_Ds1.5_Ps1_R1s1_R3s1_Fs1_Ef0.6_Tcl300_Tsl330_St1_Venvironment_corner,1100,101325,300,243.15,50,2,120,0.4,2,0.015,0.122474487139159,0.0135,0.009,0.094197,65.53218,0.6,88.468443,0.11774625,3000,1500,0.9,5.1033369771e-08,2,243.15,1000000,1,1,1000000,1,900,300,300,330,0,1,environment_corner,1,1,1.5,1,1,1,1,NaN,100,48,0.9,0.6,1,probe,4000,1.33333333333333,0,1,,"",330.942383656702,308.069103267277,267.58633227708,89.2519658381934,0.139315701509309,0.161976540887569,20.7236670530547,12.4342002318328,20.7236670530547,24.3807847682997,25.611154808363,30.13077036278,0,-0.942383656702134,-8.06910326727677,8.06910326727677,0.0273916094207091,2.73916094207091
16,env_T243.15_Q1500_eps0.9,environment_corner,Qs1100_P101325_Ta243.15_A22_h250_Qsol1500_eps0.9_G1000000_Ars1_A1s1_Ds1.5_Ps1_R1s1_R3s1_Fs1_Ef0.6_Tcl300_Tsl330_St1_Venvironment_corner,1100,101325,300,243.15,50,2,120,0.4,2,0.015,0.122474487139159,0.0135,0.009,0.094197,65.53218,0.6,88.468443,0.11774625,3000,1500,0.9,5.1033369771e-08,2,243.15,1000000,1,1,1000000,1,900,300,300,330,0,1,environment_corner,1,1,1.5,1,1,1,1,NaN,100,48,0.9,0.6,1,probe,5000,1.66666666666667,0,1,,"",323.99630395224,301.100599370122,267.682816386247,121.708111161955,0.178055827008835,0.207332397825462,36.1180639777087,21.6708383866252,36.1180639777087,42.491839973775,50.7187297850736,59.6690938647925,0,6.00369604776012,-1.10059937012198,1.10059937012198,0.054244630786175,5.4244630786175
16,env_T243.15_Q1500_eps0.9,environment_corner,Qs1100_P101325_Ta243.15_A22_h250_Qsol1500_eps0.9_G1000000_Ars1_A1s1_Ds1.5_Ps1_R1s1_R3s1_Fs1_Ef0.6_Tcl300_Tsl330_St1_Venvironment_corner,1100,101325,300,243.15,50,2,120,0.4,2,0.015,0.122474487139159,0.0135,0.009,0.094197,65.53218,0.6,88.468443,0.11774625,3000,1500,0.9,5.1033369771e-08,2,243.15,1000000,1,1,1000000,1,900,300,300,330,0,1,environment_corner,1,1,1.5,1,1,1,1,NaN,100,48,0.9,0.6,1,binary_refine,5200,1.73333333333333,1,1,,"",322.969857259545,300.070108238811,267.706801222948,129.561624888132,0.185581074341225,0.216140493120205,40.0736425668905,24.0441855401343,40.0736425668905,47.1454618434006,57.1315819299642,67.2136257999579,0,7.03014274045523,-0.0701082388106329,0.0701082388106329,0.0611032961817799,6.11032961817799
16,env_T243.15_Q1500_eps0.9,environment_corner,Qs1100_P101325_Ta243.15_A22_h250_Qsol1500_eps0.9_G1000000_Ars1_A1s1_Ds1.5_Ps1_R1s1_R3s1_Fs1_Ef0.6_Tcl300_Tsl330_St1_Venvironment_corner,1100,101325,300,243.15,50,2,120,0.4,2,0.015,0.122474487139159,0.0135,0.009,0.094197,65.53218,0.6,88.468443,0.11774625,3000,1500,0.9,5.1033369771e-08,2,243.15,1000000,1,1,1000000,1,900,300,300,330,0,1,environment_corner,1,1,1.5,1,1,1,1,NaN,100,48,0.9,0.6,1,binary_refine,5225,1.74166666666667,1,1,,"",322.843217988694,299.944745684436,267.709075052152,130.591884695641,0.18651511738307,0.217233774485641,40.5956011721398,24.3573607032839,40.5956011721398,47.7595307907527,57.9679581362964,68.1975978074076,1,7.15678201130623,0.0552543155642411,-0.0552543155642411,0.0619978161885523,6.19978161885523
16,env_T243.15_Q1500_eps0.9,environment_corner,Qs1100_P101325_Ta243.15_A22_h250_Qsol1500_eps0.9_G1000000_Ars1_A1s1_Ds1.5_Ps1_R1s1_R3s1_Fs1_Ef0.6_Tcl300_Tsl330_St1_Venvironment_corner,1100,101325,300,243.15,50,2,120,0.4,2,0.015,0.122474487139159,0.0135,0.009,0.094197,65.53218,0.6,88.468443,0.11774625,3000,1500,0.9,5.1033369771e-08,2,243.15,1000000,1,1,1000000,1,900,300,300,330,0,1,environment_corner,1,1,1.5,1,1,1,1,NaN,100,48,0.9,0.6,1,binary_refine,5250,1.75,1,1,,"",322.722947519533,299.824034496878,267.712231181091,131.633969926991,0.187447588617372,0.218325102736452,41.1241170715768,24.6744702429461,41.1241170715768,48.3813142018551,58.8121420673454,69.1907553733476,1,7.27705248046738,0.175965503121915,-0.175965503121915,0.0629006867030433,6.29006867030433
16,env_T243.15_Q1500_eps0.9,environment_corner,Qs1100_P101325_Ta243.15_A22_h250_Qsol1500_eps0.9_G1000000_Ars1_A1s1_Ds1.5_Ps1_R1s1_R3s1_Fs1_Ef0.6_Tcl300_Tsl330_St1_Venvironment_corner,1100,101325,300,243.15,50,2,120,0.4,2,0.015,0.122474487139159,0.0135,0.009,0.094197,65.53218,0.6,88.468443,0.11774625,3000,1500,0.9,5.1033369771e-08,2,243.15,1000000,1,1,1000000,1,900,300,300,330,0,1,environment_corner,1,1,1.5,1,1,1,1,NaN,100,48,0.9,0.6,1,binary_refine,5300,1.76666666666667,1,1,,"",322.489331642175,299.5886038591,267.719115191674,133.754255168909,0.18930781154928,0.220502133613495,42.2012088857167,25.32072533143,42.2012088857167,49.6484810420197,60.5240511588294,71.204766069211,1,7.51066835782467,0.411396140899967,-0.411396140899967,0.0647316055174646,6.47316055174646
16,env_T243.15_Q1500_eps0.9,environment_corner,Qs1100_P101325_Ta243.15_A22_h250_Qsol1500_eps0.9_G1000000_Ars1_A1s1_Ds1.5_Ps1_R1s1_R3s1_Fs1_Ef0.6_Tcl300_Tsl330_St1_Venvironment_corner,1100,101325,300,243.15,50,2,120,0.4,2,0.015,0.122474487139159,0.0135,0.009,0.094197,65.53218,0.6,88.468443,0.11774625,3000,1500,0.9,5.1033369771e-08,2,243.15,1000000,1,1,1000000,1,900,300,300,330,0,1,environment_corner,1,1,1.5,1,1,1,1,NaN,100,48,0.9,0.6,1,binary_refine,5425,1.80833333333333,1,1,,"",321.918162869628,299.016853854993,267.735055187013,139.274063694378,0.193930590096406,0.225912015736121,45.0158355956252,27.0095013573751,45.0158355956252,52.9598065830885,64.9424720543322,76.4029082992144,1,8.08183713037192,0.983146145007026,-0.983146145007026,0.0694571893629221,6.94571893629221
16,env_T243.15_Q1500_eps0.9,environment_corner,Qs1100_P101325_Ta243.15_A22_h250_Qsol1500_eps0.9_G1000000_Ars1_A1s1_Ds1.5_Ps1_R1s1_R3s1_Fs1_Ef0.6_Tcl300_Tsl330_St1_Venvironment_corner,1100,101325,300,243.15,50,2,120,0.4,2,0.015,0.122474487139159,0.0135,0.009,0.094197,65.53218,0.6,88.468443,0.11774625,3000,1500,0.9,5.1033369771e-08,2,243.15,1000000,1,1,1000000,1,900,300,300,330,0,1,environment_corner,1,1,1.5,1,1,1,1,NaN,100,48,0.9,0.6,1,binary_refine,5875,1.95833333333333,1,1,,"",320.112891844588,297.20741287666,267.801621072157,161.502558674253,0.21032437398497,0.245092425984122,56.6132075835555,33.9679245501333,56.6132075835555,66.6037736277123,82.5592678265747,97.1285503842055,1,9.88710815541168,2.79258712333973,-2.79258712333973,0.0882986821674595,8.82986821674596
16,env_T243.15_Q1500_eps0.9,environment_corner,Qs1100_P101325_Ta243.15_A22_h250_Qsol1500_eps0.9_G1000000_Ars1_A1s1_Ds1.5_Ps1_R1s1_R3s1_Fs1_Ef0.6_Tcl300_Tsl330_St1_Venvironment_corner,1100,101325,300,243.15,50,2,120,0.4,2,0.015,0.122474487139159,0.0135,0.009,0.094197,65.53218,0.6,88.468443,0.11774625,3000,1500,0.9,5.1033369771e-08,2,243.15,1000000,1,1,1000000,1,900,300,300,330,0,1,environment_corner,1,1,1.5,1,1,1,1,NaN,100,48,0.9,0.6,1,expanded_probe,6750,2.25,1,1,,"",317.349986904532,294.441025236286,267.960532511295,210.376027132418,0.24205534026493,0.282199269717475,84.8710680518694,50.9226408311217,84.8710680518694,99.8483153551405,125.351380416435,147.472212254629,1,12.6500130954684,5.55897476371359,-5.55897476371359,0.134065647504208,13.4065647504208
17,conv_baseline_time_1.0x,convergence_check,Qs1100_P101325_Ta223.15_A22_h250_Qsol500_eps1e-15_G1000000_Ars1_A1s1_Ds1.5_Ps1_R1s1_R3s1_Fs1_Ef0.6_Tcl300_Tsl330_St1_Vconv_baseline,1100,101325,300,223.15,50,2,120,0.4,2,0.015,0.122474487139159,0.0135,0.009,0.094197,65.53218,0.6,88.468443,0.11774625,3000,500,1e-15,5.670374419e-23,2,223.15,1000000,1,1,1000000,1,900,300,300,330,0,1,conv_baseline,1,1,1.5,1,1,1,1,NaN,100,48,0.9,0.6,1,probe,750,0.25,0,1,,"",545.044745178796,534.953865402437,232.94062521451,5.38434977570432,0.00760102204844652,0.00855103646143494,0.0682109356027944,0.0409265613616766,0.0682109356027944,0.0802481595326993,0.125889649328786,0.148105469798572,0,-215.044745178796,-234.953865402437,234.953865402437,0.00013464133618052,0.013464133618052
17,conv_baseline_time_1.0x,convergence_check,Qs1100_P101325_Ta223.15_A22_h250_Qsol500_eps1e-15_G1000000_Ars1_A1s1_Ds1.5_Ps1_R1s1_R3s1_Fs1_Ef0.6_Tcl300_Tsl330_St1_Vconv_baseline,1100,101325,300,223.15,50,2,120,0.4,2,0.015,0.122474487139159,0.0135,0.009,0.094197,65.53218,0.6,88.468443,0.11774625,3000,500,1e-15,5.670374419e-23,2,223.15,1000000,1,1,1000000,1,900,300,300,330,0,1,conv_baseline,1,1,1.5,1,1,1,1,NaN,100,48,0.9,0.6,1,probe,1000,0.333333333333333,0,1,,"",455.587610022493,436.996179121416,237.020335747206,9.28912124265723,0.0145219437472427,0.0161753288549024,0.224826826911976,0.134896096147186,0.224826826911976,0.264502149308207,0.316009759106007,0.371776187183538,0,-125.587610022493,-136.996179121416,136.996179121416,0.000337978351985034,0.0337978351985034
17,conv_baseline_time_1.0x,convergence_check,Qs1100_P101325_Ta223.15_A22_h250_Qsol500_eps1e-15_G1000000_Ars1_A1s1_Ds1.5_Ps1_R1s1_R3s1_Fs1_Ef0.6_Tcl300_Tsl330_St1_Vconv_baseline,1100,101325,300,223.15,50,2,120,0.4,2,0.015,0.122474487139159,0.0135,0.009,0.094197,65.53218,0.6,88.468443,0.11774625,3000,500,1e-15,5.670374419e-23,2,223.15,1000000,1,1,1000000,1,900,300,300,330,0,1,conv_baseline,1,1,1.5,1,1,1,1,NaN,100,48,0.9,0.6,1,probe,1500,0.5,0,1,,"",384.625170670117,362.966646254766,238.525596218622,19.5464045152815,0.0315627780480623,0.0358629818906487,1.02823137892245,0.616938827353473,1.02823137892245,1.20968397520289,1.15348048638316,1.35703586633313,0,-54.6251706701174,-62.966646254766,62.966646254766,0.00123366896939376,0.123366896939376
17,conv_baseline_time_1.0x,convergence_check,Qs1100_P101325_Ta223.15_A22_h250_Qsol500_eps1e-15_G1000000_Ars1_A1s1_Ds1.5_Ps1_R1s1_R3s1_Fs1_Ef0.6_Tcl300_Tsl330_St1_Vconv_baseline,1100,101325,300,223.15,50,2,120,0.4,2,0.015,0.122474487139159,0.0135,0.009,0.094197,65.53218,0.6,88.468443,0.11774625,3000,500,1e-15,5.670374419e-23,2,223.15,1000000,1,1,1000000,1,900,300,300,330,0,1,conv_baseline,1,1,1.5,1,1,1,1,NaN,100,48,0.9,0.6,1,probe,2000,0.666666666666667,0,1,,"",348.169936211628,325.622922243968,238.978927780022,32.0904318136818,0.0528985735580424,0.060728735052421,2.82923011300899,1.69753806780539,2.82923011300899,3.32850601530469,2.90088666437632,3.41280784044273,0,-18.169936211628,-25.6229222439679,25.6229222439679,0.00310255258222067,0.310255258222067
17,conv_baseline_time_1.0x,convergence_check,Qs1100_P101325_Ta223.15_A22_h250_Qsol500_eps1e-15_G1000000_Ars1_A1s1_Ds1.5_Ps1_R1s1_R3s1_Fs1_Ef0.6_Tcl300_Tsl330_St1_Vconv_baseline,1100,101325,300,223.15,50,2,120,0.4,2,0.015,0.122474487139159,0.0135,0.009,0.094197,65.53218,0.6,88.468443,0.11774625,3000,500,1e-15,5.670374419e-23,2,223.15,1000000,1,1,1000000,1,900,300,300,330,0,1,conv_baseline,1,1,1.5,1,1,1,1,NaN,100,48,0.9,0.6,1,binary_refine,2500,0.833333333333333,0,1,,"",327.376015649639,304.568847781673,239.129080214721,46.1280684604086,0.0769666656608418,0.0888601619629888,5.91720603795449,3.55032362277269,5.91720603795449,6.96141886818176,5.91883049371982,6.96332999261155,0,2.6239843503609,-4.56884778167324,4.56884778167324,0.00633029999328323,0.633029999328323
17,conv_baseline_time_1.0x,convergence_check,Qs1100_P101325_Ta223.15_A22_h250_Qsol500_eps1e-15_G1000000_Ars1_A1s1_Ds1.5_Ps1_R1s1_R3s1_Fs1_Ef0.6_Tcl300_Tsl330_St1_Vconv_baseline,1100,101325,300,223.15,50,2,120,0.4,2,0.015,0.122474487139159,0.0135,0.009,0.094197,65.53218,0.6,88.468443,0.11774625,3000,500,1e-15,5.670374419e-23,2,223.15,1000000,1,1,1000000,1,900,300,300,330,0,1,conv_baseline,1,1,1.5,1,1,1,1,NaN,100,48,0.9,0.6,1,binary_refine,2625,0.875,0,1,,"",323.63930212929,300.803689067764,239.149527750715,49.7922056891184,0.0831919895733757,0.0961424980725833,6.90385442754086,4.14231265652452,6.90385442754086,8.12218167945984,6.91275814632109,8.1326566427307,0,6.36069787070971,-0.803689067764196,0.803689067764196,0.00739332422066427,0.739332422066427
17,conv_baseline_time_1.0x,convergence_check,Qs1100_P101325_Ta223.15_A22_h250_Qsol500_eps1e-15_G1000000_Ars1_A1s1_Ds1.5_Ps1_R1s1_R3s1_Fs1_Ef0.6_Tcl300_Tsl330_St1_Vconv_baseline,1100,101325,300,223.15,50,2,120,0.4,2,0.015,0.122474487139159,0.0135,0.009,0.094197,65.53218,0.6,88.468443,0.11774625,3000,500,1e-15,5.670374419e-23,2,223.15,1000000,1,1,1000000,1,900,300,300,330,0,1,conv_baseline,1,1,1.5,1,1,1,1,NaN,100,48,0.9,0.6,1,binary_refine,2650,0.883333333333333,0,1,,"",322.971699985001,300.132690129286,239.152446542645,50.497012390059,0.0843842668821001,0.097537448390177,7.10192228378576,4.26115337027146,7.10192228378576,8.35520268680678,7.12394353937842,8.38111004632756,0,7.02830001499865,-0.132690129285891,0.132690129285891,0.00761919095120687,0.761919095120687
17,conv_baseline_time_1.0x,convergence_check,Qs1100_P101325_Ta223.15_A22_h250_Qsol500_eps1e-15_G1000000_Ars1_A1s1_Ds1.5_Ps1_R1s1_R3s1_Fs1_Ef0.6_Tcl300_Tsl330_St1_Vconv_baseline,1100,101325,300,223.15,50,2,120,0.4,2,0.015,0.122474487139159,0.0135,0.009,0.094197,65.53218,0.6,88.468443,0.11774625,3000,500,1e-15,5.670374419e-23,2,223.15,1000000,1,1,1000000,1,900,300,300,330,0,1,conv_baseline,1,1,1.5,1,1,1,1,NaN,100,48,0.9,0.6,1,binary_refine,2675,0.891666666666667,0,1,,"",322.340421394146,299.496038005097,239.156388490289,51.1909448601218,0.0855553713905404,0.098907579024223,7.299433832234,4.3796602993404,7.299433832234,8.58756921439294,7.33927670278419,8.6344431797461,1,7.65957860585416,0.503961994902909,-0.503961994902909,0.00784949379976919,0.784949379976919
17,conv_baseline_time_1.0x,convergence_check,Qs1100_P101325_Ta223.15_A22_h250_Qsol500_eps1e-15_G1000000_Ars1_A1s1_Ds1.5_Ps1_R1s1_R3s1_Fs1_Ef0.6_Tcl300_Tsl330_St1_Vconv_baseline,1100,101325,300,223.15,50,2,120,0.4,2,0.015,0.122474487139159,0.0135,0.009,0.094197,65.53218,0.6,88.468443,0.11774625,3000,500,1e-15,5.670374419e-23,2,223.15,1000000,1,1,1000000,1,900,300,300,330,0,1,conv_baseline,1,1,1.5,1,1,1,1,NaN,100,48,0.9,0.6,1,binary_refine,2750,0.916666666666667,0,1,,"",320.570464856137,297.713401707564,239.166459529173,53.2243818772913,0.0889753702719271,0.102909115769181,7.89276514171073,4.73565908502644,7.89276514171073,9.28560604907145,8.01056073367994,9.42418909844699,1,9.42953514386267,2.28659829243566,-2.28659829243566,0.00856744463495181,0.856744463495181
17,conv_baseline_time_1.0x,convergence_check,Qs1100_P101325_Ta223.15_A22_h250_Qsol500_eps1e-15_G1000000_Ars1_A1s1_Ds1.5_Ps1_R1s1_R3s1_Fs1_Ef0.6_Tcl300_Tsl330_St1_Vconv_baseline,1100,101325,300,223.15,50,2,120,0.4,2,0.015,0.122474487139159,0.0135,0.009,0.094197,65.53218,0.6,88.468443,0.11774625,3000,500,1e-15,5.670374419e-23,2,223.15,1000000,1,1,1000000,1,900,300,300,330,0,1,conv_baseline,1,1,1.5,1,1,1,1,NaN,100,48,0.9,0.6,1,probe,3000,1,0,1,,"",315.638307453274,292.755082815474,239.192213124968,59.7481715662919,0.0998011623317619,0.115577969433325,9.93822828252243,5.96293696951346,9.93822828252243,11.6920332735558,10.533497336009,12.3923498070694,1,14.3616925467256,7.24491718452646,-7.24491718452646,0.0112657725518813,1.12657725518813
18,conv_baseline_time_2.0x,convergence_check,Qs1100_P101325_Ta223.15_A22_h250_Qsol500_eps1e-15_G1000000_Ars1_A1s1_Ds1.5_Ps1_R1s1_R3s1_Fs1_Ef0.6_Tcl300_Tsl330_St2_Vconv_baseline,1100,101325,300,223.15,50,2,120,0.4,2,0.015,0.122474487139159,0.0135,0.009,0.094197,65.53218,0.6,88.468443,0.11774625,3000,500,1e-15,5.670374419e-23,2,223.15,1000000,1,1,1000000,1,900,300,300,330,0,2,conv_baseline,1,1,1.5,1,1,1,1,NaN,100,48,0.9,0.6,1,probe,750,0.25,0,0,physmod:common:simtypes:assert:Assertion,"다음 사용 중 오류가 발생함: run_fig4d_robustness_rerun>runOneThermalFanCaseV5 (1910번 라인) | ['haps_260818_1722_duct/Solver Configuration']: 시간 6979.326146에서 하나 이상의 어설션이 트리거됩니다. 구체적인 정보를 보려면 원인을 확인하십시오. |  | 오류 발생: run_fig4d_robustness_rerun>evaluateRpmIfNeededV5 (1847번 라인) |     row = runOneThermalFanCaseV5( ... |     ^^^^^^^^^^^^^^^^^^^^^^^^^^^^^^^^^ | 오류 발생: run_fig4d_robustness_rerun>adaptiveMinimumFanSearchV5 (1715번 라인) |         [CaseRows, row] = evaluateRpmIfNeededV5( ... |         ^^^^^^^^^^^^^^^^^^^^^^^^^^^^^^^^^^^^^^^^^^^^ | 오류 발생: run_fig4d_robustness_rerun (564번 라인) |     [CaseRows, searchInfo] = adaptiveMinimumFanSearchV5( ... |     ^^^^^^^^^^^^^^^^^^^^^^^^^^^^^^^^^^^^^^^^^^^^^^^^^^^^^^^^ | 원인: |     다음 사용 중 오류가 발생함: Simulink.Simulation.internal.DesktopSimHelper |     포트 B에서의 온도는 최대 유효 온도보다 작거나 같아야 합니다. 어설션 발생 위치: |     블록 경로: <a href=""matlab:open_and_hilite_hyperlink ('haps_260818_1722_duct/Fan (MA)1','error')"">haps_260818_1722_duct/Fan (MA)1</a> |     어설션 위치: |         o (위치 정보가 보호되어 있음) |      |      |     오류 발생: Simulink.Simulation.internal.DesktopSimHelper.sim |      |     오류 발생: Simulink.SimulationInput/sim |      |     오류 발생: run_fig4d_robustness_rerun>runOneThermalFanCaseV5 (1910번 라인) |             out = sim(simIn); |             ^^^^^^^^^^^^^^^^^ |     오류 발생: run_fig4d_robustness_rerun>evaluateRpmIfNeededV5 (1847번 라인) |         row = runOneThermalFanCaseV5( ... |         ^^^^^^^^^^^^^^^^^^^^^^^^^^^^^^^^^ |     오류 발생: run_fig4d_robustness_rerun>adaptiveMinimumFanSearchV5 (1715번 라인) |             [CaseRows, row] = evaluateRpmIfNeededV5( ... |             ^^^^^^^^^^^^^^^^^^^^^^^^^^^^^^^^^^^^^^^^^^^^ |     오류 발생: run_fig4d_robustness_rerun (564번 라인) |         [CaseRows, searchInfo] = adaptiveMinimumFanSearchV5( ... |         ^^^^^^^^^^^^^^^^^^^^^^^^^^^^^^^^^^^^^^^^^^^^^^^^^^^^^^^^ |     다음 사용 중 오류가 발생함: Simulink.Simulation.internal.DesktopSimHelper |     포트 A에서의 온도는 최대 유효 온도보다 작거나 같아야 합니다. 어설션 발생 위치: |     블록 경로: <a href=""matlab:open_and_hilite_hyperlink ('haps_260818_1722_duct/Local Restriction (MA) #1','error')"">haps_260818_1722_duct/Local Restriction (MA) #1</a> |     어설션 위치: |         o <a href=""matlab:opentoline(which('foundation.moist_air.elements.local_restriction'), 277, 5)"">파일 foundation.moist_air.elements.local_restriction의 라인: 277, 열: 5과(와) 라인: 277, 열: 11 사이</a> |      |      |     오류 발생: Simulink.Simulation.internal.DesktopSimHelper.sim |      |     오류 발생: Simulink.SimulationInput/sim |      |     오류 발생: run_fig4d_robustness_rerun>runOneThermalFanCaseV5 (1910번 라인) |             out = sim(simIn); |             ^^^^^^^^^^^^^^^^^ |     오류 발생: run_fig4d_robustness_rerun>evaluateRpmIfNeededV5 (1847번 라인) |         row = runOneThermalFanCaseV5( ... |         ^^^^^^^^^^^^^^^^^^^^^^^^^^^^^^^^^ |     오류 발생: run_fig4d_robustness_rerun>adaptiveMinimumFanSearchV5 (1715번 라인) |             [CaseRows, row] = evaluateRpmIfNeededV5( ... |             ^^^^^^^^^^^^^^^^^^^^^^^^^^^^^^^^^^^^^^^^^^^^ |     오류 발생: run_fig4d_robustness_rerun (564번 라인) |         [CaseRows, searchInfo] = adaptiveMinimumFanSearchV5( ... |         ^^^^^^^^^^^^^^^^^^^^^^^^^^^^^^^^^^^^^^^^^^^^^^^^^^^^^^^^ |     다음 사용 중 오류가 발생함: Simulink.Simulation.internal.DesktopSimHelper |     포트 B에서의 온도는 최대 유효 온도보다 작거나 같아야 합니다. 어설션 발생 위치: |     블록 경로: <a href=""matlab:open_and_hilite_hyperlink ('haps_260818_1722_duct/Local Restriction (MA) #1','error')"">haps_260818_1722_duct/Local Restriction (MA) #1</a> |     어설션 위치: |         o <a href=""matlab:opentoline(which('foundation.moist_air.elements.local_restriction'), 281, 5)"">파일 foundation.moist_air.elements.local_restriction의 라인: 281, 열: 5과(와) 라인: 281, 열: 11 사이</a> |      |      |     오류 발생: Simulink.Simulation.internal.DesktopSimHelper.sim |      |     오류 발생: Simulink.SimulationInput/sim |      |     오류 발생: run_fig4d_robustness_rerun>runOneThermalFanCaseV5 (1910번 라인) |             out = sim(simIn); |             ^^^^^^^^^^^^^^^^^ |     오류 발생: run_fig4d_robustness_rerun>evaluateRpmIfNeededV5 (1847번 라인) |         row = runOneThermalFanCaseV5( ... |         ^^^^^^^^^^^^^^^^^^^^^^^^^^^^^^^^^ |     오류 발생: run_fig4d_robustness_rerun>adaptiveMinimumFanSearchV5 (1715번 라인) |             [CaseRows, row] = evaluateRpmIfNeededV5( ... |             ^^^^^^^^^^^^^^^^^^^^^^^^^^^^^^^^^^^^^^^^^^^^ |     오류 발생: run_fig4d_robustness_rerun (564번 라인) |         [CaseRows, searchInfo] = adaptiveMinimumFanSearchV5( ... |         ^^^^^^^^^^^^^^^^^^^^^^^^^^^^^^^^^^^^^^^^^^^^^^^^^^^^^^^^ |     다음 사용 중 오류가 발생함: Simulink.Simulation.internal.DesktopSimHelper |     포트 A에서의 온도는 최대 유효 온도보다 작거나 같아야 합니다. 어설션 발생 위치: |     블록 경로: <a href=""matlab:open_and_hilite_hyperlink ('haps_260818_1722_duct/Pipe (MA)','error')"">haps_260818_1722_duct/Pipe (MA)</a> |     어설션 위치: |         o <a href=""matlab:opentoline(which('foundation.moist_air.elements.pipe'), 975, 5)"">파일 foundation.moist_air.elements.pipe의 라인: 975, 열: 5과(와) 라인: 975, 열: 11 사이</a> |      |      |     오류 발생: Simulink.Simulation.internal.DesktopSimHelper.sim |      |     오류 발생: Simulink.SimulationInput/sim |      |     오류 발생: run_fig4d_robustness_rerun>runOneThermalFanCaseV5 (1910번 라인) |             out = sim(simIn); |             ^^^^^^^^^^^^^^^^^ |     오류 발생: run_fig4d_robustness_rerun>evaluateRpmIfNeededV5 (1847번 라인) |         row = runOneThermalFanCaseV5( ... |         ^^^^^^^^^^^^^^^^^^^^^^^^^^^^^^^^^ |     오류 발생: run_fig4d_robustness_rerun>adaptiveMinimumFanSearchV5 (1715번 라인) |             [CaseRows, row] = evaluateRpmIfNeededV5( ... |             ^^^^^^^^^^^^^^^^^^^^^^^^^^^^^^^^^^^^^^^^^^^^ |     오류 발생: run_fig4d_robustness_rerun (564번 라인) |         [CaseRows, searchInfo] = adaptiveMinimumFanSearchV5( ... |         ^^^^^^^^^^^^^^^^^^^^^^^^^^^^^^^^^^^^^^^^^^^^^^^^^^^^^^^^",NaN,NaN,NaN,NaN,NaN,NaN,NaN,NaN,NaN,NaN,NaN,NaN,0,NaN,NaN,NaN,NaN,NaN
18,conv_baseline_time_2.0x,convergence_check,Qs1100_P101325_Ta223.15_A22_h250_Qsol500_eps1e-15_G1000000_Ars1_A1s1_Ds1.5_Ps1_R1s1_R3s1_Fs1_Ef0.6_Tcl300_Tsl330_St2_Vconv_baseline,1100,101325,300,223.15,50,2,120,0.4,2,0.015,0.122474487139159,0.0135,0.009,0.094197,65.53218,0.6,88.468443,0.11774625,3000,500,1e-15,5.670374419e-23,2,223.15,1000000,1,1,1000000,1,900,300,300,330,0,2,conv_baseline,1,1,1.5,1,1,1,1,NaN,100,48,0.9,0.6,1,probe,1000,0.333333333333333,0,1,,"",498.402883659879,476.640812626733,238.582829006776,9.31740918718424,0.0141401517735913,0.0156551098552504,0.219582633405732,0.131749580043439,0.219582633405732,0.258332509889097,0.314485670184675,0.369983141393735,0,-168.402883659879,-176.640812626733,176.640812626733,0.000336348310357941,0.0336348310357941
18,conv_baseline_time_2.0x,convergence_check,Qs1100_P101325_Ta223.15_A22_h250_Qsol500_eps1e-15_G1000000_Ars1_A1s1_Ds1.5_Ps1_R1s1_R3s1_Fs1_Ef0.6_Tcl300_Tsl330_St2_Vconv_baseline,1100,101325,300,223.15,50,2,120,0.4,2,0.015,0.122474487139159,0.0135,0.009,0.094197,65.53218,0.6,88.468443,0.11774625,3000,500,1e-15,5.670374419e-23,2,223.15,1000000,1,1,1000000,1,900,300,300,330,0,2,conv_baseline,1,1,1.5,1,1,1,1,NaN,100,48,0.9,0.6,1,probe,1500,0.5,0,1,,"",393.165376391556,370.362978824581,239.098871094795,19.574878508105,0.0313877968399096,0.0356175792893901,1.02402051629719,0.614412309778314,1.02402051629719,1.20473001917316,1.15194307858598,1.35522715127762,0,-63.1653763915565,-70.3629788245814,70.3629788245814,0.00123202468297966,0.123202468297966
18,conv_baseline_time_2.0x,convergence_check,Qs1100_P101325_Ta223.15_A22_h250_Qsol500_eps1e-15_G1000000_Ars1_A1s1_Ds1.5_Ps1_R1s1_R3s1_Fs1_Ef0.6_Tcl300_Tsl330_St2_Vconv_baseline,1100,101325,300,223.15,50,2,120,0.4,2,0.015,0.122474487139159,0.0135,0.009,0.094197,65.53218,0.6,88.468443,0.11774625,3000,500,1e-15,5.670374419e-23,2,223.15,1000000,1,1,1000000,1,900,300,300,330,0,2,conv_baseline,1,1,1.5,1,1,1,1,NaN,100,48,0.9,0.6,1,probe,2000,0.666666666666667,0,1,,"",350.109165968868,327.206248935208,239.159969481303,32.1082152493909,0.0528335070375619,0.0606374059401289,2.82731602723708,1.69638961634225,2.82731602723708,3.32625414969068,2.89989898006293,3.41164585889756,0,-20.1091659688677,-27.2062489352076,27.2062489352076,0.00310149623536142,0.310149623536142
18,conv_baseline_time_2.0x,convergence_check,Qs1100_P101325_Ta223.15_A22_h250_Qsol500_eps1e-15_G1000000_Ars1_A1s1_Ds1.5_Ps1_R1s1_R3s1_Fs1_Ef0.6_Tcl300_Tsl330_St2_Vconv_baseline,1100,101325,300,223.15,50,2,120,0.4,2,0.015,0.122474487139159,0.0135,0.009,0.094197,65.53218,0.6,88.468443,0.11774625,3000,500,1e-15,5.670374419e-23,2,223.15,1000000,1,1,1000000,1,900,300,300,330,0,2,conv_baseline,1,1,1.5,1,1,1,1,NaN,100,48,0.9,0.6,1,binary_refine,2500,0.833333333333333,0,1,,"",327.851672503529,304.937000651682,239.184472104999,46.136379595453,0.0769457757295831,0.0888306056095952,5.91666586221107,3.54999951732664,5.91666586221107,6.96078336730714,5.91835214929901,6.96276723446942,0,2.14832749647144,-4.93700065168161,4.93700065168161,0.0063297883949722,0.63297883949722
18,conv_baseline_time_2.0x,convergence_check,Qs1100_P101325_Ta223.15_A22_h250_Qsol500_eps1e-15_G1000000_Ars1_A1s1_Ds1.5_Ps1_R1s1_R3s1_Fs1_Ef0.6_Tcl300_Tsl330_St2_Vconv_baseline,1100,101325,300,223.15,50,2,120,0.4,2,0.015,0.122474487139159,0.0135,0.009,0.094197,65.53218,0.6,88.468443,0.11774625,3000,500,1e-15,5.670374419e-23,2,223.15,1000000,1,1,1000000,1,900,300,300,330,0,2,conv_baseline,1,1,1.5,1,1,1,1,NaN,100,48,0.9,0.6,1,binary_refine,2625,0.875,0,1,,"",323.977553738281,301.062052697731,239.190820361793,49.8000122382655,0.0831783977279741,0.0961227103380322,6.90380870802071,4.14228522481242,6.90380870802071,8.12212789178907,6.91237547922773,8.13220644615027,0,6.02244626171887,-1.0620526977313,1.0620526977313,0.0073929149510457,0.73929149510457
18,conv_baseline_time_2.0x,convergence_check,Qs1100_P101325_Ta223.15_A22_h250_Qsol500_eps1e-15_G1000000_Ars1_A1s1_Ds1.5_Ps1_R1s1_R3s1_Fs1_Ef0.6_Tcl300_Tsl330_St2_Vconv_baseline,1100,101325,300,223.15,50,2,120,0.4,2,0.015,0.122474487139159,0.0135,0.009,0.094197,65.53218,0.6,88.468443,0.11774625,3000,500,1e-15,5.670374419e-23,2,223.15,1000000,1,1,1000000,1,900,300,300,330,0,2,conv_baseline,1,1,1.5,1,1,1,1,NaN,100,48,0.9,0.6,1,binary_refine,2650,0.883333333333333,0,1,,"",323.293331912909,300.37769425354,239.192079935595,50.5050605328979,0.0843720350321144,0.0975193977586355,7.10202456096787,4.26121473658072,7.10202456096787,8.35532301290337,7.12357417060839,8.3806754948334,0,6.7066680870908,-0.377694253540426,0.377694253540426,0.007618795904394,0.7618795904394
18,conv_baseline_time_2.0x,convergence_check,Qs1100_P101325_Ta223.15_A22_h250_Qsol500_eps1e-15_G1000000_Ars1_A1s1_Ds1.5_Ps1_R1s1_R3s1_Fs1_Ef0.6_Tcl300_Tsl330_St2_Vconv_baseline,1100,101325,300,223.15,50,2,120,0.4,2,0.015,0.122474487139159,0.0135,0.009,0.094197,65.53218,0.6,88.468443,0.11774625,3000,500,1e-15,5.670374419e-23,2,223.15,1000000,1,1,1000000,1,900,300,300,330,0,2,conv_baseline,1,1,1.5,1,1,1,1,NaN,100,48,0.9,0.6,1,binary_refine,2675,0.891666666666667,0,1,,"",322.637362039921,299.721652426652,239.193302589724,51.1988807485953,0.0855446102739778,0.0988914967363776,7.29964716683741,4.37978830010245,7.29964716683741,8.58782019627931,7.33893104530359,8.63403652388657,1,7.36263796007933,0.27834757334773,-0.27834757334773,0.00784912411262416,0.784912411262416
18,conv_baseline_time_2.0x,convergence_check,Qs1100_P101325_Ta223.15_A22_h250_Qsol500_eps1e-15_G1000000_Ars1_A1s1_Ds1.5_Ps1_R1s1_R3s1_Fs1_Ef0.6_Tcl300_Tsl330_St2_Vconv_baseline,1100,101325,300,223.15,50,2,120,0.4,2,0.015,0.122474487139159,0.0135,0.009,0.094197,65.53218,0.6,88.468443,0.11774625,3000,500,1e-15,5.670374419e-23,2,223.15,1000000,1,1,1000000,1,900,300,300,330,0,2,conv_baseline,1,1,1.5,1,1,1,1,NaN,100,48,0.9,0.6,1,binary_refine,2750,0.916666666666667,0,1,,"",320.810270771966,297.894311548798,239.196992342108,53.2317892922001,0.0889676349035594,0.102897155829243,7.89317732501944,4.73590639501166,7.89317732501944,9.2860909706111,8.01027140963213,9.42384871721427,1,9.1897292280342,2.10568845120207,-2.10568845120207,0.00856713519746752,0.856713519746752
18,conv_baseline_time_2.0x,convergence_check,Qs1100_P101325_Ta223.15_A22_h250_Qsol500_eps1e-15_G1000000_Ars1_A1s1_Ds1.5_Ps1_R1s1_R3s1_Fs1_Ef0.6_Tcl300_Tsl330_St2_Vconv_baseline,1100,101325,300,223.15,50,2,120,0.4,2,0.015,0.122474487139159,0.0135,0.009,0.094197,65.53218,0.6,88.468443,0.11774625,3000,500,1e-15,5.670374419e-23,2,223.15,1000000,1,1,1000000,1,900,300,300,330,0,2,conv_baseline,1,1,1.5,1,1,1,1,NaN,100,48,0.9,0.6,1,probe,3000,1,0,1,,"",315.765460450013,292.849084995295,239.209480865138,59.7532646709878,0.0997979367666919,0.115572512288615,9.93875421539775,5.96325252923865,9.93875421539775,11.692652018115,10.5333274046229,12.3921498877916,1,14.2345395499868,7.15091500470533,-7.15091500470533,0.0112655908070833,1.12655908070833
19,conv_adverse_environment_time_1.0x,convergence_check,Qs1100_P101325_Ta243.15_A22_h250_Qsol1500_eps0.3_G1000000_Ars1_A1s1_Ds1.5_Ps1_R1s1_R3s1_Fs1_Ef0.6_Tcl300_Tsl330_St1_Vconv_adverse_environment,1100,101325,300,243.15,50,2,120,0.4,2,0.015,0.122474487139159,0.0135,0.009,0.094197,65.53218,0.6,88.468443,0.11774625,3000,1500,0.3,1.7011123257e-08,2,243.15,1000000,1,1,1000000,1,900,300,300,330,0,1,conv_adverse_environment,1,1,1.5,1,1,1,1,NaN,100,48,0.9,0.6,1,probe,750,0.25,0,1,,"",564.642357386163,555.177004833746,262.205405636391,5.39136431502023,0.00742037992880904,0.00837864469452805,0.0666766192534557,0.0400059715520734,0.0666766192534557,0.0784430814746537,0.125480035254413,0.147623570887544,0,-234.642357386163,-255.177004833746,255.177004833746,0.000134203246261404,0.0134203246261404
19,conv_adverse_environment_time_1.0x,convergence_check,Qs1100_P101325_Ta243.15_A22_h250_Qsol1500_eps0.3_G1000000_Ars1_A1s1_Ds1.5_Ps1_R1s1_R3s1_Fs1_Ef0.6_Tcl300_Tsl330_St1_Vconv_adverse_environment,1100,101325,300,243.15,50,2,120,0.4,2,0.015,0.122474487139159,0.0135,0.009,0.094197,65.53218,0.6,88.468443,0.11774625,3000,1500,0.3,1.7011123257e-08,2,243.15,1000000,1,1,1000000,1,900,300,300,330,0,1,conv_adverse_environment,1,1,1.5,1,1,1,1,NaN,100,48,0.9,0.6,1,probe,1000,0.333333333333333,0,1,,"",478.813585995894,460.947964662664,266.146716722935,9.32121744006387,0.0140879405680611,0.0157523163134506,0.218861262195991,0.131316757317595,0.218861262195991,0.257483837877637,0.31427712919278,0.369737799050329,0,-148.813585995894,-160.947964662664,160.947964662664,0.000336125271863936,0.0336125271863936
19,conv_adverse_environment_time_1.0x,convergence_check,Qs1100_P101325_Ta243.15_A22_h250_Qsol1500_eps0.3_G1000000_Ars1_A1s1_Ds1.5_Ps1_R1s1_R3s1_Fs1_Ef0.6_Tcl300_Tsl330_St1_Vconv_adverse_environment,1100,101325,300,243.15,50,2,120,0.4,2,0.015,0.122474487139159,0.0135,0.009,0.094197,65.53218,0.6,88.468443,0.11774625,3000,1500,0.3,1.7011123257e-08,2,243.15,1000000,1,1,1000000,1,900,300,300,330,0,1,conv_adverse_environment,1,1,1.5,1,1,1,1,NaN,100,48,0.9,0.6,1,probe,1500,0.5,0,1,,"",412.286518534947,391.020813366434,267.769661055707,19.7079924856419,0.0305564613436527,0.0347942527045116,1.00367751758086,0.602206510548515,1.00367751758086,1.18079707950689,1.14462870358164,1.34662200421369,0,-82.2865185349472,-91.0208133664337,91.0208133664337,0.00122420182201245,0.122420182201245
19,conv_adverse_environment_time_1.0x,convergence_check,Qs1100_P101325_Ta243.15_A22_h250_Qsol1500_eps0.3_G1000000_Ars1_A1s1_Ds1.5_Ps1_R1s1_R3s1_Fs1_Ef0.6_Tcl300_Tsl330_St1_Vconv_adverse_environment,1100,101325,300,243.15,50,2,120,0.4,2,0.015,0.122474487139159,0.0135,0.009,0.094197,65.53218,0.6,88.468443,0.11774625,3000,1500,0.3,1.7011123257e-08,2,243.15,1000000,1,1,1000000,1,900,300,300,330,0,1,conv_adverse_environment,1,1,1.5,1,1,1,1,NaN,100,48,0.9,0.6,1,probe,2000,0.666666666666667,0,1,,"",376.878440986394,354.581416165951,268.278731945845,32.5294004446502,0.0512683190453669,0.0589430787467009,2.77954613391804,1.66772768035083,2.77954613391804,3.2700542751977,2.87607787055381,3.38362102418095,0,-46.8784409863942,-54.5814161659509,54.5814161659509,0.00307601911289178,0.307601911289178
19,conv_adverse_environment_time_1.0x,convergence_check,Qs1100_P101325_Ta243.15_A22_h250_Qsol1500_eps0.3_G1000000_Ars1_A1s1_Ds1.5_Ps1_R1s1_R3s1_Fs1_Ef0.6_Tcl300_Tsl330_St1_Vconv_adverse_environment,1100,101325,300,243.15,50,2,120,0.4,2,0.015,0.122474487139159,0.0135,0.009,0.094197,65.53218,0.6,88.468443,0.11774625,3000,1500,0.3,1.7011123257e-08,2,243.15,1000000,1,1,1000000,1,900,300,300,330,0,1,conv_adverse_environment,1,1,1.5,1,1,1,1,NaN,100,48,0.9,0.6,1,probe,3000,1,0,1,,"",344.343537671761,321.553715430589,268.564107729011,61.7446211302255,0.0984190405962497,0.114098115467773,10.1280772893595,6.07684637361572,10.1280772893595,11.9153850463053,10.4632547613087,12.3097114838926,0,-14.3435376717615,-21.5537154305891,21.5537154305891,0.0111906468035388,1.11906468035388
19,conv_adverse_environment_time_1.0x,convergence_check,Qs1100_P101325_Ta243.15_A22_h250_Qsol1500_eps0.3_G1000000_Ars1_A1s1_Ds1.5_Ps1_R1s1_R3s1_Fs1_Ef0.6_Tcl300_Tsl330_St1_Vconv_adverse_environment,1100,101325,300,243.15,50,2,120,0.4,2,0.015,0.122474487139159,0.0135,0.009,0.094197,65.53218,0.6,88.468443,0.11774625,3000,1500,0.3,1.7011123257e-08,2,243.15,1000000,1,1,1000000,1,900,300,300,330,0,1,conv_adverse_environment,1,1,1.5,1,1,1,1,NaN,100,48,0.9,0.6,1,probe,4000,1.33333333333333,0,1,,"",332.000937329689,309.129597501656,268.667147440142,89.3647153650309,0.139281748293124,0.161941801098768,20.7447896529315,12.4468737917589,20.7447896529315,24.4056348858018,25.607393524357,30.1263453227729,0,-2.00093732968918,-9.12959750165567,9.12959750165567,0.0273875866570663,2.73875866570663
19,conv_adverse_environment_time_1.0x,convergence_check,Qs1100_P101325_Ta243.15_A22_h250_Qsol1500_eps0.3_G1000000_Ars1_A1s1_Ds1.5_Ps1_R1s1_R3s1_Fs1_Ef0.6_Tcl300_Tsl330_St1_Vconv_adverse_environment,1100,101325,300,243.15,50,2,120,0.4,2,0.015,0.122474487139159,0.0135,0.009,0.094197,65.53218,0.6,88.468443,0.11774625,3000,1500,0.3,1.7011123257e-08,2,243.15,1000000,1,1,1000000,1,900,300,300,330,0,1,conv_adverse_environment,1,1,1.5,1,1,1,1,NaN,100,48,0.9,0.6,1,probe,5000,1.66666666666667,0,1,,"",325.063564791972,302.168776015835,268.769106366544,121.816474948968,0.178033782193344,0.207311913839126,36.1457462810426,21.6874477686256,36.1457462810426,42.5244073894619,50.7146998200394,59.6643527294582,0,4.93643520802846,-2.16877601583485,2.16877601583485,0.0542403206631438,5.42403206631438
19,conv_adverse_environment_time_1.0x,convergence_check,Qs1100_P101325_Ta243.15_A22_h250_Qsol1500_eps0.3_G1000000_Ars1_A1s1_Ds1.5_Ps1_R1s1_R3s1_Fs1_Ef0.6_Tcl300_Tsl330_St1_Vconv_adverse_environment,1100,101325,300,243.15,50,2,120,0.4,2,0.015,0.122474487139159,0.0135,0.009,0.094197,65.53218,0.6,88.468443,0.11774625,3000,1500,0.3,1.7011123257e-08,2,243.15,1000000,1,1,1000000,1,900,300,300,330,0,1,conv_adverse_environment,1,1,1.5,1,1,1,1,NaN,100,48,0.9,0.6,1,binary_refine,5425,1.80833333333333,1,1,,"",322.98310431687,300.084343509248,268.823103468419,139.346642967161,0.193917342823371,0.225902131799903,45.0362178925814,27.0217307355488,45.0362178925814,52.9837857559781,64.9395975743545,76.3995265580641,0,7.01689568312992,-0.0843435092484128,0.0843435092484128,0.0694541150527856,6.94541150527855
19,conv_adverse_environment_time_1.0x,convergence_check,Qs1100_P101325_Ta243.15_A22_h250_Qsol1500_eps0.3_G1000000_Ars1_A1s1_Ds1.5_Ps1_R1s1_R3s1_Fs1_Ef0.6_Tcl300_Tsl330_St1_Vconv_adverse_environment,1100,101325,300,243.15,50,2,120,0.4,2,0.015,0.122474487139159,0.0135,0.009,0.094197,65.53218,0.6,88.468443,0.11774625,3000,1500,0.3,1.7011123257e-08,2,243.15,1000000,1,1,1000000,1,900,300,300,330,0,1,conv_adverse_environment,1,1,1.5,1,1,1,1,NaN,100,48,0.9,0.6,1,binary_refine,5450,1.81666666666667,1,1,,"",322.873291725881,299.974317524989,268.826625911216,140.486496677569,0.194837728874804,0.226979162989681,45.6201165837255,27.3720699502353,45.6201165837255,53.6707253926182,65.847386670593,77.4675137301094,1,7.12670827411881,0.0256824750109104,-0.0256824750109104,0.0704250124819177,7.04250124819177
19,conv_adverse_environment_time_1.0x,convergence_check,Qs1100_P101325_Ta243.15_A22_h250_Qsol1500_eps0.3_G1000000_Ars1_A1s1_Ds1.5_Ps1_R1s1_R3s1_Fs1_Ef0.6_Tcl300_Tsl330_St1_Vconv_adverse_environment,1100,101325,300,243.15,50,2,120,0.4,2,0.015,0.122474487139159,0.0135,0.009,0.094197,65.53218,0.6,88.468443,0.11774625,3000,1500,0.3,1.7011123257e-08,2,243.15,1000000,1,1,1000000,1,900,300,300,330,0,1,conv_adverse_environment,1,1,1.5,1,1,1,1,NaN,100,48,0.9,0.6,1,binary_refine,5475,1.825,1,1,,"",322.768522816237,299.868007542237,268.830882648589,141.639295550604,0.195756576979629,0.228054309919081,46.2113727713204,27.7268236627922,46.2113727713204,54.3663209074357,66.7632578259864,78.5450092070428,1,7.23147718376327,0.131992457763488,-0.131992457763488,0.0714045538245844,7.14045538245844
19,conv_adverse_environment_time_1.0x,convergence_check,Qs1100_P101325_Ta243.15_A22_h250_Qsol1500_eps0.3_G1000000_Ars1_A1s1_Ds1.5_Ps1_R1s1_R3s1_Fs1_Ef0.6_Tcl300_Tsl330_St1_Vconv_adverse_environment,1100,101325,300,243.15,50,2,120,0.4,2,0.015,0.122474487139159,0.0135,0.009,0.094197,65.53218,0.6,88.468443,0.11774625,3000,1500,0.3,1.7011123257e-08,2,243.15,1000000,1,1,1000000,1,900,300,300,330,0,1,conv_adverse_environment,1,1,1.5,1,1,1,1,NaN,100,48,0.9,0.6,1,binary_refine,5525,1.84166666666667,1,1,,"",322.551894919379,299.652129899146,268.837530541209,143.98327250314,0.197589840036019,0.230199548028132,47.4160529695965,28.4496317817579,47.4160529695965,55.7835917289371,68.6194040741926,80.7287106755207,1,7.44810508062096,0.347870100854095,-0.347870100854095,0.0733897369777461,7.33897369777461
19,conv_adverse_environment_time_1.0x,convergence_check,Qs1100_P101325_Ta243.15_A22_h250_Qsol1500_eps0.3_G1000000_Ars1_A1s1_Ds1.5_Ps1_R1s1_R3s1_Fs1_Ef0.6_Tcl300_Tsl330_St1_Vconv_adverse_environment,1100,101325,300,243.15,50,2,120,0.4,2,0.015,0.122474487139159,0.0135,0.009,0.094197,65.53218,0.6,88.468443,0.11774625,3000,1500,0.3,1.7011123257e-08,2,243.15,1000000,1,1,1000000,1,900,300,300,330,0,1,conv_adverse_environment,1,1,1.5,1,1,1,1,NaN,100,48,0.9,0.6,1,binary_refine,5650,1.88333333333333,1,1,,"",322.041216922711,299.139746954544,268.856767548425,150.0558068834,0.20215016417437,0.235535327042186,50.5563433279947,30.3338059967968,50.5563433279947,59.4780509741114,73.4042154268765,86.3579005022077,1,7.95878307728884,0.860253045456375,-0.860253045456375,0.0785071822747343,7.85071822747343
19,conv_adverse_environment_time_1.0x,convergence_check,Qs1100_P101325_Ta243.15_A22_h250_Qsol1500_eps0.3_G1000000_Ars1_A1s1_Ds1.5_Ps1_R1s1_R3s1_Fs1_Ef0.6_Tcl300_Tsl330_St1_Vconv_adverse_environment,1100,101325,300,243.15,50,2,120,0.4,2,0.015,0.122474487139159,0.0135,0.009,0.094197,65.53218,0.6,88.468443,0.11774625,3000,1500,0.3,1.7011123257e-08,2,243.15,1000000,1,1,1000000,1,900,300,300,330,0,1,conv_adverse_environment,1,1,1.5,1,1,1,1,NaN,100,48,0.9,0.6,1,binary_refine,5875,1.95833333333333,1,1,,"",321.182370821596,298.279201308687,268.893133915226,161.551211036625,0.21031625681243,0.245088791622482,56.6280766478966,33.976845988738,56.6280766478966,66.6212666445843,82.5571958498961,97.1261127645836,1,8.8176291784041,1.72079869131346,-1.72079869131346,0.0882964661496215,8.82964661496215
19,conv_adverse_environment_time_1.0x,convergence_check,Qs1100_P101325_Ta243.15_A22_h250_Qsol1500_eps0.3_G1000000_Ars1_A1s1_Ds1.5_Ps1_R1s1_R3s1_Fs1_Ef0.6_Tcl300_Tsl330_St1_Vconv_adverse_environment,1100,101325,300,243.15,50,2,120,0.4,2,0.015,0.122474487139159,0.0135,0.009,0.094197,65.53218,0.6,88.468443,0.11774625,3000,1500,0.3,1.7011123257e-08,2,243.15,1000000,1,1,1000000,1,900,300,300,330,0,1,conv_adverse_environment,1,1,1.5,1,1,1,1,NaN,100,48,0.9,0.6,1,expanded_probe,6750,2.25,1,1,,"",318.433250532621,295.525229952407,269.060845549115,210.433159252267,0.242047138566268,0.282196025534966,84.8912400941186,50.9347440564711,84.8912400941186,99.8720471695513,125.348607214628,147.468949664268,1,11.5667494673785,4.47477004759259,-4.47477004759259,0.134062681512971,13.4062681512971
20,conv_adverse_environment_time_2.0x,convergence_check,Qs1100_P101325_Ta243.15_A22_h250_Qsol1500_eps0.3_G1000000_Ars1_A1s1_Ds1.5_Ps1_R1s1_R3s1_Fs1_Ef0.6_Tcl300_Tsl330_St2_Vconv_adverse_environment,1100,101325,300,243.15,50,2,120,0.4,2,0.015,0.122474487139159,0.0135,0.009,0.094197,65.53218,0.6,88.468443,0.11774625,3000,1500,0.3,1.7011123257e-08,2,243.15,1000000,1,1,1000000,1,900,300,300,330,0,2,conv_adverse_environment,1,1,1.5,1,1,1,1,NaN,100,48,0.9,0.6,1,probe,750,0.25,0,0,physmod:common:simtypes:assert:Assertion,"다음 사용 중 오류가 발생함: run_fig4d_robustness_rerun>runOneThermalFanCaseV5 (1910번 라인) | ['haps_260818_1722_duct/Solver Configuration']: 시간 6353.337761에서 하나 이상의 어설션이 트리거됩니다. 구체적인 정보를 보려면 원인을 확인하십시오. |  | 오류 발생: run_fig4d_robustness_rerun>evaluateRpmIfNeededV5 (1847번 라인) |     row = runOneThermalFanCaseV5( ... |     ^^^^^^^^^^^^^^^^^^^^^^^^^^^^^^^^^ | 오류 발생: run_fig4d_robustness_rerun>adaptiveMinimumFanSearchV5 (1715번 라인) |         [CaseRows, row] = evaluateRpmIfNeededV5( ... |         ^^^^^^^^^^^^^^^^^^^^^^^^^^^^^^^^^^^^^^^^^^^^ | 오류 발생: run_fig4d_robustness_rerun (564번 라인) |     [CaseRows, searchInfo] = adaptiveMinimumFanSearchV5( ... |     ^^^^^^^^^^^^^^^^^^^^^^^^^^^^^^^^^^^^^^^^^^^^^^^^^^^^^^^^ | 원인: |     다음 사용 중 오류가 발생함: Simulink.Simulation.internal.DesktopSimHelper |     포트 B에서의 온도는 최대 유효 온도보다 작거나 같아야 합니다. 어설션 발생 위치: |     블록 경로: <a href=""matlab:open_and_hilite_hyperlink ('haps_260818_1722_duct/Fan (MA)1','error')"">haps_260818_1722_duct/Fan (MA)1</a> |     어설션 위치: |         o (위치 정보가 보호되어 있음) |      |      |     오류 발생: Simulink.Simulation.internal.DesktopSimHelper.sim |      |     오류 발생: Simulink.SimulationInput/sim |      |     오류 발생: run_fig4d_robustness_rerun>runOneThermalFanCaseV5 (1910번 라인) |             out = sim(simIn); |             ^^^^^^^^^^^^^^^^^ |     오류 발생: run_fig4d_robustness_rerun>evaluateRpmIfNeededV5 (1847번 라인) |         row = runOneThermalFanCaseV5( ... |         ^^^^^^^^^^^^^^^^^^^^^^^^^^^^^^^^^ |     오류 발생: run_fig4d_robustness_rerun>adaptiveMinimumFanSearchV5 (1715번 라인) |             [CaseRows, row] = evaluateRpmIfNeededV5( ... |             ^^^^^^^^^^^^^^^^^^^^^^^^^^^^^^^^^^^^^^^^^^^^ |     오류 발생: run_fig4d_robustness_rerun (564번 라인) |         [CaseRows, searchInfo] = adaptiveMinimumFanSearchV5( ... |         ^^^^^^^^^^^^^^^^^^^^^^^^^^^^^^^^^^^^^^^^^^^^^^^^^^^^^^^^ |     다음 사용 중 오류가 발생함: Simulink.Simulation.internal.DesktopSimHelper |     포트 A에서의 온도는 최대 유효 온도보다 작거나 같아야 합니다. 어설션 발생 위치: |     블록 경로: <a href=""matlab:open_and_hilite_hyperlink ('haps_260818_1722_duct/Local Restriction (MA) #1','error')"">haps_260818_1722_duct/Local Restriction (MA) #1</a> |     어설션 위치: |         o <a href=""matlab:opentoline(which('foundation.moist_air.elements.local_restriction'), 277, 5)"">파일 foundation.moist_air.elements.local_restriction의 라인: 277, 열: 5과(와) 라인: 277, 열: 11 사이</a> |      |      |     오류 발생: Simulink.Simulation.internal.DesktopSimHelper.sim |      |     오류 발생: Simulink.SimulationInput/sim |      |     오류 발생: run_fig4d_robustness_rerun>runOneThermalFanCaseV5 (1910번 라인) |             out = sim(simIn); |             ^^^^^^^^^^^^^^^^^ |     오류 발생: run_fig4d_robustness_rerun>evaluateRpmIfNeededV5 (1847번 라인) |         row = runOneThermalFanCaseV5( ... |         ^^^^^^^^^^^^^^^^^^^^^^^^^^^^^^^^^ |     오류 발생: run_fig4d_robustness_rerun>adaptiveMinimumFanSearchV5 (1715번 라인) |             [CaseRows, row] = evaluateRpmIfNeededV5( ... |             ^^^^^^^^^^^^^^^^^^^^^^^^^^^^^^^^^^^^^^^^^^^^ |     오류 발생: run_fig4d_robustness_rerun (564번 라인) |         [CaseRows, searchInfo] = adaptiveMinimumFanSearchV5( ... |         ^^^^^^^^^^^^^^^^^^^^^^^^^^^^^^^^^^^^^^^^^^^^^^^^^^^^^^^^ |     다음 사용 중 오류가 발생함: Simulink.Simulation.internal.DesktopSimHelper |     포트 B에서의 온도는 최대 유효 온도보다 작거나 같아야 합니다. 어설션 발생 위치: |     블록 경로: <a href=""matlab:open_and_hilite_hyperlink ('haps_260818_1722_duct/Local Restriction (MA) #1','error')"">haps_260818_1722_duct/Local Restriction (MA) #1</a> |     어설션 위치: |         o <a href=""matlab:opentoline(which('foundation.moist_air.elements.local_restriction'), 281, 5)"">파일 foundation.moist_air.elements.local_restriction의 라인: 281, 열: 5과(와) 라인: 281, 열: 11 사이</a> |      |      |     오류 발생: Simulink.Simulation.internal.DesktopSimHelper.sim |      |     오류 발생: Simulink.SimulationInput/sim |      |     오류 발생: run_fig4d_robustness_rerun>runOneThermalFanCaseV5 (1910번 라인) |             out = sim(simIn); |             ^^^^^^^^^^^^^^^^^ |     오류 발생: run_fig4d_robustness_rerun>evaluateRpmIfNeededV5 (1847번 라인) |         row = runOneThermalFanCaseV5( ... |         ^^^^^^^^^^^^^^^^^^^^^^^^^^^^^^^^^ |     오류 발생: run_fig4d_robustness_rerun>adaptiveMinimumFanSearchV5 (1715번 라인) |             [CaseRows, row] = evaluateRpmIfNeededV5( ... |             ^^^^^^^^^^^^^^^^^^^^^^^^^^^^^^^^^^^^^^^^^^^^ |     오류 발생: run_fig4d_robustness_rerun (564번 라인) |         [CaseRows, searchInfo] = adaptiveMinimumFanSearchV5( ... |         ^^^^^^^^^^^^^^^^^^^^^^^^^^^^^^^^^^^^^^^^^^^^^^^^^^^^^^^^ |     다음 사용 중 오류가 발생함: Simulink.Simulation.internal.DesktopSimHelper |     포트 A에서의 온도는 최대 유효 온도보다 작거나 같아야 합니다. 어설션 발생 위치: |     블록 경로: <a href=""matlab:open_and_hilite_hyperlink ('haps_260818_1722_duct/Pipe (MA)','error')"">haps_260818_1722_duct/Pipe (MA)</a> |     어설션 위치: |         o <a href=""matlab:opentoline(which('foundation.moist_air.elements.pipe'), 975, 5)"">파일 foundation.moist_air.elements.pipe의 라인: 975, 열: 5과(와) 라인: 975, 열: 11 사이</a> |      |      |     오류 발생: Simulink.Simulation.internal.DesktopSimHelper.sim |      |     오류 발생: Simulink.SimulationInput/sim |      |     오류 발생: run_fig4d_robustness_rerun>runOneThermalFanCaseV5 (1910번 라인) |             out = sim(simIn); |             ^^^^^^^^^^^^^^^^^ |     오류 발생: run_fig4d_robustness_rerun>evaluateRpmIfNeededV5 (1847번 라인) |         row = runOneThermalFanCaseV5( ... |         ^^^^^^^^^^^^^^^^^^^^^^^^^^^^^^^^^ |     오류 발생: run_fig4d_robustness_rerun>adaptiveMinimumFanSearchV5 (1715번 라인) |             [CaseRows, row] = evaluateRpmIfNeededV5( ... |             ^^^^^^^^^^^^^^^^^^^^^^^^^^^^^^^^^^^^^^^^^^^^ |     오류 발생: run_fig4d_robustness_rerun (564번 라인) |         [CaseRows, searchInfo] = adaptiveMinimumFanSearchV5( ... |         ^^^^^^^^^^^^^^^^^^^^^^^^^^^^^^^^^^^^^^^^^^^^^^^^^^^^^^^^",NaN,NaN,NaN,NaN,NaN,NaN,NaN,NaN,NaN,NaN,NaN,NaN,0,NaN,NaN,NaN,NaN,NaN
20,conv_adverse_environment_time_2.0x,convergence_check,Qs1100_P101325_Ta243.15_A22_h250_Qsol1500_eps0.3_G1000000_Ars1_A1s1_Ds1.5_Ps1_R1s1_R3s1_Fs1_Ef0.6_Tcl300_Tsl330_St2_Vconv_adverse_environment,1100,101325,300,243.15,50,2,120,0.4,2,0.015,0.122474487139159,0.0135,0.009,0.094197,65.53218,0.6,88.468443,0.11774625,3000,1500,0.3,1.7011123257e-08,2,243.15,1000000,1,1,1000000,1,900,300,300,330,0,2,conv_adverse_environment,1,1,1.5,1,1,1,1,NaN,100,48,0.9,0.6,1,probe,1000,0.333333333333333,0,1,,"",529.064638426299,507.513171744811,267.915920223564,9.35042615818869,0.0136810460086668,0.015191947486395,0.213206017451368,0.127923610470821,0.213206017451368,0.250830608766315,0.312650947156529,0.367824643713563,0,-199.064638426299,-207.513171744811,207.513171744811,0.000334386039739603,0.0334386039739603
20,conv_adverse_environment_time_2.0x,convergence_check,Qs1100_P101325_Ta243.15_A22_h250_Qsol1500_eps0.3_G1000000_Ars1_A1s1_Ds1.5_Ps1_R1s1_R3s1_Fs1_Ef0.6_Tcl300_Tsl330_St2_Vconv_adverse_environment,1100,101325,300,243.15,50,2,120,0.4,2,0.015,0.122474487139159,0.0135,0.009,0.094197,65.53218,0.6,88.468443,0.11774625,3000,1500,0.3,1.7011123257e-08,2,243.15,1000000,1,1,1000000,1,900,300,300,330,0,2,conv_adverse_environment,1,1,1.5,1,1,1,1,NaN,100,48,0.9,0.6,1,probe,1500,0.5,0,1,,"",423.487647644385,400.727938754662,268.498433600496,19.7404794179311,0.0303501197282608,0.0345030942860605,0.99854318971246,0.599125913827476,0.99854318971246,1.17475669377936,1.14281070762806,1.34448318544478,0,-93.4876476443847,-100.727938754662,100.727938754662,0.00122225744131343,0.122225744131343
20,conv_adverse_environment_time_2.0x,convergence_check,Qs1100_P101325_Ta243.15_A22_h250_Qsol1500_eps0.3_G1000000_Ars1_A1s1_Ds1.5_Ps1_R1s1_R3s1_Fs1_Ef0.6_Tcl300_Tsl330_St2_Vconv_adverse_environment,1100,101325,300,243.15,50,2,120,0.4,2,0.015,0.122474487139159,0.0135,0.009,0.094197,65.53218,0.6,88.468443,0.11774625,3000,1500,0.3,1.7011123257e-08,2,243.15,1000000,1,1,1000000,1,900,300,300,330,0,2,conv_adverse_environment,1,1,1.5,1,1,1,1,NaN,100,48,0.9,0.6,1,probe,2000,0.666666666666667,0,1,,"",380.129404274367,357.236763719473,268.57349700646,32.5552199749436,0.0511708135183426,0.0588050661480461,2.77646181731077,1.66587709038646,2.77646181731077,3.26642566742443,2.87459004979881,3.38187064682213,0,-50.1294042743673,-57.2367637194729,57.2367637194729,0.00307442786074739,0.307442786074739
20,conv_adverse_environment_time_2.0x,convergence_check,Qs1100_P101325_Ta243.15_A22_h250_Qsol1500_eps0.3_G1000000_Ars1_A1s1_Ds1.5_Ps1_R1s1_R3s1_Fs1_Ef0.6_Tcl300_Tsl330_St2_Vconv_adverse_environment,1100,101325,300,243.15,50,2,120,0.4,2,0.015,0.122474487139159,0.0135,0.009,0.094197,65.53218,0.6,88.468443,0.11774625,3000,1500,0.3,1.7011123257e-08,2,243.15,1000000,1,1,1000000,1,900,300,300,330,0,2,conv_adverse_environment,1,1,1.5,1,1,1,1,NaN,100,48,0.9,0.6,1,probe,3000,1,0,1,,"",344.823288351455,321.9076988608,268.627825904884,61.7614565599312,0.098406174814908,0.114077156884307,10.1295144850999,6.07770869105993,10.1295144850999,11.9170758648234,10.4626262714625,12.3089720840735,0,-14.8232883514547,-21.9076988608005,21.9076988608005,0.011189974621885,1.1189974621885
20,conv_adverse_environment_time_2.0x,convergence_check,Qs1100_P101325_Ta243.15_A22_h250_Qsol1500_eps0.3_G1000000_Ars1_A1s1_Ds1.5_Ps1_R1s1_R3s1_Fs1_Ef0.6_Tcl300_Tsl330_St2_Vconv_adverse_environment,1100,101325,300,243.15,50,2,120,0.4,2,0.015,0.122474487139159,0.0135,0.009,0.094197,65.53218,0.6,88.468443,0.11774625,3000,1500,0.3,1.7011123257e-08,2,243.15,1000000,1,1,1000000,1,900,300,300,330,0,2,conv_adverse_environment,1,1,1.5,1,1,1,1,NaN,100,48,0.9,0.6,1,probe,4000,1.33333333333333,0,1,,"",332.147651840338,309.231160562098,268.690344061084,89.3724718211452,0.139279410018568,0.161936817068522,20.7462419119169,12.4477451471502,20.7462419119169,24.4073434257846,25.6071345893049,30.1260406932998,0,-2.14765184033774,-9.23116056209756,9.23116056209756,0.0273873097211817,2.73873097211817
20,conv_adverse_environment_time_2.0x,convergence_check,Qs1100_P101325_Ta243.15_A22_h250_Qsol1500_eps0.3_G1000000_Ars1_A1s1_Ds1.5_Ps1_R1s1_R3s1_Fs1_Ef0.6_Tcl300_Tsl330_St2_Vconv_adverse_environment,1100,101325,300,243.15,50,2,120,0.4,2,0.015,0.122474487139159,0.0135,0.009,0.094197,65.53218,0.6,88.468443,0.11774625,3000,1500,0.3,1.7011123257e-08,2,243.15,1000000,1,1,1000000,1,900,300,300,330,0,2,conv_adverse_environment,1,1,1.5,1,1,1,1,NaN,100,48,0.9,0.6,1,probe,5000,1.66666666666667,0,1,,"",325.127725142017,302.211105393852,268.780432867104,121.818899219616,0.178033289060749,0.207310214020222,36.14636549638,21.687819297828,36.14636549638,42.5251358780942,50.7146096359694,59.6642466305523,0,4.87227485798292,-2.21110539385245,2.21110539385245,0.054240224209593,5.4240224209593
20,conv_adverse_environment_time_2.0x,convergence_check,Qs1100_P101325_Ta243.15_A22_h250_Qsol1500_eps0.3_G1000000_Ars1_A1s1_Ds1.5_Ps1_R1s1_R3s1_Fs1_Ef0.6_Tcl300_Tsl330_St2_Vconv_adverse_environment,1100,101325,300,243.15,50,2,120,0.4,2,0.015,0.122474487139159,0.0135,0.009,0.094197,65.53218,0.6,88.468443,0.11774625,3000,1500,0.3,1.7011123257e-08,2,243.15,1000000,1,1,1000000,1,900,300,300,330,0,2,conv_adverse_environment,1,1,1.5,1,1,1,1,NaN,100,48,0.9,0.6,1,binary_refine,5425,1.80833333333333,1,1,,"",323.033932087456,300.117293951108,268.832408649837,139.347111988473,0.193917257200301,0.22590110631379,45.0363495926464,27.0218097555878,45.0363495926464,52.983940697231,64.9395789958405,76.3995047009888,0,6.96606791254402,-0.117293951108365,0.117293951108365,0.0694540951827171,6.94540951827171
20,conv_adverse_environment_time_2.0x,convergence_check,Qs1100_P101325_Ta243.15_A22_h250_Qsol1500_eps0.3_G1000000_Ars1_A1s1_Ds1.5_Ps1_R1s1_R3s1_Fs1_Ef0.6_Tcl300_Tsl330_St2_Vconv_adverse_environment,1100,101325,300,243.15,50,2,120,0.4,2,0.015,0.122474487139159,0.0135,0.009,0.094197,65.53218,0.6,88.468443,0.11774625,3000,1500,0.3,1.7011123257e-08,2,243.15,1000000,1,1,1000000,1,900,300,300,330,0,2,conv_adverse_environment,1,1,1.5,1,1,1,1,NaN,100,48,0.9,0.6,1,binary_refine,5450,1.81666666666667,1,1,,"",322.923423249312,300.00678462621,268.83582187061,140.486856980235,0.194837663533129,0.226978171778121,45.6202182852362,27.3721309711417,45.6202182852362,53.6708450414544,65.8473723422471,77.4674968732318,0,7.07657675068822,-0.00678462621021936,0.00678462621021936,0.0704249971574835,7.04249971574835
20,conv_adverse_environment_time_2.0x,convergence_check,Qs1100_P101325_Ta243.15_A22_h250_Qsol1500_eps0.3_G1000000_Ars1_A1s1_Ds1.5_Ps1_R1s1_R3s1_Fs1_Ef0.6_Tcl300_Tsl330_St2_Vconv_adverse_environment,1100,101325,300,243.15,50,2,120,0.4,2,0.015,0.122474487139159,0.0135,0.009,0.094197,65.53218,0.6,88.468443,0.11774625,3000,1500,0.3,1.7011123257e-08,2,243.15,1000000,1,1,1000000,1,900,300,300,330,0,2,conv_adverse_environment,1,1,1.5,1,1,1,1,NaN,100,48,0.9,0.6,1,binary_refine,5475,1.825,1,1,,"",322.814201230529,299.897561711698,268.83927828008,141.639531005236,0.195756534585789,0.228053425198803,46.2114395832357,27.7268637499414,46.2114395832357,54.3663995096891,66.7632484253738,78.5449981474986,1,7.18579876947064,0.102438288302267,-0.102438288302267,0.0714045437704533,7.14045437704533
20,conv_adverse_environment_time_2.0x,convergence_check,Qs1100_P101325_Ta243.15_A22_h250_Qsol1500_eps0.3_G1000000_Ars1_A1s1_Ds1.5_Ps1_R1s1_R3s1_Fs1_Ef0.6_Tcl300_Tsl330_St2_Vconv_adverse_environment,1100,101325,300,243.15,50,2,120,0.4,2,0.015,0.122474487139159,0.0135,0.009,0.094197,65.53218,0.6,88.468443,0.11774625,3000,1500,0.3,1.7011123257e-08,2,243.15,1000000,1,1,1000000,1,900,300,300,330,0,2,conv_adverse_environment,1,1,1.5,1,1,1,1,NaN,100,48,0.9,0.6,1,binary_refine,5525,1.84166666666667,1,1,,"",322.599533773007,299.682892903879,268.846320549331,143.983327747027,0.197589830335315,0.230198661933829,47.4160688344152,28.4496413006491,47.4160688344152,55.7836103934296,68.6194018507928,80.7287080597563,1,7.40046622699288,0.317107096120651,-0.317107096120651,0.0733897345997784,7.33897345997784
20,conv_adverse_environment_time_2.0x,convergence_check,Qs1100_P101325_Ta243.15_A22_h250_Qsol1500_eps0.3_G1000000_Ars1_A1s1_Ds1.5_Ps1_R1s1_R3s1_Fs1_Ef0.6_Tcl300_Tsl330_St2_Vconv_adverse_environment,1100,101325,300,243.15,50,2,120,0.4,2,0.015,0.122474487139159,0.0135,0.009,0.094197,65.53218,0.6,88.468443,0.11774625,3000,1500,0.3,1.7011123257e-08,2,243.15,1000000,1,1,1000000,1,900,300,300,330,0,2,conv_adverse_environment,1,1,1.5,1,1,1,1,NaN,100,48,0.9,0.6,1,binary_refine,5650,1.88333333333333,1,1,,"",322.083690164594,299.167045047917,268.864678390312,150.055492824666,0.202150219015775,0.235534603630494,50.5562512317104,30.3337507390263,50.5562512317104,59.4779426255417,73.4042283244998,86.3579156758822,1,7.91630983540597,0.832954952083355,-0.832954952083355,0.0785071960689838,7.85071960689838
20,conv_adverse_environment_time_2.0x,convergence_check,Qs1100_P101325_Ta243.15_A22_h250_Qsol1500_eps0.3_G1000000_Ars1_A1s1_Ds1.5_Ps1_R1s1_R3s1_Fs1_Ef0.6_Tcl300_Tsl330_St2_Vconv_adverse_environment,1100,101325,300,243.15,50,2,120,0.4,2,0.015,0.122474487139159,0.0135,0.009,0.094197,65.53218,0.6,88.468443,0.11774625,3000,1500,0.3,1.7011123257e-08,2,243.15,1000000,1,1,1000000,1,900,300,300,330,0,2,conv_adverse_environment,1,1,1.5,1,1,1,1,NaN,100,48,0.9,0.6,1,binary_refine,5875,1.95833333333333,1,1,,"",321.219559944389,298.302911111395,268.900171515652,161.550761420721,0.210316331996524,0.245088177528618,56.6279392887526,33.9767635732516,56.6279392887526,66.6211050455913,82.5572149990919,97.1261352930493,1,8.78044005561134,1.69708888860515,-1.69708888860515,0.0882964866300448,8.82964866300448
20,conv_adverse_environment_time_2.0x,convergence_check,Qs1100_P101325_Ta243.15_A22_h250_Qsol1500_eps0.3_G1000000_Ars1_A1s1_Ds1.5_Ps1_R1s1_R3s1_Fs1_Ef0.6_Tcl300_Tsl330_St2_Vconv_adverse_environment,1100,101325,300,243.15,50,2,120,0.4,2,0.015,0.122474487139159,0.0135,0.009,0.094197,65.53218,0.6,88.468443,0.11774625,3000,1500,0.3,1.7011123257e-08,2,243.15,1000000,1,1,1000000,1,900,300,300,330,0,2,conv_adverse_environment,1,1,1.5,1,1,1,1,NaN,100,48,0.9,0.6,1,expanded_probe,6750,2.25,1,1,,"",318.455950055276,295.539291245177,269.065380314258,210.43277600118,0.242047193683793,0.282195638560981,84.8911048169599,50.9346628901759,84.8911048169599,99.8718880199528,125.34862581883,147.468971551565,1,11.5440499447237,4.46070875482303,-4.46070875482303,0.134062701410514,13.4062701410514
21,conv_near_boundary_time_1.0x,convergence_check,Qs1100_P101325_Ta223.15_A21_h250_Qsol500_eps1e-15_G1000000_Ars1_A1s1_Ds1.5_Ps1_R1s1_R3s1_Fs1_Ef0.6_Tcl300_Tsl330_St1_Vconv_near_boundary,1100,101325,300,223.15,50,1,120,0.4,2,0.015,0.122474487139159,0.0135,0.009,0.094197,65.53218,0.6,88.468443,0.11774625,3000,500,1e-15,5.670374419e-23,1,223.15,1000000,1,1,1000000,1,900,300,300,330,0,1,conv_near_boundary,1,1,1.5,1,1,1,1,NaN,50,48,0.9,0.6,1,probe,750,0.25,0,1,,"",550.422928944393,540.576580668408,242.43720080271,5.38652748362316,0.00754538957574124,0.00849995763697727,0.0677390805406232,0.0406434483243739,0.0677390805406232,0.0796930359301449,0.125763520556064,0.147957083007134,0,-220.422928944393,-240.576580668408,240.576580668408,0.000134506439097395,0.0134506439097395
21,conv_near_boundary_time_1.0x,convergence_check,Qs1100_P101325_Ta223.15_A21_h250_Qsol500_eps1e-15_G1000000_Ars1_A1s1_Ds1.5_Ps1_R1s1_R3s1_Fs1_Ef0.6_Tcl300_Tsl330_St1_Vconv_near_boundary,1100,101325,300,223.15,50,1,120,0.4,2,0.015,0.122474487139159,0.0135,0.009,0.094197,65.53218,0.6,88.468443,0.11774625,3000,500,1e-15,5.670374419e-23,1,223.15,1000000,1,1,1000000,1,900,300,300,330,0,1,conv_near_boundary,1,1,1.5,1,1,1,1,NaN,50,48,0.9,0.6,1,probe,1000,0.333333333333333,0,1,,"",464.675309941025,446.538214899962,250.345889993718,9.30328814377814,0.0143319951623751,0.0159965006257362,0.222224467784683,0.13333468067081,0.222224467784683,0.261440550334921,0.315251686935385,0.370884337571042,0,-134.675309941025,-146.538214899962,146.538214899962,0.000337167579610038,0.0337167579610038
21,conv_near_boundary_time_1.0x,convergence_check,Qs1100_P101325_Ta223.15_A21_h250_Qsol500_eps1e-15_G1000000_Ars1_A1s1_Ds1.5_Ps1_R1s1_R3s1_Fs1_Ef0.6_Tcl300_Tsl330_St1_Vconv_near_boundary,1100,101325,300,223.15,50,1,120,0.4,2,0.015,0.122474487139159,0.0135,0.009,0.094197,65.53218,0.6,88.468443,0.11774625,3000,500,1e-15,5.670374419e-23,1,223.15,1000000,1,1,1000000,1,900,300,300,330,0,1,conv_near_boundary,1,1,1.5,1,1,1,1,NaN,50,48,0.9,0.6,1,probe,1500,0.5,0,1,,"",398.079793023992,376.728648120626,253.536573572087,19.6296204282553,0.0310486091995606,0.0353225991567848,1.01578735568768,0.60947241341261,1.01578735568768,1.19504394786786,1.14896078687213,1.35171857279074,0,-68.0797930239921,-76.7286481206256,76.7286481206256,0.0012288350661734,0.12288350661734
21,conv_near_boundary_time_1.0x,convergence_check,Qs1100_P101325_Ta223.15_A21_h250_Qsol500_eps1e-15_G1000000_Ars1_A1s1_Ds1.5_Ps1_R1s1_R3s1_Fs1_Ef0.6_Tcl300_Tsl330_St1_Vconv_near_boundary,1100,101325,300,223.15,50,1,120,0.4,2,0.015,0.122474487139159,0.0135,0.009,0.094197,65.53218,0.6,88.468443,0.11774625,3000,500,1e-15,5.670374419e-23,1,223.15,1000000,1,1,1000000,1,900,300,300,330,0,1,conv_near_boundary,1,1,1.5,1,1,1,1,NaN,50,48,0.9,0.6,1,probe,2000,0.666666666666667,0,1,,"",362.99708333311,340.671606624397,254.553695807653,32.3275573484522,0.0520242742554387,0.0597771150279388,2.8030295158405,1.6818177095043,2.8030295158405,3.29768178334176,2.88759771156115,3.39717377830724,0,-32.9970833331096,-40.6716066243971,40.6716066243971,0.00308833979846113,0.308833979846113
21,conv_near_boundary_time_1.0x,convergence_check,Qs1100_P101325_Ta223.15_A21_h250_Qsol500_eps1e-15_G1000000_Ars1_A1s1_Ds1.5_Ps1_R1s1_R3s1_Fs1_Ef0.6_Tcl300_Tsl330_St1_Vconv_near_boundary,1100,101325,300,223.15,50,1,120,0.4,2,0.015,0.122474487139159,0.0135,0.009,0.094197,65.53218,0.6,88.468443,0.11774625,3000,500,1e-15,5.670374419e-23,1,223.15,1000000,1,1,1000000,1,900,300,300,330,0,1,conv_near_boundary,1,1,1.5,1,1,1,1,NaN,50,48,0.9,0.6,1,probe,3000,1,0,1,,"",331.091184308643,308.293596581299,255.138609306417,60.8591000747571,0.0990641664223849,0.114795260249261,10.0482600302039,6.02895601812232,10.0482600302039,11.8214823884751,10.4953842349793,12.3475108646815,0,-1.09118430864345,-8.29359658129943,8.29359658129943,0.0112250098769832,1.12250098769832
21,conv_near_boundary_time_1.0x,convergence_check,Qs1100_P101325_Ta223.15_A21_h250_Qsol500_eps1e-15_G1000000_Ars1_A1s1_Ds1.5_Ps1_R1s1_R3s1_Fs1_Ef0.6_Tcl300_Tsl330_St1_Vconv_near_boundary,1100,101325,300,223.15,50,1,120,0.4,2,0.015,0.122474487139159,0.0135,0.009,0.094197,65.53218,0.6,88.468443,0.11774625,3000,500,1e-15,5.670374419e-23,1,223.15,1000000,1,1,1000000,1,900,300,300,330,0,1,conv_near_boundary,1,1,1.5,1,1,1,1,NaN,50,48,0.9,0.6,1,binary_refine,3500,1.16666666666667,0,1,,"",324.018751792799,301.162672470376,255.259629481473,74.1480678273389,0.119747238324034,0.139007733346019,14.7983772489783,8.87902634938697,14.7983772489783,17.4098555870333,16.9793815463103,19.9757429956592,0,5.98124820720147,-1.16267247037609,1.16267247037609,0.0181597663596902,1.81597663596902
21,conv_near_boundary_time_1.0x,convergence_check,Qs1100_P101325_Ta223.15_A21_h250_Qsol500_eps1e-15_G1000000_Ars1_A1s1_Ds1.5_Ps1_R1s1_R3s1_Fs1_Ef0.6_Tcl300_Tsl330_St1_Vconv_near_boundary,1100,101325,300,223.15,50,1,120,0.4,2,0.015,0.122474487139159,0.0135,0.009,0.094197,65.53218,0.6,88.468443,0.11774625,3000,500,1e-15,5.670374419e-23,1,223.15,1000000,1,1,1000000,1,900,300,300,330,0,1,conv_near_boundary,1,1,1.5,1,1,1,1,NaN,50,48,0.9,0.6,1,binary_refine,3550,1.18333333333333,0,1,,"",323.436669444685,300.577469997307,255.269333034945,75.493026338183,0.121766615368148,0.141371974350921,15.3208838351649,9.19253030109896,15.3208838351649,18.0245692178411,17.7431465876935,20.8742901031689,0,6.56333055531536,-0.577469997306764,0.577469997306764,0.0189766273665171,1.89766273665171
21,conv_near_boundary_time_1.0x,convergence_check,Qs1100_P101325_Ta223.15_A21_h250_Qsol500_eps1e-15_G1000000_Ars1_A1s1_Ds1.5_Ps1_R1s1_R3s1_Fs1_Ef0.6_Tcl300_Tsl330_St1_Vconv_near_boundary,1100,101325,300,223.15,50,1,120,0.4,2,0.015,0.122474487139159,0.0135,0.009,0.094197,65.53218,0.6,88.468443,0.11774625,3000,500,1e-15,5.670374419e-23,1,223.15,1000000,1,1,1000000,1,900,300,300,330,0,1,conv_near_boundary,1,1,1.5,1,1,1,1,NaN,50,48,0.9,0.6,1,binary_refine,3575,1.19166666666667,0,1,,"",323.152871457459,300.292112083483,255.27423025812,76.1678115073106,0.122773963765793,0.142551352598043,15.5857068835306,9.35142413011833,15.5857068835306,18.3361257453301,18.1333433180801,21.3333450800943,0,6.84712854254087,-0.292112083483062,0.292112083483062,0.019393950072813,1.9393950072813
21,conv_near_boundary_time_1.0x,convergence_check,Qs1100_P101325_Ta223.15_A21_h250_Qsol500_eps1e-15_G1000000_Ars1_A1s1_Ds1.5_Ps1_R1s1_R3s1_Fs1_Ef0.6_Tcl300_Tsl330_St1_Vconv_near_boundary,1100,101325,300,223.15,50,1,120,0.4,2,0.015,0.122474487139159,0.0135,0.009,0.094197,65.53218,0.6,88.468443,0.11774625,3000,500,1e-15,5.670374419e-23,1,223.15,1000000,1,1,1000000,1,900,300,300,330,0,1,conv_near_boundary,1,1,1.5,1,1,1,1,NaN,50,48,0.9,0.6,1,binary_refine,3600,1.2,0,1,,"",322.873600950412,300.011315817029,255.279120174552,76.8442536040966,0.12377981806404,0.143728985511762,15.8529462173034,9.51176773038205,15.8529462173034,18.6505249615334,18.5291342861869,21.7989815131611,0,7.12639904958775,-0.0113158170286169,0.0113158170286169,0.0198172559210556,1.98172559210556
21,conv_near_boundary_time_1.0x,convergence_check,Qs1100_P101325_Ta223.15_A21_h250_Qsol500_eps1e-15_G1000000_Ars1_A1s1_Ds1.5_Ps1_R1s1_R3s1_Fs1_Ef0.6_Tcl300_Tsl330_St1_Vconv_near_boundary,1100,101325,300,223.15,50,1,120,0.4,2,0.015,0.122474487139159,0.0135,0.009,0.094197,65.53218,0.6,88.468443,0.11774625,3000,500,1e-15,5.670374419e-23,1,223.15,1000000,1,1,1000000,1,900,300,300,330,0,1,conv_near_boundary,1,1,1.5,1,1,1,1,NaN,50,48,0.9,0.6,1,binary_refine,3625,1.20833333333333,0,1,,"",322.599346468312,299.735418012689,255.284173686207,77.5224736858509,0.124784211358511,0.144904903582545,16.1226345690831,9.67358074144984,16.1226345690831,18.9678053753919,18.9305569265865,22.271243443043,1,7.40065353168796,0.264581987310692,-0.264581987310692,0.0202465849482209,2.02465849482209
21,conv_near_boundary_time_1.0x,convergence_check,Qs1100_P101325_Ta223.15_A21_h250_Qsol500_eps1e-15_G1000000_Ars1_A1s1_Ds1.5_Ps1_R1s1_R3s1_Fs1_Ef0.6_Tcl300_Tsl330_St1_Vconv_near_boundary,1100,101325,300,223.15,50,1,120,0.4,2,0.015,0.122474487139159,0.0135,0.009,0.094197,65.53218,0.6,88.468443,0.11774625,3000,500,1e-15,5.670374419e-23,1,223.15,1000000,1,1,1000000,1,900,300,300,330,0,1,conv_near_boundary,1,1,1.5,1,1,1,1,NaN,50,48,0.9,0.6,1,binary_refine,3750,1.25,0,1,,"",321.286590517667,298.415855991187,255.308333609467,80.942498762374,0.129785916420693,0.150760862360148,17.5086606320925,10.5051963792555,17.5086606320925,20.59842427305,21.0235128711596,24.7335445543055,1,8.71340948233262,1.58414400881293,-1.58414400881293,0.0224850405039141,2.24850405039141
21,conv_near_boundary_time_1.0x,convergence_check,Qs1100_P101325_Ta223.15_A21_h250_Qsol500_eps1e-15_G1000000_Ars1_A1s1_Ds1.5_Ps1_R1s1_R3s1_Fs1_Ef0.6_Tcl300_Tsl330_St1_Vconv_near_boundary,1100,101325,300,223.15,50,1,120,0.4,2,0.015,0.122474487139159,0.0135,0.009,0.094197,65.53218,0.6,88.468443,0.11774625,3000,500,1e-15,5.670374419e-23,1,223.15,1000000,1,1,1000000,1,900,300,300,330,0,1,conv_near_boundary,1,1,1.5,1,1,1,1,NaN,50,48,0.9,0.6,1,probe,4000,1.33333333333333,0,1,,"",318.937060192509,296.054411580895,255.357251738964,87.9627940717789,0.139699223972998,0.16236729976023,20.4805567838736,12.2883340703242,20.4805567838736,24.0947726869101,25.6538142335812,30.1809579218602,1,11.0629398074911,3.94558841910452,-3.94558841910452,0.0274372344744184,2.74372344744184
22,conv_near_boundary_time_2.0x,convergence_check,Qs1100_P101325_Ta223.15_A21_h250_Qsol500_eps1e-15_G1000000_Ars1_A1s1_Ds1.5_Ps1_R1s1_R3s1_Fs1_Ef0.6_Tcl300_Tsl330_St2_Vconv_near_boundary,1100,101325,300,223.15,50,1,120,0.4,2,0.015,0.122474487139159,0.0135,0.009,0.094197,65.53218,0.6,88.468443,0.11774625,3000,500,1e-15,5.670374419e-23,1,223.15,1000000,1,1,1000000,1,900,300,300,330,0,2,conv_near_boundary,1,1,1.5,1,1,1,1,NaN,50,48,0.9,0.6,1,probe,750,0.25,0,0,physmod:common:simtypes:assert:Assertion,"다음 사용 중 오류가 발생함: run_fig4d_robustness_rerun>runOneThermalFanCaseV5 (1910번 라인) | ['haps_260818_1722_duct/Solver Configuration']: 시간 6755.410303에서 하나 이상의 어설션이 트리거됩니다. 구체적인 정보를 보려면 원인을 확인하십시오. |  | 오류 발생: run_fig4d_robustness_rerun>evaluateRpmIfNeededV5 (1847번 라인) |     row = runOneThermalFanCaseV5( ... |     ^^^^^^^^^^^^^^^^^^^^^^^^^^^^^^^^^ | 오류 발생: run_fig4d_robustness_rerun>adaptiveMinimumFanSearchV5 (1715번 라인) |         [CaseRows, row] = evaluateRpmIfNeededV5( ... |         ^^^^^^^^^^^^^^^^^^^^^^^^^^^^^^^^^^^^^^^^^^^^ | 오류 발생: run_fig4d_robustness_rerun (564번 라인) |     [CaseRows, searchInfo] = adaptiveMinimumFanSearchV5( ... |     ^^^^^^^^^^^^^^^^^^^^^^^^^^^^^^^^^^^^^^^^^^^^^^^^^^^^^^^^ | 원인: |     다음 사용 중 오류가 발생함: Simulink.Simulation.internal.DesktopSimHelper |     포트 B에서의 온도는 최대 유효 온도보다 작거나 같아야 합니다. 어설션 발생 위치: |     블록 경로: <a href=""matlab:open_and_hilite_hyperlink ('haps_260818_1722_duct/Fan (MA)1','error')"">haps_260818_1722_duct/Fan (MA)1</a> |     어설션 위치: |         o (위치 정보가 보호되어 있음) |      |      |     오류 발생: Simulink.Simulation.internal.DesktopSimHelper.sim |      |     오류 발생: Simulink.SimulationInput/sim |      |     오류 발생: run_fig4d_robustness_rerun>runOneThermalFanCaseV5 (1910번 라인) |             out = sim(simIn); |             ^^^^^^^^^^^^^^^^^ |     오류 발생: run_fig4d_robustness_rerun>evaluateRpmIfNeededV5 (1847번 라인) |         row = runOneThermalFanCaseV5( ... |         ^^^^^^^^^^^^^^^^^^^^^^^^^^^^^^^^^ |     오류 발생: run_fig4d_robustness_rerun>adaptiveMinimumFanSearchV5 (1715번 라인) |             [CaseRows, row] = evaluateRpmIfNeededV5( ... |             ^^^^^^^^^^^^^^^^^^^^^^^^^^^^^^^^^^^^^^^^^^^^ |     오류 발생: run_fig4d_robustness_rerun (564번 라인) |         [CaseRows, searchInfo] = adaptiveMinimumFanSearchV5( ... |         ^^^^^^^^^^^^^^^^^^^^^^^^^^^^^^^^^^^^^^^^^^^^^^^^^^^^^^^^ |     다음 사용 중 오류가 발생함: Simulink.Simulation.internal.DesktopSimHelper |     포트 A에서의 온도는 최대 유효 온도보다 작거나 같아야 합니다. 어설션 발생 위치: |     블록 경로: <a href=""matlab:open_and_hilite_hyperlink ('haps_260818_1722_duct/Local Restriction (MA) #1','error')"">haps_260818_1722_duct/Local Restriction (MA) #1</a> |     어설션 위치: |         o <a href=""matlab:opentoline(which('foundation.moist_air.elements.local_restriction'), 277, 5)"">파일 foundation.moist_air.elements.local_restriction의 라인: 277, 열: 5과(와) 라인: 277, 열: 11 사이</a> |      |      |     오류 발생: Simulink.Simulation.internal.DesktopSimHelper.sim |      |     오류 발생: Simulink.SimulationInput/sim |      |     오류 발생: run_fig4d_robustness_rerun>runOneThermalFanCaseV5 (1910번 라인) |             out = sim(simIn); |             ^^^^^^^^^^^^^^^^^ |     오류 발생: run_fig4d_robustness_rerun>evaluateRpmIfNeededV5 (1847번 라인) |         row = runOneThermalFanCaseV5( ... |         ^^^^^^^^^^^^^^^^^^^^^^^^^^^^^^^^^ |     오류 발생: run_fig4d_robustness_rerun>adaptiveMinimumFanSearchV5 (1715번 라인) |             [CaseRows, row] = evaluateRpmIfNeededV5( ... |             ^^^^^^^^^^^^^^^^^^^^^^^^^^^^^^^^^^^^^^^^^^^^ |     오류 발생: run_fig4d_robustness_rerun (564번 라인) |         [CaseRows, searchInfo] = adaptiveMinimumFanSearchV5( ... |         ^^^^^^^^^^^^^^^^^^^^^^^^^^^^^^^^^^^^^^^^^^^^^^^^^^^^^^^^ |     다음 사용 중 오류가 발생함: Simulink.Simulation.internal.DesktopSimHelper |     포트 B에서의 온도는 최대 유효 온도보다 작거나 같아야 합니다. 어설션 발생 위치: |     블록 경로: <a href=""matlab:open_and_hilite_hyperlink ('haps_260818_1722_duct/Local Restriction (MA) #1','error')"">haps_260818_1722_duct/Local Restriction (MA) #1</a> |     어설션 위치: |         o <a href=""matlab:opentoline(which('foundation.moist_air.elements.local_restriction'), 281, 5)"">파일 foundation.moist_air.elements.local_restriction의 라인: 281, 열: 5과(와) 라인: 281, 열: 11 사이</a> |      |      |     오류 발생: Simulink.Simulation.internal.DesktopSimHelper.sim |      |     오류 발생: Simulink.SimulationInput/sim |      |     오류 발생: run_fig4d_robustness_rerun>runOneThermalFanCaseV5 (1910번 라인) |             out = sim(simIn); |             ^^^^^^^^^^^^^^^^^ |     오류 발생: run_fig4d_robustness_rerun>evaluateRpmIfNeededV5 (1847번 라인) |         row = runOneThermalFanCaseV5( ... |         ^^^^^^^^^^^^^^^^^^^^^^^^^^^^^^^^^ |     오류 발생: run_fig4d_robustness_rerun>adaptiveMinimumFanSearchV5 (1715번 라인) |             [CaseRows, row] = evaluateRpmIfNeededV5( ... |             ^^^^^^^^^^^^^^^^^^^^^^^^^^^^^^^^^^^^^^^^^^^^ |     오류 발생: run_fig4d_robustness_rerun (564번 라인) |         [CaseRows, searchInfo] = adaptiveMinimumFanSearchV5( ... |         ^^^^^^^^^^^^^^^^^^^^^^^^^^^^^^^^^^^^^^^^^^^^^^^^^^^^^^^^ |     다음 사용 중 오류가 발생함: Simulink.Simulation.internal.DesktopSimHelper |     포트 A에서의 온도는 최대 유효 온도보다 작거나 같아야 합니다. 어설션 발생 위치: |     블록 경로: <a href=""matlab:open_and_hilite_hyperlink ('haps_260818_1722_duct/Pipe (MA)','error')"">haps_260818_1722_duct/Pipe (MA)</a> |     어설션 위치: |         o <a href=""matlab:opentoline(which('foundation.moist_air.elements.pipe'), 975, 5)"">파일 foundation.moist_air.elements.pipe의 라인: 975, 열: 5과(와) 라인: 975, 열: 11 사이</a> |      |      |     오류 발생: Simulink.Simulation.internal.DesktopSimHelper.sim |      |     오류 발생: Simulink.SimulationInput/sim |      |     오류 발생: run_fig4d_robustness_rerun>runOneThermalFanCaseV5 (1910번 라인) |             out = sim(simIn); |             ^^^^^^^^^^^^^^^^^ |     오류 발생: run_fig4d_robustness_rerun>evaluateRpmIfNeededV5 (1847번 라인) |         row = runOneThermalFanCaseV5( ... |         ^^^^^^^^^^^^^^^^^^^^^^^^^^^^^^^^^ |     오류 발생: run_fig4d_robustness_rerun>adaptiveMinimumFanSearchV5 (1715번 라인) |             [CaseRows, row] = evaluateRpmIfNeededV5( ... |             ^^^^^^^^^^^^^^^^^^^^^^^^^^^^^^^^^^^^^^^^^^^^ |     오류 발생: run_fig4d_robustness_rerun (564번 라인) |         [CaseRows, searchInfo] = adaptiveMinimumFanSearchV5( ... |         ^^^^^^^^^^^^^^^^^^^^^^^^^^^^^^^^^^^^^^^^^^^^^^^^^^^^^^^^",NaN,NaN,NaN,NaN,NaN,NaN,NaN,NaN,NaN,NaN,NaN,NaN,0,NaN,NaN,NaN,NaN,NaN
22,conv_near_boundary_time_2.0x,convergence_check,Qs1100_P101325_Ta223.15_A21_h250_Qsol500_eps1e-15_G1000000_Ars1_A1s1_Ds1.5_Ps1_R1s1_R3s1_Fs1_Ef0.6_Tcl300_Tsl330_St2_Vconv_near_boundary,1100,101325,300,223.15,50,1,120,0.4,2,0.015,0.122474487139159,0.0135,0.009,0.094197,65.53218,0.6,88.468443,0.11774625,3000,500,1e-15,5.670374419e-23,1,223.15,1000000,1,1,1000000,1,900,300,300,330,0,2,conv_near_boundary,1,1,1.5,1,1,1,1,NaN,50,48,0.9,0.6,1,probe,1000,0.333333333333333,0,1,,"",513.413328614987,491.830323556227,253.813095035,9.33456054001969,0.0139035522261827,0.0154194622318481,0.216305916627714,0.129783549976628,0.216305916627714,0.254477548973781,0.313540417691892,0.36887107963752,0,-183.413328614987,-191.830323556227,191.830323556227,0.000335337345125018,0.0335337345125018
22,conv_near_boundary_time_2.0x,convergence_check,Qs1100_P101325_Ta223.15_A21_h250_Qsol500_eps1e-15_G1000000_Ars1_A1s1_Ds1.5_Ps1_R1s1_R3s1_Fs1_Ef0.6_Tcl300_Tsl330_St2_Vconv_near_boundary,1100,101325,300,223.15,50,1,120,0.4,2,0.015,0.122474487139159,0.0135,0.009,0.094197,65.53218,0.6,88.468443,0.11774625,3000,500,1e-15,5.670374419e-23,1,223.15,1000000,1,1,1000000,1,900,300,300,330,0,2,conv_near_boundary,1,1,1.5,1,1,1,1,NaN,50,48,0.9,0.6,1,probe,1500,0.5,0,1,,"",409.326399114489,386.578918751366,254.986544237589,19.6664836654272,0.0308181052950724,0.0350078062654689,1.01013960730826,0.606083764384958,1.01013960730826,1.18839953800972,1.14693252203447,1.34933237886409,0,-79.3263991144887,-86.578918751366,86.578918751366,0.00122666579896735,0.122666579896735
22,conv_near_boundary_time_2.0x,convergence_check,Qs1100_P101325_Ta223.15_A21_h250_Qsol500_eps1e-15_G1000000_Ars1_A1s1_Ds1.5_Ps1_R1s1_R3s1_Fs1_Ef0.6_Tcl300_Tsl330_St2_Vconv_near_boundary,1100,101325,300,223.15,50,1,120,0.4,2,0.015,0.122474487139159,0.0135,0.009,0.094197,65.53218,0.6,88.468443,0.11774625,3000,500,1e-15,5.670374419e-23,1,223.15,1000000,1,1,1000000,1,900,300,300,330,0,2,conv_near_boundary,1,1,1.5,1,1,1,1,NaN,50,48,0.9,0.6,1,probe,2000,0.666666666666667,0,1,,"",366.377941663304,343.491883379213,255.15098162211,32.3582679318594,0.0519099663982475,0.0596212929007593,2.79952766841385,1.67971660104831,2.79952766841385,3.29356196283983,2.88585754249424,3.39512652058146,0,-36.3779416633042,-43.4918833792128,43.4918833792128,0.00308647865507406,0.308647865507406
22,conv_near_boundary_time_2.0x,convergence_check,Qs1100_P101325_Ta223.15_A21_h250_Qsol500_eps1e-15_G1000000_Ars1_A1s1_Ds1.5_Ps1_R1s1_R3s1_Fs1_Ef0.6_Tcl300_Tsl330_St2_Vconv_near_boundary,1100,101325,300,223.15,50,1,120,0.4,2,0.015,0.122474487139159,0.0135,0.009,0.094197,65.53218,0.6,88.468443,0.11774625,3000,500,1e-15,5.670374419e-23,1,223.15,1000000,1,1,1000000,1,900,300,300,330,0,2,conv_near_boundary,1,1,1.5,1,1,1,1,NaN,50,48,0.9,0.6,1,probe,3000,1,0,1,,"",331.60783162951,308.693146104427,255.268407811681,60.8805815090564,0.0990491874391127,0.114772341676339,10.0502868821545,6.0301721292927,10.0502868821545,11.8238669201818,10.4946248136467,12.3466174278197,0,-1.60783162951003,-8.69314610442723,8.69314610442723,0.0112241976616543,1.12241976616543
22,conv_near_boundary_time_2.0x,convergence_check,Qs1100_P101325_Ta223.15_A21_h250_Qsol500_eps1e-15_G1000000_Ars1_A1s1_Ds1.5_Ps1_R1s1_R3s1_Fs1_Ef0.6_Tcl300_Tsl330_St2_Vconv_near_boundary,1100,101325,300,223.15,50,1,120,0.4,2,0.015,0.122474487139159,0.0135,0.009,0.094197,65.53218,0.6,88.468443,0.11774625,3000,500,1e-15,5.670374419e-23,1,223.15,1000000,1,1,1000000,1,900,300,300,330,0,2,conv_near_boundary,1,1,1.5,1,1,1,1,NaN,50,48,0.9,0.6,1,binary_refine,3500,1.16666666666667,0,1,,"",324.263278311155,301.347392178948,255.326729348276,74.1615396331363,0.119741823641931,0.138998541905372,14.8003966662752,8.88023799976511,14.8003966662752,17.4122313720885,16.9789464823605,19.9752311557182,0,5.73672168884463,-1.34739217894753,1.34739217894753,0.0181593010506529,1.81593010506529
22,conv_near_boundary_time_2.0x,convergence_check,Qs1100_P101325_Ta223.15_A21_h250_Qsol500_eps1e-15_G1000000_Ars1_A1s1_Ds1.5_Ps1_R1s1_R3s1_Fs1_Ef0.6_Tcl300_Tsl330_St2_Vconv_near_boundary,1100,101325,300,223.15,50,1,120,0.4,2,0.015,0.122474487139159,0.0135,0.009,0.094197,65.53218,0.6,88.468443,0.11774625,3000,500,1e-15,5.670374419e-23,1,223.15,1000000,1,1,1000000,1,900,300,300,330,0,2,conv_near_boundary,1,1,1.5,1,1,1,1,NaN,50,48,0.9,0.6,1,binary_refine,3550,1.18333333333333,0,1,,"",323.667479889133,300.751476059758,255.333130432188,75.5059901202961,0.121761598062521,0.141363390861784,15.3228833672336,9.19373002034015,15.3228833672336,18.0269216085101,17.7427283295455,20.8737980347594,0,6.33252011086665,-0.751476059757579,0.751476059757579,0.0189761800315995,1.89761800315995
22,conv_near_boundary_time_2.0x,convergence_check,Qs1100_P101325_Ta223.15_A21_h250_Qsol500_eps1e-15_G1000000_Ars1_A1s1_Ds1.5_Ps1_R1s1_R3s1_Fs1_Ef0.6_Tcl300_Tsl330_St2_Vconv_near_boundary,1100,101325,300,223.15,50,1,120,0.4,2,0.015,0.122474487139159,0.0135,0.009,0.094197,65.53218,0.6,88.468443,0.11774625,3000,500,1e-15,5.670374419e-23,1,223.15,1000000,1,1,1000000,1,900,300,300,330,0,2,conv_near_boundary,1,1,1.5,1,1,1,1,NaN,50,48,0.9,0.6,1,binary_refine,3575,1.19166666666667,0,1,,"",323.376757803659,300.460727868955,255.336337052113,76.180491416555,0.122769144808548,0.142543071014062,15.5876896371756,9.35261378230536,15.5876896371756,18.3384583966772,18.1329342928279,21.3328638739152,0,6.62324219634127,-0.460727868954621,0.460727868954621,0.0193935126126502,1.93935126126502
22,conv_near_boundary_time_2.0x,convergence_check,Qs1100_P101325_Ta223.15_A21_h250_Qsol500_eps1e-15_G1000000_Ars1_A1s1_Ds1.5_Ps1_R1s1_R3s1_Fs1_Ef0.6_Tcl300_Tsl330_St2_Vconv_near_boundary,1100,101325,300,223.15,50,1,120,0.4,2,0.015,0.122474487139159,0.0135,0.009,0.094197,65.53218,0.6,88.468443,0.11774625,3000,500,1e-15,5.670374419e-23,1,223.15,1000000,1,1,1000000,1,900,300,300,330,0,2,conv_near_boundary,1,1,1.5,1,1,1,1,NaN,50,48,0.9,0.6,1,binary_refine,3600,1.2,0,1,,"",323.090747292067,300.174692188584,255.339571631681,76.8566504826546,0.123775189610214,0.143720995328106,15.8549108104942,9.51294648629649,15.8549108104942,18.6528362476402,18.5287343904639,21.7985110476046,0,6.90925270793309,-0.174692188583947,0.174692188583947,0.0198168282250951,1.98168282250951
22,conv_near_boundary_time_2.0x,convergence_check,Qs1100_P101325_Ta223.15_A21_h250_Qsol500_eps1e-15_G1000000_Ars1_A1s1_Ds1.5_Ps1_R1s1_R3s1_Fs1_Ef0.6_Tcl300_Tsl330_St2_Vconv_near_boundary,1100,101325,300,223.15,50,1,120,0.4,2,0.015,0.122474487139159,0.0135,0.009,0.094197,65.53218,0.6,88.468443,0.11774625,3000,500,1e-15,5.670374419e-23,1,223.15,1000000,1,1,1000000,1,900,300,300,330,0,2,conv_near_boundary,1,1,1.5,1,1,1,1,NaN,50,48,0.9,0.6,1,binary_refine,3625,1.20833333333333,0,1,,"",322.809335819551,299.893253407563,255.342837955235,77.5345543442527,0.12477977853004,0.14489721662445,16.1245741991686,9.67474451950117,16.1245741991686,18.9700872931395,18.9301671639371,22.2707848987495,1,7.19066418044889,0.106746592436991,-0.106746592436991,0.0202461680897723,2.02461680897723
22,conv_near_boundary_time_2.0x,convergence_check,Qs1100_P101325_Ta223.15_A21_h250_Qsol500_eps1e-15_G1000000_Ars1_A1s1_Ds1.5_Ps1_R1s1_R3s1_Fs1_Ef0.6_Tcl300_Tsl330_St2_Vconv_near_boundary,1100,101325,300,223.15,50,1,120,0.4,2,0.015,0.122474487139159,0.0135,0.009,0.094197,65.53218,0.6,88.468443,0.11774625,3000,500,1e-15,5.670374419e-23,1,223.15,1000000,1,1,1000000,1,900,300,300,330,0,2,conv_near_boundary,1,1,1.5,1,1,1,1,NaN,50,48,0.9,0.6,1,binary_refine,3750,1.25,0,1,,"",321.466983185929,298.550795546612,255.359585989613,80.9532328906353,0.129782284668039,0.150754420909281,17.5104925263508,10.5062955158105,17.5104925263508,20.6005794427656,21.0231654678934,24.7331358445804,1,8.53301681407061,1.44920445338829,-1.44920445338829,0.0224846689496186,2.24846689496186
22,conv_near_boundary_time_2.0x,convergence_check,Qs1100_P101325_Ta223.15_A21_h250_Qsol500_eps1e-15_G1000000_Ars1_A1s1_Ds1.5_Ps1_R1s1_R3s1_Fs1_Ef0.6_Tcl300_Tsl330_St2_Vconv_near_boundary,1100,101325,300,223.15,50,1,120,0.4,2,0.015,0.122474487139159,0.0135,0.009,0.094197,65.53218,0.6,88.468443,0.11774625,3000,500,1e-15,5.670374419e-23,1,223.15,1000000,1,1,1000000,1,900,300,300,330,0,2,conv_near_boundary,1,1,1.5,1,1,1,1,NaN,50,48,0.9,0.6,1,probe,4000,1.33333333333333,0,1,,"",319.067367550427,296.151014284755,255.395430308294,87.9709042101895,0.139696837773872,0.162362865239388,20.4820952237862,12.2892571342717,20.4820952237862,24.096582616219,25.6535478208545,30.1806444951229,1,10.9326324495726,3.84898571524513,-3.84898571524513,0.0274369495410208,2.74369495410208
