model_key,model_label,SLO_key,active_users,probability,cdf
llama31_8b_1xH100_fp8_TP1,8B / 1xH100,general,0,3.7599956288980555e-69,3.7599956288980555e-69
llama31_8b_1xH100_fp8_TP1,8B / 1xH100,general,1,6.0572239561297439e-67,6.0948239124187243e-67
llama31_8b_1xH100_fp8_TP1,8B / 1xH100,general,2,4.8776067435291214e-65,4.9385549826533088e-65
llama31_8b_1xH100_fp8_TP1,8B / 1xH100,general,3,2.6177340029718434e-63,2.6671195527983767e-63
llama31_8b_1xH100_fp8_TP1,8B / 1xH100,general,4,1.0533733665226611e-61,1.0800445620506449e-61
llama31_8b_1xH100_fp8_TP1,8B / 1xH100,general,5,3.390048782982747e-60,3.4980532391878113e-60
llama31_8b_1xH100_fp8_TP1,8B / 1xH100,general,6,9.0891884589064626e-59,9.4389937828252435e-59
llama31_8b_1xH100_fp8_TP1,8B / 1xH100,general,7,2.0882104070304263e-57,2.1826003448586788e-57
llama31_8b_1xH100_fp8_TP1,8B / 1xH100,general,8,4.1967028230676103e-56,4.4149628575534778e-56
llama31_8b_1xH100_fp8_TP1,8B / 1xH100,general,9,7.4949096300307479e-55,7.936405915786095e-55
llama31_8b_1xH100_fp8_TP1,8B / 1xH100,general,10,1.2043253359564363e-53,1.2836893951142972e-53
llama31_8b_1xH100_fp8_TP1,8B / 1xH100,general,11,1.7587547089343332e-52,1.8871236484457629e-52
llama31_8b_1xH100_fp8_TP1,8B / 1xH100,general,12,2.3537203388117502e-51,2.5424327036563264e-51
llama31_8b_1xH100_fp8_TP1,8B / 1xH100,general,13,2.9068259090384706e-50,3.1610691794041033e-50
llama31_8b_1xH100_fp8_TP1,8B / 1xH100,general,14,3.3325384376993576e-49,3.6486453556397683e-49
llama31_8b_1xH100_fp8_TP1,8B / 1xH100,general,15,3.5648785507572371e-48,3.9297430863212139e-48
llama31_8b_1xH100_fp8_TP1,8B / 1xH100,general,16,3.5740631428398946e-47,3.9670374514720158e-47
llama31_8b_1xH100_fp8_TP1,8B / 1xH100,general,17,3.3715327507672098e-46,3.7682364959144115e-46
llama31_8b_1xH100_fp8_TP1,8B / 1xH100,general,18,3.0029324531692036e-45,3.3797561027606451e-45
llama31_8b_1xH100_fp8_TP1,8B / 1xH100,general,19,2.5331402470826583e-44,2.8711158573587227e-44
llama31_8b_1xH100_fp8_TP1,8B / 1xH100,general,20,2.0294253600646609e-43,2.3165369458005331e-43
llama31_8b_1xH100_fp8_TP1,8B / 1xH100,general,21,1.5480115160016019e-42,1.7796652105816551e-42
llama31_8b_1xH100_fp8_TP1,8B / 1xH100,general,22,1.1268041674310882e-41,1.3047706884892539e-41
llama31_8b_1xH100_fp8_TP1,8B / 1xH100,general,23,7.8432140989791181e-41,9.1479847874683717e-41
llama31_8b_1xH100_fp8_TP1,8B / 1xH100,general,24,5.2303746462975909e-40,6.1451731250444279e-40
llama31_8b_1xH100_fp8_TP1,8B / 1xH100,general,25,3.3474897108729315e-39,3.9620070233773746e-39
llama31_8b_1xH100_fp8_TP1,8B / 1xH100,general,26,2.0594385617507626e-38,2.4556392640885001e-38
llama31_8b_1xH100_fp8_TP1,8B / 1xH100,general,27,1.2197321580971445e-37,1.4652960845059945e-37
llama31_8b_1xH100_fp8_TP1,8B / 1xH100,general,28,6.9640564869237867e-37,8.4293525714297812e-37
llama31_8b_1xH100_fp8_TP1,8B / 1xH100,general,29,3.83792565996407e-36,4.6808609171070481e-36
llama31_8b_1xH100_fp8_TP1,8B / 1xH100,general,30,2.0440145713291068e-35,2.5121006630398114e-35
llama31_8b_1xH100_fp8_TP1,8B / 1xH100,general,31,1.0531915708656059e-34,1.3044016371695871e-34
llama31_8b_1xH100_fp8_TP1,8B / 1xH100,general,32,5.2555583051080268e-34,6.5599599422776135e-34
llama31_8b_1xH100_fp8_TP1,8B / 1xH100,general,33,2.5423933639187546e-33,3.1983893581465161e-33
llama31_8b_1xH100_fp8_TP1,8B / 1xH100,general,34,1.1933779427649381e-32,1.5132168785795897e-32
llama31_8b_1xH100_fp8_TP1,8B / 1xH100,general,35,5.4400197101081859e-32,6.9532365886877759e-32
llama31_8b_1xH100_fp8_TP1,8B / 1xH100,general,36,2.4102650398852302e-31,3.1055886987540078e-31
llama31_8b_1xH100_fp8_TP1,8B / 1xH100,general,37,1.0387384521011228e-30,1.3492973219765236e-30
llama31_8b_1xH100_fp8_TP1,8B / 1xH100,general,38,4.3575464940057342e-30,5.7068438159822578e-30
llama31_8b_1xH100_fp8_TP1,8B / 1xH100,general,39,1.7806276409879447e-29,2.3513120225861704e-29
llama31_8b_1xH100_fp8_TP1,8B / 1xH100,general,40,7.0922667594821265e-29,9.4435787820682973e-29
llama31_8b_1xH100_fp8_TP1,8B / 1xH100,general,41,2.7551762573298695e-28,3.699534135536699e-28
llama31_8b_1xH100_fp8_TP1,8B / 1xH100,general,42,1.0445386195552633e-27,1.4144920331089333e-27
llama31_8b_1xH100_fp8_TP1,8B / 1xH100,general,43,3.8668440583819096e-27,5.2813360914908426e-27
llama31_8b_1xH100_fp8_TP1,8B / 1xH100,general,44,1.3985589773945649e-26,1.9266925865436493e-26
llama31_8b_1xH100_fp8_TP1,8B / 1xH100,general,45,4.9444871298008513e-26,6.8711797163445006e-26
llama31_8b_1xH100_fp8_TP1,8B / 1xH100,general,46,1.7095923198829788e-25,2.3967102915174289e-25
llama31_8b_1xH100_fp8_TP1,8B / 1xH100,general,47,5.783623094992408e-25,8.1803333865098369e-25
llama31_8b_1xH100_fp8_TP1,8B / 1xH100,general,48,1.9153147672766291e-24,2.7333481059276128e-24
llama31_8b_1xH100_fp8_TP1,8B / 1xH100,general,49,6.211573102867432e-24,8.9449212087950452e-24
llama31_8b_1xH100_fp8_TP1,8B / 1xH100,general,50,1.9736276303651838e-23,2.8681197512446884e-23
llama31_8b_1xH100_fp8_TP1,8B / 1xH100,general,51,6.1461724469945792e-23,9.014292198239267e-23
llama31_8b_1xH100_fp8_TP1,8B / 1xH100,general,52,1.8766667678705477e-22,2.7780959876944744e-22
llama31_8b_1xH100_fp8_TP1,8B / 1xH100,general,53,5.6204761449859767e-22,8.398572132680451e-22
llama31_8b_1xH100_fp8_TP1,8B / 1xH100,general,54,1.6516468646186422e-21,2.4915040778866871e-21
llama31_8b_1xH100_fp8_TP1,8B / 1xH100,general,55,4.7639629299674921e-21,7.2554670078541799e-21
llama31_8b_1xH100_fp8_TP1,8B / 1xH100,general,56,1.3491809912243139e-20,2.0747276920097318e-20
llama31_8b_1xH100_fp8_TP1,8B / 1xH100,general,57,3.7528500433707682e-20,5.8275777353805e-20
llama31_8b_1xH100_fp8_TP1,8B / 1xH100,general,58,1.0255929829480643e-19,1.6083507564861143e-19
llama31_8b_1xH100_fp8_TP1,8B / 1xH100,general,59,2.7544875036739707e-19,4.3628382601600845e-19
llama31_8b_1xH100_fp8_TP1,8B / 1xH100,general,60,7.2724923276026411e-19,1.1635330587762726e-18
llama31_8b_1xH100_fp8_TP1,8B / 1xH100,general,61,1.8880916646303751e-18,3.0516247234066475e-18
llama31_8b_1xH100_fp8_TP1,8B / 1xH100,general,62,4.8214418187220172e-18,7.873066542128664e-18
llama31_8b_1xH100_fp8_TP1,8B / 1xH100,general,63,1.211317012619478e-17,1.9986236668323446e-17
llama31_8b_1xH100_fp8_TP1,8B / 1xH100,general,64,2.9948505417377655e-17,4.9934742085701101e-17
llama31_8b_1xH100_fp8_TP1,8B / 1xH100,general,65,7.2884464509258787e-17,1.2281920659495989e-16
llama31_8b_1xH100_fp8_TP1,8B / 1xH100,general,66,1.7463852128195496e-16,2.9745772787691485e-16
llama31_8b_1xH100_fp8_TP1,8B / 1xH100,general,67,4.1208810998234391e-16,7.0954583785925872e-16
llama31_8b_1xH100_fp8_TP1,8B / 1xH100,general,68,9.5781541951765523e-16,1.6673612573769139e-15
llama31_8b_1xH100_fp8_TP1,8B / 1xH100,general,69,2.1933562806881566e-15,3.8607175380650707e-15
llama31_8b_1xH100_fp8_TP1,8B / 1xH100,general,70,4.9495232853875147e-15,8.8102408234525854e-15
llama31_8b_1xH100_fp8_TP1,8B / 1xH100,general,71,1.1008623440365716e-14,1.9818864263818302e-14
llama31_8b_1xH100_fp8_TP1,8B / 1xH100,general,72,2.4138165583058916e-14,4.3957029846877215e-14
llama31_8b_1xH100_fp8_TP1,8B / 1xH100,general,73,5.2186825138620178e-14,9.6143854985497393e-14
llama31_8b_1xH100_fp8_TP1,8B / 1xH100,general,74,1.1127160400843733e-13,2.0741545899393474e-13
llama31_8b_1xH100_fp8_TP1,8B / 1xH100,general,75,2.34020540340675e-13,4.4143599933460973e-13
llama31_8b_1xH100_fp8_TP1,8B / 1xH100,general,76,4.8556453991239561e-13,9.2700053924700535e-13
llama31_8b_1xH100_fp8_TP1,8B / 1xH100,general,77,9.9411925425678551e-13,1.9211197935037909e-12
llama31_8b_1xH100_fp8_TP1,8B / 1xH100,general,78,2.0086385037412141e-12,3.9297582972450045e-12
llama31_8b_1xH100_fp8_TP1,8B / 1xH100,general,79,4.005974963376369e-12,7.9357332606213735e-12
llama31_8b_1xH100_fp8_TP1,8B / 1xH100,general,80,7.8872826429723444e-12,1.5823015903593718e-11
llama31_8b_1xH100_fp8_TP1,8B / 1xH100,general,81,1.5333000570921603e-11,3.1156016474515325e-11
llama31_8b_1xH100_fp8_TP1,8B / 1xH100,general,82,2.9435651756684281e-11,6.0591668231199606e-11
llama31_8b_1xH100_fp8_TP1,8B / 1xH100,general,83,5.5812502437061416e-11,1.1640417066826102e-10
llama31_8b_1xH100_fp8_TP1,8B / 1xH100,general,84,1.0453547549674733e-10,2.2093964616500834e-10
llama31_8b_1xH100_fp8_TP1,8B / 1xH100,general,85,1.9343355166095493e-10,4.1437319782596325e-10
llama31_8b_1xH100_fp8_TP1,8B / 1xH100,general,86,3.5366812051456288e-10,7.6804131834052613e-10
llama31_8b_1xH100_fp8_TP1,8B / 1xH100,general,87,6.390204146340852e-10,1.4070617329746113e-09
llama31_8b_1xH100_fp8_TP1,8B / 1xH100,general,88,1.1411575992830539e-09,2.5482193322576652e-09
llama31_8b_1xH100_fp8_TP1,8B / 1xH100,general,89,2.0143951433928619e-09,4.5626144756505271e-09
llama31_8b_1xH100_fp8_TP1,8B / 1xH100,general,90,3.5153345743479595e-09,8.077949049998487e-09
llama31_8b_1xH100_fp8_TP1,8B / 1xH100,general,91,6.065480773817699e-09,1.4143429823816185e-08
llama31_8b_1xH100_fp8_TP1,8B / 1xH100,general,92,1.0348866683700508e-08,2.4492296507516692e-08
llama31_8b_1xH100_fp8_TP1,8B / 1xH100,general,93,1.746226799742959e-08,4.1954564504946278e-08
llama31_8b_1xH100_fp8_TP1,8B / 1xH100,general,94,2.9143318412584303e-08,7.1097882917530587e-08
llama31_8b_1xH100_fp8_TP1,8B / 1xH100,general,95,4.8112396111919305e-08,1.1921027902944988e-07
llama31_8b_1xH100_fp8_TP1,8B / 1xH100,general,96,7.8578315104669577e-08,1.9778859413411947e-07
llama31_8b_1xH100_fp8_TP1,8B / 1xH100,general,97,1.2697648188303882e-07,3.2476507601715829e-07
llama31_8b_1xH100_fp8_TP1,8B / 1xH100,general,98,2.0303217322320121e-07,5.277972492403595e-07
llama31_8b_1xH100_fp8_TP1,8B / 1xH100,general,99,3.2127182393176955e-07,8.4906907317212905e-07
llama31_8b_1xH100_fp8_TP1,8B / 1xH100,general,100,5.0314239707355968e-07,1.3522114702456887e-06
llama31_8b_1xH100_fp8_TP1,8B / 1xH100,general,101,7.7994343333815625e-07,2.1321549035838451e-06
llama31_8b_1xH100_fp8_TP1,8B / 1xH100,general,102,1.196828088405157e-06,3.3289829919890021e-06
llama31_8b_1xH100_fp8_TP1,8B / 1xH100,general,103,1.8181874062828083e-06,5.1471703982718103e-06
llama31_8b_1xH100_fp8_TP1,8B / 1xH100,general,104,2.734794167232404e-06,7.8819645655042152e-06
llama31_8b_1xH100_fp8_TP1,8B / 1xH100,general,105,4.0731453781372093e-06,1.1955109943641424e-05
llama31_8b_1xH100_fp8_TP1,8B / 1xH100,general,106,6.0075005821519936e-06,1.7962610525793415e-05
llama31_8b_1xH100_fp8_TP1,8B / 1xH100,general,107,8.7751594008402223e-06,2.6737769926633636e-05
llama31_8b_1xH100_fp8_TP1,8B / 1xH100,general,108,1.269554671210049e-05,3.9433316638734126e-05
llama31_8b_1xH100_fp8_TP1,8B / 1xH100,general,109,1.8193666176120496e-05,5.7626982814854626e-05
llama31_8b_1xH100_fp8_TP1,8B / 1xH100,general,110,2.5828429273852854e-05,8.3455412088707484e-05
llama31_8b_1xH100_fp8_TP1,8B / 1xH100,general,111,3.6326253350921769e-05,0.00011978166543962925
llama31_8b_1xH100_fp8_TP1,8B / 1xH100,general,112,5.0620134035307701e-05,0.00017040179947493695
llama31_8b_1xH100_fp8_TP1,8B / 1xH100,general,113,6.9894121861949018e-05,0.00024029592133688598
llama31_8b_1xH100_fp8_TP1,8B / 1xH100,general,114,9.5632760222520537e-05,0.0003359286815594065
llama31_8b_1xH100_fp8_TP1,8B / 1xH100,general,115,0.00012967456740853553,0.00046560324896794205
llama31_8b_1xH100_fp8_TP1,8B / 1xH100,general,116,0.00017426807267947319,0.00063987132164741527
llama31_8b_1xH100_fp8_TP1,8B / 1xH100,general,117,0.00023212825796544405,0.00087199957961285927
llama31_8b_1xH100_fp8_TP1,8B / 1xH100,general,118,0.00030649053778882175,0.001178490117401681
llama31_8b_1xH100_fp8_TP1,8B / 1xH100,general,119,0.00040115866812059735,0.0015796487855222782
llama31_8b_1xH100_fp8_TP1,8B / 1xH100,general,120,0.00052054226142969986,0.0021001910469519783
llama31_8b_1xH100_fp8_TP1,8B / 1xH100,general,121,0.00066967896381117621,0.0027698700107631545
llama31_8b_1xH100_fp8_TP1,8B / 1xH100,general,122,0.00085423589435957377,0.0036241059051227284
llama31_8b_1xH100_fp8_TP1,8B / 1xH100,general,123,0.0010804847361344781,0.0047045906412572069
llama31_8b_1xH100_fp8_TP1,8B / 1xH100,general,124,0.0013552449811952479,0.0060598356224524546
llama31_8b_1xH100_fp8_TP1,8B / 1xH100,general,125,0.001685790340796388,0.0077456259632488426
llama31_8b_1xH100_fp8_TP1,8B / 1xH100,general,126,0.0020797142916446536,0.009825340254893497
llama31_8b_1xH100_fp8_TP1,8B / 1xH100,general,127,0.0025447521713709135,0.01237009242626441
llama31_8b_1xH100_fp8_TP1,8B / 1xH100,general,128,0.0030885591597207885,0.015458651585985198
llama31_8b_1xH100_fp8_TP1,8B / 1xH100,general,129,0.0037184458458348457,0.019177097431820042
llama31_8b_1xH100_fp8_TP1,8B / 1xH100,general,130,0.0044410758023629556,0.023618173234182999
llama31_8b_1xH100_fp8_TP1,8B / 1xH100,general,131,0.0052621325357841784,0.028880305769967175
llama31_8b_1xH100_fp8_TP1,8B / 1xH100,general,132,0.0061859661899177961,0.035066271959884973
llama31_8b_1xH100_fp8_TP1,8B / 1xH100,general,133,0.0072152332435878362,0.042281505203472812
llama31_8b_1xH100_fp8_TP1,8B / 1xH100,general,134,0.0083505449397639677,0.050632050143236781
llama31_8b_1xH100_fp8_TP1,8B / 1xH100,general,135,0.0095901420827329605,0.060222192225969744
llama31_8b_1xH100_fp8_TP1,8B / 1xH100,general,136,0.010929614925509224,0.071151807151478966
llama31_8b_1xH100_fp8_TP1,8B / 1xH100,general,137,0.012361686958301924,0.083513494109780886
llama31_8b_1xH100_fp8_TP1,8B / 1xH100,general,138,0.013876080369364481,0.097389574479145369
llama31_8b_1xH100_fp8_TP1,8B / 1xH100,general,139,0.015459478720316342,0.11284905319946172
llama31_8b_1xH100_fp8_TP1,8B / 1xH100,general,140,0.01709559897946197,0.12994465217892368
llama31_8b_1xH100_fp8_TP1,8B / 1xH100,general,141,0.018765380597845379,0.14871003277676906
llama31_8b_1xH100_fp8_TP1,8B / 1xH100,general,142,0.02044729399099373,0.16915732676776279
llama31_8b_1xH100_fp8_TP1,8B / 1xH100,general,143,0.022117764881509443,0.19127509164927223
llama31_8b_1xH100_fp8_TP1,8B / 1xH100,general,144,0.023751704804679072,0.21502679645395129
llama31_8b_1xH100_fp8_TP1,8B / 1xH100,general,145,0.025323132063142732,0.24034992851709402
llama31_8b_1xH100_fp8_TP1,8B / 1xH100,general,146,0.026805861933205614,0.26715579045029964
llama31_8b_1xH100_fp8_TP1,8B / 1xH100,general,147,0.028174240353909374,0.295330030804209
llama31_8b_1xH100_fp8_TP1,8B / 1xH100,general,148,0.029403892003166825,0.32473392280737584
llama31_8b_1xH100_fp8_TP1,8B / 1xH100,general,149,0.030472451841561075,0.3552063746489369
llama31_8b_1xH100_fp8_TP1,8B / 1xH100,general,150,0.031360249045894927,0.3865666236948318
llama31_8b_1xH100_fp8_TP1,8B / 1xH100,general,151,0.032050913812166827,0.41861753750699865
llama31_8b_1xH100_fp8_TP1,8B / 1xH100,general,152,0.032531880715237944,0.45114941822223659
llama31_8b_1xH100_fp8_TP1,8B / 1xH100,general,153,0.032794766990554898,0.48394418521279148
llama31_8b_1xH100_fp8_TP1,8B / 1xH100,general,154,0.032835609971932106,0.51677979518472361
llama31_8b_1xH100_fp8_TP1,8B / 1xH100,general,155,0.032654954619115509,0.54943474980383911
llama31_8b_1xH100_fp8_TP1,8B / 1xH100,general,156,0.032257789187889081,0.58169253899172824
llama31_8b_1xH100_fp8_TP1,8B / 1xH100,general,157,0.031653334200752337,0.61334587319248057
llama31_8b_1xH100_fp8_TP1,8B / 1xH100,general,158,0.030854696545226157,0.64420056973770667
llama31_8b_1xH100_fp8_TP1,8B / 1xH100,general,159,0.029878406378027932,0.67407897611573464
llama31_8b_1xH100_fp8_TP1,8B / 1xH100,general,160,0.028743859231922526,0.70282283534765722
llama31_8b_1xH100_fp8_TP1,8B / 1xH100,general,161,0.027472689079774782,0.73029552442743195
llama31_8b_1xH100_fp8_TP1,8B / 1xH100,general,162,0.026088099977604057,0.75638362440503604
llama31_8b_1xH100_fp8_TP1,8B / 1xH100,general,163,0.024614184258160605,0.78099780866319668
llama31_8b_1xH100_fp8_TP1,8B / 1xH100,general,164,0.023075254149875518,0.80407306281307223
llama31_8b_1xH100_fp8_TP1,8B / 1xH100,general,165,0.021495211311033765,0.82556827412410594
llama31_8b_1xH100_fp8_TP1,8B / 1xH100,general,166,0.019896975323471466,0.84546524944757739
llama31_8b_1xH100_fp8_TP1,8B / 1xH100,general,167,0.01830198796046863,0.86376723740804606
llama31_8b_1xH100_fp8_TP1,8B / 1xH100,general,168,0.016729805331987289,0.88049704274003338
llama31_8b_1xH100_fp8_TP1,8B / 1xH100,general,169,0.015197785122080082,0.89569482786211341
llama31_8b_1xH100_fp8_TP1,8B / 1xH100,general,170,0.013720871355258919,0.90941569921737231
llama31_8b_1xH100_fp8_TP1,8B / 1xH100,general,171,0.012311474712470124,0.92172717392984238
llama31_8b_1xH100_fp8_TP1,8B / 1xH100,general,172,0.010979442566118944,0.93270661649596132
llama31_8b_1xH100_fp8_TP1,8B / 1xH100,general,173,0.0097321097637070031,0.94243872625966829
llama31_8b_1xH100_fp8_TP1,8B / 1xH100,general,174,0.0085744188477321105,0.95101314510740043
llama31_8b_1xH100_fp8_TP1,8B / 1xH100,general,175,0.007509096884014319,0.95852224199141478
llama31_8b_1xH100_fp8_TP1,8B / 1xH100,general,176,0.0065368753573590661,0.96505911734877381
llama31_8b_1xH100_fp8_TP1,8B / 1xH100,general,177,0.00565673961410618,0.97071585696287999
llama31_8b_1xH100_fp8_TP1,8B / 1xH100,general,178,0.004866194983618447,0.97558205194649839
llama31_8b_1xH100_fp8_TP1,8B / 1xH100,general,179,0.004161537870763391,0.97974358981726173
llama31_8b_1xH100_fp8_TP1,8B / 1xH100,general,180,0.0035381216434439999,0.98328171146070575
llama31_8b_1xH100_fp8_TP1,8B / 1xH100,general,181,0.0029906089069165536,0.98627232036762236
llama31_8b_1xH100_fp8_TP1,8B / 1xH100,general,182,0.0025132036315818999,0.98878552399920427
llama31_8b_1xH100_fp8_TP1,8B / 1xH100,general,183,0.0020998584694261607,0.99088538246863045
llama31_8b_1xH100_fp8_TP1,8B / 1xH100,general,184,0.0017444543619368855,0.99262983683056738
llama31_8b_1xH100_fp8_TP1,8B / 1xH100,general,185,0.0014409511366404281,0.99407078796720783
llama31_8b_1xH100_fp8_TP1,8B / 1xH100,general,186,0.0011835091604189157,0.9952542971276267
llama31_8b_1xH100_fp8_TP1,8B / 1xH100,general,187,0.00096658323700959253,0.9962208803646363
llama31_8b_1xH100_fp8_TP1,8B / 1xH100,general,188,0.00078499079437291852,0.99700587115900918
llama31_8b_1xH100_fp8_TP1,8B / 1xH100,general,189,0.00063395701191491642,0.99763982817092411
llama31_8b_1xH100_fp8_TP1,8B / 1xH100,general,190,0.00050913990744489053,0.99814896807836906
llama31_8b_1xH100_fp8_TP1,8B / 1xH100,general,191,0.00040663856774392215,0.99855560664611298
llama31_8b_1xH100_fp8_TP1,8B / 1xH100,general,192,0.00032298769861724744,0.99887859434473025
llama31_8b_1xH100_fp8_TP1,8B / 1xH100,general,193,0.00025514152647253464,0.9991337358712028
llama31_8b_1xH100_fp8_TP1,8B / 1xH100,general,194,0.0002004498396155443,0.99933418571081833
llama31_8b_1xH100_fp8_TP1,8B / 1xH100,general,195,0.00015662864700323042,0.99949081435782161
llama31_8b_1xH100_fp8_TP1,8B / 1xH100,general,196,0.00012172758473774475,0.99961254194255933
llama31_8b_1xH100_fp8_TP1,8B / 1xH100,general,197,9.4095841028312015e-05,0.99970663778358759
llama31_8b_1xH100_fp8_TP1,8B / 1xH100,general,198,7.2348018533925269e-05,0.99977898580212154
llama31_8b_1xH100_fp8_TP1,8B / 1xH100,general,199,5.5331023740791284e-05,0.99983431682586232
llama31_8b_1xH100_fp8_TP1,8B / 1xH100,general,200,4.2092776447495799e-05,0.99987640960230983
llama31_8b_1xH100_fp8_TP1,8B / 1xH100,general,201,3.185327451250145e-05,0.99990826287682233
llama31_8b_1xH100_fp8_TP1,8B / 1xH100,general,202,2.3978332281761679e-05,0.99993224120910407
llama31_8b_1xH100_fp8_TP1,8B / 1xH100,general,203,1.7956135331871864e-05,0.99995019734443591
llama31_8b_1xH100_fp8_TP1,8B / 1xH100,general,204,1.3376617069884357e-05,0.99996357396150581
llama31_8b_1xH100_fp8_TP1,8B / 1xH100,general,205,9.913560669140902e-06,0.99997348752217496
llama31_8b_1xH100_fp8_TP1,8B / 1xH100,general,206,7.3092583120911137e-06,0.99998079678048701
llama31_8b_1xH100_fp8_TP1,8B / 1xH100,general,207,5.3615139194955156e-06,0.99998615829440651
llama31_8b_1xH100_fp8_TP1,8B / 1xH100,general,208,3.9127506395454022e-06,0.99999007104504611
llama31_8b_1xH100_fp8_TP1,8B / 1xH100,general,209,2.8409757886971075e-06,0.99999291202083485
llama31_8b_1xH100_fp8_TP1,8B / 1xH100,general,210,2.05235956172962e-06,0.99999496438039659
llama31_8b_1xH100_fp8_TP1,8B / 1xH100,general,211,1.4751960899384551e-06,0.99999643957648654
llama31_8b_1xH100_fp8_TP1,8B / 1xH100,general,212,1.0550333362373523e-06,0.99999749460982279
llama31_8b_1xH100_fp8_TP1,8B / 1xH100,general,213,7.5077946540371382e-07,0.99999824538928817
llama31_8b_1xH100_fp8_TP1,8B / 1xH100,general,214,5.3161584808710666e-07,0.99999877700513629
llama31_8b_1xH100_fp8_TP1,8B / 1xH100,general,215,3.7456936146431467e-07,0.9999991515744977
llama31_8b_1xH100_fp8_TP1,8B / 1xH100,general,216,2.6261816306649602e-07,0.99999941419266081
llama31_8b_1xH100_fp8_TP1,8B / 1xH100,general,217,1.8322500314459335e-07,0.99999959741766398
llama31_8b_1xH100_fp8_TP1,8B / 1xH100,general,218,1.2721004124903121e-07,0.99999972462770526
llama31_8b_1xH100_fp8_TP1,8B / 1xH100,general,219,8.7890887279318924e-08,0.99999981251859249
llama31_8b_1xH100_fp8_TP1,8B / 1xH100,general,220,6.0431189571720218e-08,0.9999998729497821
llama31_8b_1xH100_fp8_TP1,8B / 1xH100,general,221,4.1350639861133397e-08,0.99999991430042201
llama31_8b_1xH100_fp8_TP1,8B / 1xH100,general,222,2.8158920250183064e-08,0.99999994245934221
llama31_8b_1xH100_fp8_TP1,8B / 1xH100,general,223,1.9084080087441405e-08,0.9999999615434223
llama31_8b_1xH100_fp8_TP1,8B / 1xH100,general,224,1.2872314721766238e-08,0.99999997441573707
llama31_8b_1xH100_fp8_TP1,8B / 1xH100,general,225,8.6413360524711093e-09,0.99999998305707316
llama31_8b_1xH100_fp8_TP1,8B / 1xH100,general,226,5.7736775945053402e-09,0.99999998883075081
llama31_8b_1xH100_fp8_TP1,8B / 1xH100,general,227,3.83954745291039e-09,0.99999999267029827
llama31_8b_1xH100_fp8_TP1,8B / 1xH100,general,228,2.5413930528816174e-09,0.99999999521169136
llama31_8b_1xH100_fp8_TP1,8B / 1xH100,general,229,1.6743115170470776e-09,0.99999999688600283
llama31_8b_1xH100_fp8_TP1,8B / 1xH100,general,230,1.0979475244726688e-09,0.99999999798395034
llama31_8b_1xH100_fp8_TP1,8B / 1xH100,general,231,7.1666466147957513e-10,0.99999999870061496
llama31_8b_1xH100_fp8_TP1,8B / 1xH100,general,232,4.6563713272532281e-10,0.99999999916625204
llama31_8b_1xH100_fp8_TP1,8B / 1xH100,general,233,3.0115112199736678e-10,0.99999999946740314
llama31_8b_1xH100_fp8_TP1,8B / 1xH100,general,234,1.9388071459984896e-10,0.99999999966128383
llama31_8b_1xH100_fp8_TP1,8B / 1xH100,general,235,1.2425271885447619e-10,0.99999999978553655
llama31_8b_1xH100_fp8_TP1,8B / 1xH100,general,236,7.9269514877050419e-11,0.99999999986480603
llama31_8b_1xH100_fp8_TP1,8B / 1xH100,general,237,5.0343486950497015e-11,0.99999999991514954
llama31_8b_1xH100_fp8_TP1,8B / 1xH100,general,238,3.1829139255300639e-11,0.99999999994697863
llama31_8b_1xH100_fp8_TP1,8B / 1xH100,general,239,2.0033584211774682e-11,0.99999999996701217
llama31_8b_1xH100_fp8_TP1,8B / 1xH100,general,240,1.2553134008676507e-11,0.99999999997956535
llama31_8b_1xH100_fp8_TP1,8B / 1xH100,general,241,7.8309228579833785e-12,0.9999999999873963
llama31_8b_1xH100_fp8_TP1,8B / 1xH100,general,242,4.8634948422435527e-12,0.99999999999225975
llama31_8b_1xH100_fp8_TP1,8B / 1xH100,general,243,3.0072262704286988e-12,0.99999999999526701
llama31_8b_1xH100_fp8_TP1,8B / 1xH100,general,244,1.8512847589625525e-12,0.99999999999711831
llama31_8b_1xH100_fp8_TP1,8B / 1xH100,general,245,1.1346896562399772e-12,0.99999999999825295
llama31_8b_1xH100_fp8_TP1,8B / 1xH100,general,246,6.9244444643962004e-13,0.9999999999989454
llama31_8b_1xH100_fp8_TP1,8B / 1xH100,general,247,4.2073041457262699e-13,0.99999999999936617
llama31_8b_1xH100_fp8_TP1,8B / 1xH100,general,248,2.5453125215684648e-13,0.99999999999962075
llama31_8b_1xH100_fp8_TP1,8B / 1xH100,general,249,1.5332169052268748e-13,0.99999999999977407
llama31_8b_1xH100_fp8_TP1,8B / 1xH100,general,250,9.1959870815415306e-14,0.999999999999866
llama31_8b_1xH100_fp8_TP1,8B / 1xH100,general,251,5.4920224902699301e-14,0.99999999999992095
llama31_8b_1xH100_fp8_TP1,8B / 1xH100,general,252,3.2659711224048215e-14,0.99999999999995359
llama31_8b_1xH100_fp8_TP1,8B / 1xH100,general,253,1.9339501511135091e-14,0.99999999999997291
llama31_8b_1xH100_fp8_TP1,8B / 1xH100,general,254,1.1403492516690572e-14,0.99999999999998435
llama31_8b_1xH100_fp8_TP1,8B / 1xH100,general,255,6.6957136909154102e-15,0.99999999999999101
llama31_8b_1xH100_fp8_TP1,8B / 1xH100,general,256,3.9149743212880393e-15,0.99999999999999489
llama31_8b_1xH100_fp8_TP1,8B / 1xH100,general,257,2.279505380296029e-15,0.99999999999999722
llama31_8b_1xH100_fp8_TP1,8B / 1xH100,general,258,1.3217172125771688e-15,0.99999999999999856
llama31_8b_1xH100_fp8_TP1,8B / 1xH100,general,259,7.6318389844064484e-16,0.99999999999999933
llama31_8b_1xH100_fp8_TP1,8B / 1xH100,general,260,4.3885296800203826e-16,0.99999999999999978
llama31_8b_1xH100_fp8_TP1,8B / 1xH100,general,261,2.5131272357129218e-16,1
llama31_8b_1xH100_fp8_TP1,8B / 1xH100,general,262,1.4332497326008422e-16,1.0000000000000002
llama31_8b_1xH100_fp8_TP1,8B / 1xH100,general,263,8.1404334220977322e-17,1.0000000000000002
llama31_8b_1xH100_fp8_TP1,8B / 1xH100,general,264,4.6046615840815953e-17,1.0000000000000002
llama31_8b_1xH100_fp8_TP1,8B / 1xH100,general,265,2.5940518440443358e-17,1.0000000000000002
llama31_8b_1xH100_fp8_TP1,8B / 1xH100,general,266,1.4554473479270616e-17,1.0000000000000002
llama31_8b_1xH100_fp8_TP1,8B / 1xH100,general,267,8.1331237866085207e-18,1.0000000000000002
llama31_8b_1xH100_fp8_TP1,8B / 1xH100,general,268,4.5265505795726535e-18,1.0000000000000002
llama31_8b_1xH100_fp8_TP1,8B / 1xH100,general,269,2.5091840343135922e-18,1.0000000000000002
llama31_8b_1xH100_fp8_TP1,8B / 1xH100,general,270,1.385347681526298e-18,1.0000000000000002
llama31_8b_1xH100_fp8_TP1,8B / 1xH100,general,271,7.6181956025919779e-19,1.0000000000000002
llama31_8b_1xH100_fp8_TP1,8B / 1xH100,general,272,4.1727121307137363e-19,1.0000000000000002
llama31_8b_1xH100_fp8_TP1,8B / 1xH100,general,273,2.2764784941119807e-19,1.0000000000000002
llama31_8b_1xH100_fp8_TP1,8B / 1xH100,general,274,1.2370672600330301e-19,1.0000000000000002
llama31_8b_1xH100_fp8_TP1,8B / 1xH100,general,275,6.6959696572205631e-20,1.0000000000000002
llama31_8b_1xH100_fp8_TP1,8B / 1xH100,general,276,3.6101876021773893e-20,1.0000000000000002
llama31_8b_1xH100_fp8_TP1,8B / 1xH100,general,277,1.9388663750125418e-20,1.0000000000000002
llama31_8b_1xH100_fp8_TP1,8B / 1xH100,general,278,1.0372261242172747e-20,1.0000000000000002
llama31_8b_1xH100_fp8_TP1,8B / 1xH100,general,279,5.5272877857970514e-21,1.0000000000000002
llama31_8b_1xH100_fp8_TP1,8B / 1xH100,general,280,2.9340623216397706e-21,1.0000000000000002
llama31_8b_1xH100_fp8_TP1,8B / 1xH100,general,281,1.5514962899331779e-21,1.0000000000000002
llama31_8b_1xH100_fp8_TP1,8B / 1xH100,general,282,8.1726289700724847e-22,1.0000000000000002
llama31_8b_1xH100_fp8_TP1,8B / 1xH100,general,283,4.2885245825936968e-22,1.0000000000000002
llama31_8b_1xH100_fp8_TP1,8B / 1xH100,general,284,2.24178785222539e-22,1.0000000000000002
llama31_8b_1xH100_fp8_TP1,8B / 1xH100,general,285,1.1674195834923713e-22,1.0000000000000002
llama31_8b_1xH100_fp8_TP1,8B / 1xH100,general,286,6.0563452317309394e-23,1.0000000000000002
llama31_8b_1xH100_fp8_TP1,8B / 1xH100,general,287,3.1300462328379838e-23,1.0000000000000002
llama31_8b_1xH100_fp8_TP1,8B / 1xH100,general,288,1.6115827792198525e-23,1.0000000000000002
llama31_8b_1xH100_fp8_TP1,8B / 1xH100,general,289,8.2664956294433142e-24,1.0000000000000002
llama31_8b_1xH100_fp8_TP1,8B / 1xH100,general,290,4.2243744157684772e-24,1.0000000000000002
llama31_8b_1xH100_fp8_TP1,8B / 1xH100,general,291,2.1507040652711226e-24,1.0000000000000002
llama31_8b_1xH100_fp8_TP1,8B / 1xH100,general,292,1.0908908777366271e-24,1.0000000000000002
llama31_8b_1xH100_fp8_TP1,8B / 1xH100,general,293,5.5127645441804764e-25,1.0000000000000002
llama31_8b_1xH100_fp8_TP1,8B / 1xH100,general,294,2.7755566754862567e-25,1.0000000000000002
llama31_8b_1xH100_fp8_TP1,8B / 1xH100,general,295,1.392285458090585e-25,1.0000000000000002
llama31_8b_1xH100_fp8_TP1,8B / 1xH100,general,296,6.9583934287898259e-26,1.0000000000000002
llama31_8b_1xH100_fp8_TP1,8B / 1xH100,general,297,3.4649511808813738e-26,1.0000000000000002
llama31_8b_1xH100_fp8_TP1,8B / 1xH100,general,298,1.7190860427660279e-26,1.0000000000000002
llama31_8b_1xH100_fp8_TP1,8B / 1xH100,general,299,8.4979728190013025e-27,1.0000000000000002
llama31_8b_1xH100_fp8_TP1,8B / 1xH100,general,300,4.1855750363233133e-27,1.0000000000000002
llama31_8b_1xH100_fp8_TP1,8B / 1xH100,general,301,2.0541010627682562e-27,1.0000000000000002
llama31_8b_1xH100_fp8_TP1,8B / 1xH100,general,302,1.004431076137309e-27,1.0000000000000002
llama31_8b_1xH100_fp8_TP1,8B / 1xH100,general,303,4.8938976111568702e-28,1.0000000000000002
llama31_8b_1xH100_fp8_TP1,8B / 1xH100,general,304,2.3759141055652299e-28,1.0000000000000002
llama31_8b_1xH100_fp8_TP1,8B / 1xH100,general,305,1.1493502520519648e-28,1.0000000000000002
llama31_8b_1xH100_fp8_TP1,8B / 1xH100,general,306,5.5401881005474337e-29,1.0000000000000002
llama31_8b_1xH100_fp8_TP1,8B / 1xH100,general,307,2.6610418360670229e-29,1.0000000000000002
llama31_8b_1xH100_fp8_TP1,8B / 1xH100,general,308,1.2736161703608431e-29,1.0000000000000002
llama31_8b_1xH100_fp8_TP1,8B / 1xH100,general,309,6.0742079839079494e-30,1.0000000000000002
llama31_8b_1xH100_fp8_TP1,8B / 1xH100,general,310,2.886752275126932e-30,1.0000000000000002
llama31_8b_1xH100_fp8_TP1,8B / 1xH100,general,311,1.3671074286187133e-30,1.0000000000000002
llama31_8b_1xH100_fp8_TP1,8B / 1xH100,general,312,6.4516903015103811e-31,1.0000000000000002
llama31_8b_1xH100_fp8_TP1,8B / 1xH100,general,313,3.0340767923141243e-31,1.0000000000000002
llama31_8b_1xH100_fp8_TP1,8B / 1xH100,general,314,1.4218907543127743e-31,1.0000000000000002
llama31_8b_1xH100_fp8_TP1,8B / 1xH100,general,315,6.6404404442830475e-32,1.0000000000000002
llama31_8b_1xH100_fp8_TP1,8B / 1xH100,general,316,3.0904583631083021e-32,1.0000000000000002
llama31_8b_1xH100_fp8_TP1,8B / 1xH100,general,317,1.4333379381630894e-32,1.0000000000000002
llama31_8b_1xH100_fp8_TP1,8B / 1xH100,general,318,6.624884175572113e-33,1.0000000000000002
llama31_8b_1xH100_fp8_TP1,8B / 1xH100,general,319,3.0515202533698408e-33,1.0000000000000002
llama31_8b_1xH100_fp8_TP1,8B / 1xH100,general,320,1.400769732314166e-33,1.0000000000000002
llama31_8b_1xH100_fp8_TP1,8B / 1xH100,general,321,6.4081695174150568e-34,1.0000000000000002
llama31_8b_1xH100_fp8_TP1,8B / 1xH100,general,322,2.9216096078031789e-34,1.0000000000000002
llama31_8b_1xH100_fp8_TP1,8B / 1xH100,general,323,1.32750296159978e-34,1.0000000000000002
llama31_8b_1xH100_fp8_TP1,8B / 1xH100,general,324,6.0114339882581621e-35,1.0000000000000002
llama31_8b_1xH100_fp8_TP1,8B / 1xH100,general,325,2.7130266307690263e-35,1.0000000000000002
llama31_8b_1xH100_fp8_TP1,8B / 1xH100,general,326,1.220302546024327e-35,1.0000000000000002
llama31_8b_1xH100_fp8_TP1,8B / 1xH100,general,327,5.4704434753965067e-36,1.0000000000000002
llama31_8b_1xH100_fp8_TP1,8B / 1xH100,general,328,2.4441235473413322e-36,1.0000000000000002
llama31_8b_1xH100_fp8_TP1,8B / 1xH100,general,329,1.088362072523915e-36,1.0000000000000002
llama31_8b_1xH100_fp8_TP1,8B / 1xH100,general,330,4.8303351256406566e-37,1.0000000000000002
llama31_8b_1xH100_fp8_TP1,8B / 1xH100,general,331,2.1366762319772112e-37,1.0000000000000002
llama31_8b_1xH100_fp8_TP1,8B / 1xH100,general,332,9.4202345350178503e-38,1.0000000000000002
llama31_8b_1xH100_fp8_TP1,8B / 1xH100,general,333,4.1395218249939038e-38,1.0000000000000002
llama31_8b_1xH100_fp8_TP1,8B / 1xH100,general,334,1.8130425772567736e-38,1.0000000000000002
llama31_8b_1xH100_fp8_TP1,8B / 1xH100,general,335,7.9147840899318458e-39,1.0000000000000002
llama31_8b_1xH100_fp8_TP1,8B / 1xH100,general,336,3.4438738725650745e-39,1.0000000000000002
llama31_8b_1xH100_fp8_TP1,8B / 1xH100,general,337,1.4936069667600435e-39,1.0000000000000002
llama31_8b_1xH100_fp8_TP1,8B / 1xH100,general,338,6.4566933309326825e-40,1.0000000000000002
llama31_8b_1xH100_fp8_TP1,8B / 1xH100,general,339,2.7820985492270947e-40,1.0000000000000002
llama31_8b_1xH100_fp8_TP1,8B / 1xH100,general,340,1.1948878488613358e-40,1.0000000000000002
llama31_8b_1xH100_fp8_TP1,8B / 1xH100,general,341,5.1153788709547609e-41,1.0000000000000002
llama31_8b_1xH100_fp8_TP1,8B / 1xH100,general,342,2.1828717008133876e-41,1.0000000000000002
llama31_8b_1xH100_fp8_TP1,8B / 1xH100,general,343,9.2850032030818701e-42,1.0000000000000002
llama31_8b_1xH100_fp8_TP1,8B / 1xH100,general,344,3.936797014952896e-42,1.0000000000000002
llama31_8b_1xH100_fp8_TP1,8B / 1xH100,general,345,1.6638522536322519e-42,1.0000000000000002
llama31_8b_1xH100_fp8_TP1,8B / 1xH100,general,346,7.0097237104550218e-43,1.0000000000000002
llama31_8b_1xH100_fp8_TP1,8B / 1xH100,general,347,2.9437780199130854e-43,1.0000000000000002
llama31_8b_1xH100_fp8_TP1,8B / 1xH100,general,348,1.2323407895384993e-43,1.0000000000000002
llama31_8b_1xH100_fp8_TP1,8B / 1xH100,general,349,5.1425884090165684e-44,1.0000000000000002
llama31_8b_1xH100_fp8_TP1,8B / 1xH100,general,350,2.1392494908251026e-44,1.0000000000000002
llama31_8b_1xH100_fp8_TP1,8B / 1xH100,general,351,8.8710160493845294e-45,1.0000000000000002
llama31_8b_1xH100_fp8_TP1,8B / 1xH100,general,352,3.6670856944097059e-45,1.0000000000000002
llama31_8b_1xH100_fp8_TP1,8B / 1xH100,general,353,1.5111515061703583e-45,1.0000000000000002
llama31_8b_1xH100_fp8_TP1,8B / 1xH100,general,354,6.2077995159803842e-46,1.0000000000000002
llama31_8b_1xH100_fp8_TP1,8B / 1xH100,general,355,2.5422223456782466e-46,1.0000000000000002
llama31_8b_1xH100_fp8_TP1,8B / 1xH100,general,356,1.037860505607205e-46,1.0000000000000002
llama31_8b_1xH100_fp8_TP1,8B / 1xH100,general,357,4.2239372291908213e-47,1.0000000000000002
llama31_8b_1xH100_fp8_TP1,8B / 1xH100,general,358,1.7137691989858538e-47,1.0000000000000002
llama31_8b_1xH100_fp8_TP1,8B / 1xH100,general,359,6.9318154386545531e-48,1.0000000000000002
llama31_8b_1xH100_fp8_TP1,8B / 1xH100,general,360,2.7951478383014157e-48,1.0000000000000002
llama31_8b_1xH100_fp8_TP1,8B / 1xH100,general,361,1.1236447958664184e-48,1.0000000000000002
llama31_8b_1xH100_fp8_TP1,8B / 1xH100,general,362,4.5032192527882696e-49,1.0000000000000002
llama31_8b_1xH100_fp8_TP1,8B / 1xH100,general,363,1.79924466867709e-49,1.0000000000000002
llama31_8b_1xH100_fp8_TP1,8B / 1xH100,general,364,7.1669392138560539e-50,1.0000000000000002
llama31_8b_1xH100_fp8_TP1,8B / 1xH100,general,365,2.8461438335575914e-50,1.0000000000000002
llama31_8b_1xH100_fp8_TP1,8B / 1xH100,general,366,1.1268415108171295e-50,1.0000000000000002
llama31_8b_1xH100_fp8_TP1,8B / 1xH100,general,367,4.4478991039863746e-51,1.0000000000000002
llama31_8b_1xH100_fp8_TP1,8B / 1xH100,general,368,1.7503960406635201e-51,1.0000000000000002
llama31_8b_1xH100_fp8_TP1,8B / 1xH100,general,369,6.8676825734341789e-52,1.0000000000000002
llama31_8b_1xH100_fp8_TP1,8B / 1xH100,general,370,2.686456267627206e-52,1.0000000000000002
llama31_8b_1xH100_fp8_TP1,8B / 1xH100,general,371,1.0477270657594936e-52,1.0000000000000002
llama31_8b_1xH100_fp8_TP1,8B / 1xH100,general,372,4.0739764765299154e-53,1.0000000000000002
llama31_8b_1xH100_fp8_TP1,8B / 1xH100,general,373,1.579406639487953e-53,1.0000000000000002
llama31_8b_1xH100_fp8_TP1,8B / 1xH100,general,374,6.1048865242099597e-54,1.0000000000000002
llama31_8b_1xH100_fp8_TP1,8B / 1xH100,general,375,2.3527323031219364e-54,1.0000000000000002
llama31_8b_1xH100_fp8_TP1,8B / 1xH100,general,376,9.040278100116504e-55,1.0000000000000002
llama31_8b_1xH100_fp8_TP1,8B / 1xH100,general,377,3.4634464520957954e-55,1.0000000000000002
llama31_8b_1xH100_fp8_TP1,8B / 1xH100,general,378,1.3229871189578537e-55,1.0000000000000002
llama31_8b_1xH100_fp8_TP1,8B / 1xH100,general,379,5.0387896567719586e-56,1.0000000000000002
llama31_8b_1xH100_fp8_TP1,8B / 1xH100,general,380,1.9134773480515163e-56,1.0000000000000002
llama31_8b_1xH100_fp8_TP1,8B / 1xH100,general,381,7.2451919515689956e-57,1.0000000000000002
llama31_8b_1xH100_fp8_TP1,8B / 1xH100,general,382,2.7353248883680857e-57,1.0000000000000002
llama31_8b_1xH100_fp8_TP1,8B / 1xH100,general,383,1.0296825407593936e-57,1.0000000000000002
llama31_8b_1xH100_fp8_TP1,8B / 1xH100,general,384,3.8648810876503929e-58,1.0000000000000002
llama31_8b_1xH100_fp8_TP1,8B / 1xH100,general,385,1.4464725911941086e-58,1.0000000000000002
llama31_8b_1xH100_fp8_TP1,8B / 1xH100,general,386,5.3979453111574225e-59,1.0000000000000002
llama31_8b_1xH100_fp8_TP1,8B / 1xH100,general,387,2.0086018102724561e-59,1.0000000000000002
llama31_8b_1xH100_fp8_TP1,8B / 1xH100,general,388,7.4526238377428492e-60,1.0000000000000002
llama31_8b_1xH100_fp8_TP1,8B / 1xH100,general,389,2.7572579892279189e-60,1.0000000000000002
llama31_8b_1xH100_fp8_TP1,8B / 1xH100,general,390,1.0171881951958794e-60,1.0000000000000002
llama31_8b_1xH100_fp8_TP1,8B / 1xH100,general,391,3.7418275103381881e-61,1.0000000000000002
llama31_8b_1xH100_fp8_TP1,8B / 1xH100,general,392,1.3725481393745747e-61,1.0000000000000002
llama31_8b_1xH100_fp8_TP1,8B / 1xH100,general,393,5.0203683972602789e-62,1.0000000000000002
llama31_8b_1xH100_fp8_TP1,8B / 1xH100,general,394,1.8310936844008636e-62,1.0000000000000002
llama31_8b_1xH100_fp8_TP1,8B / 1xH100,general,395,6.6597097253261374e-63,1.0000000000000002
llama31_8b_1xH100_fp8_TP1,8B / 1xH100,general,396,2.4153082286363573e-63,1.0000000000000002
llama31_8b_1xH100_fp8_TP1,8B / 1xH100,general,397,8.735044077337424e-64,1.0000000000000002
llama31_8b_1xH100_fp8_TP1,8B / 1xH100,general,398,3.1501820992720752e-64,1.0000000000000002
llama31_8b_1xH100_fp8_TP1,8B / 1xH100,general,399,1.1328879629139905e-64,1.0000000000000002
llama31_8b_1xH100_fp8_TP1,8B / 1xH100,general,400,4.0627651840058682e-65,1.0000000000000002
llama31_8b_1xH100_fp8_TP1,8B / 1xH100,general,401,1.4529231277248062e-65,1.0000000000000002
llama31_8b_1xH100_fp8_TP1,8B / 1xH100,general,402,5.1814628883556429e-66,1.0000000000000002
llama31_8b_1xH100_fp8_TP1,8B / 1xH100,general,403,1.8426958533727433e-66,1.0000000000000002
llama31_8b_1xH100_fp8_TP1,8B / 1xH100,general,404,6.5350527136825469e-67,1.0000000000000002
llama31_8b_1xH100_fp8_TP1,8B / 1xH100,general,405,2.3112203167681241e-67,1.0000000000000002
llama31_8b_1xH100_fp8_TP1,8B / 1xH100,general,406,8.1514157601803874e-68,1.0000000000000002
llama31_8b_1xH100_fp8_TP1,8B / 1xH100,general,407,2.8669941621353274e-68,1.0000000000000002
llama31_8b_1xH100_fp8_TP1,8B / 1xH100,general,408,1.0055999523044789e-68,1.0000000000000002
llama31_8b_1xH100_fp8_TP1,8B / 1xH100,general,409,3.5174743907567609e-69,1.0000000000000002
llama31_8b_1xH100_fp8_TP1,8B / 1xH100,general,410,1.2270054432328032e-69,1.0000000000000002
llama31_8b_1xH100_fp8_TP1,8B / 1xH100,general,411,4.2684917582064139e-70,1.0000000000000002
llama31_8b_1xH100_fp8_TP1,8B / 1xH100,general,412,1.480871492834502e-70,1.0000000000000002
llama31_8b_1xH100_fp8_TP1,8B / 1xH100,general,413,5.1236305815762339e-71,1.0000000000000002
llama31_8b_1xH100_fp8_TP1,8B / 1xH100,general,414,1.7679024035770179e-71,1.0000000000000002
llama31_8b_1xH100_fp8_TP1,8B / 1xH100,general,415,6.0836093992612918e-72,1.0000000000000002
llama31_8b_1xH100_fp8_TP1,8B / 1xH100,general,416,2.0878025458971796e-72,1.0000000000000002
llama31_8b_1xH100_fp8_TP1,8B / 1xH100,general,417,7.1457049805633791e-73,1.0000000000000002
llama31_8b_1xH100_fp8_TP1,8B / 1xH100,general,418,2.4391065975199308e-73,1.0000000000000002
llama31_8b_1xH100_fp8_TP1,8B / 1xH100,general,419,8.3032667418912747e-74,1.0000000000000002
llama31_8b_1xH100_fp8_TP1,8B / 1xH100,general,420,2.8190460253246745e-74,1.0000000000000002
llama31_8b_1xH100_fp8_TP1,8B / 1xH100,general,421,9.5453697731612957e-75,1.0000000000000002
llama31_8b_1xH100_fp8_TP1,8B / 1xH100,general,422,3.2234667570955724e-75,1.0000000000000002
llama31_8b_1xH100_fp8_TP1,8B / 1xH100,general,423,1.0856651716063144e-75,1.0000000000000002
llama31_8b_1xH100_fp8_TP1,8B / 1xH100,general,424,3.6468113542239391e-76,1.0000000000000002
llama31_8b_1xH100_fp8_TP1,8B / 1xH100,general,425,1.2217371312009707e-76,1.0000000000000002
llama31_8b_1xH100_fp8_TP1,8B / 1xH100,general,426,4.0821759438994678e-77,1.0000000000000002
llama31_8b_1xH100_fp8_TP1,8B / 1xH100,general,427,1.3603714636781536e-77,1.0000000000000002
llama31_8b_1xH100_fp8_TP1,8B / 1xH100,general,428,4.5214478038101094e-78,1.0000000000000002
llama31_8b_1xH100_fp8_TP1,8B / 1xH100,general,429,1.498835943556305e-78,1.0000000000000002
llama31_8b_1xH100_fp8_TP1,8B / 1xH100,general,430,4.9555240735036583e-79,1.0000000000000002
llama31_8b_1xH100_fp8_TP1,8B / 1xH100,general,431,1.6341289624689907e-79,1.0000000000000002
llama31_8b_1xH100_fp8_TP1,8B / 1xH100,general,432,5.3746059986818012e-80,1.0000000000000002
llama31_8b_1xH100_fp8_TP1,8B / 1xH100,general,433,1.763083240865849e-80,1.0000000000000002
llama31_8b_1xH100_fp8_TP1,8B / 1xH100,general,434,5.7685569151997946e-81,1.0000000000000002
llama31_8b_1xH100_fp8_TP1,8B / 1xH100,general,435,1.8824871332174573e-81,1.0000000000000002
llama31_8b_1xH100_fp8_TP1,8B / 1xH100,general,436,6.1273064295513335e-82,1.0000000000000002
llama31_8b_1xH100_fp8_TP1,8B / 1xH100,general,437,1.9892171813822046e-82,1.0000000000000002
llama31_8b_1xH100_fp8_TP1,8B / 1xH100,general,438,6.4412785350114061e-83,1.0000000000000002
llama31_8b_1xH100_fp8_TP1,8B / 1xH100,general,439,2.080374305667678e-83,1.0000000000000002
llama31_8b_1xH100_fp8_TP1,8B / 1xH100,general,440,6.701818234882192e-84,1.0000000000000002
llama31_8b_1xH100_fp8_TP1,8B / 1xH100,general,441,2.1534153157678489e-84,1.0000000000000002
llama31_8b_1xH100_fp8_TP1,8B / 1xH100,general,442,6.9015900149165502e-85,1.0000000000000002
llama31_8b_1xH100_fp8_TP1,8B / 1xH100,general,443,2.2062713702015913e-85,1.0000000000000002
llama31_8b_1xH100_fp8_TP1,8B / 1xH100,general,444,7.0349224241391841e-86,1.0000000000000002
llama31_8b_1xH100_fp8_TP1,8B / 1xH100,general,445,2.2374456462323487e-86,1.0000000000000002
llama31_8b_1xH100_fp8_TP1,8B / 1xH100,general,446,7.0980760832852426e-87,1.0000000000000002
llama31_8b_1xH100_fp8_TP1,8B / 1xH100,general,447,2.2460837665428933e-87,1.0000000000000002
llama31_8b_1xH100_fp8_TP1,8B / 1xH100,general,448,7.0894174207263388e-88,1.0000000000000002
llama31_8b_1xH100_fp8_TP1,8B / 1xH100,general,449,2.232012361175929e-88,1.0000000000000002
llama31_8b_1xH100_fp8_TP1,8B / 1xH100,general,450,7.0094869159922217e-89,1.0000000000000002
llama31_8b_1xH100_fp8_TP1,8B / 1xH100,general,451,2.1957433636318621e-89,1.0000000000000002
llama31_8b_1xH100_fp8_TP1,8B / 1xH100,general,452,6.8609580349156317e-90,1.0000000000000002
llama31_8b_1xH100_fp8_TP1,8B / 1xH100,general,453,2.1384440491123665e-90,1.0000000000000002
llama31_8b_1xH100_fp8_TP1,8B / 1xH100,general,454,6.6484907001241436e-91,1.0000000000000002
llama31_8b_1xH100_fp8_TP1,8B / 1xH100,general,455,2.0618752035818271e-91,1.0000000000000002
llama31_8b_1xH100_fp8_TP1,8B / 1xH100,general,456,6.3784903697172241e-92,1.0000000000000002
llama31_8b_1xH100_fp8_TP1,8B / 1xH100,general,457,1.9683019535804754e-92,1.0000000000000002
llama31_8b_1xH100_fp8_TP1,8B / 1xH100,general,458,6.0587899653780904e-93,1.0000000000000002
llama31_8b_1xH100_fp8_TP1,8B / 1xH100,general,459,1.8603835063300344e-93,1.0000000000000002
llama31_8b_1xH100_fp8_TP1,8B / 1xH100,general,460,5.6982764912991034e-94,1.0000000000000002
llama31_8b_1xH100_fp8_TP1,8B / 1xH100,general,461,1.741049212800644e-94,1.0000000000000002
llama31_8b_1xH100_fp8_TP1,8B / 1xH100,general,462,5.3064868818949582e-95,1.0000000000000002
llama31_8b_1xH100_fp8_TP1,8B / 1xH100,general,463,1.6133688980490969e-95,1.0000000000000002
llama31_8b_1xH100_fp8_TP1,8B / 1xH100,general,464,4.8931982740904346e-96,1.0000000000000002
llama31_8b_1xH100_fp8_TP1,8B / 1xH100,general,465,1.4804252930091273e-96,1.0000000000000002
llama31_8b_1xH100_fp8_TP1,8B / 1xH100,general,466,4.4680365869531413e-97,1.0000000000000002
llama31_8b_1xH100_fp8_TP1,8B / 1xH100,general,467,1.3451957016564419e-97,1.0000000000000002
llama31_8b_1xH100_fp8_TP1,8B / 1xH100,general,468,4.0401242585236517e-98,1.0000000000000002
llama31_8b_1xH100_fp8_TP1,8B / 1xH100,general,469,1.2104488509818663e-98,1.0000000000000002
llama31_8b_1xH100_fp8_TP1,8B / 1xH100,general,470,3.6177836311956098e-99,1.0000000000000002
llama31_8b_1xH100_fp8_TP1,8B / 1xH100,general,471,1.0786613397811331e-99,1.0000000000000002
llama31_8b_1xH100_fp8_TP1,8B / 1xH100,general,472,3.2083072780264635e-100,1.0000000000000002
llama31_8b_1xH100_fp8_TP1,8B / 1xH100,general,473,9.5195638679199217e-101,1.0000000000000002
llama31_8b_1xH100_fp8_TP1,8B / 1xH100,general,474,2.8178010407016233e-101,1.0000000000000002
llama31_8b_1xH100_fp8_TP1,8B / 1xH100,general,475,8.3206584130551405e-102,1.0000000000000002
llama31_8b_1xH100_fp8_TP1,8B / 1xH100,general,476,2.4511001999027101e-102,1.0000000000000002
llama31_8b_1xH100_fp8_TP1,8B / 1xH100,general,477,7.2031480680709317e-103,1.0000000000000002
llama31_8b_1xH100_fp8_TP1,8B / 1xH100,general,478,2.1117544439515834e-103,1.0000000000000002
llama31_8b_1xH100_fp8_TP1,8B / 1xH100,general,479,6.1762685876782063e-104,1.0000000000000002
llama31_8b_1xH100_fp8_TP1,8B / 1xH100,general,480,1.8020734599587653e-104,1.0000000000000002
llama31_8b_1xH100_fp8_TP1,8B / 1xH100,general,481,5.2454679284561228e-105,1.0000000000000002
llama31_8b_1xH100_fp8_TP1,8B / 1xH100,general,482,1.523222237589556e-105,1.0000000000000002
llama31_8b_1xH100_fp8_TP1,8B / 1xH100,general,483,4.4127716070713054e-106,1.0000000000000002
llama31_8b_1xH100_fp8_TP1,8B / 1xH100,general,484,1.2753536167063388e-106,1.0000000000000002
llama31_8b_1xH100_fp8_TP1,8B / 1xH100,general,485,3.6772453995584259e-107,1.0000000000000002
llama31_8b_1xH100_fp8_TP1,8B / 1xH100,general,486,1.0577651790357984e-107,1.0000000000000002
llama31_8b_1xH100_fp8_TP1,8B / 1xH100,general,487,3.0355151144639998e-108,1.0000000000000002
llama31_8b_1xH100_fp8_TP1,8B / 1xH100,general,488,8.690681398651604e-109,1.0000000000000002
llama31_8b_1xH100_fp8_TP1,8B / 1xH100,general,489,2.482306256196851e-109,1.0000000000000002
llama31_8b_1xH100_fp8_TP1,8B / 1xH100,general,490,7.0735723303387679e-110,1.0000000000000002
llama31_8b_1xH100_fp8_TP1,8B / 1xH100,general,491,2.0109715780567619e-110,1.0000000000000002
llama31_8b_1xH100_fp8_TP1,8B / 1xH100,general,492,5.7037246149603722e-111,1.0000000000000002
llama31_8b_1xH100_fp8_TP1,8B / 1xH100,general,493,1.6139810304658006e-111,1.0000000000000002
llama31_8b_1xH100_fp8_TP1,8B / 1xH100,general,494,4.5564576172387238e-112,1.0000000000000002
llama31_8b_1xH100_fp8_TP1,8B / 1xH100,general,495,1.2833556869026774e-112,1.0000000000000002
llama31_8b_1xH100_fp8_TP1,8B / 1xH100,general,496,3.6062787768481486e-113,1.0000000000000002
llama31_8b_1xH100_fp8_TP1,8B / 1xH100,general,497,1.0110342177400717e-113,1.0000000000000002
llama31_8b_1xH100_fp8_TP1,8B / 1xH100,general,498,2.8279287057574382e-114,1.0000000000000002
llama31_8b_1xH100_fp8_TP1,8B / 1xH100,general,499,7.8916685707255116e-115,1.0000000000000002
llama31_8b_1xH100_fp8_TP1,8B / 1xH100,general,500,2.1971956302533745e-115,1.0000000000000002
llama31_8b_1xH100_fp8_TP1,8B / 1xH100,general,501,6.1033720475706212e-116,1.0000000000000002
llama31_8b_1xH100_fp8_TP1,8B / 1xH100,general,502,1.6915074125813584e-116,1.0000000000000002
llama31_8b_1xH100_fp8_TP1,8B / 1xH100,general,503,4.6771642014771809e-117,1.0000000000000002
llama31_8b_1xH100_fp8_TP1,8B / 1xH100,general,504,1.2903207460929572e-117,1.0000000000000002
llama31_8b_1xH100_fp8_TP1,8B / 1xH100,general,505,3.5515733482546606e-118,1.0000000000000002
llama31_8b_1xH100_fp8_TP1,8B / 1xH100,general,506,9.753345950207149e-119,1.0000000000000002
llama31_8b_1xH100_fp8_TP1,8B / 1xH100,general,507,2.6723779648899085e-119,1.0000000000000002
llama31_8b_1xH100_fp8_TP1,8B / 1xH100,general,508,7.305588761386879e-120,1.0000000000000002
llama31_8b_1xH100_fp8_TP1,8B / 1xH100,general,509,1.9926329829424852e-120,1.0000000000000002
llama31_8b_1xH100_fp8_TP1,8B / 1xH100,general,510,5.4227030317851232e-121,1.0000000000000002
llama31_8b_1xH100_fp8_TP1,8B / 1xH100,general,511,1.4723884291390599e-121,1.0000000000000002
llama31_8b_1xH100_fp8_TP1,8B / 1xH100,general,512,3.9888590028664401e-122,1.0000000000000002
llama31_8b_1xH100_fp8_TP1,8B / 1xH100,general,513,1.0781925594768827e-122,1.0000000000000002
llama31_8b_1xH100_fp8_TP1,8B / 1xH100,general,514,2.9078162946080959e-123,1.0000000000000002
llama31_8b_1xH100_fp8_TP1,8B / 1xH100,general,515,7.8246013365064793e-124,1.0000000000000002
llama31_8b_1xH100_fp8_TP1,8B / 1xH100,general,516,2.1007951824624563e-124,1.0000000000000002
llama31_8b_1xH100_fp8_TP1,8B / 1xH100,general,517,5.6277275112683601e-125,1.0000000000000002
llama31_8b_1xH100_fp8_TP1,8B / 1xH100,general,518,1.504221782961609e-125,1.0000000000000002
llama31_8b_1xH100_fp8_TP1,8B / 1xH100,general,519,4.0116381474638464e-126,1.0000000000000002
llama31_8b_1xH100_fp8_TP1,8B / 1xH100,general,520,1.0674911777252107e-126,1.0000000000000002
llama31_8b_1xH100_fp8_TP1,8B / 1xH100,general,521,2.8342691512292069e-127,1.0000000000000002
llama31_8b_1xH100_fp8_TP1,8B / 1xH100,general,522,7.5085092937314106e-128,1.0000000000000002
llama31_8b_1xH100_fp8_TP1,8B / 1xH100,general,523,1.9847406781519112e-128,1.0000000000000002
llama31_8b_1xH100_fp8_TP1,8B / 1xH100,general,524,5.2347121611379359e-129,1.0000000000000002
llama31_8b_1xH100_fp8_TP1,8B / 1xH100,general,525,1.3775976550936301e-129,1.0000000000000002
llama31_8b_1xH100_fp8_TP1,8B / 1xH100,general,526,3.6173796936880082e-130,1.0000000000000002
llama31_8b_1xH100_fp8_TP1,8B / 1xH100,general,527,9.4778419992997716e-131,1.0000000000000002
llama31_8b_1xH100_fp8_TP1,8B / 1xH100,general,528,2.4778216727273815e-131,1.0000000000000002
llama31_8b_1xH100_fp8_TP1,8B / 1xH100,general,529,6.4636433733498065e-132,1.0000000000000002
llama31_8b_1xH100_fp8_TP1,8B / 1xH100,general,530,1.682414561045361e-132,1.0000000000000002
llama31_8b_1xH100_fp8_TP1,8B / 1xH100,general,531,4.3695677066661362e-133,1.0000000000000002
llama31_8b_1xH100_fp8_TP1,8B / 1xH100,general,532,1.1323880432598005e-133,1.0000000000000002
llama31_8b_1xH100_fp8_TP1,8B / 1xH100,general,533,2.92822836206242e-134,1.0000000000000002
llama31_8b_1xH100_fp8_TP1,8B / 1xH100,general,534,7.555600543593168e-135,1.0000000000000002
llama31_8b_1xH100_fp8_TP1,8B / 1xH100,general,535,1.9453104571874358e-135,1.0000000000000002
llama31_8b_1xH100_fp8_TP1,8B / 1xH100,general,536,4.997654636449971e-136,1.0000000000000002
llama31_8b_1xH100_fp8_TP1,8B / 1xH100,general,537,1.2811572641368614e-136,1.0000000000000002
llama31_8b_1xH100_fp8_TP1,8B / 1xH100,general,538,3.2771703662572454e-137,1.0000000000000002
llama31_8b_1xH100_fp8_TP1,8B / 1xH100,general,539,8.3648364233379413e-138,1.0000000000000002
llama31_8b_1xH100_fp8_TP1,8B / 1xH100,general,540,2.1304886406259935e-138,1.0000000000000002
llama31_8b_1xH100_fp8_TP1,8B / 1xH100,general,541,5.4145928267561619e-139,1.0000000000000002
llama31_8b_1xH100_fp8_TP1,8B / 1xH100,general,542,1.3731521538455653e-139,1.0000000000000002
llama31_8b_1xH100_fp8_TP1,8B / 1xH100,general,543,3.474875604449451e-140,1.0000000000000002
llama31_8b_1xH100_fp8_TP1,8B / 1xH100,general,544,8.7746349892566843e-141,1.0000000000000002
llama31_8b_1xH100_fp8_TP1,8B / 1xH100,general,545,2.2110038892609169e-141,1.0000000000000002
llama31_8b_1xH100_fp8_TP1,8B / 1xH100,general,546,5.559324814054592e-142,1.0000000000000002
llama31_8b_1xH100_fp8_TP1,8B / 1xH100,general,547,1.3948519974315778e-142,1.0000000000000002
llama31_8b_1xH100_fp8_TP1,8B / 1xH100,general,548,3.4922809939397588e-143,1.0000000000000002
llama31_8b_1xH100_fp8_TP1,8B / 1xH100,general,549,8.7250240897835903e-144,1.0000000000000002
llama31_8b_1xH100_fp8_TP1,8B / 1xH100,general,550,2.1752136339787318e-144,1.0000000000000002
llama31_8b_1xH100_fp8_TP1,8B / 1xH100,general,551,5.4114848399996181e-145,1.0000000000000002
llama31_8b_1xH100_fp8_TP1,8B / 1xH100,general,552,1.3434194683106571e-145,1.0000000000000002
llama31_8b_1xH100_fp8_TP1,8B / 1xH100,general,553,3.3280427829189565e-146,1.0000000000000002
llama31_8b_1xH100_fp8_TP1,8B / 1xH100,general,554,8.2271542400678437e-147,1.0000000000000002
llama31_8b_1xH100_fp8_TP1,8B / 1xH100,general,555,2.0295289614030443e-147,1.0000000000000002
llama31_8b_1xH100_fp8_TP1,8B / 1xH100,general,556,4.9960541373682324e-148,1.0000000000000002
llama31_8b_1xH100_fp8_TP1,8B / 1xH100,general,557,1.2272885327929728e-148,1.0000000000000002
llama31_8b_1xH100_fp8_TP1,8B / 1xH100,general,558,3.0085363210857071e-149,1.0000000000000002
llama31_8b_1xH100_fp8_TP1,8B / 1xH100,general,559,7.3596008751649333e-150,1.0000000000000002
llama31_8b_1xH100_fp8_TP1,8B / 1xH100,general,560,1.796573794523065e-150,1.0000000000000002
llama31_8b_1xH100_fp8_TP1,8B / 1xH100,general,561,4.3765210600271939e-151,1.0000000000000002
llama31_8b_1xH100_fp8_TP1,8B / 1xH100,general,562,1.0639164222373476e-151,1.0000000000000002
llama31_8b_1xH100_fp8_TP1,8B / 1xH100,general,563,2.5809636585908217e-152,1.0000000000000002
llama31_8b_1xH100_fp8_TP1,8B / 1xH100,general,564,6.2481796448327759e-153,1.0000000000000002
llama31_8b_1xH100_fp8_TP1,8B / 1xH100,general,565,1.5094673256522851e-153,1.0000000000000002
llama31_8b_1xH100_fp8_TP1,8B / 1xH100,general,566,3.6390989185981995e-154,1.0000000000000002
llama31_8b_1xH100_fp8_TP1,8B / 1xH100,general,567,8.7551840484243016e-155,1.0000000000000002
llama31_8b_1xH100_fp8_TP1,8B / 1xH100,general,568,2.1020319337609874e-155,1.0000000000000002
llama31_8b_1xH100_fp8_TP1,8B / 1xH100,general,569,5.036365951412415e-156,1.0000000000000002
llama31_8b_1xH100_fp8_TP1,8B / 1xH100,general,570,1.2042052458755294e-156,1.0000000000000002
llama31_8b_1xH100_fp8_TP1,8B / 1xH100,general,571,2.8733619545014939e-157,1.0000000000000002
llama31_8b_1xH100_fp8_TP1,8B / 1xH100,general,572,6.8420786513689313e-158,1.0000000000000002
llama31_8b_1xH100_fp8_TP1,8B / 1xH100,general,573,1.6259043824558806e-158,1.0000000000000002
llama31_8b_1xH100_fp8_TP1,8B / 1xH100,general,574,3.8557819176818314e-159,1.0000000000000002
llama31_8b_1xH100_fp8_TP1,8B / 1xH100,general,575,9.1251864393516776e-160,1.0000000000000002
llama31_8b_1xH100_fp8_TP1,8B / 1xH100,general,576,2.1551829948459022e-160,1.0000000000000002
llama31_8b_1xH100_fp8_TP1,8B / 1xH100,general,577,5.0797340008704185e-161,1.0000000000000002
llama31_8b_1xH100_fp8_TP1,8B / 1xH100,general,578,1.1948502904324734e-161,1.0000000000000002
llama31_8b_1xH100_fp8_TP1,8B / 1xH100,general,579,2.8048071297535816e-162,1.0000000000000002
llama31_8b_1xH100_fp8_TP1,8B / 1xH100,general,580,6.5706869810897686e-163,1.0000000000000002
llama31_8b_1xH100_fp8_TP1,8B / 1xH100,general,581,1.5361658132701502e-163,1.0000000000000002
llama31_8b_1xH100_fp8_TP1,8B / 1xH100,general,582,3.5841504005414295e-164,1.0000000000000002
llama31_8b_1xH100_fp8_TP1,8B / 1xH100,general,583,8.3455782551794587e-165,1.0000000000000002
llama31_8b_1xH100_fp8_TP1,8B / 1xH100,general,584,1.9393222605115036e-165,1.0000000000000002
llama31_8b_1xH100_fp8_TP1,8B / 1xH100,general,585,4.4974684892985475e-166,1.0000000000000002
llama31_8b_1xH100_fp8_TP1,8B / 1xH100,general,586,1.0409074742772655e-166,1.0000000000000002
llama31_8b_1xH100_fp8_TP1,8B / 1xH100,general,587,2.4042699297668038e-167,1.0000000000000002
llama31_8b_1xH100_fp8_TP1,8B / 1xH100,general,588,5.542206034912092e-168,1.0000000000000002
llama31_8b_1xH100_fp8_TP1,8B / 1xH100,general,589,1.2750044300987446e-168,1.0000000000000002
llama31_8b_1xH100_fp8_TP1,8B / 1xH100,general,590,2.9273290411349311e-169,1.0000000000000002
llama31_8b_1xH100_fp8_TP1,8B / 1xH100,general,591,6.7075426242233676e-170,1.0000000000000002
llama31_8b_1xH100_fp8_TP1,8B / 1xH100,general,592,1.5338702383915552e-170,1.0000000000000002
llama31_8b_1xH100_fp8_TP1,8B / 1xH100,general,593,3.5006468755400663e-171,1.0000000000000002
llama31_8b_1xH100_fp8_TP1,8B / 1xH100,general,594,7.9734028909646634e-172,1.0000000000000002
llama31_8b_1xH100_fp8_TP1,8B / 1xH100,general,595,1.8124918063378328e-172,1.0000000000000002
llama31_8b_1xH100_fp8_TP1,8B / 1xH100,general,596,4.1119378588075682e-173,1.0000000000000002
llama31_8b_1xH100_fp8_TP1,8B / 1xH100,general,597,9.3101437926335907e-174,1.0000000000000002
llama31_8b_1xH100_fp8_TP1,8B / 1xH100,general,598,2.1038113410519899e-174,1.0000000000000002
llama31_8b_1xH100_fp8_TP1,8B / 1xH100,general,599,4.7445928650417335e-175,1.0000000000000002
llama31_8b_1xH100_fp8_TP1,8B / 1xH100,general,600,1.0679085449297159e-175,1.0000000000000002
llama31_8b_1xH100_fp8_TP1,8B / 1xH100,general,601,2.3989064538208331e-176,1.0000000000000002
llama31_8b_1xH100_fp8_TP1,8B / 1xH100,general,602,5.3782116824481195e-177,1.0000000000000002
llama31_8b_1xH100_fp8_TP1,8B / 1xH100,general,603,1.2033971558689927e-177,1.0000000000000002
llama31_8b_1xH100_fp8_TP1,8B / 1xH100,general,604,2.6873718172329645e-178,1.0000000000000002
llama31_8b_1xH100_fp8_TP1,8B / 1xH100,general,605,5.989566611227568e-179,1.0000000000000002
llama31_8b_1xH100_fp8_TP1,8B / 1xH100,general,606,1.3323338862251656e-179,1.0000000000000002
llama31_8b_1xH100_fp8_TP1,8B / 1xH100,general,607,2.9578895216666512e-180,1.0000000000000002
llama31_8b_1xH100_fp8_TP1,8B / 1xH100,general,608,6.5539509588718441e-181,1.0000000000000002
llama31_8b_1xH100_fp8_TP1,8B / 1xH100,general,609,1.4493655960251592e-181,1.0000000000000002
llama31_8b_1xH100_fp8_TP1,8B / 1xH100,general,610,3.1989495156180693e-182,1.0000000000000002
llama31_8b_1xH100_fp8_TP1,8B / 1xH100,general,611,7.0468114786724115e-183,1.0000000000000002
llama31_8b_1xH100_fp8_TP1,8B / 1xH100,general,612,1.5492977707340669e-183,1.0000000000000002
llama31_8b_1xH100_fp8_TP1,8B / 1xH100,general,613,3.3996582242451631e-184,1.0000000000000002
llama31_8b_1xH100_fp8_TP1,8B / 1xH100,general,614,7.4455173631951838e-185,1.0000000000000002
llama31_8b_1xH100_fp8_TP1,8B / 1xH100,general,615,1.6274771458064095e-185,1.0000000000000002
llama31_8b_1xH100_fp8_TP1,8B / 1xH100,general,616,3.5505566351335163e-186,1.0000000000000002
llama31_8b_1xH100_fp8_TP1,8B / 1xH100,general,617,7.7310885400093491e-187,1.0000000000000002
llama31_8b_1xH100_fp8_TP1,8B / 1xH100,general,618,1.6801522240213846e-187,1.0000000000000002
llama31_8b_1xH100_fp8_TP1,8B / 1xH100,general,619,3.6443620715619021e-188,1.0000000000000002
llama31_8b_1xH100_fp8_TP1,8B / 1xH100,general,620,7.8896988302631189e-189,1.0000000000000002
llama31_8b_1xH100_fp8_TP1,8B / 1xH100,general,621,1.7047726409859087e-189,1.0000000000000002
llama31_8b_1xH100_fp8_TP1,8B / 1xH100,general,622,3.6765523407742676e-190,1.0000000000000002
llama31_8b_1xH100_fp8_TP1,8B / 1xH100,general,623,7.9137876093459974e-191,1.0000000000000002
llama31_8b_1xH100_fp8_TP1,8B / 1xH100,general,624,1.700194011130623e-191,1.0000000000000002
llama31_8b_1xH100_fp8_TP1,8B / 1xH100,general,625,3.64572685520452e-192,1.0000000000000002
llama31_8b_1xH100_fp8_TP1,8B / 1xH100,general,626,7.802655316248962e-193,1.0000000000000002
llama31_8b_1xH100_fp8_TP1,8B / 1xH100,general,627,1.6667653337710552e-193,1.0000000000000002
llama31_8b_1xH100_fp8_TP1,8B / 1xH100,general,628,3.5537046200340907e-194,1.0000000000000002
llama31_8b_1xH100_fp8_TP1,8B / 1xH100,general,629,7.5624777636429697e-195,1.0000000000000002
llama31_8b_1xH100_fp8_TP1,8B / 1xH100,general,630,1.6062897659181924e-195,1.0000000000000002
llama31_8b_1xH100_fp8_TP1,8B / 1xH100,general,631,3.4053499622002516e-196,1.0000000000000002
llama31_8b_1xH100_fp8_TP1,8B / 1xH100,general,632,7.2057428461919836e-197,1.0000000000000002
llama31_8b_1xH100_fp8_TP1,8B / 1xH100,general,633,1.5218645146680522e-197,1.0000000000000002
llama31_8b_1xH100_fp8_TP1,8B / 1xH100,general,634,3.2081488675249681e-198,1.0000000000000002
llama31_8b_1xH100_fp8_TP1,8B / 1xH100,general,635,6.7501805545608912e-199,1.0000000000000002
llama31_8b_1xH100_fp8_TP1,8B / 1xH100,general,636,1.4176195134844293e-199,1.0000000000000002
llama31_8b_1xH100_fp8_TP1,8B / 1xH100,general,637,2.9715869994394442e-200,1.0000000000000002
llama31_8b_1xH100_fp8_TP1,8B / 1xH100,general,638,6.2173131903936615e-201,1.0000000000000002
llama31_8b_1xH100_fp8_TP1,8B / 1xH100,general,639,1.2983853894550753e-201,1.0000000000000002
llama31_8b_1xH100_fp8_TP1,8B / 1xH100,general,640,2.7064008529704801e-202,1.0000000000000002
llama31_8b_1xH100_fp8_TP1,8B / 1xH100,general,641,5.6307895378992867e-203,1.0000000000000002
llama31_8b_1xH100_fp8_TP1,8B / 1xH100,general,642,1.1693275471228946e-203,1.0000000000000002
llama31_8b_1xH100_fp8_TP1,8B / 1xH100,general,643,2.4237834586417455e-204,1.0000000000000002
llama31_8b_1xH100_fp8_TP1,8B / 1xH100,general,644,5.0146801582329797e-205,1.0000000000000002
llama31_8b_1xH100_fp8_TP1,8B / 1xH100,general,645,1.0355843432520814e-205,1.0000000000000002
llama31_8b_1xH100_fp8_TP1,8B / 1xH100,general,646,2.1346248324562328e-206,1.0000000000000002
llama31_8b_1xH100_fp8_TP1,8B / 1xH100,general,647,4.3919006552348684e-207,1.0000000000000002
llama31_8b_1xH100_fp8_TP1,8B / 1xH100,general,648,9.0194353262361816e-208,1.0000000000000002
llama31_8b_1xH100_fp8_TP1,8B / 1xH100,general,649,1.8488560497097354e-208,1.0000000000000002
llama31_8b_1xH100_fp8_TP1,8B / 1xH100,general,650,3.7828992306233491e-209,1.0000000000000002
llama31_8b_1xH100_fp8_TP1,8B / 1xH100,general,651,7.7258341813920721e-210,1.0000000000000002
llama31_8b_1xH100_fp8_TP1,8B / 1xH100,general,652,1.5749469788629763e-210,1.0000000000000002
llama31_8b_1xH100_fp8_TP1,8B / 1xH100,general,653,3.2047004648464187e-211,1.0000000000000002
llama31_8b_1xH100_fp8_TP1,8B / 1xH100,general,654,6.5089495031773178e-212,1.0000000000000002
llama31_8b_1xH100_fp8_TP1,8B / 1xH100,general,655,1.319584829035983e-212,1.0000000000000002
llama31_8b_1xH100_fp8_TP1,8B / 1xH100,general,656,2.6703468460345276e-213,1.0000000000000002
llama31_8b_1xH100_fp8_TP1,8B / 1xH100,general,657,5.3939010833694042e-214,1.0000000000000002
llama31_8b_1xH100_fp8_TP1,8B / 1xH100,general,658,1.0875374313441776e-214,1.0000000000000002
llama31_8b_1xH100_fp8_TP1,8B / 1xH100,general,659,2.188730899900656e-215,1.0000000000000002
llama31_8b_1xH100_fp8_TP1,8B / 1xH100,general,660,4.3969186314160732e-216,1.0000000000000002
llama31_8b_1xH100_fp8_TP1,8B / 1xH100,general,661,8.8168483960160397e-217,1.0000000000000002
llama31_8b_1xH100_fp8_TP1,8B / 1xH100,general,662,1.7647702781843733e-217,1.0000000000000002
llama31_8b_1xH100_fp8_TP1,8B / 1xH100,general,663,3.5259311419812497e-218,1.0000000000000002
llama31_8b_1xH100_fp8_TP1,8B / 1xH100,general,664,7.0318772791158257e-219,1.0000000000000002
llama31_8b_1xH100_fp8_TP1,8B / 1xH100,general,665,1.3998500536620768e-219,1.0000000000000002
llama31_8b_1xH100_fp8_TP1,8B / 1xH100,general,666,2.7816693121715372e-220,1.0000000000000002
llama31_8b_1xH100_fp8_TP1,8B / 1xH100,general,667,5.5175234693003066e-221,1.0000000000000002
llama31_8b_1xH100_fp8_TP1,8B / 1xH100,general,668,1.0924424008369964e-221,1.0000000000000002
llama31_8b_1xH100_fp8_TP1,8B / 1xH100,general,669,2.1590839712934571e-222,1.0000000000000002
llama31_8b_1xH100_fp8_TP1,8B / 1xH100,general,670,4.259494868776931e-223,1.0000000000000002
llama31_8b_1xH100_fp8_TP1,8B / 1xH100,general,671,8.3881308759713609e-224,1.0000000000000002
llama31_8b_1xH100_fp8_TP1,8B / 1xH100,general,672,1.6488903545632255e-224,1.0000000000000002
llama31_8b_1xH100_fp8_TP1,8B / 1xH100,general,673,3.2354804800813522e-225,1.0000000000000002
llama31_8b_1xH100_fp8_TP1,8B / 1xH100,general,674,6.3373422265622801e-226,1.0000000000000002
llama31_8b_1xH100_fp8_TP1,8B / 1xH100,general,675,1.2390757190065696e-226,1.0000000000000002
llama31_8b_1xH100_fp8_TP1,8B / 1xH100,general,676,2.4183089326854143e-227,1.0000000000000002
llama31_8b_1xH100_fp8_TP1,8B / 1xH100,general,677,4.7113991058204587e-228,1.0000000000000002
llama31_8b_1xH100_fp8_TP1,8B / 1xH100,general,678,9.1624817708140427e-229,1.0000000000000002
llama31_8b_1xH100_fp8_TP1,8B / 1xH100,general,679,1.778698726764148e-229,1.0000000000000002
llama31_8b_1xH100_fp8_TP1,8B / 1xH100,general,680,3.4468202282073435e-230,1.0000000000000002
llama31_8b_1xH100_fp8_TP1,8B / 1xH100,general,681,6.6674959930726078e-231,1.0000000000000002
llama31_8b_1xH100_fp8_TP1,8B / 1xH100,general,682,1.2874658132343424e-231,1.0000000000000002
llama31_8b_1xH100_fp8_TP1,8B / 1xH100,general,683,2.4816377000653894e-232,1.0000000000000002
llama31_8b_1xH100_fp8_TP1,8B / 1xH100,general,684,4.7749815235196687e-233,1.0000000000000002
llama31_8b_1xH100_fp8_TP1,8B / 1xH100,general,685,9.1714197441641951e-234,1.0000000000000002
llama31_8b_1xH100_fp8_TP1,8B / 1xH100,general,686,1.758465740787661e-234,1.0000000000000002
llama31_8b_1xH100_fp8_TP1,8B / 1xH100,general,687,3.3656164916400766e-235,1.0000000000000002
llama31_8b_1xH100_fp8_TP1,8B / 1xH100,general,688,6.4302760975951221e-236,1.0000000000000002
llama31_8b_1xH100_fp8_TP1,8B / 1xH100,general,689,1.2263933700520049e-236,1.0000000000000002
llama31_8b_1xH100_fp8_TP1,8B / 1xH100,general,690,2.3348879618370733e-237,1.0000000000000002
llama31_8b_1xH100_fp8_TP1,8B / 1xH100,general,691,4.4375092668503627e-238,1.0000000000000002
llama31_8b_1xH100_fp8_TP1,8B / 1xH100,general,692,8.4188034144464371e-239,1.0000000000000002
llama31_8b_1xH100_fp8_TP1,8B / 1xH100,general,693,1.5944107859239137e-239,1.0000000000000002
llama31_8b_1xH100_fp8_TP1,8B / 1xH100,general,694,3.0143225792588561e-240,1.0000000000000002
llama31_8b_1xH100_fp8_TP1,8B / 1xH100,general,695,5.6887881836318863e-241,1.0000000000000002
llama31_8b_1xH100_fp8_TP1,8B / 1xH100,general,696,1.0717443861535167e-241,1.0000000000000002
llama31_8b_1xH100_fp8_TP1,8B / 1xH100,general,697,2.0156028728463557e-242,1.0000000000000002
llama31_8b_1xH100_fp8_TP1,8B / 1xH100,general,698,3.7840938217776786e-243,1.0000000000000002
llama31_8b_1xH100_fp8_TP1,8B / 1xH100,general,699,7.0919044174644445e-244,1.0000000000000002
llama31_8b_1xH100_fp8_TP1,8B / 1xH100,general,700,1.3268101211310778e-244,1.0000000000000002
llama31_8b_1xH100_fp8_TP1,8B / 1xH100,general,701,2.4779952650447869e-245,1.0000000000000002
llama31_8b_1xH100_fp8_TP1,8B / 1xH100,general,702,4.6199665476766025e-246,1.0000000000000002
llama31_8b_1xH100_fp8_TP1,8B / 1xH100,general,703,8.5985400267568631e-247,1.0000000000000002
llama31_8b_1xH100_fp8_TP1,8B / 1xH100,general,704,1.5975666803236172e-247,1.0000000000000002
llama31_8b_1xH100_fp8_TP1,8B / 1xH100,general,705,2.9630741637315595e-248,1.0000000000000002
llama31_8b_1xH100_fp8_TP1,8B / 1xH100,general,706,5.4862571267476217e-249,1.0000000000000002
llama31_8b_1xH100_fp8_TP1,8B / 1xH100,general,707,1.0140532431981413e-249,1.0000000000000002
llama31_8b_1xH100_fp8_TP1,8B / 1xH100,general,708,1.8711007623539813e-250,1.0000000000000002
llama31_8b_1xH100_fp8_TP1,8B / 1xH100,general,709,3.4465633104514761e-251,1.0000000000000002
llama31_8b_1xH100_fp8_TP1,8B / 1xH100,general,710,6.3376588935956083e-252,1.0000000000000002
llama31_8b_1xH100_fp8_TP1,8B / 1xH100,general,711,1.1633913279772241e-252,1.0000000000000002
llama31_8b_1xH100_fp8_TP1,8B / 1xH100,general,712,2.1319547752569887e-253,1.0000000000000002
llama31_8b_1xH100_fp8_TP1,8B / 1xH100,general,713,3.9001938981455465e-254,1.0000000000000002
llama31_8b_1xH100_fp8_TP1,8B / 1xH100,general,714,7.122808898065032e-255,1.0000000000000002
llama31_8b_1xH100_fp8_TP1,8B / 1xH100,general,715,1.298596135048651e-255,1.0000000000000002
llama31_8b_1xH100_fp8_TP1,8B / 1xH100,general,716,2.3634992689725022e-256,1.0000000000000002
llama31_8b_1xH100_fp8_TP1,8B / 1xH100,general,717,4.2943379880408853e-257,1.0000000000000002
llama31_8b_1xH100_fp8_TP1,8B / 1xH100,general,718,7.7892776807096829e-258,1.0000000000000002
llama31_8b_1xH100_fp8_TP1,8B / 1xH100,general,719,1.410454852619466e-258,1.0000000000000002
llama31_8b_1xH100_fp8_TP1,8B / 1xH100,general,720,2.5496646108756816e-259,1.0000000000000002
llama31_8b_1xH100_fp8_TP1,8B / 1xH100,general,721,4.6011840773188079e-260,1.0000000000000002
llama31_8b_1xH100_fp8_TP1,8B / 1xH100,general,722,8.2893345058600338e-261,1.0000000000000002
llama31_8b_1xH100_fp8_TP1,8B / 1xH100,general,723,1.4908503265644399e-261,1.0000000000000002
llama31_8b_1xH100_fp8_TP1,8B / 1xH100,general,724,2.6767854394235183e-262,1.0000000000000002
llama31_8b_1xH100_fp8_TP1,8B / 1xH100,general,725,4.7979865630975414e-263,1.0000000000000002
llama31_8b_1xH100_fp8_TP1,8B / 1xH100,general,726,8.5856119108824351e-264,1.0000000000000002
llama31_8b_1xH100_fp8_TP1,8B / 1xH100,general,727,1.5337375401956918e-264,1.0000000000000002
llama31_8b_1xH100_fp8_TP1,8B / 1xH100,general,728,2.7352637855760954e-265,1.0000000000000002
llama31_8b_1xH100_fp8_TP1,8B / 1xH100,general,729,4.8698609481058055e-266,1.0000000000000002
llama31_8b_1xH100_fp8_TP1,8B / 1xH100,general,730,8.6557336585339625e-267,1.0000000000000002
llama31_8b_1xH100_fp8_TP1,8B / 1xH100,general,731,1.5358966242080013e-267,1.0000000000000002
llama31_8b_1xH100_fp8_TP1,8B / 1xH100,general,732,2.7207689430279002e-268,1.0000000000000002
llama31_8b_1xH100_fp8_TP1,8B / 1xH100,general,733,4.8116464223581289e-269,1.0000000000000002
llama31_8b_1xH100_fp8_TP1,8B / 1xH100,general,734,8.4951081521166276e-270,1.0000000000000002
llama31_8b_1xH100_fp8_TP1,8B / 1xH100,general,735,1.4973318747098801e-270,1.0000000000000002
llama31_8b_1xH100_fp8_TP1,8B / 1xH100,general,736,2.6347654920635533e-271,1.0000000000000002
llama31_8b_1xH100_fp8_TP1,8B / 1xH100,general,737,4.6285119466321359e-272,1.0000000000000002
llama31_8b_1xH100_fp8_TP1,8B / 1xH100,general,738,8.1174032329760337e-273,1.0000000000000002
llama31_8b_1xH100_fp8_TP1,8B / 1xH100,general,739,1.421248245489203e-273,1.0000000000000002
llama31_8b_1xH100_fp8_TP1,8B / 1xH100,general,740,2.4842805124028148e-274,1.0000000000000002
llama31_8b_1xH100_fp8_TP1,8B / 1xH100,general,741,4.3352083092711268e-275,1.0000000000000002
llama31_8b_1xH100_fp8_TP1,8B / 1xH100,general,742,7.5526390545050998e-276,1.0000000000000002
llama31_8b_1xH100_fp8_TP1,8B / 1xH100,general,743,1.3136137454162721e-276,1.0000000000000002
llama31_8b_1xH100_fp8_TP1,8B / 1xH100,general,744,2.2809596555248518e-277,1.0000000000000002
llama31_8b_1xH100_fp8_TP1,8B / 1xH100,general,745,3.95411464805704e-278,1.0000000000000002
llama31_8b_1xH100_fp8_TP1,8B / 1xH100,general,746,6.8432658428365264e-279,1.0000000000000002
llama31_8b_1xH100_fp8_TP1,8B / 1xH100,general,747,1.1823902249291227e-279,1.0000000000000002
llama31_8b_1xH100_fp8_TP1,8B / 1xH100,general,748,2.0395871970231395e-280,1.0000000000000002
llama31_8b_1xH100_fp8_TP1,8B / 1xH100,general,749,3.5124367399062038e-281,1.0000000000000002
llama31_8b_1xH100_fp8_TP1,8B / 1xH100,general,750,6.0389341094026098e-282,1.0000000000000002
llama31_8b_1xH100_fp8_TP1,8B / 1xH100,general,751,1.036569373075987e-282,1.0000000000000002
llama31_8b_1xH100_fp8_TP1,8B / 1xH100,general,752,1.7763294276216904e-283,1.0000000000000002
llama31_8b_1xH100_fp8_TP1,8B / 1xH100,general,753,3.0390402805165299e-284,1.0000000000000002
llama31_8b_1xH100_fp8_TP1,8B / 1xH100,general,754,5.1908437962985959e-285,1.0000000000000002
llama31_8b_1xH100_fp8_TP1,8B / 1xH100,general,755,8.8517424656509545e-286,1.0000000000000002
llama31_8b_1xH100_fp8_TP1,8B / 1xH100,general,756,1.5069874364100528e-286,1.0000000000000002
llama31_8b_1xH100_fp8_TP1,8B / 1xH100,general,757,2.5614229071565483e-287,1.0000000000000002
llama31_8b_1xH100_fp8_TP1,8B / 1xH100,general,758,4.3465480438550392e-288,1.0000000000000002
llama31_8b_1xH100_fp8_TP1,8B / 1xH100,general,759,7.3637656250792764e-289,1.0000000000000002
llama31_8b_1xH100_fp8_TP1,8B / 1xH100,general,760,1.2455135187685392e-289,1.0000000000000002
llama31_8b_1xH100_fp8_TP1,8B / 1xH100,general,761,2.1032489737395307e-290,1.0000000000000002
llama31_8b_1xH100_fp8_TP1,8B / 1xH100,general,762,3.5459075725332549e-291,1.0000000000000002
llama31_8b_1xH100_fp8_TP1,8B / 1xH100,general,763,5.9684196840335251e-292,1.0000000000000002
llama31_8b_1xH100_fp8_TP1,8B / 1xH100,general,764,1.0029683867981257e-292,1.0000000000000002
llama31_8b_1xH100_fp8_TP1,8B / 1xH100,general,765,1.6827198212299719e-293,1.0000000000000002
llama31_8b_1xH100_fp8_TP1,8B / 1xH100,general,766,2.8186021454945916e-294,1.0000000000000002
llama31_8b_1xH100_fp8_TP1,8B / 1xH100,general,767,4.7136124455085898e-295,1.0000000000000002
llama31_8b_1xH100_fp8_TP1,8B / 1xH100,general,768,7.8699652318914714e-296,1.0000000000000002
llama31_8b_1xH100_fp8_TP1,8B / 1xH100,general,769,1.3118715812994801e-296,1.0000000000000002
llama31_8b_1xH100_fp8_TP1,8B / 1xH100,general,770,2.1832834445568796e-297,1.0000000000000002
llama31_8b_1xH100_fp8_TP1,8B / 1xH100,general,771,3.6276879512156258e-298,1.0000000000000002
llama31_8b_1xH100_fp8_TP1,8B / 1xH100,general,772,6.0179897222331267e-299,1.0000000000000002
llama31_8b_1xH100_fp8_TP1,8B / 1xH100,general,773,9.9672509246021666e-300,1.0000000000000002
llama31_8b_1xH100_fp8_TP1,8B / 1xH100,general,774,1.6481718164986857e-300,1.0000000000000002
llama31_8b_1xH100_fp8_TP1,8B / 1xH100,general,775,2.72103060141211e-301,1.0000000000000002
llama31_8b_1xH100_fp8_TP1,8B / 1xH100,general,776,4.485066909213308e-302,1.0000000000000002
llama31_8b_1xH100_fp8_TP1,8B / 1xH100,general,777,7.3809062610770488e-303,1.0000000000000002
llama31_8b_1xH100_fp8_TP1,8B / 1xH100,general,778,1.2127084944626845e-303,1.0000000000000002
llama31_8b_1xH100_fp8_TP1,8B / 1xH100,general,779,1.9893436752008236e-304,1.0000000000000002
llama31_8b_1xH100_fp8_TP1,8B / 1xH100,general,780,3.2581463120003078e-305,1.0000000000000002
llama31_8b_1xH100_fp8_TP1,8B / 1xH100,general,781,5.3276957338875586e-306,1.0000000000000002
llama31_8b_1xH100_fp8_TP1,8B / 1xH100,general,782,8.697952005292993e-307,1.0000000000000002
llama31_8b_1xH100_fp8_TP1,8B / 1xH100,general,783,1.4177643622333486e-307,1.0000000000000002
llama31_8b_1xH100_fp8_TP1,8B / 1xH100,general,784,2.3072850507332846e-308,1.0000000000000002
llama31_8b_1xH100_fp8_TP1,8B / 1xH100,general,785,3.7489468883397351e-309,1.0000000000000002
llama31_8b_1xH100_fp8_TP1,8B / 1xH100,general,786,6.0817540207912232e-310,1.0000000000000002
llama31_8b_1xH100_fp8_TP1,8B / 1xH100,general,787,9.8505533778219373e-311,1.0000000000000002
llama31_8b_1xH100_fp8_TP1,8B / 1xH100,general,788,1.5929615980019056e-311,1.0000000000000002
llama31_8b_1xH100_fp8_TP1,8B / 1xH100,general,789,2.5719561925114072e-312,1.0000000000000002
llama31_8b_1xH100_fp8_TP1,8B / 1xH100,general,790,4.1460648697219306e-313,1.0000000000000002
llama31_8b_1xH100_fp8_TP1,8B / 1xH100,general,791,6.673037468359133e-314,1.0000000000000002
llama31_8b_1xH100_fp8_TP1,8B / 1xH100,general,792,1.0723255569218539e-314,1.0000000000000002
llama31_8b_1xH100_fp8_TP1,8B / 1xH100,general,793,1.7204658263921725e-315,1.0000000000000002
llama31_8b_1xH100_fp8_TP1,8B / 1xH100,general,794,2.7560202561235606e-316,1.0000000000000002
llama31_8b_1xH100_fp8_TP1,8B / 1xH100,general,795,4.4079464799504541e-317,1.0000000000000002
llama31_8b_1xH100_fp8_TP1,8B / 1xH100,general,796,7.0389384343308643e-318,1.0000000000000002
llama31_8b_1xH100_fp8_TP1,8B / 1xH100,general,797,1.1222602332154747e-318,1.0000000000000002
llama31_8b_1xH100_fp8_TP1,8B / 1xH100,general,798,1.7865413753619475e-319,1.0000000000000002
llama31_8b_1xH100_fp8_TP1,8B / 1xH100,general,799,2.8369249384204377e-320,1.0000000000000002
llama31_8b_1xH100_fp8_TP1,8B / 1xH100,general,800,4.4959973771553436e-321,1.0000000000000002
llama31_8b_1xH100_fp8_TP1,8B / 1xH100,general,801,7.1639518646980749e-322,1.0000000000000002
llama31_8b_1xH100_fp8_TP1,8B / 1xH100,general,802,1.0869444208507424e-322,1.0000000000000002
llama31_8b_1xH100_fp8_TP1,8B / 1xH100,general,803,9.8813129168249309e-324,1.0000000000000002
llama31_8b_1xH100_fp8_TP1,8B / 1xH100,general,804,0,1.0000000000000002
llama31_8b_1xH100_fp8_TP1,8B / 1xH100,general,805,0,1.0000000000000002
llama31_8b_1xH100_fp8_TP1,8B / 1xH100,general,806,0,1.0000000000000002
llama31_8b_1xH100_fp8_TP1,8B / 1xH100,general,807,0,1.0000000000000002
llama31_8b_1xH100_fp8_TP1,8B / 1xH100,general,808,0,1.0000000000000002
llama31_8b_1xH100_fp8_TP1,8B / 1xH100,general,809,0,1.0000000000000002
llama31_8b_1xH100_fp8_TP1,8B / 1xH100,general,810,0,1.0000000000000002
llama31_8b_1xH100_fp8_TP1,8B / 1xH100,general,811,0,1.0000000000000002
llama31_8b_1xH100_fp8_TP1,8B / 1xH100,general,812,0,1.0000000000000002
llama31_8b_1xH100_fp8_TP1,8B / 1xH100,general,813,0,1.0000000000000002
llama31_8b_1xH100_fp8_TP1,8B / 1xH100,general,814,0,1.0000000000000002
llama31_8b_1xH100_fp8_TP1,8B / 1xH100,general,815,0,1.0000000000000002
llama31_8b_1xH100_fp8_TP1,8B / 1xH100,general,816,0,1.0000000000000002
llama31_8b_1xH100_fp8_TP1,8B / 1xH100,general,817,0,1.0000000000000002
llama31_8b_1xH100_fp8_TP1,8B / 1xH100,general,818,0,1.0000000000000002
llama31_8b_1xH100_fp8_TP1,8B / 1xH100,general,819,0,1.0000000000000002
llama31_8b_1xH100_fp8_TP1,8B / 1xH100,general,820,0,1.0000000000000002
llama31_8b_1xH100_fp8_TP1,8B / 1xH100,general,821,0,1.0000000000000002
llama31_8b_1xH100_fp8_TP1,8B / 1xH100,general,822,0,1.0000000000000002
llama31_8b_1xH100_fp8_TP1,8B / 1xH100,general,823,0,1.0000000000000002
llama31_8b_1xH100_fp8_TP1,8B / 1xH100,general,824,0,1.0000000000000002
llama31_8b_1xH100_fp8_TP1,8B / 1xH100,general,825,0,1.0000000000000002
llama31_8b_1xH100_fp8_TP1,8B / 1xH100,general,826,0,1.0000000000000002
llama31_8b_1xH100_fp8_TP1,8B / 1xH100,general,827,0,1.0000000000000002
llama31_8b_1xH100_fp8_TP1,8B / 1xH100,general,828,0,1.0000000000000002
llama31_8b_1xH100_fp8_TP1,8B / 1xH100,general,829,0,1.0000000000000002
llama31_8b_1xH100_fp8_TP1,8B / 1xH100,general,830,0,1.0000000000000002
llama31_8b_1xH100_fp8_TP1,8B / 1xH100,general,831,0,1.0000000000000002
llama31_8b_1xH100_fp8_TP1,8B / 1xH100,general,832,0,1.0000000000000002
llama31_8b_1xH100_fp8_TP1,8B / 1xH100,general,833,0,1.0000000000000002
llama31_8b_1xH100_fp8_TP1,8B / 1xH100,general,834,0,1.0000000000000002
llama31_8b_1xH100_fp8_TP1,8B / 1xH100,general,835,0,1.0000000000000002
llama31_8b_1xH100_fp8_TP1,8B / 1xH100,general,836,0,1.0000000000000002
llama31_8b_1xH100_fp8_TP1,8B / 1xH100,general,837,0,1.0000000000000002
llama31_8b_1xH100_fp8_TP1,8B / 1xH100,general,838,0,1.0000000000000002
llama31_8b_1xH100_fp8_TP1,8B / 1xH100,general,839,0,1.0000000000000002
llama31_8b_1xH100_fp8_TP1,8B / 1xH100,general,840,0,1.0000000000000002
llama31_8b_1xH100_fp8_TP1,8B / 1xH100,general,841,0,1.0000000000000002
llama31_8b_1xH100_fp8_TP1,8B / 1xH100,general,842,0,1.0000000000000002
llama31_8b_1xH100_fp8_TP1,8B / 1xH100,general,843,0,1.0000000000000002
llama31_8b_1xH100_fp8_TP1,8B / 1xH100,general,844,0,1.0000000000000002
llama31_8b_1xH100_fp8_TP1,8B / 1xH100,general,845,0,1.0000000000000002
llama31_8b_1xH100_fp8_TP1,8B / 1xH100,general,846,0,1.0000000000000002
llama31_8b_1xH100_fp8_TP1,8B / 1xH100,general,847,0,1.0000000000000002
llama31_8b_1xH100_fp8_TP1,8B / 1xH100,general,848,0,1.0000000000000002
llama31_8b_1xH100_fp8_TP1,8B / 1xH100,general,849,0,1.0000000000000002
llama31_8b_1xH100_fp8_TP1,8B / 1xH100,general,850,0,1.0000000000000002
llama31_8b_1xH100_fp8_TP1,8B / 1xH100,general,851,0,1.0000000000000002
llama31_8b_1xH100_fp8_TP1,8B / 1xH100,general,852,0,1.0000000000000002
llama31_8b_1xH100_fp8_TP1,8B / 1xH100,general,853,0,1.0000000000000002
llama31_8b_1xH100_fp8_TP1,8B / 1xH100,general,854,0,1.0000000000000002
llama31_8b_1xH100_fp8_TP1,8B / 1xH100,general,855,0,1.0000000000000002
llama31_8b_1xH100_fp8_TP1,8B / 1xH100,general,856,0,1.0000000000000002
llama31_8b_1xH100_fp8_TP1,8B / 1xH100,general,857,0,1.0000000000000002
llama31_8b_1xH100_fp8_TP1,8B / 1xH100,general,858,0,1.0000000000000002
llama31_8b_1xH100_fp8_TP1,8B / 1xH100,general,859,0,1.0000000000000002
llama31_8b_1xH100_fp8_TP1,8B / 1xH100,general,860,0,1.0000000000000002
llama31_8b_1xH100_fp8_TP1,8B / 1xH100,general,861,0,1.0000000000000002
llama31_8b_1xH100_fp8_TP1,8B / 1xH100,general,862,0,1.0000000000000002
llama31_8b_1xH100_fp8_TP1,8B / 1xH100,general,863,0,1.0000000000000002
llama31_8b_1xH100_fp8_TP1,8B / 1xH100,general,864,0,1.0000000000000002
llama31_8b_1xH100_fp8_TP1,8B / 1xH100,general,865,0,1.0000000000000002
llama31_8b_1xH100_fp8_TP1,8B / 1xH100,general,866,0,1.0000000000000002
llama31_8b_1xH100_fp8_TP1,8B / 1xH100,general,867,0,1.0000000000000002
llama31_8b_1xH100_fp8_TP1,8B / 1xH100,general,868,0,1.0000000000000002
llama31_8b_1xH100_fp8_TP1,8B / 1xH100,general,869,0,1.0000000000000002
llama31_8b_1xH100_fp8_TP1,8B / 1xH100,general,870,0,1.0000000000000002
llama31_8b_1xH100_fp8_TP1,8B / 1xH100,general,871,0,1.0000000000000002
llama31_8b_1xH100_fp8_TP1,8B / 1xH100,general,872,0,1.0000000000000002
llama31_8b_1xH100_fp8_TP1,8B / 1xH100,general,873,0,1.0000000000000002
llama31_8b_1xH100_fp8_TP1,8B / 1xH100,general,874,0,1.0000000000000002
llama31_8b_1xH100_fp8_TP1,8B / 1xH100,general,875,0,1.0000000000000002
llama31_8b_1xH100_fp8_TP1,8B / 1xH100,general,876,0,1.0000000000000002
llama31_8b_1xH100_fp8_TP1,8B / 1xH100,general,877,0,1.0000000000000002
llama31_8b_1xH100_fp8_TP1,8B / 1xH100,general,878,0,1.0000000000000002
llama31_8b_1xH100_fp8_TP1,8B / 1xH100,general,879,0,1.0000000000000002
llama31_8b_1xH100_fp8_TP1,8B / 1xH100,general,880,0,1.0000000000000002
llama31_8b_1xH100_fp8_TP1,8B / 1xH100,general,881,0,1.0000000000000002
llama31_8b_1xH100_fp8_TP1,8B / 1xH100,general,882,0,1.0000000000000002
llama31_8b_1xH100_fp8_TP1,8B / 1xH100,general,883,0,1.0000000000000002
llama31_8b_1xH100_fp8_TP1,8B / 1xH100,general,884,0,1.0000000000000002
llama31_8b_1xH100_fp8_TP1,8B / 1xH100,general,885,0,1.0000000000000002
llama31_8b_1xH100_fp8_TP1,8B / 1xH100,general,886,0,1.0000000000000002
llama31_8b_1xH100_fp8_TP1,8B / 1xH100,general,887,0,1.0000000000000002
llama31_8b_1xH100_fp8_TP1,8B / 1xH100,general,888,0,1.0000000000000002
llama31_8b_1xH100_fp8_TP1,8B / 1xH100,general,889,0,1.0000000000000002
llama31_8b_1xH100_fp8_TP1,8B / 1xH100,general,890,0,1.0000000000000002
llama31_8b_1xH100_fp8_TP1,8B / 1xH100,general,891,0,1.0000000000000002
llama31_8b_1xH100_fp8_TP1,8B / 1xH100,general,892,0,1.0000000000000002
llama31_8b_1xH100_fp8_TP1,8B / 1xH100,general,893,0,1.0000000000000002
llama31_8b_1xH100_fp8_TP1,8B / 1xH100,general,894,0,1.0000000000000002
llama31_8b_1xH100_fp8_TP1,8B / 1xH100,general,895,0,1.0000000000000002
llama31_8b_1xH100_fp8_TP1,8B / 1xH100,general,896,0,1.0000000000000002
llama31_8b_1xH100_fp8_TP1,8B / 1xH100,general,897,0,1.0000000000000002
llama31_8b_1xH100_fp8_TP1,8B / 1xH100,general,898,0,1.0000000000000002
llama31_8b_1xH100_fp8_TP1,8B / 1xH100,general,899,0,1.0000000000000002
llama31_8b_1xH100_fp8_TP1,8B / 1xH100,general,900,0,1.0000000000000002
llama31_8b_1xH100_fp8_TP1,8B / 1xH100,general,901,0,1.0000000000000002
llama31_8b_1xH100_fp8_TP1,8B / 1xH100,general,902,0,1.0000000000000002
llama31_8b_1xH100_fp8_TP1,8B / 1xH100,general,903,0,1.0000000000000002
llama31_8b_1xH100_fp8_TP1,8B / 1xH100,general,904,0,1.0000000000000002
llama31_8b_1xH100_fp8_TP1,8B / 1xH100,general,905,0,1.0000000000000002
llama31_8b_1xH100_fp8_TP1,8B / 1xH100,general,906,0,1.0000000000000002
llama31_8b_1xH100_fp8_TP1,8B / 1xH100,general,907,0,1.0000000000000002
llama31_8b_1xH100_fp8_TP1,8B / 1xH100,general,908,0,1.0000000000000002
llama31_8b_1xH100_fp8_TP1,8B / 1xH100,general,909,0,1.0000000000000002
llama31_8b_1xH100_fp8_TP1,8B / 1xH100,general,910,0,1.0000000000000002
llama31_8b_1xH100_fp8_TP1,8B / 1xH100,general,911,0,1.0000000000000002
llama31_8b_1xH100_fp8_TP1,8B / 1xH100,general,912,0,1.0000000000000002
llama31_8b_1xH100_fp8_TP1,8B / 1xH100,general,913,0,1.0000000000000002
llama31_8b_1xH100_fp8_TP1,8B / 1xH100,general,914,0,1.0000000000000002
llama31_8b_1xH100_fp8_TP1,8B / 1xH100,general,915,0,1.0000000000000002
llama31_8b_1xH100_fp8_TP1,8B / 1xH100,general,916,0,1.0000000000000002
llama31_8b_1xH100_fp8_TP1,8B / 1xH100,general,917,0,1.0000000000000002
llama31_8b_1xH100_fp8_TP1,8B / 1xH100,general,918,0,1.0000000000000002
llama31_8b_1xH100_fp8_TP1,8B / 1xH100,general,919,0,1.0000000000000002
llama31_8b_1xH100_fp8_TP1,8B / 1xH100,general,920,0,1.0000000000000002
llama31_8b_1xH100_fp8_TP1,8B / 1xH100,general,921,0,1.0000000000000002
llama31_8b_1xH100_fp8_TP1,8B / 1xH100,general,922,0,1.0000000000000002
llama31_8b_1xH100_fp8_TP1,8B / 1xH100,general,923,0,1.0000000000000002
llama31_8b_1xH100_fp8_TP1,8B / 1xH100,general,924,0,1.0000000000000002
llama31_8b_1xH100_fp8_TP1,8B / 1xH100,general,925,0,1.0000000000000002
llama31_8b_1xH100_fp8_TP1,8B / 1xH100,general,926,0,1.0000000000000002
llama31_8b_1xH100_fp8_TP1,8B / 1xH100,general,927,0,1.0000000000000002
llama31_8b_1xH100_fp8_TP1,8B / 1xH100,general,928,0,1.0000000000000002
llama31_8b_1xH100_fp8_TP1,8B / 1xH100,general,929,0,1.0000000000000002
llama31_8b_1xH100_fp8_TP1,8B / 1xH100,general,930,0,1.0000000000000002
llama31_8b_1xH100_fp8_TP1,8B / 1xH100,general,931,0,1.0000000000000002
llama31_8b_1xH100_fp8_TP1,8B / 1xH100,general,932,0,1.0000000000000002
llama31_8b_1xH100_fp8_TP1,8B / 1xH100,general,933,0,1.0000000000000002
llama31_8b_1xH100_fp8_TP1,8B / 1xH100,general,934,0,1.0000000000000002
llama31_8b_1xH100_fp8_TP1,8B / 1xH100,general,935,0,1.0000000000000002
llama31_8b_1xH100_fp8_TP1,8B / 1xH100,general,936,0,1.0000000000000002
llama31_8b_1xH100_fp8_TP1,8B / 1xH100,general,937,0,1.0000000000000002
llama31_8b_1xH100_fp8_TP1,8B / 1xH100,general,938,0,1.0000000000000002
llama31_8b_1xH100_fp8_TP1,8B / 1xH100,general,939,0,1.0000000000000002
llama31_8b_1xH100_fp8_TP1,8B / 1xH100,general,940,0,1.0000000000000002
llama31_8b_1xH100_fp8_TP1,8B / 1xH100,general,941,0,1.0000000000000002
llama31_8b_1xH100_fp8_TP1,8B / 1xH100,general,942,0,1.0000000000000002
llama31_8b_1xH100_fp8_TP1,8B / 1xH100,general,943,0,1.0000000000000002
llama31_8b_1xH100_fp8_TP1,8B / 1xH100,general,944,0,1.0000000000000002
llama31_8b_1xH100_fp8_TP1,8B / 1xH100,general,945,0,1.0000000000000002
llama31_8b_1xH100_fp8_TP1,8B / 1xH100,general,946,0,1.0000000000000002
llama31_8b_1xH100_fp8_TP1,8B / 1xH100,general,947,0,1.0000000000000002
llama31_8b_1xH100_fp8_TP1,8B / 1xH100,general,948,0,1.0000000000000002
llama31_8b_1xH100_fp8_TP1,8B / 1xH100,general,949,0,1.0000000000000002
llama31_8b_1xH100_fp8_TP1,8B / 1xH100,general,950,0,1.0000000000000002
llama31_8b_1xH100_fp8_TP1,8B / 1xH100,general,951,0,1.0000000000000002
llama31_8b_1xH100_fp8_TP1,8B / 1xH100,general,952,0,1.0000000000000002
llama31_8b_1xH100_fp8_TP1,8B / 1xH100,general,953,0,1.0000000000000002
llama31_8b_1xH100_fp8_TP1,8B / 1xH100,general,954,0,1.0000000000000002
llama31_8b_1xH100_fp8_TP1,8B / 1xH100,general,955,0,1.0000000000000002
llama31_8b_1xH100_fp8_TP1,8B / 1xH100,general,956,0,1.0000000000000002
llama31_8b_1xH100_fp8_TP1,8B / 1xH100,general,957,0,1.0000000000000002
llama31_8b_1xH100_fp8_TP1,8B / 1xH100,general,958,0,1.0000000000000002
llama31_8b_1xH100_fp8_TP1,8B / 1xH100,general,959,0,1.0000000000000002
llama31_8b_1xH100_fp8_TP1,8B / 1xH100,general,960,0,1.0000000000000002
llama31_8b_1xH100_fp8_TP1,8B / 1xH100,general,961,0,1.0000000000000002
llama31_8b_1xH100_fp8_TP1,8B / 1xH100,general,962,0,1.0000000000000002
llama31_8b_1xH100_fp8_TP1,8B / 1xH100,general,963,0,1.0000000000000002
llama31_8b_1xH100_fp8_TP1,8B / 1xH100,general,964,0,1.0000000000000002
llama31_8b_1xH100_fp8_TP1,8B / 1xH100,general,965,0,1.0000000000000002
llama31_8b_1xH100_fp8_TP1,8B / 1xH100,general,966,0,1.0000000000000002
llama31_8b_1xH100_fp8_TP1,8B / 1xH100,general,967,0,1.0000000000000002
llama31_8b_1xH100_fp8_TP1,8B / 1xH100,general,968,0,1.0000000000000002
llama31_8b_1xH100_fp8_TP1,8B / 1xH100,general,969,0,1.0000000000000002
llama31_8b_1xH100_fp8_TP1,8B / 1xH100,general,970,0,1.0000000000000002
llama31_8b_1xH100_fp8_TP1,8B / 1xH100,general,971,0,1.0000000000000002
llama31_8b_1xH100_fp8_TP1,8B / 1xH100,general,972,0,1.0000000000000002
llama31_8b_1xH100_fp8_TP1,8B / 1xH100,general,973,0,1.0000000000000002
llama31_8b_1xH100_fp8_TP1,8B / 1xH100,general,974,0,1.0000000000000002
llama31_8b_1xH100_fp8_TP1,8B / 1xH100,general,975,0,1.0000000000000002
llama31_8b_1xH100_fp8_TP1,8B / 1xH100,general,976,0,1.0000000000000002
llama31_8b_1xH100_fp8_TP1,8B / 1xH100,general,977,0,1.0000000000000002
llama31_8b_1xH100_fp8_TP1,8B / 1xH100,general,978,0,1.0000000000000002
llama31_8b_1xH100_fp8_TP1,8B / 1xH100,general,979,0,1.0000000000000002
llama31_8b_1xH100_fp8_TP1,8B / 1xH100,general,980,0,1.0000000000000002
llama31_8b_1xH100_fp8_TP1,8B / 1xH100,general,981,0,1.0000000000000002
llama31_8b_1xH100_fp8_TP1,8B / 1xH100,general,982,0,1.0000000000000002
llama31_8b_1xH100_fp8_TP1,8B / 1xH100,general,983,0,1.0000000000000002
llama31_8b_1xH100_fp8_TP1,8B / 1xH100,general,984,0,1.0000000000000002
llama31_8b_1xH100_fp8_TP1,8B / 1xH100,general,985,0,1.0000000000000002
llama31_8b_1xH100_fp8_TP1,8B / 1xH100,general,986,0,1.0000000000000002
llama31_8b_1xH100_fp8_TP1,8B / 1xH100,general,987,0,1.0000000000000002
llama31_8b_1xH100_fp8_TP1,8B / 1xH100,general,988,0,1.0000000000000002
llama31_8b_1xH100_fp8_TP1,8B / 1xH100,general,989,0,1.0000000000000002
llama31_8b_1xH100_fp8_TP1,8B / 1xH100,general,990,0,1.0000000000000002
llama31_8b_1xH100_fp8_TP1,8B / 1xH100,general,991,0,1.0000000000000002
llama31_8b_1xH100_fp8_TP1,8B / 1xH100,general,992,0,1.0000000000000002
llama31_8b_1xH100_fp8_TP1,8B / 1xH100,general,993,0,1.0000000000000002
llama31_8b_1xH100_fp8_TP1,8B / 1xH100,general,994,0,1.0000000000000002
llama31_8b_1xH100_fp8_TP1,8B / 1xH100,general,995,0,1.0000000000000002
llama31_8b_1xH100_fp8_TP1,8B / 1xH100,general,996,0,1.0000000000000002
llama31_8b_1xH100_fp8_TP1,8B / 1xH100,general,997,0,1.0000000000000002
llama31_8b_1xH100_fp8_TP1,8B / 1xH100,general,998,0,1.0000000000000002
llama31_8b_1xH100_fp8_TP1,8B / 1xH100,general,999,0,1.0000000000000002
llama31_8b_1xH100_fp8_TP1,8B / 1xH100,general,1000,0,1.0000000000000002
llama31_8b_1xH100_fp8_TP1,8B / 1xH100,general,1001,0,1.0000000000000002
llama31_8b_1xH100_fp8_TP1,8B / 1xH100,general,1002,0,1.0000000000000002
llama31_8b_1xH100_fp8_TP1,8B / 1xH100,general,1003,0,1.0000000000000002
llama31_8b_1xH100_fp8_TP1,8B / 1xH100,general,1004,0,1.0000000000000002
llama31_8b_1xH100_fp8_TP1,8B / 1xH100,general,1005,0,1.0000000000000002
llama31_8b_1xH100_fp8_TP1,8B / 1xH100,general,1006,0,1.0000000000000002
llama31_8b_1xH100_fp8_TP1,8B / 1xH100,general,1007,0,1.0000000000000002
llama31_8b_1xH100_fp8_TP1,8B / 1xH100,general,1008,0,1.0000000000000002
llama31_8b_1xH100_fp8_TP1,8B / 1xH100,general,1009,0,1.0000000000000002
llama31_8b_1xH100_fp8_TP1,8B / 1xH100,general,1010,0,1.0000000000000002
llama31_8b_1xH100_fp8_TP1,8B / 1xH100,general,1011,0,1.0000000000000002
llama31_8b_1xH100_fp8_TP1,8B / 1xH100,general,1012,0,1.0000000000000002
llama31_8b_1xH100_fp8_TP1,8B / 1xH100,general,1013,0,1.0000000000000002
llama31_8b_1xH100_fp8_TP1,8B / 1xH100,general,1014,0,1.0000000000000002
llama31_8b_1xH100_fp8_TP1,8B / 1xH100,general,1015,0,1.0000000000000002
llama31_8b_1xH100_fp8_TP1,8B / 1xH100,general,1016,0,1.0000000000000002
llama31_8b_1xH100_fp8_TP1,8B / 1xH100,general,1017,0,1.0000000000000002
llama31_8b_1xH100_fp8_TP1,8B / 1xH100,general,1018,0,1.0000000000000002
llama31_8b_1xH100_fp8_TP1,8B / 1xH100,general,1019,0,1.0000000000000002
llama31_8b_1xH100_fp8_TP1,8B / 1xH100,general,1020,0,1.0000000000000002
llama31_8b_1xH100_fp8_TP1,8B / 1xH100,general,1021,0,1.0000000000000002
llama31_8b_1xH100_fp8_TP1,8B / 1xH100,general,1022,0,1.0000000000000002
llama31_8b_1xH100_fp8_TP1,8B / 1xH100,general,1023,0,1.0000000000000002
llama31_8b_1xH100_fp8_TP1,8B / 1xH100,general,1024,0,1.0000000000000002
llama31_8b_1xH100_fp8_TP1,8B / 1xH100,general,1025,0,1.0000000000000002
llama31_8b_1xH100_fp8_TP1,8B / 1xH100,general,1026,0,1.0000000000000002
llama31_8b_1xH100_fp8_TP1,8B / 1xH100,general,1027,0,1.0000000000000002
llama31_8b_1xH100_fp8_TP1,8B / 1xH100,general,1028,0,1.0000000000000002
llama31_8b_1xH100_fp8_TP1,8B / 1xH100,general,1029,0,1.0000000000000002
llama31_8b_1xH100_fp8_TP1,8B / 1xH100,general,1030,0,1.0000000000000002
llama31_8b_1xH100_fp8_TP1,8B / 1xH100,general,1031,0,1.0000000000000002
llama31_8b_1xH100_fp8_TP1,8B / 1xH100,general,1032,0,1.0000000000000002
llama31_8b_1xH100_fp8_TP1,8B / 1xH100,general,1033,0,1.0000000000000002
llama31_8b_1xH100_fp8_TP1,8B / 1xH100,general,1034,0,1.0000000000000002
llama31_8b_1xH100_fp8_TP1,8B / 1xH100,general,1035,0,1.0000000000000002
llama31_8b_1xH100_fp8_TP1,8B / 1xH100,general,1036,0,1.0000000000000002
llama31_8b_1xH100_fp8_TP1,8B / 1xH100,general,1037,0,1.0000000000000002
llama31_8b_1xH100_fp8_TP1,8B / 1xH100,general,1038,0,1.0000000000000002
llama31_8b_1xH100_fp8_TP1,8B / 1xH100,general,1039,0,1.0000000000000002
llama31_8b_1xH100_fp8_TP1,8B / 1xH100,general,1040,0,1.0000000000000002
llama31_8b_1xH100_fp8_TP1,8B / 1xH100,general,1041,0,1.0000000000000002
llama31_8b_1xH100_fp8_TP1,8B / 1xH100,general,1042,0,1.0000000000000002
llama31_8b_1xH100_fp8_TP1,8B / 1xH100,general,1043,0,1.0000000000000002
llama31_8b_1xH100_fp8_TP1,8B / 1xH100,general,1044,0,1.0000000000000002
llama31_8b_1xH100_fp8_TP1,8B / 1xH100,general,1045,0,1.0000000000000002
llama31_8b_1xH100_fp8_TP1,8B / 1xH100,general,1046,0,1.0000000000000002
llama31_8b_1xH100_fp8_TP1,8B / 1xH100,general,1047,0,1.0000000000000002
llama31_8b_1xH100_fp8_TP1,8B / 1xH100,general,1048,0,1.0000000000000002
llama31_8b_1xH100_fp8_TP1,8B / 1xH100,general,1049,0,1.0000000000000002
llama31_8b_1xH100_fp8_TP1,8B / 1xH100,general,1050,0,1.0000000000000002
llama31_8b_1xH100_fp8_TP1,8B / 1xH100,general,1051,0,1.0000000000000002
llama31_8b_1xH100_fp8_TP1,8B / 1xH100,general,1052,0,1.0000000000000002
llama31_8b_1xH100_fp8_TP1,8B / 1xH100,general,1053,0,1.0000000000000002
llama31_8b_1xH100_fp8_TP1,8B / 1xH100,general,1054,0,1.0000000000000002
llama31_8b_1xH100_fp8_TP1,8B / 1xH100,general,1055,0,1.0000000000000002
llama31_8b_1xH100_fp8_TP1,8B / 1xH100,general,1056,0,1.0000000000000002
llama31_8b_1xH100_fp8_TP1,8B / 1xH100,general,1057,0,1.0000000000000002
llama31_8b_1xH100_fp8_TP1,8B / 1xH100,general,1058,0,1.0000000000000002
llama31_8b_1xH100_fp8_TP1,8B / 1xH100,general,1059,0,1.0000000000000002
llama31_8b_1xH100_fp8_TP1,8B / 1xH100,general,1060,0,1.0000000000000002
llama31_8b_1xH100_fp8_TP1,8B / 1xH100,general,1061,0,1.0000000000000002
llama31_8b_1xH100_fp8_TP1,8B / 1xH100,general,1062,0,1.0000000000000002
llama31_8b_1xH100_fp8_TP1,8B / 1xH100,general,1063,0,1.0000000000000002
llama31_8b_1xH100_fp8_TP1,8B / 1xH100,general,1064,0,1.0000000000000002
llama31_8b_1xH100_fp8_TP1,8B / 1xH100,general,1065,0,1.0000000000000002
llama31_8b_1xH100_fp8_TP1,8B / 1xH100,general,1066,0,1.0000000000000002
llama31_8b_1xH100_fp8_TP1,8B / 1xH100,general,1067,0,1.0000000000000002
llama31_8b_1xH100_fp8_TP1,8B / 1xH100,general,1068,0,1.0000000000000002
llama31_8b_1xH100_fp8_TP1,8B / 1xH100,general,1069,0,1.0000000000000002
llama31_8b_1xH100_fp8_TP1,8B / 1xH100,general,1070,0,1.0000000000000002
llama31_8b_1xH100_fp8_TP1,8B / 1xH100,general,1071,0,1.0000000000000002
llama31_8b_1xH100_fp8_TP1,8B / 1xH100,general,1072,0,1.0000000000000002
llama31_8b_1xH100_fp8_TP1,8B / 1xH100,general,1073,0,1.0000000000000002
llama31_8b_1xH100_fp8_TP1,8B / 1xH100,general,1074,0,1.0000000000000002
llama31_8b_1xH100_fp8_TP1,8B / 1xH100,general,1075,0,1.0000000000000002
llama31_8b_1xH100_fp8_TP1,8B / 1xH100,general,1076,0,1.0000000000000002
llama31_8b_1xH100_fp8_TP1,8B / 1xH100,general,1077,0,1.0000000000000002
llama31_8b_1xH100_fp8_TP1,8B / 1xH100,general,1078,0,1.0000000000000002
llama31_8b_1xH100_fp8_TP1,8B / 1xH100,general,1079,0,1.0000000000000002
llama31_8b_1xH100_fp8_TP1,8B / 1xH100,general,1080,0,1.0000000000000002
llama31_8b_1xH100_fp8_TP1,8B / 1xH100,general,1081,0,1.0000000000000002
llama31_8b_1xH100_fp8_TP1,8B / 1xH100,general,1082,0,1.0000000000000002
llama31_8b_1xH100_fp8_TP1,8B / 1xH100,general,1083,0,1.0000000000000002
llama31_8b_1xH100_fp8_TP1,8B / 1xH100,general,1084,0,1.0000000000000002
llama31_8b_1xH100_fp8_TP1,8B / 1xH100,general,1085,0,1.0000000000000002
llama31_8b_1xH100_fp8_TP1,8B / 1xH100,general,1086,0,1.0000000000000002
llama31_8b_1xH100_fp8_TP1,8B / 1xH100,general,1087,0,1.0000000000000002
llama31_8b_1xH100_fp8_TP1,8B / 1xH100,general,1088,0,1.0000000000000002
llama31_8b_1xH100_fp8_TP1,8B / 1xH100,general,1089,0,1.0000000000000002
llama31_8b_1xH100_fp8_TP1,8B / 1xH100,general,1090,0,1.0000000000000002
llama31_8b_1xH100_fp8_TP1,8B / 1xH100,general,1091,0,1.0000000000000002
llama31_8b_1xH100_fp8_TP1,8B / 1xH100,general,1092,0,1.0000000000000002
llama31_8b_1xH100_fp8_TP1,8B / 1xH100,general,1093,0,1.0000000000000002
llama31_8b_1xH100_fp8_TP1,8B / 1xH100,general,1094,0,1.0000000000000002
llama31_8b_1xH100_fp8_TP1,8B / 1xH100,general,1095,0,1.0000000000000002
llama31_8b_1xH100_fp8_TP1,8B / 1xH100,general,1096,0,1.0000000000000002
llama31_8b_1xH100_fp8_TP1,8B / 1xH100,general,1097,0,1.0000000000000002
llama31_8b_1xH100_fp8_TP1,8B / 1xH100,general,1098,0,1.0000000000000002
llama31_8b_1xH100_fp8_TP1,8B / 1xH100,general,1099,0,1.0000000000000002
llama31_8b_1xH100_fp8_TP1,8B / 1xH100,general,1100,0,1.0000000000000002
llama31_8b_1xH100_fp8_TP1,8B / 1xH100,general,1101,0,1.0000000000000002
llama31_8b_1xH100_fp8_TP1,8B / 1xH100,general,1102,0,1.0000000000000002
llama31_8b_1xH100_fp8_TP1,8B / 1xH100,general,1103,0,1.0000000000000002
llama31_8b_1xH100_fp8_TP1,8B / 1xH100,general,1104,0,1.0000000000000002
llama31_8b_1xH100_fp8_TP1,8B / 1xH100,general,1105,0,1.0000000000000002
llama31_8b_1xH100_fp8_TP1,8B / 1xH100,general,1106,0,1.0000000000000002
llama31_8b_1xH100_fp8_TP1,8B / 1xH100,general,1107,0,1.0000000000000002
llama31_8b_1xH100_fp8_TP1,8B / 1xH100,general,1108,0,1.0000000000000002
llama31_8b_1xH100_fp8_TP1,8B / 1xH100,general,1109,0,1.0000000000000002
llama31_8b_1xH100_fp8_TP1,8B / 1xH100,general,1110,0,1.0000000000000002
llama31_8b_1xH100_fp8_TP1,8B / 1xH100,general,1111,0,1.0000000000000002
llama31_8b_1xH100_fp8_TP1,8B / 1xH100,general,1112,0,1.0000000000000002
llama31_8b_1xH100_fp8_TP1,8B / 1xH100,general,1113,0,1.0000000000000002
llama31_8b_1xH100_fp8_TP1,8B / 1xH100,general,1114,0,1.0000000000000002
llama31_8b_1xH100_fp8_TP1,8B / 1xH100,general,1115,0,1.0000000000000002
llama31_8b_1xH100_fp8_TP1,8B / 1xH100,general,1116,0,1.0000000000000002
llama31_8b_1xH100_fp8_TP1,8B / 1xH100,general,1117,0,1.0000000000000002
llama31_8b_1xH100_fp8_TP1,8B / 1xH100,general,1118,0,1.0000000000000002
llama31_8b_1xH100_fp8_TP1,8B / 1xH100,general,1119,0,1.0000000000000002
llama31_8b_1xH100_fp8_TP1,8B / 1xH100,general,1120,0,1.0000000000000002
llama31_8b_1xH100_fp8_TP1,8B / 1xH100,general,1121,0,1.0000000000000002
llama31_8b_1xH100_fp8_TP1,8B / 1xH100,general,1122,0,1.0000000000000002
llama31_8b_1xH100_fp8_TP1,8B / 1xH100,general,1123,0,1.0000000000000002
llama31_8b_1xH100_fp8_TP1,8B / 1xH100,general,1124,0,1.0000000000000002
llama31_8b_1xH100_fp8_TP1,8B / 1xH100,general,1125,0,1.0000000000000002
llama31_8b_1xH100_fp8_TP1,8B / 1xH100,general,1126,0,1.0000000000000002
llama31_8b_1xH100_fp8_TP1,8B / 1xH100,general,1127,0,1.0000000000000002
llama31_8b_1xH100_fp8_TP1,8B / 1xH100,general,1128,0,1.0000000000000002
llama31_8b_1xH100_fp8_TP1,8B / 1xH100,general,1129,0,1.0000000000000002
llama31_8b_1xH100_fp8_TP1,8B / 1xH100,general,1130,0,1.0000000000000002
llama31_8b_1xH100_fp8_TP1,8B / 1xH100,general,1131,0,1.0000000000000002
llama31_8b_1xH100_fp8_TP1,8B / 1xH100,general,1132,0,1.0000000000000002
llama31_8b_1xH100_fp8_TP1,8B / 1xH100,general,1133,0,1.0000000000000002
llama31_8b_1xH100_fp8_TP1,8B / 1xH100,general,1134,0,1.0000000000000002
llama31_8b_1xH100_fp8_TP1,8B / 1xH100,general,1135,0,1.0000000000000002
llama31_8b_1xH100_fp8_TP1,8B / 1xH100,general,1136,0,1.0000000000000002
llama31_8b_1xH100_fp8_TP1,8B / 1xH100,general,1137,0,1.0000000000000002
llama31_8b_1xH100_fp8_TP1,8B / 1xH100,general,1138,0,1.0000000000000002
llama31_8b_1xH100_fp8_TP1,8B / 1xH100,general,1139,0,1.0000000000000002
llama31_8b_1xH100_fp8_TP1,8B / 1xH100,general,1140,0,1.0000000000000002
llama31_8b_1xH100_fp8_TP1,8B / 1xH100,general,1141,0,1.0000000000000002
llama31_8b_1xH100_fp8_TP1,8B / 1xH100,general,1142,0,1.0000000000000002
llama31_8b_1xH100_fp8_TP1,8B / 1xH100,general,1143,0,1.0000000000000002
llama31_8b_1xH100_fp8_TP1,8B / 1xH100,general,1144,0,1.0000000000000002
llama31_8b_1xH100_fp8_TP1,8B / 1xH100,general,1145,0,1.0000000000000002
llama31_8b_1xH100_fp8_TP1,8B / 1xH100,general,1146,0,1.0000000000000002
llama31_8b_1xH100_fp8_TP1,8B / 1xH100,general,1147,0,1.0000000000000002
llama31_8b_1xH100_fp8_TP1,8B / 1xH100,general,1148,0,1.0000000000000002
llama31_8b_1xH100_fp8_TP1,8B / 1xH100,general,1149,0,1.0000000000000002
llama31_8b_1xH100_fp8_TP1,8B / 1xH100,general,1150,0,1.0000000000000002
llama31_8b_1xH100_fp8_TP1,8B / 1xH100,general,1151,0,1.0000000000000002
llama31_8b_1xH100_fp8_TP1,8B / 1xH100,general,1152,0,1.0000000000000002
llama31_8b_1xH100_fp8_TP1,8B / 1xH100,general,1153,0,1.0000000000000002
llama31_8b_1xH100_fp8_TP1,8B / 1xH100,general,1154,0,1.0000000000000002
llama31_8b_1xH100_fp8_TP1,8B / 1xH100,general,1155,0,1.0000000000000002
llama31_8b_1xH100_fp8_TP1,8B / 1xH100,general,1156,0,1.0000000000000002
llama31_8b_1xH100_fp8_TP1,8B / 1xH100,general,1157,0,1.0000000000000002
llama31_8b_1xH100_fp8_TP1,8B / 1xH100,general,1158,0,1.0000000000000002
llama31_8b_1xH100_fp8_TP1,8B / 1xH100,general,1159,0,1.0000000000000002
llama31_8b_1xH100_fp8_TP1,8B / 1xH100,general,1160,0,1.0000000000000002
llama31_8b_1xH100_fp8_TP1,8B / 1xH100,general,1161,0,1.0000000000000002
llama31_8b_1xH100_fp8_TP1,8B / 1xH100,general,1162,0,1.0000000000000002
llama31_8b_1xH100_fp8_TP1,8B / 1xH100,general,1163,0,1.0000000000000002
llama31_8b_1xH100_fp8_TP1,8B / 1xH100,general,1164,0,1.0000000000000002
llama31_8b_1xH100_fp8_TP1,8B / 1xH100,general,1165,0,1.0000000000000002
llama31_8b_1xH100_fp8_TP1,8B / 1xH100,general,1166,0,1.0000000000000002
llama31_8b_1xH100_fp8_TP1,8B / 1xH100,general,1167,0,1.0000000000000002
llama31_8b_1xH100_fp8_TP1,8B / 1xH100,general,1168,0,1.0000000000000002
llama31_8b_1xH100_fp8_TP1,8B / 1xH100,general,1169,0,1.0000000000000002
llama31_8b_1xH100_fp8_TP1,8B / 1xH100,general,1170,0,1.0000000000000002
llama31_8b_1xH100_fp8_TP1,8B / 1xH100,general,1171,0,1.0000000000000002
llama31_8b_1xH100_fp8_TP1,8B / 1xH100,general,1172,0,1.0000000000000002
llama31_8b_1xH100_fp8_TP1,8B / 1xH100,general,1173,0,1.0000000000000002
llama31_8b_1xH100_fp8_TP1,8B / 1xH100,general,1174,0,1.0000000000000002
llama31_8b_1xH100_fp8_TP1,8B / 1xH100,general,1175,0,1.0000000000000002
llama31_8b_1xH100_fp8_TP1,8B / 1xH100,general,1176,0,1.0000000000000002
llama31_8b_1xH100_fp8_TP1,8B / 1xH100,general,1177,0,1.0000000000000002
llama31_8b_1xH100_fp8_TP1,8B / 1xH100,general,1178,0,1.0000000000000002
llama31_8b_1xH100_fp8_TP1,8B / 1xH100,general,1179,0,1.0000000000000002
llama31_8b_1xH100_fp8_TP1,8B / 1xH100,general,1180,0,1.0000000000000002
llama31_8b_1xH100_fp8_TP1,8B / 1xH100,general,1181,0,1.0000000000000002
llama31_8b_1xH100_fp8_TP1,8B / 1xH100,general,1182,0,1.0000000000000002
llama31_8b_1xH100_fp8_TP1,8B / 1xH100,general,1183,0,1.0000000000000002
llama31_8b_1xH100_fp8_TP1,8B / 1xH100,general,1184,0,1.0000000000000002
llama31_8b_1xH100_fp8_TP1,8B / 1xH100,general,1185,0,1.0000000000000002
llama31_8b_1xH100_fp8_TP1,8B / 1xH100,general,1186,0,1.0000000000000002
llama31_8b_1xH100_fp8_TP1,8B / 1xH100,general,1187,0,1.0000000000000002
llama31_8b_1xH100_fp8_TP1,8B / 1xH100,general,1188,0,1.0000000000000002
llama31_8b_1xH100_fp8_TP1,8B / 1xH100,general,1189,0,1.0000000000000002
llama31_8b_1xH100_fp8_TP1,8B / 1xH100,general,1190,0,1.0000000000000002
llama31_8b_1xH100_fp8_TP1,8B / 1xH100,general,1191,0,1.0000000000000002
llama31_8b_1xH100_fp8_TP1,8B / 1xH100,general,1192,0,1.0000000000000002
llama31_8b_1xH100_fp8_TP1,8B / 1xH100,general,1193,0,1.0000000000000002
llama31_8b_1xH100_fp8_TP1,8B / 1xH100,general,1194,0,1.0000000000000002
llama31_8b_1xH100_fp8_TP1,8B / 1xH100,general,1195,0,1.0000000000000002
llama31_8b_1xH100_fp8_TP1,8B / 1xH100,general,1196,0,1.0000000000000002
llama31_8b_1xH100_fp8_TP1,8B / 1xH100,general,1197,0,1.0000000000000002
llama31_8b_1xH100_fp8_TP1,8B / 1xH100,general,1198,0,1.0000000000000002
llama31_8b_1xH100_fp8_TP1,8B / 1xH100,general,1199,0,1.0000000000000002
llama31_8b_1xH100_fp8_TP1,8B / 1xH100,general,1200,0,1.0000000000000002
llama31_8b_1xH100_fp8_TP1,8B / 1xH100,general,1201,0,1.0000000000000002
llama31_8b_1xH100_fp8_TP1,8B / 1xH100,general,1202,0,1.0000000000000002
llama31_8b_1xH100_fp8_TP1,8B / 1xH100,general,1203,0,1.0000000000000002
llama31_8b_1xH100_fp8_TP1,8B / 1xH100,general,1204,0,1.0000000000000002
llama31_8b_1xH100_fp8_TP1,8B / 1xH100,general,1205,0,1.0000000000000002
llama31_8b_1xH100_fp8_TP1,8B / 1xH100,general,1206,0,1.0000000000000002
llama31_8b_1xH100_fp8_TP1,8B / 1xH100,general,1207,0,1.0000000000000002
llama31_8b_1xH100_fp8_TP1,8B / 1xH100,general,1208,0,1.0000000000000002
llama31_8b_1xH100_fp8_TP1,8B / 1xH100,general,1209,0,1.0000000000000002
llama31_8b_1xH100_fp8_TP1,8B / 1xH100,general,1210,0,1.0000000000000002
llama31_8b_1xH100_fp8_TP1,8B / 1xH100,general,1211,0,1.0000000000000002
llama31_8b_1xH100_fp8_TP1,8B / 1xH100,general,1212,0,1.0000000000000002
llama31_8b_1xH100_fp8_TP1,8B / 1xH100,general,1213,0,1.0000000000000002
llama31_8b_1xH100_fp8_TP1,8B / 1xH100,general,1214,0,1.0000000000000002
llama31_8b_1xH100_fp8_TP1,8B / 1xH100,general,1215,0,1.0000000000000002
llama31_8b_1xH100_fp8_TP1,8B / 1xH100,general,1216,0,1.0000000000000002
llama31_8b_1xH100_fp8_TP1,8B / 1xH100,general,1217,0,1.0000000000000002
llama31_8b_1xH100_fp8_TP1,8B / 1xH100,general,1218,0,1.0000000000000002
llama31_8b_1xH100_fp8_TP1,8B / 1xH100,general,1219,0,1.0000000000000002
llama31_8b_1xH100_fp8_TP1,8B / 1xH100,general,1220,0,1.0000000000000002
llama31_8b_1xH100_fp8_TP1,8B / 1xH100,general,1221,0,1.0000000000000002
llama31_8b_1xH100_fp8_TP1,8B / 1xH100,general,1222,0,1.0000000000000002
llama31_8b_1xH100_fp8_TP1,8B / 1xH100,general,1223,0,1.0000000000000002
llama31_8b_1xH100_fp8_TP1,8B / 1xH100,general,1224,0,1.0000000000000002
llama31_8b_1xH100_fp8_TP1,8B / 1xH100,general,1225,0,1.0000000000000002
llama31_8b_1xH100_fp8_TP1,8B / 1xH100,general,1226,0,1.0000000000000002
llama31_8b_1xH100_fp8_TP1,8B / 1xH100,general,1227,0,1.0000000000000002
llama31_8b_1xH100_fp8_TP1,8B / 1xH100,general,1228,0,1.0000000000000002
llama31_8b_1xH100_fp8_TP1,8B / 1xH100,general,1229,0,1.0000000000000002
llama31_8b_1xH100_fp8_TP1,8B / 1xH100,general,1230,0,1.0000000000000002
llama31_8b_1xH100_fp8_TP1,8B / 1xH100,general,1231,0,1.0000000000000002
llama31_8b_1xH100_fp8_TP1,8B / 1xH100,general,1232,0,1.0000000000000002
llama31_8b_1xH100_fp8_TP1,8B / 1xH100,general,1233,0,1.0000000000000002
llama31_8b_1xH100_fp8_TP1,8B / 1xH100,general,1234,0,1.0000000000000002
llama31_8b_1xH100_fp8_TP1,8B / 1xH100,general,1235,0,1.0000000000000002
llama31_8b_1xH100_fp8_TP1,8B / 1xH100,general,1236,0,1.0000000000000002
llama31_8b_1xH100_fp8_TP1,8B / 1xH100,general,1237,0,1.0000000000000002
llama31_8b_1xH100_fp8_TP1,8B / 1xH100,general,1238,0,1.0000000000000002
llama31_8b_1xH100_fp8_TP1,8B / 1xH100,general,1239,0,1.0000000000000002
llama31_8b_1xH100_fp8_TP1,8B / 1xH100,general,1240,0,1.0000000000000002
llama31_8b_1xH100_fp8_TP1,8B / 1xH100,general,1241,0,1.0000000000000002
llama31_8b_1xH100_fp8_TP1,8B / 1xH100,general,1242,0,1.0000000000000002
llama31_8b_1xH100_fp8_TP1,8B / 1xH100,general,1243,0,1.0000000000000002
llama31_8b_1xH100_fp8_TP1,8B / 1xH100,general,1244,0,1.0000000000000002
llama31_8b_1xH100_fp8_TP1,8B / 1xH100,general,1245,0,1.0000000000000002
llama31_8b_1xH100_fp8_TP1,8B / 1xH100,general,1246,0,1.0000000000000002
llama31_8b_1xH100_fp8_TP1,8B / 1xH100,general,1247,0,1.0000000000000002
llama31_8b_1xH100_fp8_TP1,8B / 1xH100,general,1248,0,1.0000000000000002
llama31_8b_1xH100_fp8_TP1,8B / 1xH100,general,1249,0,1.0000000000000002
llama31_8b_1xH100_fp8_TP1,8B / 1xH100,general,1250,0,1.0000000000000002
llama31_8b_1xH100_fp8_TP1,8B / 1xH100,general,1251,0,1.0000000000000002
llama31_8b_1xH100_fp8_TP1,8B / 1xH100,general,1252,0,1.0000000000000002
llama31_8b_1xH100_fp8_TP1,8B / 1xH100,general,1253,0,1.0000000000000002
llama31_8b_1xH100_fp8_TP1,8B / 1xH100,general,1254,0,1.0000000000000002
llama31_8b_1xH100_fp8_TP1,8B / 1xH100,general,1255,0,1.0000000000000002
llama31_8b_1xH100_fp8_TP1,8B / 1xH100,general,1256,0,1.0000000000000002
llama31_8b_1xH100_fp8_TP1,8B / 1xH100,general,1257,0,1.0000000000000002
llama31_8b_1xH100_fp8_TP1,8B / 1xH100,general,1258,0,1.0000000000000002
llama31_8b_1xH100_fp8_TP1,8B / 1xH100,general,1259,0,1.0000000000000002
llama31_8b_1xH100_fp8_TP1,8B / 1xH100,general,1260,0,1.0000000000000002
llama31_8b_1xH100_fp8_TP1,8B / 1xH100,general,1261,0,1.0000000000000002
llama31_8b_1xH100_fp8_TP1,8B / 1xH100,general,1262,0,1.0000000000000002
llama31_8b_1xH100_fp8_TP1,8B / 1xH100,general,1263,0,1.0000000000000002
llama31_8b_1xH100_fp8_TP1,8B / 1xH100,general,1264,0,1.0000000000000002
llama31_8b_1xH100_fp8_TP1,8B / 1xH100,general,1265,0,1.0000000000000002
llama31_8b_1xH100_fp8_TP1,8B / 1xH100,general,1266,0,1.0000000000000002
llama31_8b_1xH100_fp8_TP1,8B / 1xH100,general,1267,0,1.0000000000000002
llama31_8b_1xH100_fp8_TP1,8B / 1xH100,general,1268,0,1.0000000000000002
llama31_8b_1xH100_fp8_TP1,8B / 1xH100,general,1269,0,1.0000000000000002
llama31_8b_1xH100_fp8_TP1,8B / 1xH100,general,1270,0,1.0000000000000002
llama31_8b_1xH100_fp8_TP1,8B / 1xH100,general,1271,0,1.0000000000000002
llama31_8b_1xH100_fp8_TP1,8B / 1xH100,general,1272,0,1.0000000000000002
llama31_8b_1xH100_fp8_TP1,8B / 1xH100,general,1273,0,1.0000000000000002
llama31_8b_1xH100_fp8_TP1,8B / 1xH100,general,1274,0,1.0000000000000002
llama31_8b_1xH100_fp8_TP1,8B / 1xH100,general,1275,0,1.0000000000000002
llama31_8b_1xH100_fp8_TP1,8B / 1xH100,general,1276,0,1.0000000000000002
llama31_8b_1xH100_fp8_TP1,8B / 1xH100,general,1277,0,1.0000000000000002
llama31_8b_1xH100_fp8_TP1,8B / 1xH100,general,1278,0,1.0000000000000002
llama31_8b_1xH100_fp8_TP1,8B / 1xH100,general,1279,0,1.0000000000000002
llama31_8b_1xH100_fp8_TP1,8B / 1xH100,general,1280,0,1.0000000000000002
llama31_8b_1xH100_fp8_TP1,8B / 1xH100,general,1281,0,1.0000000000000002
llama31_8b_1xH100_fp8_TP1,8B / 1xH100,general,1282,0,1.0000000000000002
llama31_8b_1xH100_fp8_TP1,8B / 1xH100,general,1283,0,1.0000000000000002
llama31_8b_1xH100_fp8_TP1,8B / 1xH100,general,1284,0,1.0000000000000002
llama31_8b_1xH100_fp8_TP1,8B / 1xH100,general,1285,0,1.0000000000000002
llama31_8b_1xH100_fp8_TP1,8B / 1xH100,general,1286,0,1.0000000000000002
llama31_8b_1xH100_fp8_TP1,8B / 1xH100,general,1287,0,1.0000000000000002
llama31_8b_1xH100_fp8_TP1,8B / 1xH100,general,1288,0,1.0000000000000002
llama31_8b_1xH100_fp8_TP1,8B / 1xH100,general,1289,0,1.0000000000000002
llama31_8b_1xH100_fp8_TP1,8B / 1xH100,general,1290,0,1.0000000000000002
llama31_8b_1xH100_fp8_TP1,8B / 1xH100,general,1291,0,1.0000000000000002
llama31_8b_1xH100_fp8_TP1,8B / 1xH100,general,1292,0,1.0000000000000002
llama31_8b_1xH100_fp8_TP1,8B / 1xH100,general,1293,0,1.0000000000000002
llama31_8b_1xH100_fp8_TP1,8B / 1xH100,general,1294,0,1.0000000000000002
llama31_8b_1xH100_fp8_TP1,8B / 1xH100,general,1295,0,1.0000000000000002
llama31_8b_1xH100_fp8_TP1,8B / 1xH100,general,1296,0,1.0000000000000002
llama31_8b_1xH100_fp8_TP1,8B / 1xH100,general,1297,0,1.0000000000000002
llama31_8b_1xH100_fp8_TP1,8B / 1xH100,general,1298,0,1.0000000000000002
llama31_8b_1xH100_fp8_TP1,8B / 1xH100,general,1299,0,1.0000000000000002
llama31_8b_1xH100_fp8_TP1,8B / 1xH100,general,1300,0,1.0000000000000002
llama31_8b_1xH100_fp8_TP1,8B / 1xH100,general,1301,0,1.0000000000000002
llama31_8b_1xH100_fp8_TP1,8B / 1xH100,general,1302,0,1.0000000000000002
llama31_8b_1xH100_fp8_TP1,8B / 1xH100,general,1303,0,1.0000000000000002
llama31_8b_1xH100_fp8_TP1,8B / 1xH100,general,1304,0,1.0000000000000002
llama31_8b_1xH100_fp8_TP1,8B / 1xH100,general,1305,0,1.0000000000000002
llama31_8b_1xH100_fp8_TP1,8B / 1xH100,general,1306,0,1.0000000000000002
llama31_8b_1xH100_fp8_TP1,8B / 1xH100,general,1307,0,1.0000000000000002
llama31_8b_1xH100_fp8_TP1,8B / 1xH100,general,1308,0,1.0000000000000002
llama31_8b_1xH100_fp8_TP1,8B / 1xH100,general,1309,0,1.0000000000000002
llama31_8b_1xH100_fp8_TP1,8B / 1xH100,general,1310,0,1.0000000000000002
llama31_8b_1xH100_fp8_TP1,8B / 1xH100,general,1311,0,1.0000000000000002
llama31_8b_1xH100_fp8_TP1,8B / 1xH100,general,1312,0,1.0000000000000002
llama31_8b_1xH100_fp8_TP1,8B / 1xH100,general,1313,0,1.0000000000000002
llama31_8b_1xH100_fp8_TP1,8B / 1xH100,general,1314,0,1.0000000000000002
llama31_8b_1xH100_fp8_TP1,8B / 1xH100,general,1315,0,1.0000000000000002
llama31_8b_1xH100_fp8_TP1,8B / 1xH100,general,1316,0,1.0000000000000002
llama31_8b_1xH100_fp8_TP1,8B / 1xH100,general,1317,0,1.0000000000000002
llama31_8b_1xH100_fp8_TP1,8B / 1xH100,general,1318,0,1.0000000000000002
llama31_8b_1xH100_fp8_TP1,8B / 1xH100,general,1319,0,1.0000000000000002
llama31_8b_1xH100_fp8_TP1,8B / 1xH100,general,1320,0,1.0000000000000002
llama31_8b_1xH100_fp8_TP1,8B / 1xH100,general,1321,0,1.0000000000000002
llama31_8b_1xH100_fp8_TP1,8B / 1xH100,general,1322,0,1.0000000000000002
llama31_8b_1xH100_fp8_TP1,8B / 1xH100,general,1323,0,1.0000000000000002
llama31_8b_1xH100_fp8_TP1,8B / 1xH100,general,1324,0,1.0000000000000002
llama31_8b_1xH100_fp8_TP1,8B / 1xH100,general,1325,0,1.0000000000000002
llama31_8b_1xH100_fp8_TP1,8B / 1xH100,general,1326,0,1.0000000000000002
llama31_8b_1xH100_fp8_TP1,8B / 1xH100,general,1327,0,1.0000000000000002
llama31_8b_1xH100_fp8_TP1,8B / 1xH100,general,1328,0,1.0000000000000002
llama31_8b_1xH100_fp8_TP1,8B / 1xH100,general,1329,0,1.0000000000000002
llama31_8b_1xH100_fp8_TP1,8B / 1xH100,general,1330,0,1.0000000000000002
llama31_8b_1xH100_fp8_TP1,8B / 1xH100,general,1331,0,1.0000000000000002
llama31_8b_1xH100_fp8_TP1,8B / 1xH100,general,1332,0,1.0000000000000002
llama31_8b_1xH100_fp8_TP1,8B / 1xH100,general,1333,0,1.0000000000000002
llama31_8b_1xH100_fp8_TP1,8B / 1xH100,general,1334,0,1.0000000000000002
llama31_8b_1xH100_fp8_TP1,8B / 1xH100,general,1335,0,1.0000000000000002
llama31_8b_1xH100_fp8_TP1,8B / 1xH100,general,1336,0,1.0000000000000002
llama31_8b_1xH100_fp8_TP1,8B / 1xH100,general,1337,0,1.0000000000000002
llama31_8b_1xH100_fp8_TP1,8B / 1xH100,general,1338,0,1.0000000000000002
llama31_8b_1xH100_fp8_TP1,8B / 1xH100,general,1339,0,1.0000000000000002
llama31_8b_1xH100_fp8_TP1,8B / 1xH100,general,1340,0,1.0000000000000002
llama31_8b_1xH100_fp8_TP1,8B / 1xH100,general,1341,0,1.0000000000000002
llama31_8b_1xH100_fp8_TP1,8B / 1xH100,general,1342,0,1.0000000000000002
llama31_8b_1xH100_fp8_TP1,8B / 1xH100,general,1343,0,1.0000000000000002
llama31_8b_1xH100_fp8_TP1,8B / 1xH100,general,1344,0,1.0000000000000002
llama31_8b_1xH100_fp8_TP1,8B / 1xH100,general,1345,0,1.0000000000000002
llama31_8b_1xH100_fp8_TP1,8B / 1xH100,general,1346,0,1.0000000000000002
llama31_8b_1xH100_fp8_TP1,8B / 1xH100,general,1347,0,1.0000000000000002
llama31_8b_1xH100_fp8_TP1,8B / 1xH100,general,1348,0,1.0000000000000002
llama31_8b_1xH100_fp8_TP1,8B / 1xH100,general,1349,0,1.0000000000000002
llama31_8b_1xH100_fp8_TP1,8B / 1xH100,general,1350,0,1.0000000000000002
llama31_8b_1xH100_fp8_TP1,8B / 1xH100,general,1351,0,1.0000000000000002
llama31_8b_1xH100_fp8_TP1,8B / 1xH100,general,1352,0,1.0000000000000002
llama31_8b_1xH100_fp8_TP1,8B / 1xH100,general,1353,0,1.0000000000000002
llama31_8b_1xH100_fp8_TP1,8B / 1xH100,general,1354,0,1.0000000000000002
llama31_8b_1xH100_fp8_TP1,8B / 1xH100,general,1355,0,1.0000000000000002
llama31_8b_1xH100_fp8_TP1,8B / 1xH100,general,1356,0,1.0000000000000002
llama31_8b_1xH100_fp8_TP1,8B / 1xH100,general,1357,0,1.0000000000000002
llama31_8b_1xH100_fp8_TP1,8B / 1xH100,general,1358,0,1.0000000000000002
llama31_8b_1xH100_fp8_TP1,8B / 1xH100,general,1359,0,1.0000000000000002
llama31_8b_1xH100_fp8_TP1,8B / 1xH100,general,1360,0,1.0000000000000002
llama31_8b_1xH100_fp8_TP1,8B / 1xH100,general,1361,0,1.0000000000000002
llama31_8b_1xH100_fp8_TP1,8B / 1xH100,general,1362,0,1.0000000000000002
llama31_8b_1xH100_fp8_TP1,8B / 1xH100,general,1363,0,1.0000000000000002
llama31_8b_1xH100_fp8_TP1,8B / 1xH100,general,1364,0,1.0000000000000002
llama31_8b_1xH100_fp8_TP1,8B / 1xH100,general,1365,0,1.0000000000000002
llama31_8b_1xH100_fp8_TP1,8B / 1xH100,general,1366,0,1.0000000000000002
llama31_8b_1xH100_fp8_TP1,8B / 1xH100,general,1367,0,1.0000000000000002
llama31_8b_1xH100_fp8_TP1,8B / 1xH100,general,1368,0,1.0000000000000002
llama31_8b_1xH100_fp8_TP1,8B / 1xH100,general,1369,0,1.0000000000000002
llama31_8b_1xH100_fp8_TP1,8B / 1xH100,general,1370,0,1.0000000000000002
llama31_8b_1xH100_fp8_TP1,8B / 1xH100,general,1371,0,1.0000000000000002
llama31_8b_1xH100_fp8_TP1,8B / 1xH100,general,1372,0,1.0000000000000002
llama31_8b_1xH100_fp8_TP1,8B / 1xH100,general,1373,0,1.0000000000000002
llama31_8b_1xH100_fp8_TP1,8B / 1xH100,general,1374,0,1.0000000000000002
llama31_8b_1xH100_fp8_TP1,8B / 1xH100,general,1375,0,1.0000000000000002
llama31_8b_1xH100_fp8_TP1,8B / 1xH100,general,1376,0,1.0000000000000002
llama31_8b_1xH100_fp8_TP1,8B / 1xH100,general,1377,0,1.0000000000000002
llama31_8b_1xH100_fp8_TP1,8B / 1xH100,general,1378,0,1.0000000000000002
llama31_8b_1xH100_fp8_TP1,8B / 1xH100,general,1379,0,1.0000000000000002
llama31_8b_1xH100_fp8_TP1,8B / 1xH100,general,1380,0,1.0000000000000002
llama31_8b_1xH100_fp8_TP1,8B / 1xH100,general,1381,0,1.0000000000000002
llama31_8b_1xH100_fp8_TP1,8B / 1xH100,general,1382,0,1.0000000000000002
llama31_8b_1xH100_fp8_TP1,8B / 1xH100,general,1383,0,1.0000000000000002
llama31_8b_1xH100_fp8_TP1,8B / 1xH100,general,1384,0,1.0000000000000002
llama31_8b_1xH100_fp8_TP1,8B / 1xH100,general,1385,0,1.0000000000000002
llama31_8b_1xH100_fp8_TP1,8B / 1xH100,general,1386,0,1.0000000000000002
llama31_8b_1xH100_fp8_TP1,8B / 1xH100,general,1387,0,1.0000000000000002
llama31_8b_1xH100_fp8_TP1,8B / 1xH100,general,1388,0,1.0000000000000002
llama31_8b_1xH100_fp8_TP1,8B / 1xH100,general,1389,0,1.0000000000000002
llama31_8b_1xH100_fp8_TP1,8B / 1xH100,general,1390,0,1.0000000000000002
llama31_8b_1xH100_fp8_TP1,8B / 1xH100,general,1391,0,1.0000000000000002
llama31_8b_1xH100_fp8_TP1,8B / 1xH100,general,1392,0,1.0000000000000002
llama31_8b_1xH100_fp8_TP1,8B / 1xH100,general,1393,0,1.0000000000000002
llama31_8b_1xH100_fp8_TP1,8B / 1xH100,general,1394,0,1.0000000000000002
llama31_8b_1xH100_fp8_TP1,8B / 1xH100,general,1395,0,1.0000000000000002
llama31_8b_1xH100_fp8_TP1,8B / 1xH100,general,1396,0,1.0000000000000002
llama31_8b_1xH100_fp8_TP1,8B / 1xH100,general,1397,0,1.0000000000000002
llama31_8b_1xH100_fp8_TP1,8B / 1xH100,general,1398,0,1.0000000000000002
llama31_8b_1xH100_fp8_TP1,8B / 1xH100,general,1399,0,1.0000000000000002
llama31_8b_1xH100_fp8_TP1,8B / 1xH100,general,1400,0,1.0000000000000002
llama31_8b_1xH100_fp8_TP1,8B / 1xH100,general,1401,0,1.0000000000000002
llama31_8b_1xH100_fp8_TP1,8B / 1xH100,general,1402,0,1.0000000000000002
llama31_8b_1xH100_fp8_TP1,8B / 1xH100,general,1403,0,1.0000000000000002
llama31_8b_1xH100_fp8_TP1,8B / 1xH100,general,1404,0,1.0000000000000002
llama31_8b_1xH100_fp8_TP1,8B / 1xH100,general,1405,0,1.0000000000000002
llama31_8b_1xH100_fp8_TP1,8B / 1xH100,general,1406,0,1.0000000000000002
llama31_8b_1xH100_fp8_TP1,8B / 1xH100,general,1407,0,1.0000000000000002
llama31_8b_1xH100_fp8_TP1,8B / 1xH100,general,1408,0,1.0000000000000002
llama31_8b_1xH100_fp8_TP1,8B / 1xH100,general,1409,0,1.0000000000000002
llama31_8b_1xH100_fp8_TP1,8B / 1xH100,general,1410,0,1.0000000000000002
llama31_8b_1xH100_fp8_TP1,8B / 1xH100,general,1411,0,1.0000000000000002
llama31_8b_1xH100_fp8_TP1,8B / 1xH100,general,1412,0,1.0000000000000002
llama31_8b_1xH100_fp8_TP1,8B / 1xH100,general,1413,0,1.0000000000000002
llama31_8b_1xH100_fp8_TP1,8B / 1xH100,general,1414,0,1.0000000000000002
llama31_8b_1xH100_fp8_TP1,8B / 1xH100,general,1415,0,1.0000000000000002
llama31_8b_1xH100_fp8_TP1,8B / 1xH100,general,1416,0,1.0000000000000002
llama31_8b_1xH100_fp8_TP1,8B / 1xH100,general,1417,0,1.0000000000000002
llama31_8b_1xH100_fp8_TP1,8B / 1xH100,general,1418,0,1.0000000000000002
llama31_8b_1xH100_fp8_TP1,8B / 1xH100,general,1419,0,1.0000000000000002
llama31_8b_1xH100_fp8_TP1,8B / 1xH100,general,1420,0,1.0000000000000002
llama31_8b_1xH100_fp8_TP1,8B / 1xH100,general,1421,0,1.0000000000000002
llama31_8b_1xH100_fp8_TP1,8B / 1xH100,general,1422,0,1.0000000000000002
llama31_8b_1xH100_fp8_TP1,8B / 1xH100,general,1423,0,1.0000000000000002
llama31_8b_1xH100_fp8_TP1,8B / 1xH100,general,1424,0,1.0000000000000002
llama31_8b_1xH100_fp8_TP1,8B / 1xH100,general,1425,0,1.0000000000000002
llama31_8b_1xH100_fp8_TP1,8B / 1xH100,general,1426,0,1.0000000000000002
llama31_8b_1xH100_fp8_TP1,8B / 1xH100,general,1427,0,1.0000000000000002
llama31_8b_1xH100_fp8_TP1,8B / 1xH100,general,1428,0,1.0000000000000002
llama31_8b_1xH100_fp8_TP1,8B / 1xH100,general,1429,0,1.0000000000000002
llama31_8b_1xH100_fp8_TP1,8B / 1xH100,general,1430,0,1.0000000000000002
llama31_8b_1xH100_fp8_TP1,8B / 1xH100,general,1431,0,1.0000000000000002
llama31_8b_1xH100_fp8_TP1,8B / 1xH100,general,1432,0,1.0000000000000002
llama31_8b_1xH100_fp8_TP1,8B / 1xH100,general,1433,0,1.0000000000000002
llama31_8b_1xH100_fp8_TP1,8B / 1xH100,general,1434,0,1.0000000000000002
llama31_8b_1xH100_fp8_TP1,8B / 1xH100,general,1435,0,1.0000000000000002
llama31_8b_1xH100_fp8_TP1,8B / 1xH100,general,1436,0,1.0000000000000002
llama31_8b_1xH100_fp8_TP1,8B / 1xH100,general,1437,0,1.0000000000000002
llama31_8b_1xH100_fp8_TP1,8B / 1xH100,general,1438,0,1.0000000000000002
llama31_8b_1xH100_fp8_TP1,8B / 1xH100,general,1439,0,1.0000000000000002
llama31_8b_1xH100_fp8_TP1,8B / 1xH100,general,1440,0,1.0000000000000002
llama31_8b_1xH100_fp8_TP1,8B / 1xH100,general,1441,0,1.0000000000000002
llama31_8b_1xH100_fp8_TP1,8B / 1xH100,general,1442,0,1.0000000000000002
llama31_8b_1xH100_fp8_TP1,8B / 1xH100,general,1443,0,1.0000000000000002
llama31_8b_1xH100_fp8_TP1,8B / 1xH100,general,1444,0,1.0000000000000002
llama31_8b_1xH100_fp8_TP1,8B / 1xH100,general,1445,0,1.0000000000000002
llama31_8b_1xH100_fp8_TP1,8B / 1xH100,general,1446,0,1.0000000000000002
llama31_8b_1xH100_fp8_TP1,8B / 1xH100,general,1447,0,1.0000000000000002
llama31_8b_1xH100_fp8_TP1,8B / 1xH100,general,1448,0,1.0000000000000002
llama31_8b_1xH100_fp8_TP1,8B / 1xH100,general,1449,0,1.0000000000000002
llama31_8b_1xH100_fp8_TP1,8B / 1xH100,general,1450,0,1.0000000000000002
llama31_8b_1xH100_fp8_TP1,8B / 1xH100,general,1451,0,1.0000000000000002
llama31_8b_1xH100_fp8_TP1,8B / 1xH100,general,1452,0,1.0000000000000002
llama31_8b_1xH100_fp8_TP1,8B / 1xH100,general,1453,0,1.0000000000000002
llama31_8b_1xH100_fp8_TP1,8B / 1xH100,general,1454,0,1.0000000000000002
llama31_8b_1xH100_fp8_TP1,8B / 1xH100,general,1455,0,1.0000000000000002
llama31_8b_1xH100_fp8_TP1,8B / 1xH100,general,1456,0,1.0000000000000002
llama31_8b_1xH100_fp8_TP1,8B / 1xH100,general,1457,0,1.0000000000000002
llama31_8b_1xH100_fp8_TP1,8B / 1xH100,general,1458,0,1.0000000000000002
llama31_8b_1xH100_fp8_TP1,8B / 1xH100,general,1459,0,1.0000000000000002
llama31_8b_1xH100_fp8_TP1,8B / 1xH100,general,1460,0,1.0000000000000002
llama31_8b_1xH100_fp8_TP1,8B / 1xH100,general,1461,0,1.0000000000000002
llama31_8b_1xH100_fp8_TP1,8B / 1xH100,general,1462,0,1.0000000000000002
llama31_8b_1xH100_fp8_TP1,8B / 1xH100,general,1463,0,1.0000000000000002
llama31_8b_1xH100_fp8_TP1,8B / 1xH100,general,1464,0,1.0000000000000002
llama31_8b_1xH100_fp8_TP1,8B / 1xH100,general,1465,0,1.0000000000000002
llama31_8b_1xH100_fp8_TP1,8B / 1xH100,general,1466,0,1.0000000000000002
llama31_8b_1xH100_fp8_TP1,8B / 1xH100,general,1467,0,1.0000000000000002
llama31_8b_1xH100_fp8_TP1,8B / 1xH100,general,1468,0,1.0000000000000002
llama31_8b_1xH100_fp8_TP1,8B / 1xH100,general,1469,0,1.0000000000000002
llama31_8b_1xH100_fp8_TP1,8B / 1xH100,general,1470,0,1.0000000000000002
llama31_8b_1xH100_fp8_TP1,8B / 1xH100,general,1471,0,1.0000000000000002
llama31_8b_1xH100_fp8_TP1,8B / 1xH100,general,1472,0,1.0000000000000002
llama31_8b_1xH100_fp8_TP1,8B / 1xH100,general,1473,0,1.0000000000000002
llama31_8b_1xH100_fp8_TP1,8B / 1xH100,general,1474,0,1.0000000000000002
llama31_8b_1xH100_fp8_TP1,8B / 1xH100,general,1475,0,1.0000000000000002
llama31_8b_1xH100_fp8_TP1,8B / 1xH100,general,1476,0,1.0000000000000002
llama31_8b_1xH100_fp8_TP1,8B / 1xH100,general,1477,0,1.0000000000000002
llama31_8b_1xH100_fp8_TP1,8B / 1xH100,general,1478,0,1.0000000000000002
llama31_8b_1xH100_fp8_TP1,8B / 1xH100,general,1479,0,1.0000000000000002
llama31_8b_1xH100_fp8_TP1,8B / 1xH100,general,1480,0,1.0000000000000002
llama31_8b_1xH100_fp8_TP1,8B / 1xH100,general,1481,0,1.0000000000000002
llama31_8b_1xH100_fp8_TP1,8B / 1xH100,general,1482,0,1.0000000000000002
llama31_8b_1xH100_fp8_TP1,8B / 1xH100,general,1483,0,1.0000000000000002
llama31_8b_1xH100_fp8_TP1,8B / 1xH100,general,1484,0,1.0000000000000002
llama31_8b_1xH100_fp8_TP1,8B / 1xH100,general,1485,0,1.0000000000000002
llama31_8b_1xH100_fp8_TP1,8B / 1xH100,general,1486,0,1.0000000000000002
llama31_8b_1xH100_fp8_TP1,8B / 1xH100,general,1487,0,1.0000000000000002
llama31_8b_1xH100_fp8_TP1,8B / 1xH100,general,1488,0,1.0000000000000002
llama31_8b_1xH100_fp8_TP1,8B / 1xH100,general,1489,0,1.0000000000000002
llama31_8b_1xH100_fp8_TP1,8B / 1xH100,general,1490,0,1.0000000000000002
llama31_8b_1xH100_fp8_TP1,8B / 1xH100,general,1491,0,1.0000000000000002
llama31_8b_1xH100_fp8_TP1,8B / 1xH100,general,1492,0,1.0000000000000002
llama31_8b_1xH100_fp8_TP1,8B / 1xH100,general,1493,0,1.0000000000000002
llama31_8b_1xH100_fp8_TP1,8B / 1xH100,general,1494,0,1.0000000000000002
llama31_8b_1xH100_fp8_TP1,8B / 1xH100,general,1495,0,1.0000000000000002
llama31_8b_1xH100_fp8_TP1,8B / 1xH100,general,1496,0,1.0000000000000002
llama31_8b_1xH100_fp8_TP1,8B / 1xH100,general,1497,0,1.0000000000000002
llama31_8b_1xH100_fp8_TP1,8B / 1xH100,general,1498,0,1.0000000000000002
llama31_8b_1xH100_fp8_TP1,8B / 1xH100,general,1499,0,1.0000000000000002
llama31_8b_1xH100_fp8_TP1,8B / 1xH100,general,1500,0,1.0000000000000002
llama31_8b_1xH100_fp8_TP1,8B / 1xH100,general,1501,0,1.0000000000000002
llama31_8b_1xH100_fp8_TP1,8B / 1xH100,general,1502,0,1.0000000000000002
llama31_8b_1xH100_fp8_TP1,8B / 1xH100,general,1503,0,1.0000000000000002
llama31_8b_1xH100_fp8_TP1,8B / 1xH100,general,1504,0,1.0000000000000002
llama31_8b_1xH100_fp8_TP1,8B / 1xH100,general,1505,0,1.0000000000000002
llama31_8b_1xH100_fp8_TP1,8B / 1xH100,general,1506,0,1.0000000000000002
llama31_8b_1xH100_fp8_TP1,8B / 1xH100,general,1507,0,1.0000000000000002
llama31_8b_1xH100_fp8_TP1,8B / 1xH100,general,1508,0,1.0000000000000002
llama31_8b_1xH100_fp8_TP1,8B / 1xH100,general,1509,0,1.0000000000000002
llama31_8b_1xH100_fp8_TP1,8B / 1xH100,general,1510,0,1.0000000000000002
llama31_8b_1xH100_fp8_TP1,8B / 1xH100,general,1511,0,1.0000000000000002
llama31_8b_1xH100_fp8_TP1,8B / 1xH100,general,1512,0,1.0000000000000002
llama31_8b_1xH100_fp8_TP1,8B / 1xH100,general,1513,0,1.0000000000000002
llama31_8b_1xH100_fp8_TP1,8B / 1xH100,general,1514,0,1.0000000000000002
llama31_8b_1xH100_fp8_TP1,8B / 1xH100,general,1515,0,1.0000000000000002
llama31_8b_1xH100_fp8_TP1,8B / 1xH100,general,1516,0,1.0000000000000002
llama31_8b_1xH100_fp8_TP1,8B / 1xH100,general,1517,0,1.0000000000000002
llama31_8b_1xH100_fp8_TP1,8B / 1xH100,general,1518,0,1.0000000000000002
llama31_8b_1xH100_fp8_TP1,8B / 1xH100,general,1519,0,1.0000000000000002
llama31_8b_1xH100_fp8_TP1,8B / 1xH100,general,1520,0,1.0000000000000002
llama31_8b_1xH100_fp8_TP1,8B / 1xH100,general,1521,0,1.0000000000000002
llama31_8b_1xH100_fp8_TP1,8B / 1xH100,general,1522,0,1.0000000000000002
llama31_8b_1xH100_fp8_TP1,8B / 1xH100,general,1523,0,1.0000000000000002
llama31_8b_1xH100_fp8_TP1,8B / 1xH100,general,1524,0,1.0000000000000002
llama31_8b_1xH100_fp8_TP1,8B / 1xH100,general,1525,0,1.0000000000000002
llama31_8b_1xH100_fp8_TP1,8B / 1xH100,general,1526,0,1.0000000000000002
llama31_8b_1xH100_fp8_TP1,8B / 1xH100,general,1527,0,1.0000000000000002
llama31_8b_1xH100_fp8_TP1,8B / 1xH100,general,1528,0,1.0000000000000002
llama31_8b_1xH100_fp8_TP1,8B / 1xH100,general,1529,0,1.0000000000000002
llama31_8b_1xH100_fp8_TP1,8B / 1xH100,general,1530,0,1.0000000000000002
llama31_8b_1xH100_fp8_TP1,8B / 1xH100,general,1531,0,1.0000000000000002
llama31_8b_1xH100_fp8_TP1,8B / 1xH100,general,1532,0,1.0000000000000002
llama31_8b_1xH100_fp8_TP1,8B / 1xH100,general,1533,0,1.0000000000000002
llama31_8b_1xH100_fp8_TP1,8B / 1xH100,general,1534,0,1.0000000000000002
llama31_8b_1xH100_fp8_TP1,8B / 1xH100,general,1535,0,1.0000000000000002
llama31_8b_1xH100_fp8_TP1,8B / 1xH100,general,1536,0,1.0000000000000002
llama31_8b_1xH100_fp8_TP1,8B / 1xH100,general,1537,0,1.0000000000000002
llama31_8b_1xH100_fp8_TP1,8B / 1xH100,general,1538,0,1.0000000000000002
llama31_8b_1xH100_fp8_TP1,8B / 1xH100,general,1539,0,1.0000000000000002
llama31_8b_1xH100_fp8_TP1,8B / 1xH100,general,1540,0,1.0000000000000002
llama31_8b_1xH100_fp8_TP1,8B / 1xH100,general,1541,0,1.0000000000000002
llama31_8b_1xH100_fp8_TP1,8B / 1xH100,general,1542,0,1.0000000000000002
llama31_8b_1xH100_fp8_TP1,8B / 1xH100,general,1543,0,1.0000000000000002
llama31_8b_1xH100_fp8_TP1,8B / 1xH100,general,1544,0,1.0000000000000002
llama31_8b_1xH100_fp8_TP1,8B / 1xH100,general,1545,0,1.0000000000000002
llama31_8b_1xH100_fp8_TP1,8B / 1xH100,general,1546,0,1.0000000000000002
llama31_8b_1xH100_fp8_TP1,8B / 1xH100,general,1547,0,1.0000000000000002
llama31_8b_1xH100_fp8_TP1,8B / 1xH100,general,1548,0,1.0000000000000002
llama31_8b_1xH100_fp8_TP1,8B / 1xH100,general,1549,0,1.0000000000000002
llama31_8b_1xH100_fp8_TP1,8B / 1xH100,general,1550,0,1.0000000000000002
llama31_8b_1xH100_fp8_TP1,8B / 1xH100,general,1551,0,1.0000000000000002
llama31_8b_1xH100_fp8_TP1,8B / 1xH100,general,1552,0,1.0000000000000002
llama31_8b_1xH100_fp8_TP1,8B / 1xH100,general,1553,0,1.0000000000000002
llama31_8b_1xH100_fp8_TP1,8B / 1xH100,general,1554,0,1.0000000000000002
llama31_8b_1xH100_fp8_TP1,8B / 1xH100,general,1555,0,1.0000000000000002
llama31_8b_1xH100_fp8_TP1,8B / 1xH100,general,1556,0,1.0000000000000002
llama31_8b_1xH100_fp8_TP1,8B / 1xH100,general,1557,0,1.0000000000000002
llama31_8b_1xH100_fp8_TP1,8B / 1xH100,general,1558,0,1.0000000000000002
llama31_8b_1xH100_fp8_TP1,8B / 1xH100,general,1559,0,1.0000000000000002
llama31_8b_1xH100_fp8_TP1,8B / 1xH100,general,1560,0,1.0000000000000002
llama31_8b_1xH100_fp8_TP1,8B / 1xH100,general,1561,0,1.0000000000000002
llama31_8b_1xH100_fp8_TP1,8B / 1xH100,general,1562,0,1.0000000000000002
llama31_8b_1xH100_fp8_TP1,8B / 1xH100,general,1563,0,1.0000000000000002
llama31_8b_1xH100_fp8_TP1,8B / 1xH100,general,1564,0,1.0000000000000002
llama31_8b_1xH100_fp8_TP1,8B / 1xH100,general,1565,0,1.0000000000000002
llama31_8b_1xH100_fp8_TP1,8B / 1xH100,general,1566,0,1.0000000000000002
llama31_8b_1xH100_fp8_TP1,8B / 1xH100,general,1567,0,1.0000000000000002
llama31_8b_1xH100_fp8_TP1,8B / 1xH100,general,1568,0,1.0000000000000002
llama31_8b_1xH100_fp8_TP1,8B / 1xH100,general,1569,0,1.0000000000000002
llama31_8b_1xH100_fp8_TP1,8B / 1xH100,general,1570,0,1.0000000000000002
llama31_8b_1xH100_fp8_TP1,8B / 1xH100,general,1571,0,1.0000000000000002
llama31_8b_1xH100_fp8_TP1,8B / 1xH100,general,1572,0,1.0000000000000002
llama31_8b_1xH100_fp8_TP1,8B / 1xH100,general,1573,0,1.0000000000000002
llama31_8b_1xH100_fp8_TP1,8B / 1xH100,general,1574,0,1.0000000000000002
llama31_8b_1xH100_fp8_TP1,8B / 1xH100,general,1575,0,1.0000000000000002
llama31_8b_1xH100_fp8_TP1,8B / 1xH100,general,1576,0,1.0000000000000002
llama31_8b_1xH100_fp8_TP1,8B / 1xH100,general,1577,0,1.0000000000000002
llama31_8b_1xH100_fp8_TP1,8B / 1xH100,general,1578,0,1.0000000000000002
llama31_8b_1xH100_fp8_TP1,8B / 1xH100,general,1579,0,1.0000000000000002
llama31_8b_1xH100_fp8_TP1,8B / 1xH100,general,1580,0,1.0000000000000002
llama31_8b_1xH100_fp8_TP1,8B / 1xH100,general,1581,0,1.0000000000000002
llama31_8b_1xH100_fp8_TP1,8B / 1xH100,general,1582,0,1.0000000000000002
llama31_8b_1xH100_fp8_TP1,8B / 1xH100,general,1583,0,1.0000000000000002
llama31_8b_1xH100_fp8_TP1,8B / 1xH100,general,1584,0,1.0000000000000002
llama31_8b_1xH100_fp8_TP1,8B / 1xH100,general,1585,0,1.0000000000000002
llama31_8b_1xH100_fp8_TP1,8B / 1xH100,general,1586,0,1.0000000000000002
llama31_8b_1xH100_fp8_TP1,8B / 1xH100,general,1587,0,1.0000000000000002
llama31_8b_1xH100_fp8_TP1,8B / 1xH100,general,1588,0,1.0000000000000002
llama31_8b_1xH100_fp8_TP1,8B / 1xH100,general,1589,0,1.0000000000000002
llama31_8b_1xH100_fp8_TP1,8B / 1xH100,general,1590,0,1.0000000000000002
llama31_8b_1xH100_fp8_TP1,8B / 1xH100,general,1591,0,1.0000000000000002
llama31_8b_1xH100_fp8_TP1,8B / 1xH100,general,1592,0,1.0000000000000002
llama31_8b_1xH100_fp8_TP1,8B / 1xH100,general,1593,0,1.0000000000000002
llama31_8b_1xH100_fp8_TP1,8B / 1xH100,general,1594,0,1.0000000000000002
llama31_8b_1xH100_fp8_TP1,8B / 1xH100,general,1595,0,1.0000000000000002
llama31_8b_1xH100_fp8_TP1,8B / 1xH100,general,1596,0,1.0000000000000002
llama31_8b_1xH100_fp8_TP1,8B / 1xH100,general,1597,0,1.0000000000000002
llama31_8b_1xH100_fp8_TP1,8B / 1xH100,general,1598,0,1.0000000000000002
llama31_8b_1xH100_fp8_TP1,8B / 1xH100,general,1599,0,1.0000000000000002
llama31_8b_1xH100_fp8_TP1,8B / 1xH100,general,1600,0,1.0000000000000002
llama31_8b_1xH100_fp8_TP1,8B / 1xH100,general,1601,0,1.0000000000000002
llama31_8b_1xH100_fp8_TP1,8B / 1xH100,general,1602,0,1.0000000000000002
llama31_8b_1xH100_fp8_TP1,8B / 1xH100,general,1603,0,1.0000000000000002
llama31_8b_1xH100_fp8_TP1,8B / 1xH100,general,1604,0,1.0000000000000002
llama31_8b_1xH100_fp8_TP1,8B / 1xH100,general,1605,0,1.0000000000000002
llama31_8b_1xH100_fp8_TP1,8B / 1xH100,general,1606,0,1.0000000000000002
llama31_8b_1xH100_fp8_TP1,8B / 1xH100,general,1607,0,1.0000000000000002
llama31_8b_1xH100_fp8_TP1,8B / 1xH100,general,1608,0,1.0000000000000002
llama31_8b_1xH100_fp8_TP1,8B / 1xH100,general,1609,0,1.0000000000000002
llama31_8b_1xH100_fp8_TP1,8B / 1xH100,general,1610,0,1.0000000000000002
llama31_8b_1xH100_fp8_TP1,8B / 1xH100,general,1611,0,1.0000000000000002
llama31_8b_1xH100_fp8_TP1,8B / 1xH100,general,1612,0,1.0000000000000002
llama31_8b_1xH100_fp8_TP1,8B / 1xH100,general,1613,0,1.0000000000000002
llama31_8b_1xH100_fp8_TP1,8B / 1xH100,general,1614,0,1.0000000000000002
llama31_8b_1xH100_fp8_TP1,8B / 1xH100,general,1615,0,1.0000000000000002
llama31_8b_1xH100_fp8_TP1,8B / 1xH100,general,1616,0,1.0000000000000002
llama31_8b_1xH100_fp8_TP1,8B / 1xH100,general,1617,0,1.0000000000000002
llama31_8b_1xH100_fp8_TP1,8B / 1xH100,general,1618,0,1.0000000000000002
llama31_8b_1xH100_fp8_TP1,8B / 1xH100,general,1619,0,1.0000000000000002
llama31_8b_1xH100_fp8_TP1,8B / 1xH100,general,1620,0,1.0000000000000002
llama31_8b_1xH100_fp8_TP1,8B / 1xH100,general,1621,0,1.0000000000000002
llama31_8b_1xH100_fp8_TP1,8B / 1xH100,general,1622,0,1.0000000000000002
llama31_8b_1xH100_fp8_TP1,8B / 1xH100,general,1623,0,1.0000000000000002
llama31_8b_1xH100_fp8_TP1,8B / 1xH100,general,1624,0,1.0000000000000002
llama31_8b_1xH100_fp8_TP1,8B / 1xH100,general,1625,0,1.0000000000000002
llama31_8b_1xH100_fp8_TP1,8B / 1xH100,general,1626,0,1.0000000000000002
llama31_8b_1xH100_fp8_TP1,8B / 1xH100,general,1627,0,1.0000000000000002
llama31_8b_1xH100_fp8_TP1,8B / 1xH100,general,1628,0,1.0000000000000002
llama31_8b_1xH100_fp8_TP1,8B / 1xH100,general,1629,0,1.0000000000000002
llama31_8b_1xH100_fp8_TP1,8B / 1xH100,general,1630,0,1.0000000000000002
llama31_8b_1xH100_fp8_TP1,8B / 1xH100,general,1631,0,1.0000000000000002
llama31_8b_1xH100_fp8_TP1,8B / 1xH100,general,1632,0,1.0000000000000002
llama31_8b_1xH100_fp8_TP1,8B / 1xH100,general,1633,0,1.0000000000000002
llama31_8b_1xH100_fp8_TP1,8B / 1xH100,general,1634,0,1.0000000000000002
llama31_8b_1xH100_fp8_TP1,8B / 1xH100,general,1635,0,1.0000000000000002
llama31_8b_1xH100_fp8_TP1,8B / 1xH100,general,1636,0,1.0000000000000002
llama31_8b_1xH100_fp8_TP1,8B / 1xH100,general,1637,0,1.0000000000000002
llama31_8b_1xH100_fp8_TP1,8B / 1xH100,general,1638,0,1.0000000000000002
llama31_8b_1xH100_fp8_TP1,8B / 1xH100,general,1639,0,1.0000000000000002
llama31_8b_1xH100_fp8_TP1,8B / 1xH100,general,1640,0,1.0000000000000002
llama31_8b_1xH100_fp8_TP1,8B / 1xH100,general,1641,0,1.0000000000000002
llama31_8b_1xH100_fp8_TP1,8B / 1xH100,general,1642,0,1.0000000000000002
llama31_8b_1xH100_fp8_TP1,8B / 1xH100,general,1643,0,1.0000000000000002
llama31_8b_1xH100_fp8_TP1,8B / 1xH100,general,1644,0,1.0000000000000002
llama31_8b_1xH100_fp8_TP1,8B / 1xH100,general,1645,0,1.0000000000000002
llama31_8b_1xH100_fp8_TP1,8B / 1xH100,general,1646,0,1.0000000000000002
llama31_8b_1xH100_fp8_TP1,8B / 1xH100,general,1647,0,1.0000000000000002
llama31_8b_1xH100_fp8_TP1,8B / 1xH100,general,1648,0,1.0000000000000002
llama31_8b_1xH100_fp8_TP1,8B / 1xH100,general,1649,0,1.0000000000000002
llama31_8b_1xH100_fp8_TP1,8B / 1xH100,general,1650,0,1.0000000000000002
llama31_8b_1xH100_fp8_TP1,8B / 1xH100,general,1651,0,1.0000000000000002
llama31_8b_1xH100_fp8_TP1,8B / 1xH100,general,1652,0,1.0000000000000002
llama31_8b_1xH100_fp8_TP1,8B / 1xH100,general,1653,0,1.0000000000000002
llama31_8b_1xH100_fp8_TP1,8B / 1xH100,general,1654,0,1.0000000000000002
llama31_8b_1xH100_fp8_TP1,8B / 1xH100,general,1655,0,1.0000000000000002
llama31_8b_1xH100_fp8_TP1,8B / 1xH100,general,1656,0,1.0000000000000002
llama31_8b_1xH100_fp8_TP1,8B / 1xH100,general,1657,0,1.0000000000000002
llama31_8b_1xH100_fp8_TP1,8B / 1xH100,general,1658,0,1.0000000000000002
llama31_8b_1xH100_fp8_TP1,8B / 1xH100,general,1659,0,1.0000000000000002
llama31_8b_1xH100_fp8_TP1,8B / 1xH100,general,1660,0,1.0000000000000002
llama31_8b_1xH100_fp8_TP1,8B / 1xH100,general,1661,0,1.0000000000000002
llama31_8b_1xH100_fp8_TP1,8B / 1xH100,general,1662,0,1.0000000000000002
llama31_8b_1xH100_fp8_TP1,8B / 1xH100,general,1663,0,1.0000000000000002
llama31_8b_1xH100_fp8_TP1,8B / 1xH100,general,1664,0,1.0000000000000002
llama31_8b_1xH100_fp8_TP1,8B / 1xH100,general,1665,0,1.0000000000000002
llama31_8b_1xH100_fp8_TP1,8B / 1xH100,general,1666,0,1.0000000000000002
llama31_8b_1xH100_fp8_TP1,8B / 1xH100,general,1667,0,1.0000000000000002
llama31_8b_1xH100_fp8_TP1,8B / 1xH100,general,1668,0,1.0000000000000002
llama31_8b_1xH100_fp8_TP1,8B / 1xH100,general,1669,0,1.0000000000000002
llama31_8b_1xH100_fp8_TP1,8B / 1xH100,general,1670,0,1.0000000000000002
llama31_8b_1xH100_fp8_TP1,8B / 1xH100,general,1671,0,1.0000000000000002
llama31_8b_1xH100_fp8_TP1,8B / 1xH100,general,1672,0,1.0000000000000002
llama31_8b_1xH100_fp8_TP1,8B / 1xH100,general,1673,0,1.0000000000000002
llama31_8b_1xH100_fp8_TP1,8B / 1xH100,general,1674,0,1.0000000000000002
llama31_8b_1xH100_fp8_TP1,8B / 1xH100,general,1675,0,1.0000000000000002
llama31_8b_1xH100_fp8_TP1,8B / 1xH100,general,1676,0,1.0000000000000002
llama31_8b_1xH100_fp8_TP1,8B / 1xH100,general,1677,0,1.0000000000000002
llama31_8b_1xH100_fp8_TP1,8B / 1xH100,general,1678,0,1.0000000000000002
llama31_8b_1xH100_fp8_TP1,8B / 1xH100,general,1679,0,1.0000000000000002
llama31_8b_1xH100_fp8_TP1,8B / 1xH100,general,1680,0,1.0000000000000002
llama31_8b_1xH100_fp8_TP1,8B / 1xH100,general,1681,0,1.0000000000000002
llama31_8b_1xH100_fp8_TP1,8B / 1xH100,general,1682,0,1.0000000000000002
llama31_8b_1xH100_fp8_TP1,8B / 1xH100,general,1683,0,1.0000000000000002
llama31_8b_1xH100_fp8_TP1,8B / 1xH100,general,1684,0,1.0000000000000002
llama31_8b_1xH100_fp8_TP1,8B / 1xH100,general,1685,0,1.0000000000000002
llama31_8b_1xH100_fp8_TP1,8B / 1xH100,general,1686,0,1.0000000000000002
llama31_8b_1xH100_fp8_TP1,8B / 1xH100,general,1687,0,1.0000000000000002
llama31_8b_1xH100_fp8_TP1,8B / 1xH100,general,1688,0,1.0000000000000002
llama31_8b_1xH100_fp8_TP1,8B / 1xH100,general,1689,0,1.0000000000000002
llama31_8b_1xH100_fp8_TP1,8B / 1xH100,general,1690,0,1.0000000000000002
llama31_8b_1xH100_fp8_TP1,8B / 1xH100,general,1691,0,1.0000000000000002
llama31_8b_1xH100_fp8_TP1,8B / 1xH100,general,1692,0,1.0000000000000002
llama31_8b_1xH100_fp8_TP1,8B / 1xH100,general,1693,0,1.0000000000000002
llama31_8b_1xH100_fp8_TP1,8B / 1xH100,general,1694,0,1.0000000000000002
llama31_8b_1xH100_fp8_TP1,8B / 1xH100,general,1695,0,1.0000000000000002
llama31_8b_1xH100_fp8_TP1,8B / 1xH100,general,1696,0,1.0000000000000002
llama31_8b_1xH100_fp8_TP1,8B / 1xH100,general,1697,0,1.0000000000000002
llama31_8b_1xH100_fp8_TP1,8B / 1xH100,general,1698,0,1.0000000000000002
llama31_8b_1xH100_fp8_TP1,8B / 1xH100,general,1699,0,1.0000000000000002
llama31_8b_1xH100_fp8_TP1,8B / 1xH100,general,1700,0,1.0000000000000002
llama31_8b_1xH100_fp8_TP1,8B / 1xH100,general,1701,0,1.0000000000000002
llama31_8b_1xH100_fp8_TP1,8B / 1xH100,general,1702,0,1.0000000000000002
llama31_8b_1xH100_fp8_TP1,8B / 1xH100,general,1703,0,1.0000000000000002
llama31_8b_1xH100_fp8_TP1,8B / 1xH100,general,1704,0,1.0000000000000002
llama31_8b_1xH100_fp8_TP1,8B / 1xH100,general,1705,0,1.0000000000000002
llama31_8b_1xH100_fp8_TP1,8B / 1xH100,general,1706,0,1.0000000000000002
llama31_8b_1xH100_fp8_TP1,8B / 1xH100,general,1707,0,1.0000000000000002
llama31_8b_1xH100_fp8_TP1,8B / 1xH100,general,1708,0,1.0000000000000002
llama31_8b_1xH100_fp8_TP1,8B / 1xH100,general,1709,0,1.0000000000000002
llama31_8b_1xH100_fp8_TP1,8B / 1xH100,general,1710,0,1.0000000000000002
llama31_8b_1xH100_fp8_TP1,8B / 1xH100,general,1711,0,1.0000000000000002
llama31_8b_1xH100_fp8_TP1,8B / 1xH100,general,1712,0,1.0000000000000002
llama31_8b_1xH100_fp8_TP1,8B / 1xH100,general,1713,0,1.0000000000000002
llama31_8b_1xH100_fp8_TP1,8B / 1xH100,general,1714,0,1.0000000000000002
llama31_8b_1xH100_fp8_TP1,8B / 1xH100,general,1715,0,1.0000000000000002
llama31_8b_1xH100_fp8_TP1,8B / 1xH100,general,1716,0,1.0000000000000002
llama31_8b_1xH100_fp8_TP1,8B / 1xH100,general,1717,0,1.0000000000000002
llama31_8b_1xH100_fp8_TP1,8B / 1xH100,general,1718,0,1.0000000000000002
llama31_8b_1xH100_fp8_TP1,8B / 1xH100,general,1719,0,1.0000000000000002
llama31_8b_1xH100_fp8_TP1,8B / 1xH100,general,1720,0,1.0000000000000002
llama31_8b_1xH100_fp8_TP1,8B / 1xH100,general,1721,0,1.0000000000000002
llama31_8b_1xH100_fp8_TP1,8B / 1xH100,general,1722,0,1.0000000000000002
llama31_8b_1xH100_fp8_TP1,8B / 1xH100,general,1723,0,1.0000000000000002
llama31_8b_1xH100_fp8_TP1,8B / 1xH100,general,1724,0,1.0000000000000002
llama31_8b_1xH100_fp8_TP1,8B / 1xH100,general,1725,0,1.0000000000000002
llama31_8b_1xH100_fp8_TP1,8B / 1xH100,general,1726,0,1.0000000000000002
llama31_8b_1xH100_fp8_TP1,8B / 1xH100,general,1727,0,1.0000000000000002
llama31_8b_1xH100_fp8_TP1,8B / 1xH100,general,1728,0,1.0000000000000002
llama31_8b_1xH100_fp8_TP1,8B / 1xH100,general,1729,0,1.0000000000000002
llama31_8b_1xH100_fp8_TP1,8B / 1xH100,general,1730,0,1.0000000000000002
llama31_8b_1xH100_fp8_TP1,8B / 1xH100,general,1731,0,1.0000000000000002
llama31_8b_1xH100_fp8_TP1,8B / 1xH100,general,1732,0,1.0000000000000002
llama31_8b_1xH100_fp8_TP1,8B / 1xH100,general,1733,0,1.0000000000000002
llama31_8b_1xH100_fp8_TP1,8B / 1xH100,general,1734,0,1.0000000000000002
llama31_8b_1xH100_fp8_TP1,8B / 1xH100,general,1735,0,1.0000000000000002
llama31_8b_1xH100_fp8_TP1,8B / 1xH100,general,1736,0,1.0000000000000002
llama31_8b_1xH100_fp8_TP1,8B / 1xH100,general,1737,0,1.0000000000000002
llama31_8b_1xH100_fp8_TP1,8B / 1xH100,general,1738,0,1.0000000000000002
llama31_8b_1xH100_fp8_TP1,8B / 1xH100,general,1739,0,1.0000000000000002
llama31_8b_1xH100_fp8_TP1,8B / 1xH100,general,1740,0,1.0000000000000002
llama31_8b_1xH100_fp8_TP1,8B / 1xH100,general,1741,0,1.0000000000000002
llama31_8b_1xH100_fp8_TP1,8B / 1xH100,general,1742,0,1.0000000000000002
llama31_8b_1xH100_fp8_TP1,8B / 1xH100,general,1743,0,1.0000000000000002
llama31_8b_1xH100_fp8_TP1,8B / 1xH100,general,1744,0,1.0000000000000002
llama31_8b_1xH100_fp8_TP1,8B / 1xH100,general,1745,0,1.0000000000000002
llama31_8b_1xH100_fp8_TP1,8B / 1xH100,general,1746,0,1.0000000000000002
llama31_8b_1xH100_fp8_TP1,8B / 1xH100,general,1747,0,1.0000000000000002
llama31_8b_1xH100_fp8_TP1,8B / 1xH100,general,1748,0,1.0000000000000002
llama31_8b_1xH100_fp8_TP1,8B / 1xH100,general,1749,0,1.0000000000000002
llama31_8b_1xH100_fp8_TP1,8B / 1xH100,general,1750,0,1.0000000000000002
llama31_8b_1xH100_fp8_TP1,8B / 1xH100,general,1751,0,1.0000000000000002
llama31_8b_1xH100_fp8_TP1,8B / 1xH100,general,1752,0,1.0000000000000002
llama31_8b_1xH100_fp8_TP1,8B / 1xH100,general,1753,0,1.0000000000000002
llama31_8b_1xH100_fp8_TP1,8B / 1xH100,general,1754,0,1.0000000000000002
llama31_8b_1xH100_fp8_TP1,8B / 1xH100,general,1755,0,1.0000000000000002
llama31_8b_1xH100_fp8_TP1,8B / 1xH100,general,1756,0,1.0000000000000002
llama31_8b_1xH100_fp8_TP1,8B / 1xH100,general,1757,0,1.0000000000000002
llama31_8b_1xH100_fp8_TP1,8B / 1xH100,general,1758,0,1.0000000000000002
llama31_8b_1xH100_fp8_TP1,8B / 1xH100,general,1759,0,1.0000000000000002
llama31_8b_1xH100_fp8_TP1,8B / 1xH100,general,1760,0,1.0000000000000002
llama31_8b_1xH100_fp8_TP1,8B / 1xH100,general,1761,0,1.0000000000000002
llama31_8b_1xH100_fp8_TP1,8B / 1xH100,general,1762,0,1.0000000000000002
llama31_8b_1xH100_fp8_TP1,8B / 1xH100,general,1763,0,1.0000000000000002
llama31_8b_1xH100_fp8_TP1,8B / 1xH100,general,1764,0,1.0000000000000002
llama31_8b_1xH100_fp8_TP1,8B / 1xH100,general,1765,0,1.0000000000000002
llama31_8b_1xH100_fp8_TP1,8B / 1xH100,general,1766,0,1.0000000000000002
llama31_8b_1xH100_fp8_TP1,8B / 1xH100,general,1767,0,1.0000000000000002
llama31_8b_1xH100_fp8_TP1,8B / 1xH100,general,1768,0,1.0000000000000002
llama31_8b_1xH100_fp8_TP1,8B / 1xH100,general,1769,0,1.0000000000000002
llama31_8b_1xH100_fp8_TP1,8B / 1xH100,general,1770,0,1.0000000000000002
llama31_8b_1xH100_fp8_TP1,8B / 1xH100,general,1771,0,1.0000000000000002
llama31_8b_1xH100_fp8_TP1,8B / 1xH100,general,1772,0,1.0000000000000002
llama31_8b_1xH100_fp8_TP1,8B / 1xH100,general,1773,0,1.0000000000000002
llama31_8b_1xH100_fp8_TP1,8B / 1xH100,general,1774,0,1.0000000000000002
llama31_8b_1xH100_fp8_TP1,8B / 1xH100,general,1775,0,1.0000000000000002
llama31_8b_1xH100_fp8_TP1,8B / 1xH100,general,1776,0,1.0000000000000002
llama31_8b_1xH100_fp8_TP1,8B / 1xH100,general,1777,0,1.0000000000000002
llama31_8b_1xH100_fp8_TP1,8B / 1xH100,general,1778,0,1.0000000000000002
llama31_8b_1xH100_fp8_TP1,8B / 1xH100,general,1779,0,1.0000000000000002
llama31_8b_1xH100_fp8_TP1,8B / 1xH100,general,1780,0,1.0000000000000002
llama31_8b_1xH100_fp8_TP1,8B / 1xH100,general,1781,0,1.0000000000000002
llama31_8b_1xH100_fp8_TP1,8B / 1xH100,general,1782,0,1.0000000000000002
llama31_8b_1xH100_fp8_TP1,8B / 1xH100,general,1783,0,1.0000000000000002
llama31_8b_1xH100_fp8_TP1,8B / 1xH100,general,1784,0,1.0000000000000002
llama31_8b_1xH100_fp8_TP1,8B / 1xH100,general,1785,0,1.0000000000000002
llama31_8b_1xH100_fp8_TP1,8B / 1xH100,general,1786,0,1.0000000000000002
llama31_8b_1xH100_fp8_TP1,8B / 1xH100,general,1787,0,1.0000000000000002
llama31_8b_1xH100_fp8_TP1,8B / 1xH100,general,1788,0,1.0000000000000002
llama31_8b_1xH100_fp8_TP1,8B / 1xH100,general,1789,0,1.0000000000000002
llama31_8b_1xH100_fp8_TP1,8B / 1xH100,general,1790,0,1.0000000000000002
llama31_8b_1xH100_fp8_TP1,8B / 1xH100,general,1791,0,1.0000000000000002
llama31_8b_1xH100_fp8_TP1,8B / 1xH100,general,1792,0,1.0000000000000002
llama31_8b_1xH100_fp8_TP1,8B / 1xH100,general,1793,0,1.0000000000000002
llama31_8b_1xH100_fp8_TP1,8B / 1xH100,general,1794,0,1.0000000000000002
llama31_8b_1xH100_fp8_TP1,8B / 1xH100,general,1795,0,1.0000000000000002
llama31_8b_1xH100_fp8_TP1,8B / 1xH100,general,1796,0,1.0000000000000002
llama31_8b_1xH100_fp8_TP1,8B / 1xH100,general,1797,0,1.0000000000000002
llama31_8b_1xH100_fp8_TP1,8B / 1xH100,general,1798,0,1.0000000000000002
llama31_8b_1xH100_fp8_TP1,8B / 1xH100,general,1799,0,1.0000000000000002
llama31_8b_1xH100_fp8_TP1,8B / 1xH100,general,1800,0,1.0000000000000002
llama31_8b_1xH100_fp8_TP1,8B / 1xH100,general,1801,0,1.0000000000000002
llama31_8b_1xH100_fp8_TP1,8B / 1xH100,general,1802,0,1.0000000000000002
llama31_8b_1xH100_fp8_TP1,8B / 1xH100,general,1803,0,1.0000000000000002
llama31_8b_1xH100_fp8_TP1,8B / 1xH100,general,1804,0,1.0000000000000002
llama31_8b_1xH100_fp8_TP1,8B / 1xH100,general,1805,0,1.0000000000000002
llama31_8b_1xH100_fp8_TP1,8B / 1xH100,general,1806,0,1.0000000000000002
llama31_8b_1xH100_fp8_TP1,8B / 1xH100,general,1807,0,1.0000000000000002
llama31_8b_1xH100_fp8_TP1,8B / 1xH100,general,1808,0,1.0000000000000002
llama31_8b_1xH100_fp8_TP1,8B / 1xH100,general,1809,0,1.0000000000000002
llama31_8b_1xH100_fp8_TP1,8B / 1xH100,general,1810,0,1.0000000000000002
llama31_8b_1xH100_fp8_TP1,8B / 1xH100,general,1811,0,1.0000000000000002
llama31_8b_1xH100_fp8_TP1,8B / 1xH100,general,1812,0,1.0000000000000002
llama31_8b_1xH100_fp8_TP1,8B / 1xH100,general,1813,0,1.0000000000000002
llama31_8b_1xH100_fp8_TP1,8B / 1xH100,general,1814,0,1.0000000000000002
llama31_8b_1xH100_fp8_TP1,8B / 1xH100,general,1815,0,1.0000000000000002
llama31_8b_1xH100_fp8_TP1,8B / 1xH100,general,1816,0,1.0000000000000002
llama31_8b_1xH100_fp8_TP1,8B / 1xH100,general,1817,0,1.0000000000000002
llama31_8b_1xH100_fp8_TP1,8B / 1xH100,general,1818,0,1.0000000000000002
llama31_8b_1xH100_fp8_TP1,8B / 1xH100,general,1819,0,1.0000000000000002
llama31_8b_1xH100_fp8_TP1,8B / 1xH100,general,1820,0,1.0000000000000002
llama31_8b_1xH100_fp8_TP1,8B / 1xH100,general,1821,0,1.0000000000000002
llama31_8b_1xH100_fp8_TP1,8B / 1xH100,general,1822,0,1.0000000000000002
llama31_8b_1xH100_fp8_TP1,8B / 1xH100,general,1823,0,1.0000000000000002
llama31_8b_1xH100_fp8_TP1,8B / 1xH100,general,1824,0,1.0000000000000002
llama31_8b_1xH100_fp8_TP1,8B / 1xH100,general,1825,0,1.0000000000000002
llama31_8b_1xH100_fp8_TP1,8B / 1xH100,general,1826,0,1.0000000000000002
llama31_8b_1xH100_fp8_TP1,8B / 1xH100,general,1827,0,1.0000000000000002
llama31_8b_1xH100_fp8_TP1,8B / 1xH100,general,1828,0,1.0000000000000002
llama31_8b_1xH100_fp8_TP1,8B / 1xH100,general,1829,0,1.0000000000000002
llama31_8b_1xH100_fp8_TP1,8B / 1xH100,general,1830,0,1.0000000000000002
llama31_8b_1xH100_fp8_TP1,8B / 1xH100,general,1831,0,1.0000000000000002
llama31_8b_1xH100_fp8_TP1,8B / 1xH100,general,1832,0,1.0000000000000002
llama31_8b_1xH100_fp8_TP1,8B / 1xH100,general,1833,0,1.0000000000000002
llama31_8b_1xH100_fp8_TP1,8B / 1xH100,general,1834,0,1.0000000000000002
llama31_8b_1xH100_fp8_TP1,8B / 1xH100,general,1835,0,1.0000000000000002
llama31_8b_1xH100_fp8_TP1,8B / 1xH100,general,1836,0,1.0000000000000002
llama31_8b_1xH100_fp8_TP1,8B / 1xH100,general,1837,0,1.0000000000000002
llama31_8b_1xH100_fp8_TP1,8B / 1xH100,general,1838,0,1.0000000000000002
llama31_8b_1xH100_fp8_TP1,8B / 1xH100,general,1839,0,1.0000000000000002
llama31_8b_1xH100_fp8_TP1,8B / 1xH100,general,1840,0,1.0000000000000002
llama31_8b_1xH100_fp8_TP1,8B / 1xH100,general,1841,0,1.0000000000000002
llama31_8b_1xH100_fp8_TP1,8B / 1xH100,general,1842,0,1.0000000000000002
llama31_8b_1xH100_fp8_TP1,8B / 1xH100,general,1843,0,1.0000000000000002
llama31_8b_1xH100_fp8_TP1,8B / 1xH100,general,1844,0,1.0000000000000002
llama31_8b_1xH100_fp8_TP1,8B / 1xH100,general,1845,0,1.0000000000000002
llama31_8b_1xH100_fp8_TP1,8B / 1xH100,general,1846,0,1.0000000000000002
llama31_8b_1xH100_fp8_TP1,8B / 1xH100,general,1847,0,1.0000000000000002
llama31_8b_1xH100_fp8_TP1,8B / 1xH100,general,1848,0,1.0000000000000002
llama31_8b_1xH100_fp8_TP1,8B / 1xH100,general,1849,0,1.0000000000000002
llama31_8b_1xH100_fp8_TP1,8B / 1xH100,general,1850,0,1.0000000000000002
llama31_8b_1xH100_fp8_TP1,8B / 1xH100,general,1851,0,1.0000000000000002
llama31_8b_1xH100_fp8_TP1,8B / 1xH100,general,1852,0,1.0000000000000002
llama31_8b_1xH100_fp8_TP1,8B / 1xH100,general,1853,0,1.0000000000000002
llama31_8b_1xH100_fp8_TP1,8B / 1xH100,general,1854,0,1.0000000000000002
llama31_8b_1xH100_fp8_TP1,8B / 1xH100,general,1855,0,1.0000000000000002
llama31_8b_1xH100_fp8_TP1,8B / 1xH100,general,1856,0,1.0000000000000002
llama31_8b_1xH100_fp8_TP1,8B / 1xH100,general,1857,0,1.0000000000000002
llama31_8b_1xH100_fp8_TP1,8B / 1xH100,general,1858,0,1.0000000000000002
llama31_8b_1xH100_fp8_TP1,8B / 1xH100,general,1859,0,1.0000000000000002
llama31_8b_1xH100_fp8_TP1,8B / 1xH100,general,1860,0,1.0000000000000002
llama31_8b_1xH100_fp8_TP1,8B / 1xH100,general,1861,0,1.0000000000000002
llama31_8b_1xH100_fp8_TP1,8B / 1xH100,general,1862,0,1.0000000000000002
llama31_8b_1xH100_fp8_TP1,8B / 1xH100,general,1863,0,1.0000000000000002
llama31_8b_1xH100_fp8_TP1,8B / 1xH100,general,1864,0,1.0000000000000002
llama31_8b_1xH100_fp8_TP1,8B / 1xH100,general,1865,0,1.0000000000000002
llama31_8b_1xH100_fp8_TP1,8B / 1xH100,general,1866,0,1.0000000000000002
llama31_8b_1xH100_fp8_TP1,8B / 1xH100,general,1867,0,1.0000000000000002
llama31_8b_1xH100_fp8_TP1,8B / 1xH100,general,1868,0,1.0000000000000002
llama31_8b_1xH100_fp8_TP1,8B / 1xH100,general,1869,0,1.0000000000000002
llama31_8b_1xH100_fp8_TP1,8B / 1xH100,general,1870,0,1.0000000000000002
llama31_8b_1xH100_fp8_TP1,8B / 1xH100,general,1871,0,1.0000000000000002
llama31_8b_1xH100_fp8_TP1,8B / 1xH100,general,1872,0,1.0000000000000002
llama31_8b_1xH100_fp8_TP1,8B / 1xH100,general,1873,0,1.0000000000000002
llama31_8b_1xH100_fp8_TP1,8B / 1xH100,general,1874,0,1.0000000000000002
llama31_8b_1xH100_fp8_TP1,8B / 1xH100,general,1875,0,1.0000000000000002
llama31_8b_1xH100_fp8_TP1,8B / 1xH100,general,1876,0,1.0000000000000002
llama31_8b_1xH100_fp8_TP1,8B / 1xH100,general,1877,0,1.0000000000000002
llama31_8b_1xH100_fp8_TP1,8B / 1xH100,general,1878,0,1.0000000000000002
llama31_8b_1xH100_fp8_TP1,8B / 1xH100,general,1879,0,1.0000000000000002
llama31_8b_1xH100_fp8_TP1,8B / 1xH100,general,1880,0,1.0000000000000002
llama31_8b_1xH100_fp8_TP1,8B / 1xH100,general,1881,0,1.0000000000000002
llama31_8b_1xH100_fp8_TP1,8B / 1xH100,general,1882,0,1.0000000000000002
llama31_8b_1xH100_fp8_TP1,8B / 1xH100,general,1883,0,1.0000000000000002
llama31_8b_1xH100_fp8_TP1,8B / 1xH100,general,1884,0,1.0000000000000002
llama31_8b_1xH100_fp8_TP1,8B / 1xH100,general,1885,0,1.0000000000000002
llama31_8b_1xH100_fp8_TP1,8B / 1xH100,general,1886,0,1.0000000000000002
llama31_8b_1xH100_fp8_TP1,8B / 1xH100,general,1887,0,1.0000000000000002
llama31_8b_1xH100_fp8_TP1,8B / 1xH100,general,1888,0,1.0000000000000002
llama31_8b_1xH100_fp8_TP1,8B / 1xH100,general,1889,0,1.0000000000000002
llama31_8b_1xH100_fp8_TP1,8B / 1xH100,general,1890,0,1.0000000000000002
llama31_8b_1xH100_fp8_TP1,8B / 1xH100,general,1891,0,1.0000000000000002
llama31_8b_1xH100_fp8_TP1,8B / 1xH100,general,1892,0,1.0000000000000002
llama31_8b_1xH100_fp8_TP1,8B / 1xH100,general,1893,0,1.0000000000000002
llama31_8b_1xH100_fp8_TP1,8B / 1xH100,general,1894,0,1.0000000000000002
llama31_8b_1xH100_fp8_TP1,8B / 1xH100,general,1895,0,1.0000000000000002
llama31_8b_1xH100_fp8_TP1,8B / 1xH100,general,1896,0,1.0000000000000002
llama31_8b_1xH100_fp8_TP1,8B / 1xH100,general,1897,0,1.0000000000000002
llama31_8b_1xH100_fp8_TP1,8B / 1xH100,general,1898,0,1.0000000000000002
llama31_8b_1xH100_fp8_TP1,8B / 1xH100,general,1899,0,1.0000000000000002
llama31_8b_1xH100_fp8_TP1,8B / 1xH100,general,1900,0,1.0000000000000002
llama31_8b_1xH100_fp8_TP1,8B / 1xH100,general,1901,0,1.0000000000000002
llama31_8b_1xH100_fp8_TP1,8B / 1xH100,general,1902,0,1.0000000000000002
llama31_8b_1xH100_fp8_TP1,8B / 1xH100,general,1903,0,1.0000000000000002
llama31_8b_1xH100_fp8_TP1,8B / 1xH100,general,1904,0,1.0000000000000002
llama31_8b_1xH100_fp8_TP1,8B / 1xH100,general,1905,0,1.0000000000000002
llama31_8b_1xH100_fp8_TP1,8B / 1xH100,general,1906,0,1.0000000000000002
llama31_8b_1xH100_fp8_TP1,8B / 1xH100,general,1907,0,1.0000000000000002
llama31_8b_1xH100_fp8_TP1,8B / 1xH100,general,1908,0,1.0000000000000002
llama31_8b_1xH100_fp8_TP1,8B / 1xH100,general,1909,0,1.0000000000000002
llama31_8b_1xH100_fp8_TP1,8B / 1xH100,general,1910,0,1.0000000000000002
llama31_8b_1xH100_fp8_TP1,8B / 1xH100,general,1911,0,1.0000000000000002
llama31_8b_1xH100_fp8_TP1,8B / 1xH100,general,1912,0,1.0000000000000002
llama31_8b_1xH100_fp8_TP1,8B / 1xH100,general,1913,0,1.0000000000000002
llama31_8b_1xH100_fp8_TP1,8B / 1xH100,general,1914,0,1.0000000000000002
llama31_8b_1xH100_fp8_TP1,8B / 1xH100,general,1915,0,1.0000000000000002
llama31_8b_1xH100_fp8_TP1,8B / 1xH100,general,1916,0,1.0000000000000002
llama31_8b_1xH100_fp8_TP1,8B / 1xH100,general,1917,0,1.0000000000000002
llama31_8b_1xH100_fp8_TP1,8B / 1xH100,general,1918,0,1.0000000000000002
llama31_8b_1xH100_fp8_TP1,8B / 1xH100,general,1919,0,1.0000000000000002
llama31_8b_1xH100_fp8_TP1,8B / 1xH100,general,1920,0,1.0000000000000002
llama31_8b_1xH100_fp8_TP1,8B / 1xH100,general,1921,0,1.0000000000000002
llama31_8b_1xH100_fp8_TP1,8B / 1xH100,general,1922,0,1.0000000000000002
llama31_8b_1xH100_fp8_TP1,8B / 1xH100,general,1923,0,1.0000000000000002
llama31_8b_1xH100_fp8_TP1,8B / 1xH100,general,1924,0,1.0000000000000002
llama31_8b_1xH100_fp8_TP1,8B / 1xH100,general,1925,0,1.0000000000000002
llama31_8b_1xH100_fp8_TP1,8B / 1xH100,general,1926,0,1.0000000000000002
llama31_8b_1xH100_fp8_TP1,8B / 1xH100,general,1927,0,1.0000000000000002
llama31_8b_1xH100_fp8_TP1,8B / 1xH100,general,1928,0,1.0000000000000002
llama31_8b_1xH100_fp8_TP1,8B / 1xH100,general,1929,0,1.0000000000000002
llama31_8b_1xH100_fp8_TP1,8B / 1xH100,general,1930,0,1.0000000000000002
llama31_8b_1xH100_fp8_TP1,8B / 1xH100,general,1931,0,1.0000000000000002
llama31_8b_1xH100_fp8_TP1,8B / 1xH100,general,1932,0,1.0000000000000002
llama31_8b_1xH100_fp8_TP1,8B / 1xH100,general,1933,0,1.0000000000000002
llama31_8b_1xH100_fp8_TP1,8B / 1xH100,general,1934,0,1.0000000000000002
llama31_8b_1xH100_fp8_TP1,8B / 1xH100,general,1935,0,1.0000000000000002
llama31_8b_1xH100_fp8_TP1,8B / 1xH100,general,1936,0,1.0000000000000002
llama31_8b_1xH100_fp8_TP1,8B / 1xH100,general,1937,0,1.0000000000000002
llama31_8b_1xH100_fp8_TP1,8B / 1xH100,general,1938,0,1.0000000000000002
llama31_8b_1xH100_fp8_TP1,8B / 1xH100,general,1939,0,1.0000000000000002
llama31_8b_1xH100_fp8_TP1,8B / 1xH100,general,1940,0,1.0000000000000002
llama31_8b_1xH100_fp8_TP1,8B / 1xH100,general,1941,0,1.0000000000000002
llama31_8b_1xH100_fp8_TP1,8B / 1xH100,general,1942,0,1.0000000000000002
llama31_8b_1xH100_fp8_TP1,8B / 1xH100,general,1943,0,1.0000000000000002
llama31_8b_1xH100_fp8_TP1,8B / 1xH100,general,1944,0,1.0000000000000002
llama31_8b_1xH100_fp8_TP1,8B / 1xH100,general,1945,0,1.0000000000000002
llama31_8b_1xH100_fp8_TP1,8B / 1xH100,general,1946,0,1.0000000000000002
llama31_8b_1xH100_fp8_TP1,8B / 1xH100,general,1947,0,1.0000000000000002
llama31_8b_1xH100_fp8_TP1,8B / 1xH100,general,1948,0,1.0000000000000002
llama31_8b_1xH100_fp8_TP1,8B / 1xH100,general,1949,0,1.0000000000000002
llama31_8b_1xH100_fp8_TP1,8B / 1xH100,general,1950,0,1.0000000000000002
llama31_8b_1xH100_fp8_TP1,8B / 1xH100,general,1951,0,1.0000000000000002
llama31_8b_1xH100_fp8_TP1,8B / 1xH100,general,1952,0,1.0000000000000002
llama31_8b_1xH100_fp8_TP1,8B / 1xH100,general,1953,0,1.0000000000000002
llama31_8b_1xH100_fp8_TP1,8B / 1xH100,general,1954,0,1.0000000000000002
llama31_8b_1xH100_fp8_TP1,8B / 1xH100,general,1955,0,1.0000000000000002
llama31_8b_1xH100_fp8_TP1,8B / 1xH100,general,1956,0,1.0000000000000002
llama31_8b_1xH100_fp8_TP1,8B / 1xH100,general,1957,0,1.0000000000000002
llama31_8b_1xH100_fp8_TP1,8B / 1xH100,general,1958,0,1.0000000000000002
llama31_8b_1xH100_fp8_TP1,8B / 1xH100,general,1959,0,1.0000000000000002
llama31_8b_1xH100_fp8_TP1,8B / 1xH100,general,1960,0,1.0000000000000002
llama31_8b_1xH100_fp8_TP1,8B / 1xH100,general,1961,0,1.0000000000000002
llama31_8b_1xH100_fp8_TP1,8B / 1xH100,general,1962,0,1.0000000000000002
llama31_8b_1xH100_fp8_TP1,8B / 1xH100,general,1963,0,1.0000000000000002
llama31_8b_1xH100_fp8_TP1,8B / 1xH100,general,1964,0,1.0000000000000002
llama31_8b_1xH100_fp8_TP1,8B / 1xH100,general,1965,0,1.0000000000000002
llama31_8b_1xH100_fp8_TP1,8B / 1xH100,general,1966,0,1.0000000000000002
llama31_8b_1xH100_fp8_TP1,8B / 1xH100,general,1967,0,1.0000000000000002
llama31_8b_1xH100_fp8_TP1,8B / 1xH100,general,1968,0,1.0000000000000002
llama31_8b_1xH100_fp8_TP1,8B / 1xH100,general,1969,0,1.0000000000000002
llama31_8b_1xH100_fp8_TP1,8B / 1xH100,general,1970,0,1.0000000000000002
llama31_8b_1xH100_fp8_TP1,8B / 1xH100,general,1971,0,1.0000000000000002
llama31_8b_1xH100_fp8_TP1,8B / 1xH100,general,1972,0,1.0000000000000002
llama31_8b_1xH100_fp8_TP1,8B / 1xH100,general,1973,0,1.0000000000000002
llama31_8b_1xH100_fp8_TP1,8B / 1xH100,general,1974,0,1.0000000000000002
llama31_8b_1xH100_fp8_TP1,8B / 1xH100,general,1975,0,1.0000000000000002
llama31_8b_1xH100_fp8_TP1,8B / 1xH100,general,1976,0,1.0000000000000002
llama31_8b_1xH100_fp8_TP1,8B / 1xH100,general,1977,0,1.0000000000000002
llama31_8b_1xH100_fp8_TP1,8B / 1xH100,general,1978,0,1.0000000000000002
llama31_8b_1xH100_fp8_TP1,8B / 1xH100,general,1979,0,1.0000000000000002
llama31_8b_1xH100_fp8_TP1,8B / 1xH100,general,1980,0,1.0000000000000002
llama31_8b_1xH100_fp8_TP1,8B / 1xH100,general,1981,0,1.0000000000000002
llama31_8b_1xH100_fp8_TP1,8B / 1xH100,general,1982,0,1.0000000000000002
llama31_8b_1xH100_fp8_TP1,8B / 1xH100,general,1983,0,1.0000000000000002
llama31_8b_1xH100_fp8_TP1,8B / 1xH100,general,1984,0,1.0000000000000002
llama31_8b_1xH100_fp8_TP1,8B / 1xH100,general,1985,0,1.0000000000000002
llama31_8b_1xH100_fp8_TP1,8B / 1xH100,general,1986,0,1.0000000000000002
llama31_8b_1xH100_fp8_TP1,8B / 1xH100,general,1987,0,1.0000000000000002
llama31_8b_1xH100_fp8_TP1,8B / 1xH100,general,1988,0,1.0000000000000002
llama31_8b_1xH100_fp8_TP1,8B / 1xH100,general,1989,0,1.0000000000000002
llama31_8b_1xH100_fp8_TP1,8B / 1xH100,general,1990,0,1.0000000000000002
llama31_8b_1xH100_fp8_TP1,8B / 1xH100,general,1991,0,1.0000000000000002
llama31_8b_1xH100_fp8_TP1,8B / 1xH100,general,1992,0,1.0000000000000002
llama31_8b_1xH100_fp8_TP1,8B / 1xH100,general,1993,0,1.0000000000000002
llama31_8b_1xH100_fp8_TP1,8B / 1xH100,general,1994,0,1.0000000000000002
llama31_8b_1xH100_fp8_TP1,8B / 1xH100,general,1995,0,1.0000000000000002
llama31_8b_1xH100_fp8_TP1,8B / 1xH100,general,1996,0,1.0000000000000002
llama31_8b_1xH100_fp8_TP1,8B / 1xH100,general,1997,0,1.0000000000000002
llama31_8b_1xH100_fp8_TP1,8B / 1xH100,general,1998,0,1.0000000000000002
llama31_8b_1xH100_fp8_TP1,8B / 1xH100,general,1999,0,1.0000000000000002
llama31_8b_1xH100_fp8_TP1,8B / 1xH100,general,2000,0,1.0000000000000002
llama31_8b_1xH100_fp8_TP1,8B / 1xH100,general,2001,0,1.0000000000000002
llama31_8b_1xH100_fp8_TP1,8B / 1xH100,general,2002,0,1.0000000000000002
llama31_8b_1xH100_fp8_TP1,8B / 1xH100,general,2003,0,1.0000000000000002
llama31_8b_1xH100_fp8_TP1,8B / 1xH100,general,2004,0,1.0000000000000002
llama31_8b_1xH100_fp8_TP1,8B / 1xH100,general,2005,0,1.0000000000000002
llama31_8b_1xH100_fp8_TP1,8B / 1xH100,general,2006,0,1.0000000000000002
llama31_8b_1xH100_fp8_TP1,8B / 1xH100,general,2007,0,1.0000000000000002
llama31_8b_1xH100_fp8_TP1,8B / 1xH100,general,2008,0,1.0000000000000002
llama31_8b_1xH100_fp8_TP1,8B / 1xH100,general,2009,0,1.0000000000000002
llama31_8b_1xH100_fp8_TP1,8B / 1xH100,general,2010,0,1.0000000000000002
llama31_8b_1xH100_fp8_TP1,8B / 1xH100,general,2011,0,1.0000000000000002
llama31_8b_1xH100_fp8_TP1,8B / 1xH100,general,2012,0,1.0000000000000002
llama31_8b_1xH100_fp8_TP1,8B / 1xH100,general,2013,0,1.0000000000000002
llama31_8b_1xH100_fp8_TP1,8B / 1xH100,general,2014,0,1.0000000000000002
llama31_8b_1xH100_fp8_TP1,8B / 1xH100,general,2015,0,1.0000000000000002
llama31_8b_1xH100_fp8_TP1,8B / 1xH100,general,2016,0,1.0000000000000002
llama31_8b_1xH100_fp8_TP1,8B / 1xH100,general,2017,0,1.0000000000000002
llama31_8b_1xH100_fp8_TP1,8B / 1xH100,general,2018,0,1.0000000000000002
llama31_8b_1xH100_fp8_TP1,8B / 1xH100,general,2019,0,1.0000000000000002
llama31_8b_1xH100_fp8_TP1,8B / 1xH100,general,2020,0,1.0000000000000002
llama31_8b_1xH100_fp8_TP1,8B / 1xH100,general,2021,0,1.0000000000000002
llama31_8b_1xH100_fp8_TP1,8B / 1xH100,general,2022,0,1.0000000000000002
llama31_8b_1xH100_fp8_TP1,8B / 1xH100,general,2023,0,1.0000000000000002
llama31_8b_1xH100_fp8_TP1,8B / 1xH100,general,2024,0,1.0000000000000002
llama31_8b_1xH100_fp8_TP1,8B / 1xH100,general,2025,0,1.0000000000000002
llama31_8b_1xH100_fp8_TP1,8B / 1xH100,general,2026,0,1.0000000000000002
llama31_8b_1xH100_fp8_TP1,8B / 1xH100,general,2027,0,1.0000000000000002
llama31_8b_1xH100_fp8_TP1,8B / 1xH100,general,2028,0,1.0000000000000002
llama31_8b_1xH100_fp8_TP1,8B / 1xH100,general,2029,0,1.0000000000000002
llama31_8b_1xH100_fp8_TP1,8B / 1xH100,general,2030,0,1.0000000000000002
llama31_8b_1xH100_fp8_TP1,8B / 1xH100,general,2031,0,1.0000000000000002
llama31_8b_1xH100_fp8_TP1,8B / 1xH100,general,2032,0,1.0000000000000002
llama31_8b_1xH100_fp8_TP1,8B / 1xH100,general,2033,0,1.0000000000000002
llama31_8b_1xH100_fp8_TP1,8B / 1xH100,general,2034,0,1.0000000000000002
llama31_8b_1xH100_fp8_TP1,8B / 1xH100,general,2035,0,1.0000000000000002
llama31_8b_1xH100_fp8_TP1,8B / 1xH100,general,2036,0,1.0000000000000002
llama31_8b_1xH100_fp8_TP1,8B / 1xH100,general,2037,0,1.0000000000000002
llama31_8b_1xH100_fp8_TP1,8B / 1xH100,general,2038,0,1.0000000000000002
llama31_8b_1xH100_fp8_TP1,8B / 1xH100,general,2039,0,1.0000000000000002
llama31_8b_1xH100_fp8_TP1,8B / 1xH100,general,2040,0,1.0000000000000002
llama31_8b_1xH100_fp8_TP1,8B / 1xH100,general,2041,0,1.0000000000000002
llama31_8b_1xH100_fp8_TP1,8B / 1xH100,general,2042,0,1.0000000000000002
llama31_8b_1xH100_fp8_TP1,8B / 1xH100,general,2043,0,1.0000000000000002
llama31_8b_1xH100_fp8_TP1,8B / 1xH100,general,2044,0,1.0000000000000002
llama31_8b_1xH100_fp8_TP1,8B / 1xH100,general,2045,0,1.0000000000000002
llama31_8b_1xH100_fp8_TP1,8B / 1xH100,general,2046,0,1.0000000000000002
llama31_8b_1xH100_fp8_TP1,8B / 1xH100,general,2047,0,1.0000000000000002
llama31_8b_1xH100_fp8_TP1,8B / 1xH100,general,2048,0,1.0000000000000002
llama31_8b_1xH100_fp8_TP1,8B / 1xH100,general,2049,0,1.0000000000000002
llama31_8b_1xH100_fp8_TP1,8B / 1xH100,general,2050,0,1.0000000000000002
llama31_8b_1xH100_fp8_TP1,8B / 1xH100,general,2051,0,1.0000000000000002
llama31_8b_1xH100_fp8_TP1,8B / 1xH100,general,2052,0,1.0000000000000002
llama31_8b_1xH100_fp8_TP1,8B / 1xH100,general,2053,0,1.0000000000000002
llama31_8b_1xH100_fp8_TP1,8B / 1xH100,general,2054,0,1.0000000000000002
llama31_8b_1xH100_fp8_TP1,8B / 1xH100,general,2055,0,1.0000000000000002
llama31_8b_1xH100_fp8_TP1,8B / 1xH100,general,2056,0,1.0000000000000002
llama31_8b_1xH100_fp8_TP1,8B / 1xH100,general,2057,0,1.0000000000000002
llama31_8b_1xH100_fp8_TP1,8B / 1xH100,general,2058,0,1.0000000000000002
llama31_8b_1xH100_fp8_TP1,8B / 1xH100,general,2059,0,1.0000000000000002
llama31_8b_1xH100_fp8_TP1,8B / 1xH100,general,2060,0,1.0000000000000002
llama31_8b_1xH100_fp8_TP1,8B / 1xH100,general,2061,0,1.0000000000000002
llama31_8b_1xH100_fp8_TP1,8B / 1xH100,general,2062,0,1.0000000000000002
llama31_8b_1xH100_fp8_TP1,8B / 1xH100,general,2063,0,1.0000000000000002
llama31_8b_1xH100_fp8_TP1,8B / 1xH100,general,2064,0,1.0000000000000002
llama31_8b_1xH100_fp8_TP1,8B / 1xH100,general,2065,0,1.0000000000000002
llama31_8b_1xH100_fp8_TP1,8B / 1xH100,general,2066,0,1.0000000000000002
llama31_8b_1xH100_fp8_TP1,8B / 1xH100,general,2067,0,1.0000000000000002
llama31_8b_1xH100_fp8_TP1,8B / 1xH100,general,2068,0,1.0000000000000002
llama31_8b_1xH100_fp8_TP1,8B / 1xH100,general,2069,0,1.0000000000000002
llama31_8b_1xH100_fp8_TP1,8B / 1xH100,general,2070,0,1.0000000000000002
llama31_8b_1xH100_fp8_TP1,8B / 1xH100,general,2071,0,1.0000000000000002
llama31_8b_1xH100_fp8_TP1,8B / 1xH100,general,2072,0,1.0000000000000002
llama31_8b_1xH100_fp8_TP1,8B / 1xH100,general,2073,0,1.0000000000000002
llama31_8b_1xH100_fp8_TP1,8B / 1xH100,general,2074,0,1.0000000000000002
llama31_8b_1xH100_fp8_TP1,8B / 1xH100,general,2075,0,1.0000000000000002
llama31_8b_1xH100_fp8_TP1,8B / 1xH100,general,2076,0,1.0000000000000002
llama31_8b_1xH100_fp8_TP1,8B / 1xH100,general,2077,0,1.0000000000000002
llama31_8b_1xH100_fp8_TP1,8B / 1xH100,general,2078,0,1.0000000000000002
llama31_8b_1xH100_fp8_TP1,8B / 1xH100,general,2079,0,1.0000000000000002
llama31_8b_1xH100_fp8_TP1,8B / 1xH100,general,2080,0,1.0000000000000002
llama31_8b_1xH100_fp8_TP1,8B / 1xH100,general,2081,0,1.0000000000000002
llama31_8b_1xH100_fp8_TP1,8B / 1xH100,general,2082,0,1.0000000000000002
llama31_8b_1xH100_fp8_TP1,8B / 1xH100,general,2083,0,1.0000000000000002
llama31_8b_1xH100_fp8_TP1,8B / 1xH100,general,2084,0,1.0000000000000002
llama31_8b_1xH100_fp8_TP1,8B / 1xH100,general,2085,0,1.0000000000000002
llama31_8b_1xH100_fp8_TP1,8B / 1xH100,general,2086,0,1.0000000000000002
llama31_8b_1xH100_fp8_TP1,8B / 1xH100,general,2087,0,1.0000000000000002
llama31_8b_1xH100_fp8_TP1,8B / 1xH100,general,2088,0,1.0000000000000002
llama31_8b_1xH100_fp8_TP1,8B / 1xH100,general,2089,0,1.0000000000000002
llama31_8b_1xH100_fp8_TP1,8B / 1xH100,general,2090,0,1.0000000000000002
llama31_8b_1xH100_fp8_TP1,8B / 1xH100,general,2091,0,1.0000000000000002
llama31_8b_1xH100_fp8_TP1,8B / 1xH100,general,2092,0,1.0000000000000002
llama31_8b_1xH100_fp8_TP1,8B / 1xH100,general,2093,0,1.0000000000000002
llama31_8b_1xH100_fp8_TP1,8B / 1xH100,general,2094,0,1.0000000000000002
llama31_8b_1xH100_fp8_TP1,8B / 1xH100,general,2095,0,1.0000000000000002
llama31_8b_1xH100_fp8_TP1,8B / 1xH100,general,2096,0,1.0000000000000002
llama31_8b_1xH100_fp8_TP1,8B / 1xH100,general,2097,0,1.0000000000000002
llama31_8b_1xH100_fp8_TP1,8B / 1xH100,general,2098,0,1.0000000000000002
llama31_8b_1xH100_fp8_TP1,8B / 1xH100,general,2099,0,1.0000000000000002
llama31_8b_1xH100_fp8_TP1,8B / 1xH100,general,2100,0,1.0000000000000002
llama31_8b_1xH100_fp8_TP1,8B / 1xH100,general,2101,0,1.0000000000000002
llama31_8b_1xH100_fp8_TP1,8B / 1xH100,general,2102,0,1.0000000000000002
llama31_8b_1xH100_fp8_TP1,8B / 1xH100,general,2103,0,1.0000000000000002
llama31_8b_1xH100_fp8_TP1,8B / 1xH100,general,2104,0,1.0000000000000002
llama31_8b_1xH100_fp8_TP1,8B / 1xH100,general,2105,0,1.0000000000000002
llama31_8b_1xH100_fp8_TP1,8B / 1xH100,general,2106,0,1.0000000000000002
llama31_8b_1xH100_fp8_TP1,8B / 1xH100,general,2107,0,1.0000000000000002
llama31_8b_1xH100_fp8_TP1,8B / 1xH100,general,2108,0,1.0000000000000002
llama31_8b_1xH100_fp8_TP1,8B / 1xH100,general,2109,0,1.0000000000000002
llama31_8b_1xH100_fp8_TP1,8B / 1xH100,general,2110,0,1.0000000000000002
llama31_8b_1xH100_fp8_TP1,8B / 1xH100,general,2111,0,1.0000000000000002
llama31_8b_1xH100_fp8_TP1,8B / 1xH100,general,2112,0,1.0000000000000002
llama31_8b_1xH100_fp8_TP1,8B / 1xH100,general,2113,0,1.0000000000000002
llama31_8b_1xH100_fp8_TP1,8B / 1xH100,general,2114,0,1.0000000000000002
llama31_8b_1xH100_fp8_TP1,8B / 1xH100,general,2115,0,1.0000000000000002
llama31_8b_1xH100_fp8_TP1,8B / 1xH100,general,2116,0,1.0000000000000002
llama31_8b_1xH100_fp8_TP1,8B / 1xH100,general,2117,0,1.0000000000000002
llama31_8b_1xH100_fp8_TP1,8B / 1xH100,general,2118,0,1.0000000000000002
llama31_8b_1xH100_fp8_TP1,8B / 1xH100,general,2119,0,1.0000000000000002
llama31_8b_1xH100_fp8_TP1,8B / 1xH100,general,2120,0,1.0000000000000002
llama31_8b_1xH100_fp8_TP1,8B / 1xH100,general,2121,0,1.0000000000000002
llama31_8b_1xH100_fp8_TP1,8B / 1xH100,general,2122,0,1.0000000000000002
llama31_8b_1xH100_fp8_TP1,8B / 1xH100,general,2123,0,1.0000000000000002
llama31_8b_1xH100_fp8_TP1,8B / 1xH100,general,2124,0,1.0000000000000002
llama31_8b_1xH100_fp8_TP1,8B / 1xH100,general,2125,0,1.0000000000000002
llama31_8b_1xH100_fp8_TP1,8B / 1xH100,general,2126,0,1.0000000000000002
llama31_8b_1xH100_fp8_TP1,8B / 1xH100,general,2127,0,1.0000000000000002
llama31_8b_1xH100_fp8_TP1,8B / 1xH100,general,2128,0,1.0000000000000002
llama31_8b_1xH100_fp8_TP1,8B / 1xH100,general,2129,0,1.0000000000000002
llama31_8b_1xH100_fp8_TP1,8B / 1xH100,general,2130,0,1.0000000000000002
llama31_8b_1xH100_fp8_TP1,8B / 1xH100,general,2131,0,1.0000000000000002
llama31_8b_1xH100_fp8_TP1,8B / 1xH100,general,2132,0,1.0000000000000002
llama31_8b_1xH100_fp8_TP1,8B / 1xH100,general,2133,0,1.0000000000000002
llama31_8b_1xH100_fp8_TP1,8B / 1xH100,general,2134,0,1.0000000000000002
llama31_8b_1xH100_fp8_TP1,8B / 1xH100,general,2135,0,1.0000000000000002
llama31_8b_1xH100_fp8_TP1,8B / 1xH100,general,2136,0,1.0000000000000002
llama31_8b_1xH100_fp8_TP1,8B / 1xH100,general,2137,0,1.0000000000000002
llama31_8b_1xH100_fp8_TP1,8B / 1xH100,general,2138,0,1.0000000000000002
llama31_8b_1xH100_fp8_TP1,8B / 1xH100,general,2139,0,1.0000000000000002
llama31_8b_1xH100_fp8_TP1,8B / 1xH100,general,2140,0,1.0000000000000002
llama31_8b_1xH100_fp8_TP1,8B / 1xH100,general,2141,0,1.0000000000000002
llama31_8b_1xH100_fp8_TP1,8B / 1xH100,general,2142,0,1.0000000000000002
llama31_8b_1xH100_fp8_TP1,8B / 1xH100,general,2143,0,1.0000000000000002
llama31_8b_1xH100_fp8_TP1,8B / 1xH100,general,2144,0,1.0000000000000002
llama31_8b_1xH100_fp8_TP1,8B / 1xH100,general,2145,0,1.0000000000000002
llama31_8b_1xH100_fp8_TP1,8B / 1xH100,general,2146,0,1.0000000000000002
llama31_8b_1xH100_fp8_TP1,8B / 1xH100,general,2147,0,1.0000000000000002
llama31_8b_1xH100_fp8_TP1,8B / 1xH100,general,2148,0,1.0000000000000002
llama31_8b_1xH100_fp8_TP1,8B / 1xH100,general,2149,0,1.0000000000000002
llama31_8b_1xH100_fp8_TP1,8B / 1xH100,general,2150,0,1.0000000000000002
llama31_8b_1xH100_fp8_TP1,8B / 1xH100,general,2151,0,1.0000000000000002
llama31_8b_1xH100_fp8_TP1,8B / 1xH100,general,2152,0,1.0000000000000002
llama31_8b_1xH100_fp8_TP1,8B / 1xH100,general,2153,0,1.0000000000000002
llama31_8b_1xH100_fp8_TP1,8B / 1xH100,general,2154,0,1.0000000000000002
llama31_8b_1xH100_fp8_TP1,8B / 1xH100,general,2155,0,1.0000000000000002
llama31_8b_1xH100_fp8_TP1,8B / 1xH100,general,2156,0,1.0000000000000002
llama31_8b_1xH100_fp8_TP1,8B / 1xH100,general,2157,0,1.0000000000000002
llama31_8b_1xH100_fp8_TP1,8B / 1xH100,general,2158,0,1.0000000000000002
llama31_8b_1xH100_fp8_TP1,8B / 1xH100,general,2159,0,1.0000000000000002
llama31_8b_1xH100_fp8_TP1,8B / 1xH100,general,2160,0,1.0000000000000002
llama31_8b_1xH100_fp8_TP1,8B / 1xH100,general,2161,0,1.0000000000000002
llama31_8b_1xH100_fp8_TP1,8B / 1xH100,general,2162,0,1.0000000000000002
llama31_8b_1xH100_fp8_TP1,8B / 1xH100,general,2163,0,1.0000000000000002
llama31_8b_1xH100_fp8_TP1,8B / 1xH100,general,2164,0,1.0000000000000002
llama31_8b_1xH100_fp8_TP1,8B / 1xH100,general,2165,0,1.0000000000000002
llama31_8b_1xH100_fp8_TP1,8B / 1xH100,general,2166,0,1.0000000000000002
llama31_8b_1xH100_fp8_TP1,8B / 1xH100,general,2167,0,1.0000000000000002
llama31_8b_1xH100_fp8_TP1,8B / 1xH100,general,2168,0,1.0000000000000002
llama31_8b_1xH100_fp8_TP1,8B / 1xH100,general,2169,0,1.0000000000000002
llama31_8b_1xH100_fp8_TP1,8B / 1xH100,general,2170,0,1.0000000000000002
llama31_8b_1xH100_fp8_TP1,8B / 1xH100,general,2171,0,1.0000000000000002
llama31_8b_1xH100_fp8_TP1,8B / 1xH100,general,2172,0,1.0000000000000002
llama31_8b_1xH100_fp8_TP1,8B / 1xH100,general,2173,0,1.0000000000000002
llama31_8b_1xH100_fp8_TP1,8B / 1xH100,general,2174,0,1.0000000000000002
llama31_8b_1xH100_fp8_TP1,8B / 1xH100,general,2175,0,1.0000000000000002
llama31_8b_1xH100_fp8_TP1,8B / 1xH100,general,2176,0,1.0000000000000002
llama31_8b_1xH100_fp8_TP1,8B / 1xH100,general,2177,0,1.0000000000000002
llama31_8b_1xH100_fp8_TP1,8B / 1xH100,general,2178,0,1.0000000000000002
llama31_8b_1xH100_fp8_TP1,8B / 1xH100,general,2179,0,1.0000000000000002
llama31_8b_1xH100_fp8_TP1,8B / 1xH100,general,2180,0,1.0000000000000002
llama31_8b_1xH100_fp8_TP1,8B / 1xH100,general,2181,0,1.0000000000000002
llama31_8b_1xH100_fp8_TP1,8B / 1xH100,general,2182,0,1.0000000000000002
llama31_8b_1xH100_fp8_TP1,8B / 1xH100,general,2183,0,1.0000000000000002
llama31_8b_1xH100_fp8_TP1,8B / 1xH100,general,2184,0,1.0000000000000002
llama31_8b_1xH100_fp8_TP1,8B / 1xH100,general,2185,0,1.0000000000000002
llama31_8b_1xH100_fp8_TP1,8B / 1xH100,general,2186,0,1.0000000000000002
llama31_8b_1xH100_fp8_TP1,8B / 1xH100,general,2187,0,1.0000000000000002
llama31_8b_1xH100_fp8_TP1,8B / 1xH100,general,2188,0,1.0000000000000002
llama31_8b_1xH100_fp8_TP1,8B / 1xH100,general,2189,0,1.0000000000000002
llama31_8b_1xH100_fp8_TP1,8B / 1xH100,general,2190,0,1.0000000000000002
llama31_8b_1xH100_fp8_TP1,8B / 1xH100,general,2191,0,1.0000000000000002
llama31_8b_1xH100_fp8_TP1,8B / 1xH100,general,2192,0,1.0000000000000002
llama31_8b_1xH100_fp8_TP1,8B / 1xH100,general,2193,0,1.0000000000000002
llama31_8b_1xH100_fp8_TP1,8B / 1xH100,general,2194,0,1.0000000000000002
llama31_8b_1xH100_fp8_TP1,8B / 1xH100,general,2195,0,1.0000000000000002
llama31_8b_1xH100_fp8_TP1,8B / 1xH100,general,2196,0,1.0000000000000002
llama31_8b_1xH100_fp8_TP1,8B / 1xH100,general,2197,0,1.0000000000000002
llama31_8b_1xH100_fp8_TP1,8B / 1xH100,general,2198,0,1.0000000000000002
llama31_8b_1xH100_fp8_TP1,8B / 1xH100,general,2199,0,1.0000000000000002
llama31_8b_1xH100_fp8_TP1,8B / 1xH100,general,2200,0,1.0000000000000002
llama31_8b_1xH100_fp8_TP1,8B / 1xH100,general,2201,0,1.0000000000000002
llama31_8b_1xH100_fp8_TP1,8B / 1xH100,general,2202,0,1.0000000000000002
llama31_8b_1xH100_fp8_TP1,8B / 1xH100,general,2203,0,1.0000000000000002
llama31_8b_1xH100_fp8_TP1,8B / 1xH100,general,2204,0,1.0000000000000002
llama31_8b_1xH100_fp8_TP1,8B / 1xH100,general,2205,0,1.0000000000000002
llama31_8b_1xH100_fp8_TP1,8B / 1xH100,general,2206,0,1.0000000000000002
llama31_8b_1xH100_fp8_TP1,8B / 1xH100,general,2207,0,1.0000000000000002
llama31_8b_1xH100_fp8_TP1,8B / 1xH100,general,2208,0,1.0000000000000002
llama31_8b_1xH100_fp8_TP1,8B / 1xH100,general,2209,0,1.0000000000000002
llama31_8b_1xH100_fp8_TP1,8B / 1xH100,general,2210,0,1.0000000000000002
llama31_8b_1xH100_fp8_TP1,8B / 1xH100,general,2211,0,1.0000000000000002
llama31_8b_1xH100_fp8_TP1,8B / 1xH100,general,2212,0,1.0000000000000002
llama31_8b_1xH100_fp8_TP1,8B / 1xH100,general,2213,0,1.0000000000000002
llama31_8b_1xH100_fp8_TP1,8B / 1xH100,general,2214,0,1.0000000000000002
llama31_8b_1xH100_fp8_TP1,8B / 1xH100,general,2215,0,1.0000000000000002
llama31_8b_1xH100_fp8_TP1,8B / 1xH100,general,2216,0,1.0000000000000002
llama31_8b_1xH100_fp8_TP1,8B / 1xH100,general,2217,0,1.0000000000000002
llama31_8b_1xH100_fp8_TP1,8B / 1xH100,general,2218,0,1.0000000000000002
llama31_8b_1xH100_fp8_TP1,8B / 1xH100,general,2219,0,1.0000000000000002
llama31_8b_1xH100_fp8_TP1,8B / 1xH100,general,2220,0,1.0000000000000002
llama31_8b_1xH100_fp8_TP1,8B / 1xH100,general,2221,0,1.0000000000000002
llama31_8b_1xH100_fp8_TP1,8B / 1xH100,general,2222,0,1.0000000000000002
llama31_8b_1xH100_fp8_TP1,8B / 1xH100,general,2223,0,1.0000000000000002
llama31_8b_1xH100_fp8_TP1,8B / 1xH100,general,2224,0,1.0000000000000002
llama31_8b_1xH100_fp8_TP1,8B / 1xH100,general,2225,0,1.0000000000000002
llama31_8b_1xH100_fp8_TP1,8B / 1xH100,general,2226,0,1.0000000000000002
llama31_8b_1xH100_fp8_TP1,8B / 1xH100,general,2227,0,1.0000000000000002
llama31_8b_1xH100_fp8_TP1,8B / 1xH100,general,2228,0,1.0000000000000002
llama31_8b_1xH100_fp8_TP1,8B / 1xH100,general,2229,0,1.0000000000000002
llama31_8b_1xH100_fp8_TP1,8B / 1xH100,general,2230,0,1.0000000000000002
llama31_8b_1xH100_fp8_TP1,8B / 1xH100,general,2231,0,1.0000000000000002
llama31_8b_1xH100_fp8_TP1,8B / 1xH100,general,2232,0,1.0000000000000002
llama31_8b_1xH100_fp8_TP1,8B / 1xH100,general,2233,0,1.0000000000000002
llama31_8b_1xH100_fp8_TP1,8B / 1xH100,general,2234,0,1.0000000000000002
llama31_8b_1xH100_fp8_TP1,8B / 1xH100,general,2235,0,1.0000000000000002
llama31_8b_1xH100_fp8_TP1,8B / 1xH100,general,2236,0,1.0000000000000002
llama31_8b_1xH100_fp8_TP1,8B / 1xH100,general,2237,0,1.0000000000000002
llama31_8b_1xH100_fp8_TP1,8B / 1xH100,general,2238,0,1.0000000000000002
llama31_8b_1xH100_fp8_TP1,8B / 1xH100,general,2239,0,1.0000000000000002
llama31_8b_1xH100_fp8_TP1,8B / 1xH100,general,2240,0,1.0000000000000002
llama31_8b_1xH100_fp8_TP1,8B / 1xH100,general,2241,0,1.0000000000000002
llama31_8b_1xH100_fp8_TP1,8B / 1xH100,general,2242,0,1.0000000000000002
llama31_8b_1xH100_fp8_TP1,8B / 1xH100,general,2243,0,1.0000000000000002
llama31_8b_1xH100_fp8_TP1,8B / 1xH100,general,2244,0,1.0000000000000002
llama31_8b_1xH100_fp8_TP1,8B / 1xH100,general,2245,0,1.0000000000000002
llama31_8b_1xH100_fp8_TP1,8B / 1xH100,general,2246,0,1.0000000000000002
llama31_8b_1xH100_fp8_TP1,8B / 1xH100,general,2247,0,1.0000000000000002
llama31_8b_1xH100_fp8_TP1,8B / 1xH100,general,2248,0,1.0000000000000002
llama31_8b_1xH100_fp8_TP1,8B / 1xH100,general,2249,0,1.0000000000000002
llama31_8b_1xH100_fp8_TP1,8B / 1xH100,general,2250,0,1.0000000000000002
llama31_8b_1xH100_fp8_TP1,8B / 1xH100,general,2251,0,1.0000000000000002
llama31_8b_1xH100_fp8_TP1,8B / 1xH100,general,2252,0,1.0000000000000002
llama31_8b_1xH100_fp8_TP1,8B / 1xH100,general,2253,0,1.0000000000000002
llama31_8b_1xH100_fp8_TP1,8B / 1xH100,general,2254,0,1.0000000000000002
llama31_8b_1xH100_fp8_TP1,8B / 1xH100,general,2255,0,1.0000000000000002
llama31_8b_1xH100_fp8_TP1,8B / 1xH100,general,2256,0,1.0000000000000002
llama31_8b_1xH100_fp8_TP1,8B / 1xH100,general,2257,0,1.0000000000000002
llama31_8b_1xH100_fp8_TP1,8B / 1xH100,general,2258,0,1.0000000000000002
llama31_8b_1xH100_fp8_TP1,8B / 1xH100,general,2259,0,1.0000000000000002
llama31_8b_1xH100_fp8_TP1,8B / 1xH100,general,2260,0,1.0000000000000002
llama31_8b_1xH100_fp8_TP1,8B / 1xH100,general,2261,0,1.0000000000000002
llama31_8b_1xH100_fp8_TP1,8B / 1xH100,general,2262,0,1.0000000000000002
llama31_8b_1xH100_fp8_TP1,8B / 1xH100,general,2263,0,1.0000000000000002
llama31_8b_1xH100_fp8_TP1,8B / 1xH100,general,2264,0,1.0000000000000002
llama31_8b_1xH100_fp8_TP1,8B / 1xH100,general,2265,0,1.0000000000000002
llama31_8b_1xH100_fp8_TP1,8B / 1xH100,general,2266,0,1.0000000000000002
llama31_8b_1xH100_fp8_TP1,8B / 1xH100,general,2267,0,1.0000000000000002
llama31_8b_1xH100_fp8_TP1,8B / 1xH100,general,2268,0,1.0000000000000002
llama31_8b_1xH100_fp8_TP1,8B / 1xH100,general,2269,0,1.0000000000000002
llama31_8b_1xH100_fp8_TP1,8B / 1xH100,general,2270,0,1.0000000000000002
llama31_8b_1xH100_fp8_TP1,8B / 1xH100,general,2271,0,1.0000000000000002
llama31_8b_1xH100_fp8_TP1,8B / 1xH100,general,2272,0,1.0000000000000002
llama31_8b_1xH100_fp8_TP1,8B / 1xH100,general,2273,0,1.0000000000000002
llama31_8b_1xH100_fp8_TP1,8B / 1xH100,general,2274,0,1.0000000000000002
llama31_8b_1xH100_fp8_TP1,8B / 1xH100,general,2275,0,1.0000000000000002
llama31_8b_1xH100_fp8_TP1,8B / 1xH100,general,2276,0,1.0000000000000002
llama31_8b_1xH100_fp8_TP1,8B / 1xH100,general,2277,0,1.0000000000000002
llama31_8b_1xH100_fp8_TP1,8B / 1xH100,general,2278,0,1.0000000000000002
llama31_8b_1xH100_fp8_TP1,8B / 1xH100,general,2279,0,1.0000000000000002
llama31_8b_1xH100_fp8_TP1,8B / 1xH100,general,2280,0,1.0000000000000002
llama31_8b_1xH100_fp8_TP1,8B / 1xH100,general,2281,0,1.0000000000000002
llama31_8b_1xH100_fp8_TP1,8B / 1xH100,general,2282,0,1.0000000000000002
llama31_8b_1xH100_fp8_TP1,8B / 1xH100,general,2283,0,1.0000000000000002
llama31_8b_1xH100_fp8_TP1,8B / 1xH100,general,2284,0,1.0000000000000002
llama31_8b_1xH100_fp8_TP1,8B / 1xH100,general,2285,0,1.0000000000000002
llama31_8b_1xH100_fp8_TP1,8B / 1xH100,general,2286,0,1.0000000000000002
llama31_8b_1xH100_fp8_TP1,8B / 1xH100,general,2287,0,1.0000000000000002
llama31_8b_1xH100_fp8_TP1,8B / 1xH100,general,2288,0,1.0000000000000002
llama31_8b_1xH100_fp8_TP1,8B / 1xH100,general,2289,0,1.0000000000000002
llama31_8b_1xH100_fp8_TP1,8B / 1xH100,general,2290,0,1.0000000000000002
llama31_8b_1xH100_fp8_TP1,8B / 1xH100,general,2291,0,1.0000000000000002
llama31_8b_1xH100_fp8_TP1,8B / 1xH100,general,2292,0,1.0000000000000002
llama31_8b_1xH100_fp8_TP1,8B / 1xH100,general,2293,0,1.0000000000000002
llama31_8b_1xH100_fp8_TP1,8B / 1xH100,general,2294,0,1.0000000000000002
llama31_8b_1xH100_fp8_TP1,8B / 1xH100,general,2295,0,1.0000000000000002
llama31_8b_1xH100_fp8_TP1,8B / 1xH100,general,2296,0,1.0000000000000002
llama31_8b_1xH100_fp8_TP1,8B / 1xH100,general,2297,0,1.0000000000000002
llama31_8b_1xH100_fp8_TP1,8B / 1xH100,general,2298,0,1.0000000000000002
llama31_8b_1xH100_fp8_TP1,8B / 1xH100,general,2299,0,1.0000000000000002
llama31_8b_1xH100_fp8_TP1,8B / 1xH100,general,2300,0,1.0000000000000002
llama31_8b_1xH100_fp8_TP1,8B / 1xH100,general,2301,0,1.0000000000000002
llama31_8b_1xH100_fp8_TP1,8B / 1xH100,general,2302,0,1.0000000000000002
llama31_8b_1xH100_fp8_TP1,8B / 1xH100,general,2303,0,1.0000000000000002
llama31_8b_1xH100_fp8_TP1,8B / 1xH100,general,2304,0,1.0000000000000002
llama31_8b_1xH100_fp8_TP1,8B / 1xH100,general,2305,0,1.0000000000000002
llama31_8b_1xH100_fp8_TP1,8B / 1xH100,general,2306,0,1.0000000000000002
llama31_8b_1xH100_fp8_TP1,8B / 1xH100,general,2307,0,1.0000000000000002
llama31_8b_1xH100_fp8_TP1,8B / 1xH100,general,2308,0,1.0000000000000002
llama31_8b_1xH100_fp8_TP1,8B / 1xH100,general,2309,0,1.0000000000000002
llama31_8b_1xH100_fp8_TP1,8B / 1xH100,general,2310,0,1.0000000000000002
llama31_8b_1xH100_fp8_TP1,8B / 1xH100,general,2311,0,1.0000000000000002
llama31_8b_1xH100_fp8_TP1,8B / 1xH100,general,2312,0,1.0000000000000002
llama31_8b_1xH100_fp8_TP1,8B / 1xH100,general,2313,0,1.0000000000000002
llama31_8b_1xH100_fp8_TP1,8B / 1xH100,general,2314,0,1.0000000000000002
llama31_8b_1xH100_fp8_TP1,8B / 1xH100,general,2315,0,1.0000000000000002
llama31_8b_1xH100_fp8_TP1,8B / 1xH100,general,2316,0,1.0000000000000002
llama31_8b_1xH100_fp8_TP1,8B / 1xH100,general,2317,0,1.0000000000000002
llama31_8b_1xH100_fp8_TP1,8B / 1xH100,general,2318,0,1.0000000000000002
llama31_8b_1xH100_fp8_TP1,8B / 1xH100,general,2319,0,1.0000000000000002
llama31_8b_1xH100_fp8_TP1,8B / 1xH100,general,2320,0,1.0000000000000002
llama31_8b_1xH100_fp8_TP1,8B / 1xH100,general,2321,0,1.0000000000000002
llama31_8b_1xH100_fp8_TP1,8B / 1xH100,general,2322,0,1.0000000000000002
llama31_8b_1xH100_fp8_TP1,8B / 1xH100,general,2323,0,1.0000000000000002
llama31_8b_1xH100_fp8_TP1,8B / 1xH100,general,2324,0,1.0000000000000002
llama31_8b_1xH100_fp8_TP1,8B / 1xH100,general,2325,0,1.0000000000000002
llama31_8b_1xH100_fp8_TP1,8B / 1xH100,general,2326,0,1.0000000000000002
llama31_8b_1xH100_fp8_TP1,8B / 1xH100,general,2327,0,1.0000000000000002
llama31_8b_1xH100_fp8_TP1,8B / 1xH100,general,2328,0,1.0000000000000002
llama31_8b_1xH100_fp8_TP1,8B / 1xH100,general,2329,0,1.0000000000000002
llama31_8b_1xH100_fp8_TP1,8B / 1xH100,general,2330,0,1.0000000000000002
llama31_8b_1xH100_fp8_TP1,8B / 1xH100,general,2331,0,1.0000000000000002
llama31_8b_1xH100_fp8_TP1,8B / 1xH100,general,2332,0,1.0000000000000002
llama31_8b_1xH100_fp8_TP1,8B / 1xH100,general,2333,0,1.0000000000000002
llama31_8b_1xH100_fp8_TP1,8B / 1xH100,general,2334,0,1.0000000000000002
llama31_8b_1xH100_fp8_TP1,8B / 1xH100,general,2335,0,1.0000000000000002
llama31_8b_1xH100_fp8_TP1,8B / 1xH100,general,2336,0,1.0000000000000002
llama31_8b_1xH100_fp8_TP1,8B / 1xH100,general,2337,0,1.0000000000000002
llama31_8b_1xH100_fp8_TP1,8B / 1xH100,general,2338,0,1.0000000000000002
llama31_8b_1xH100_fp8_TP1,8B / 1xH100,general,2339,0,1.0000000000000002
llama31_8b_1xH100_fp8_TP1,8B / 1xH100,general,2340,0,1.0000000000000002
llama31_8b_1xH100_fp8_TP1,8B / 1xH100,general,2341,0,1.0000000000000002
llama31_8b_1xH100_fp8_TP1,8B / 1xH100,general,2342,0,1.0000000000000002
llama31_8b_1xH100_fp8_TP1,8B / 1xH100,general,2343,0,1.0000000000000002
llama31_8b_1xH100_fp8_TP1,8B / 1xH100,general,2344,0,1.0000000000000002
llama31_8b_1xH100_fp8_TP1,8B / 1xH100,general,2345,0,1.0000000000000002
llama31_8b_1xH100_fp8_TP1,8B / 1xH100,general,2346,0,1.0000000000000002
llama31_8b_1xH100_fp8_TP1,8B / 1xH100,general,2347,0,1.0000000000000002
llama31_8b_1xH100_fp8_TP1,8B / 1xH100,general,2348,0,1.0000000000000002
llama31_8b_1xH100_fp8_TP1,8B / 1xH100,general,2349,0,1.0000000000000002
llama31_8b_1xH100_fp8_TP1,8B / 1xH100,general,2350,0,1.0000000000000002
llama31_8b_1xH100_fp8_TP1,8B / 1xH100,general,2351,0,1.0000000000000002
llama31_8b_1xH100_fp8_TP1,8B / 1xH100,general,2352,0,1.0000000000000002
llama31_8b_1xH100_fp8_TP1,8B / 1xH100,general,2353,0,1.0000000000000002
llama31_8b_1xH100_fp8_TP1,8B / 1xH100,general,2354,0,1.0000000000000002
llama31_8b_1xH100_fp8_TP1,8B / 1xH100,general,2355,0,1.0000000000000002
llama31_8b_1xH100_fp8_TP1,8B / 1xH100,general,2356,0,1.0000000000000002
llama31_8b_1xH100_fp8_TP1,8B / 1xH100,general,2357,0,1.0000000000000002
llama31_8b_1xH100_fp8_TP1,8B / 1xH100,general,2358,0,1.0000000000000002
llama31_8b_1xH100_fp8_TP1,8B / 1xH100,general,2359,0,1.0000000000000002
llama31_8b_1xH100_fp8_TP1,8B / 1xH100,general,2360,0,1.0000000000000002
llama31_8b_1xH100_fp8_TP1,8B / 1xH100,general,2361,0,1.0000000000000002
llama31_8b_1xH100_fp8_TP1,8B / 1xH100,general,2362,0,1.0000000000000002
llama31_8b_1xH100_fp8_TP1,8B / 1xH100,general,2363,0,1.0000000000000002
llama31_8b_1xH100_fp8_TP1,8B / 1xH100,general,2364,0,1.0000000000000002
llama31_8b_1xH100_fp8_TP1,8B / 1xH100,general,2365,0,1.0000000000000002
llama31_8b_1xH100_fp8_TP1,8B / 1xH100,general,2366,0,1.0000000000000002
llama31_8b_1xH100_fp8_TP1,8B / 1xH100,general,2367,0,1.0000000000000002
llama31_8b_1xH100_fp8_TP1,8B / 1xH100,general,2368,0,1.0000000000000002
llama31_8b_1xH100_fp8_TP1,8B / 1xH100,general,2369,0,1.0000000000000002
llama31_8b_1xH100_fp8_TP1,8B / 1xH100,general,2370,0,1.0000000000000002
llama31_8b_1xH100_fp8_TP1,8B / 1xH100,general,2371,0,1.0000000000000002
llama31_8b_1xH100_fp8_TP1,8B / 1xH100,general,2372,0,1.0000000000000002
llama31_8b_1xH100_fp8_TP1,8B / 1xH100,general,2373,0,1.0000000000000002
llama31_8b_1xH100_fp8_TP1,8B / 1xH100,general,2374,0,1.0000000000000002
llama31_8b_1xH100_fp8_TP1,8B / 1xH100,general,2375,0,1.0000000000000002
llama31_8b_1xH100_fp8_TP1,8B / 1xH100,general,2376,0,1.0000000000000002
llama31_8b_1xH100_fp8_TP1,8B / 1xH100,general,2377,0,1.0000000000000002
llama31_8b_1xH100_fp8_TP1,8B / 1xH100,general,2378,0,1.0000000000000002
llama31_8b_1xH100_fp8_TP1,8B / 1xH100,general,2379,0,1.0000000000000002
llama31_8b_1xH100_fp8_TP1,8B / 1xH100,general,2380,0,1.0000000000000002
llama31_8b_1xH100_fp8_TP1,8B / 1xH100,general,2381,0,1.0000000000000002
llama31_8b_1xH100_fp8_TP1,8B / 1xH100,general,2382,0,1.0000000000000002
llama31_8b_1xH100_fp8_TP1,8B / 1xH100,general,2383,0,1.0000000000000002
llama31_8b_1xH100_fp8_TP1,8B / 1xH100,general,2384,0,1.0000000000000002
llama31_8b_1xH100_fp8_TP1,8B / 1xH100,general,2385,0,1.0000000000000002
llama31_8b_1xH100_fp8_TP1,8B / 1xH100,general,2386,0,1.0000000000000002
llama31_8b_1xH100_fp8_TP1,8B / 1xH100,general,2387,0,1.0000000000000002
llama31_8b_1xH100_fp8_TP1,8B / 1xH100,general,2388,0,1.0000000000000002
llama31_8b_1xH100_fp8_TP1,8B / 1xH100,general,2389,0,1.0000000000000002
llama31_8b_1xH100_fp8_TP1,8B / 1xH100,general,2390,0,1.0000000000000002
llama31_8b_1xH100_fp8_TP1,8B / 1xH100,general,2391,0,1.0000000000000002
llama31_8b_1xH100_fp8_TP1,8B / 1xH100,general,2392,0,1.0000000000000002
llama31_8b_1xH100_fp8_TP1,8B / 1xH100,general,2393,0,1.0000000000000002
llama31_8b_1xH100_fp8_TP1,8B / 1xH100,general,2394,0,1.0000000000000002
llama31_8b_1xH100_fp8_TP1,8B / 1xH100,general,2395,0,1.0000000000000002
llama31_8b_1xH100_fp8_TP1,8B / 1xH100,general,2396,0,1.0000000000000002
llama31_8b_1xH100_fp8_TP1,8B / 1xH100,general,2397,0,1.0000000000000002
llama31_8b_1xH100_fp8_TP1,8B / 1xH100,general,2398,0,1.0000000000000002
llama31_8b_1xH100_fp8_TP1,8B / 1xH100,general,2399,0,1.0000000000000002
llama31_8b_1xH100_fp8_TP1,8B / 1xH100,general,2400,0,1.0000000000000002
llama31_8b_1xH100_fp8_TP1,8B / 1xH100,general,2401,0,1.0000000000000002
llama31_8b_1xH100_fp8_TP1,8B / 1xH100,general,2402,0,1.0000000000000002
llama31_8b_1xH100_fp8_TP1,8B / 1xH100,general,2403,0,1.0000000000000002
llama31_8b_1xH100_fp8_TP1,8B / 1xH100,general,2404,0,1.0000000000000002
llama31_8b_1xH100_fp8_TP1,8B / 1xH100,general,2405,0,1.0000000000000002
llama31_8b_1xH100_fp8_TP1,8B / 1xH100,general,2406,0,1.0000000000000002
llama31_8b_1xH100_fp8_TP1,8B / 1xH100,general,2407,0,1.0000000000000002
llama31_8b_1xH100_fp8_TP1,8B / 1xH100,general,2408,0,1.0000000000000002
llama31_8b_1xH100_fp8_TP1,8B / 1xH100,general,2409,0,1.0000000000000002
llama31_8b_1xH100_fp8_TP1,8B / 1xH100,general,2410,0,1.0000000000000002
llama31_8b_1xH100_fp8_TP1,8B / 1xH100,general,2411,0,1.0000000000000002
llama31_8b_1xH100_fp8_TP1,8B / 1xH100,general,2412,0,1.0000000000000002
llama31_8b_1xH100_fp8_TP1,8B / 1xH100,general,2413,0,1.0000000000000002
llama31_8b_1xH100_fp8_TP1,8B / 1xH100,general,2414,0,1.0000000000000002
llama31_8b_1xH100_fp8_TP1,8B / 1xH100,general,2415,0,1.0000000000000002
llama31_8b_1xH100_fp8_TP1,8B / 1xH100,general,2416,0,1.0000000000000002
llama31_8b_1xH100_fp8_TP1,8B / 1xH100,general,2417,0,1.0000000000000002
llama31_8b_1xH100_fp8_TP1,8B / 1xH100,general,2418,0,1.0000000000000002
llama31_8b_1xH100_fp8_TP1,8B / 1xH100,general,2419,0,1.0000000000000002
llama31_8b_1xH100_fp8_TP1,8B / 1xH100,general,2420,0,1.0000000000000002
llama31_8b_1xH100_fp8_TP1,8B / 1xH100,general,2421,0,1.0000000000000002
llama31_8b_1xH100_fp8_TP1,8B / 1xH100,general,2422,0,1.0000000000000002
llama31_8b_1xH100_fp8_TP1,8B / 1xH100,general,2423,0,1.0000000000000002
llama31_8b_1xH100_fp8_TP1,8B / 1xH100,general,2424,0,1.0000000000000002
llama31_8b_1xH100_fp8_TP1,8B / 1xH100,general,2425,0,1.0000000000000002
llama31_8b_1xH100_fp8_TP1,8B / 1xH100,general,2426,0,1.0000000000000002
llama31_8b_1xH100_fp8_TP1,8B / 1xH100,general,2427,0,1.0000000000000002
llama31_8b_1xH100_fp8_TP1,8B / 1xH100,general,2428,0,1.0000000000000002
llama31_8b_1xH100_fp8_TP1,8B / 1xH100,general,2429,0,1.0000000000000002
llama31_8b_1xH100_fp8_TP1,8B / 1xH100,general,2430,0,1.0000000000000002
llama31_8b_1xH100_fp8_TP1,8B / 1xH100,general,2431,0,1.0000000000000002
llama31_8b_1xH100_fp8_TP1,8B / 1xH100,general,2432,0,1.0000000000000002
llama31_8b_1xH100_fp8_TP1,8B / 1xH100,general,2433,0,1.0000000000000002
llama31_8b_1xH100_fp8_TP1,8B / 1xH100,general,2434,0,1.0000000000000002
llama31_8b_1xH100_fp8_TP1,8B / 1xH100,general,2435,0,1.0000000000000002
llama31_8b_1xH100_fp8_TP1,8B / 1xH100,general,2436,0,1.0000000000000002
llama31_8b_1xH100_fp8_TP1,8B / 1xH100,general,2437,0,1.0000000000000002
llama31_8b_1xH100_fp8_TP1,8B / 1xH100,general,2438,0,1.0000000000000002
llama31_8b_1xH100_fp8_TP1,8B / 1xH100,general,2439,0,1.0000000000000002
llama31_8b_1xH100_fp8_TP1,8B / 1xH100,general,2440,0,1.0000000000000002
llama31_8b_1xH100_fp8_TP1,8B / 1xH100,general,2441,0,1.0000000000000002
llama31_8b_1xH100_fp8_TP1,8B / 1xH100,general,2442,0,1.0000000000000002
llama31_8b_1xH100_fp8_TP1,8B / 1xH100,general,2443,0,1.0000000000000002
llama31_8b_1xH100_fp8_TP1,8B / 1xH100,general,2444,0,1.0000000000000002
llama31_8b_1xH100_fp8_TP1,8B / 1xH100,general,2445,0,1.0000000000000002
llama31_8b_1xH100_fp8_TP1,8B / 1xH100,general,2446,0,1.0000000000000002
llama31_8b_1xH100_fp8_TP1,8B / 1xH100,general,2447,0,1.0000000000000002
llama31_8b_1xH100_fp8_TP1,8B / 1xH100,general,2448,0,1.0000000000000002
llama31_8b_1xH100_fp8_TP1,8B / 1xH100,general,2449,0,1.0000000000000002
llama31_8b_1xH100_fp8_TP1,8B / 1xH100,general,2450,0,1.0000000000000002
llama31_8b_1xH100_fp8_TP1,8B / 1xH100,general,2451,0,1.0000000000000002
llama31_8b_1xH100_fp8_TP1,8B / 1xH100,general,2452,0,1.0000000000000002
llama31_8b_1xH100_fp8_TP1,8B / 1xH100,general,2453,0,1.0000000000000002
llama31_8b_1xH100_fp8_TP1,8B / 1xH100,general,2454,0,1.0000000000000002
llama31_8b_1xH100_fp8_TP1,8B / 1xH100,general,2455,0,1.0000000000000002
llama31_8b_1xH100_fp8_TP1,8B / 1xH100,general,2456,0,1.0000000000000002
llama31_8b_1xH100_fp8_TP1,8B / 1xH100,general,2457,0,1.0000000000000002
llama31_8b_1xH100_fp8_TP1,8B / 1xH100,general,2458,0,1.0000000000000002
llama31_8b_1xH100_fp8_TP1,8B / 1xH100,general,2459,0,1.0000000000000002
llama31_8b_1xH100_fp8_TP1,8B / 1xH100,general,2460,0,1.0000000000000002
llama31_8b_1xH100_fp8_TP1,8B / 1xH100,general,2461,0,1.0000000000000002
llama31_8b_1xH100_fp8_TP1,8B / 1xH100,general,2462,0,1.0000000000000002
llama31_8b_1xH100_fp8_TP1,8B / 1xH100,general,2463,0,1.0000000000000002
llama31_8b_1xH100_fp8_TP1,8B / 1xH100,general,2464,0,1.0000000000000002
llama31_8b_1xH100_fp8_TP1,8B / 1xH100,general,2465,0,1.0000000000000002
llama31_8b_1xH100_fp8_TP1,8B / 1xH100,general,2466,0,1.0000000000000002
llama31_8b_1xH100_fp8_TP1,8B / 1xH100,general,2467,0,1.0000000000000002
llama31_8b_1xH100_fp8_TP1,8B / 1xH100,general,2468,0,1.0000000000000002
llama31_8b_1xH100_fp8_TP1,8B / 1xH100,general,2469,0,1.0000000000000002
llama31_8b_1xH100_fp8_TP1,8B / 1xH100,general,2470,0,1.0000000000000002
llama31_8b_1xH100_fp8_TP1,8B / 1xH100,general,2471,0,1.0000000000000002
llama31_8b_1xH100_fp8_TP1,8B / 1xH100,general,2472,0,1.0000000000000002
llama31_8b_1xH100_fp8_TP1,8B / 1xH100,general,2473,0,1.0000000000000002
llama31_8b_1xH100_fp8_TP1,8B / 1xH100,general,2474,0,1.0000000000000002
llama31_8b_1xH100_fp8_TP1,8B / 1xH100,general,2475,0,1.0000000000000002
llama31_8b_1xH100_fp8_TP1,8B / 1xH100,general,2476,0,1.0000000000000002
llama31_8b_1xH100_fp8_TP1,8B / 1xH100,general,2477,0,1.0000000000000002
llama31_8b_1xH100_fp8_TP1,8B / 1xH100,general,2478,0,1.0000000000000002
llama31_8b_1xH100_fp8_TP1,8B / 1xH100,general,2479,0,1.0000000000000002
llama31_8b_1xH100_fp8_TP1,8B / 1xH100,general,2480,0,1.0000000000000002
llama31_8b_1xH100_fp8_TP1,8B / 1xH100,general,2481,0,1.0000000000000002
llama31_8b_1xH100_fp8_TP1,8B / 1xH100,general,2482,0,1.0000000000000002
llama31_8b_1xH100_fp8_TP1,8B / 1xH100,general,2483,0,1.0000000000000002
llama31_8b_1xH100_fp8_TP1,8B / 1xH100,general,2484,0,1.0000000000000002
llama31_8b_1xH100_fp8_TP1,8B / 1xH100,general,2485,0,1.0000000000000002
llama31_8b_1xH100_fp8_TP1,8B / 1xH100,general,2486,0,1.0000000000000002
llama31_8b_1xH100_fp8_TP1,8B / 1xH100,general,2487,0,1.0000000000000002
llama31_8b_1xH100_fp8_TP1,8B / 1xH100,general,2488,0,1.0000000000000002
llama31_8b_1xH100_fp8_TP1,8B / 1xH100,general,2489,0,1.0000000000000002
llama31_8b_1xH100_fp8_TP1,8B / 1xH100,general,2490,0,1.0000000000000002
llama31_8b_1xH100_fp8_TP1,8B / 1xH100,general,2491,0,1.0000000000000002
llama31_8b_1xH100_fp8_TP1,8B / 1xH100,general,2492,0,1.0000000000000002
llama31_8b_1xH100_fp8_TP1,8B / 1xH100,general,2493,0,1.0000000000000002
llama31_8b_1xH100_fp8_TP1,8B / 1xH100,general,2494,0,1.0000000000000002
llama31_8b_1xH100_fp8_TP1,8B / 1xH100,general,2495,0,1.0000000000000002
llama31_8b_1xH100_fp8_TP1,8B / 1xH100,general,2496,0,1.0000000000000002
llama31_8b_1xH100_fp8_TP1,8B / 1xH100,general,2497,0,1.0000000000000002
llama31_8b_1xH100_fp8_TP1,8B / 1xH100,general,2498,0,1.0000000000000002
llama31_8b_1xH100_fp8_TP1,8B / 1xH100,general,2499,0,1.0000000000000002
llama31_8b_1xH100_fp8_TP1,8B / 1xH100,general,2500,0,1.0000000000000002
llama31_8b_1xH100_fp8_TP1,8B / 1xH100,general,2501,0,1.0000000000000002
llama31_8b_1xH100_fp8_TP1,8B / 1xH100,general,2502,0,1.0000000000000002
llama31_8b_1xH100_fp8_TP1,8B / 1xH100,general,2503,0,1.0000000000000002
llama31_8b_1xH100_fp8_TP1,8B / 1xH100,general,2504,0,1.0000000000000002
llama31_8b_1xH100_fp8_TP1,8B / 1xH100,general,2505,0,1.0000000000000002
llama31_8b_1xH100_fp8_TP1,8B / 1xH100,general,2506,0,1.0000000000000002
llama31_8b_1xH100_fp8_TP1,8B / 1xH100,general,2507,0,1.0000000000000002
llama31_8b_1xH100_fp8_TP1,8B / 1xH100,general,2508,0,1.0000000000000002
llama31_8b_1xH100_fp8_TP1,8B / 1xH100,general,2509,0,1.0000000000000002
llama31_8b_1xH100_fp8_TP1,8B / 1xH100,general,2510,0,1.0000000000000002
llama31_8b_1xH100_fp8_TP1,8B / 1xH100,general,2511,0,1.0000000000000002
llama31_8b_1xH100_fp8_TP1,8B / 1xH100,general,2512,0,1.0000000000000002
llama31_8b_1xH100_fp8_TP1,8B / 1xH100,general,2513,0,1.0000000000000002
llama31_8b_1xH100_fp8_TP1,8B / 1xH100,general,2514,0,1.0000000000000002
llama31_8b_1xH100_fp8_TP1,8B / 1xH100,general,2515,0,1.0000000000000002
llama31_8b_1xH100_fp8_TP1,8B / 1xH100,general,2516,0,1.0000000000000002
llama31_8b_1xH100_fp8_TP1,8B / 1xH100,general,2517,0,1.0000000000000002
llama31_8b_1xH100_fp8_TP1,8B / 1xH100,general,2518,0,1.0000000000000002
llama31_8b_1xH100_fp8_TP1,8B / 1xH100,general,2519,0,1.0000000000000002
llama31_8b_1xH100_fp8_TP1,8B / 1xH100,general,2520,0,1.0000000000000002
llama31_8b_1xH100_fp8_TP1,8B / 1xH100,general,2521,0,1.0000000000000002
llama31_8b_1xH100_fp8_TP1,8B / 1xH100,general,2522,0,1.0000000000000002
llama31_8b_1xH100_fp8_TP1,8B / 1xH100,general,2523,0,1.0000000000000002
llama31_8b_1xH100_fp8_TP1,8B / 1xH100,general,2524,0,1.0000000000000002
llama31_8b_1xH100_fp8_TP1,8B / 1xH100,general,2525,0,1.0000000000000002
llama31_8b_1xH100_fp8_TP1,8B / 1xH100,general,2526,0,1.0000000000000002
llama31_8b_1xH100_fp8_TP1,8B / 1xH100,general,2527,0,1.0000000000000002
llama31_8b_1xH100_fp8_TP1,8B / 1xH100,general,2528,0,1.0000000000000002
llama31_8b_1xH100_fp8_TP1,8B / 1xH100,general,2529,0,1.0000000000000002
llama31_8b_1xH100_fp8_TP1,8B / 1xH100,general,2530,0,1.0000000000000002
llama31_8b_1xH100_fp8_TP1,8B / 1xH100,general,2531,0,1.0000000000000002
llama31_8b_1xH100_fp8_TP1,8B / 1xH100,general,2532,0,1.0000000000000002
llama31_8b_1xH100_fp8_TP1,8B / 1xH100,general,2533,0,1.0000000000000002
llama31_8b_1xH100_fp8_TP1,8B / 1xH100,general,2534,0,1.0000000000000002
llama31_8b_1xH100_fp8_TP1,8B / 1xH100,general,2535,0,1.0000000000000002
llama31_8b_1xH100_fp8_TP1,8B / 1xH100,general,2536,0,1.0000000000000002
llama31_8b_1xH100_fp8_TP1,8B / 1xH100,general,2537,0,1.0000000000000002
llama31_8b_1xH100_fp8_TP1,8B / 1xH100,general,2538,0,1.0000000000000002
llama31_8b_1xH100_fp8_TP1,8B / 1xH100,general,2539,0,1.0000000000000002
llama31_8b_1xH100_fp8_TP1,8B / 1xH100,general,2540,0,1.0000000000000002
llama31_8b_1xH100_fp8_TP1,8B / 1xH100,general,2541,0,1.0000000000000002
llama31_8b_1xH100_fp8_TP1,8B / 1xH100,general,2542,0,1.0000000000000002
llama31_8b_1xH100_fp8_TP1,8B / 1xH100,general,2543,0,1.0000000000000002
llama31_8b_1xH100_fp8_TP1,8B / 1xH100,general,2544,0,1.0000000000000002
llama31_8b_1xH100_fp8_TP1,8B / 1xH100,general,2545,0,1.0000000000000002
llama31_8b_1xH100_fp8_TP1,8B / 1xH100,general,2546,0,1.0000000000000002
llama31_8b_1xH100_fp8_TP1,8B / 1xH100,general,2547,0,1.0000000000000002
llama31_8b_1xH100_fp8_TP1,8B / 1xH100,general,2548,0,1.0000000000000002
llama31_8b_1xH100_fp8_TP1,8B / 1xH100,general,2549,0,1.0000000000000002
llama31_8b_1xH100_fp8_TP1,8B / 1xH100,general,2550,0,1.0000000000000002
llama31_8b_1xH100_fp8_TP1,8B / 1xH100,general,2551,0,1.0000000000000002
llama31_8b_1xH100_fp8_TP1,8B / 1xH100,general,2552,0,1.0000000000000002
llama31_8b_1xH100_fp8_TP1,8B / 1xH100,general,2553,0,1.0000000000000002
llama31_8b_1xH100_fp8_TP1,8B / 1xH100,general,2554,0,1.0000000000000002
llama31_8b_1xH100_fp8_TP1,8B / 1xH100,general,2555,0,1.0000000000000002
llama31_8b_1xH100_fp8_TP1,8B / 1xH100,general,2556,0,1.0000000000000002
llama31_8b_1xH100_fp8_TP1,8B / 1xH100,general,2557,0,1.0000000000000002
llama31_8b_1xH100_fp8_TP1,8B / 1xH100,general,2558,0,1.0000000000000002
llama31_8b_1xH100_fp8_TP1,8B / 1xH100,general,2559,0,1.0000000000000002
llama31_8b_1xH100_fp8_TP1,8B / 1xH100,general,2560,0,1.0000000000000002
llama31_8b_1xH100_fp8_TP1,8B / 1xH100,general,2561,0,1.0000000000000002
llama31_8b_1xH100_fp8_TP1,8B / 1xH100,general,2562,0,1.0000000000000002
llama31_8b_1xH100_fp8_TP1,8B / 1xH100,general,2563,0,1.0000000000000002
llama31_8b_1xH100_fp8_TP1,8B / 1xH100,general,2564,0,1.0000000000000002
llama31_8b_1xH100_fp8_TP1,8B / 1xH100,general,2565,0,1.0000000000000002
llama31_8b_1xH100_fp8_TP1,8B / 1xH100,general,2566,0,1.0000000000000002
llama31_8b_1xH100_fp8_TP1,8B / 1xH100,general,2567,0,1.0000000000000002
llama31_8b_1xH100_fp8_TP1,8B / 1xH100,general,2568,0,1.0000000000000002
llama31_8b_1xH100_fp8_TP1,8B / 1xH100,general,2569,0,1.0000000000000002
llama31_8b_1xH100_fp8_TP1,8B / 1xH100,general,2570,0,1.0000000000000002
llama31_8b_1xH100_fp8_TP1,8B / 1xH100,general,2571,0,1.0000000000000002
llama31_8b_1xH100_fp8_TP1,8B / 1xH100,general,2572,0,1.0000000000000002
llama31_8b_1xH100_fp8_TP1,8B / 1xH100,general,2573,0,1.0000000000000002
llama31_8b_1xH100_fp8_TP1,8B / 1xH100,general,2574,0,1.0000000000000002
llama31_8b_1xH100_fp8_TP1,8B / 1xH100,general,2575,0,1.0000000000000002
llama31_8b_1xH100_fp8_TP1,8B / 1xH100,general,2576,0,1.0000000000000002
llama31_8b_1xH100_fp8_TP1,8B / 1xH100,general,2577,0,1.0000000000000002
llama31_8b_1xH100_fp8_TP1,8B / 1xH100,general,2578,0,1.0000000000000002
llama31_8b_1xH100_fp8_TP1,8B / 1xH100,general,2579,0,1.0000000000000002
llama31_8b_1xH100_fp8_TP1,8B / 1xH100,general,2580,0,1.0000000000000002
llama31_8b_1xH100_fp8_TP1,8B / 1xH100,general,2581,0,1.0000000000000002
llama31_8b_1xH100_fp8_TP1,8B / 1xH100,general,2582,0,1.0000000000000002
llama31_8b_1xH100_fp8_TP1,8B / 1xH100,general,2583,0,1.0000000000000002
llama31_8b_1xH100_fp8_TP1,8B / 1xH100,general,2584,0,1.0000000000000002
llama31_8b_1xH100_fp8_TP1,8B / 1xH100,general,2585,0,1.0000000000000002
llama31_8b_1xH100_fp8_TP1,8B / 1xH100,general,2586,0,1.0000000000000002
llama31_8b_1xH100_fp8_TP1,8B / 1xH100,general,2587,0,1.0000000000000002
llama31_8b_1xH100_fp8_TP1,8B / 1xH100,general,2588,0,1.0000000000000002
llama31_8b_1xH100_fp8_TP1,8B / 1xH100,general,2589,0,1.0000000000000002
llama31_8b_1xH100_fp8_TP1,8B / 1xH100,general,2590,0,1.0000000000000002
llama31_8b_1xH100_fp8_TP1,8B / 1xH100,general,2591,0,1.0000000000000002
llama31_8b_1xH100_fp8_TP1,8B / 1xH100,general,2592,0,1.0000000000000002
llama31_8b_1xH100_fp8_TP1,8B / 1xH100,general,2593,0,1.0000000000000002
llama31_8b_1xH100_fp8_TP1,8B / 1xH100,general,2594,0,1.0000000000000002
llama31_8b_1xH100_fp8_TP1,8B / 1xH100,general,2595,0,1.0000000000000002
llama31_8b_1xH100_fp8_TP1,8B / 1xH100,general,2596,0,1.0000000000000002
llama31_8b_1xH100_fp8_TP1,8B / 1xH100,general,2597,0,1.0000000000000002
llama31_8b_1xH100_fp8_TP1,8B / 1xH100,general,2598,0,1.0000000000000002
llama31_8b_1xH100_fp8_TP1,8B / 1xH100,general,2599,0,1.0000000000000002
llama31_8b_1xH100_fp8_TP1,8B / 1xH100,general,2600,0,1.0000000000000002
llama31_8b_1xH100_fp8_TP1,8B / 1xH100,general,2601,0,1.0000000000000002
llama31_8b_1xH100_fp8_TP1,8B / 1xH100,general,2602,0,1.0000000000000002
llama31_8b_1xH100_fp8_TP1,8B / 1xH100,general,2603,0,1.0000000000000002
llama31_8b_1xH100_fp8_TP1,8B / 1xH100,general,2604,0,1.0000000000000002
llama31_8b_1xH100_fp8_TP1,8B / 1xH100,general,2605,0,1.0000000000000002
llama31_8b_1xH100_fp8_TP1,8B / 1xH100,general,2606,0,1.0000000000000002
llama31_8b_1xH100_fp8_TP1,8B / 1xH100,general,2607,0,1.0000000000000002
llama31_8b_1xH100_fp8_TP1,8B / 1xH100,general,2608,0,1.0000000000000002
llama31_8b_1xH100_fp8_TP1,8B / 1xH100,general,2609,0,1.0000000000000002
llama31_8b_1xH100_fp8_TP1,8B / 1xH100,general,2610,0,1.0000000000000002
llama31_8b_1xH100_fp8_TP1,8B / 1xH100,general,2611,0,1.0000000000000002
llama31_8b_1xH100_fp8_TP1,8B / 1xH100,general,2612,0,1.0000000000000002
llama31_8b_1xH100_fp8_TP1,8B / 1xH100,general,2613,0,1.0000000000000002
llama31_8b_1xH100_fp8_TP1,8B / 1xH100,general,2614,0,1.0000000000000002
llama31_8b_1xH100_fp8_TP1,8B / 1xH100,general,2615,0,1.0000000000000002
llama31_8b_1xH100_fp8_TP1,8B / 1xH100,general,2616,0,1.0000000000000002
llama31_8b_1xH100_fp8_TP1,8B / 1xH100,general,2617,0,1.0000000000000002
llama31_8b_1xH100_fp8_TP1,8B / 1xH100,general,2618,0,1.0000000000000002
llama31_8b_1xH100_fp8_TP1,8B / 1xH100,general,2619,0,1.0000000000000002
llama31_8b_1xH100_fp8_TP1,8B / 1xH100,general,2620,0,1.0000000000000002
llama31_8b_1xH100_fp8_TP1,8B / 1xH100,general,2621,0,1.0000000000000002
llama31_8b_1xH100_fp8_TP1,8B / 1xH100,general,2622,0,1.0000000000000002
llama31_8b_1xH100_fp8_TP1,8B / 1xH100,general,2623,0,1.0000000000000002
llama31_8b_1xH100_fp8_TP1,8B / 1xH100,general,2624,0,1.0000000000000002
llama31_8b_1xH100_fp8_TP1,8B / 1xH100,general,2625,0,1.0000000000000002
llama31_8b_1xH100_fp8_TP1,8B / 1xH100,general,2626,0,1.0000000000000002
llama31_8b_1xH100_fp8_TP1,8B / 1xH100,general,2627,0,1.0000000000000002
llama31_8b_1xH100_fp8_TP1,8B / 1xH100,general,2628,0,1.0000000000000002
llama31_8b_1xH100_fp8_TP1,8B / 1xH100,general,2629,0,1.0000000000000002
llama31_8b_1xH100_fp8_TP1,8B / 1xH100,general,2630,0,1.0000000000000002
llama31_8b_1xH100_fp8_TP1,8B / 1xH100,general,2631,0,1.0000000000000002
llama31_8b_1xH100_fp8_TP1,8B / 1xH100,general,2632,0,1.0000000000000002
llama31_8b_1xH100_fp8_TP1,8B / 1xH100,general,2633,0,1.0000000000000002
llama31_8b_1xH100_fp8_TP1,8B / 1xH100,general,2634,0,1.0000000000000002
llama31_8b_1xH100_fp8_TP1,8B / 1xH100,general,2635,0,1.0000000000000002
llama31_8b_1xH100_fp8_TP1,8B / 1xH100,general,2636,0,1.0000000000000002
llama31_8b_1xH100_fp8_TP1,8B / 1xH100,general,2637,0,1.0000000000000002
llama31_8b_1xH100_fp8_TP1,8B / 1xH100,general,2638,0,1.0000000000000002
llama31_8b_1xH100_fp8_TP1,8B / 1xH100,general,2639,0,1.0000000000000002
llama31_8b_1xH100_fp8_TP1,8B / 1xH100,general,2640,0,1.0000000000000002
llama31_8b_1xH100_fp8_TP1,8B / 1xH100,general,2641,0,1.0000000000000002
llama31_8b_1xH100_fp8_TP1,8B / 1xH100,general,2642,0,1.0000000000000002
llama31_8b_1xH100_fp8_TP1,8B / 1xH100,general,2643,0,1.0000000000000002
llama31_8b_1xH100_fp8_TP1,8B / 1xH100,general,2644,0,1.0000000000000002
llama31_8b_1xH100_fp8_TP1,8B / 1xH100,general,2645,0,1.0000000000000002
llama31_8b_1xH100_fp8_TP1,8B / 1xH100,general,2646,0,1.0000000000000002
llama31_8b_1xH100_fp8_TP1,8B / 1xH100,general,2647,0,1.0000000000000002
llama31_8b_1xH100_fp8_TP1,8B / 1xH100,general,2648,0,1.0000000000000002
llama31_8b_1xH100_fp8_TP1,8B / 1xH100,general,2649,0,1.0000000000000002
llama31_8b_1xH100_fp8_TP1,8B / 1xH100,general,2650,0,1.0000000000000002
llama31_8b_1xH100_fp8_TP1,8B / 1xH100,general,2651,0,1.0000000000000002
llama31_8b_1xH100_fp8_TP1,8B / 1xH100,general,2652,0,1.0000000000000002
llama31_8b_1xH100_fp8_TP1,8B / 1xH100,general,2653,0,1.0000000000000002
llama31_8b_1xH100_fp8_TP1,8B / 1xH100,general,2654,0,1.0000000000000002
llama31_8b_1xH100_fp8_TP1,8B / 1xH100,general,2655,0,1.0000000000000002
llama31_8b_1xH100_fp8_TP1,8B / 1xH100,general,2656,0,1.0000000000000002
llama31_8b_1xH100_fp8_TP1,8B / 1xH100,general,2657,0,1.0000000000000002
llama31_8b_1xH100_fp8_TP1,8B / 1xH100,general,2658,0,1.0000000000000002
llama31_8b_1xH100_fp8_TP1,8B / 1xH100,general,2659,0,1.0000000000000002
llama31_8b_1xH100_fp8_TP1,8B / 1xH100,general,2660,0,1.0000000000000002
llama31_8b_1xH100_fp8_TP1,8B / 1xH100,general,2661,0,1.0000000000000002
llama31_8b_1xH100_fp8_TP1,8B / 1xH100,general,2662,0,1.0000000000000002
llama31_8b_1xH100_fp8_TP1,8B / 1xH100,general,2663,0,1.0000000000000002
llama31_8b_1xH100_fp8_TP1,8B / 1xH100,general,2664,0,1.0000000000000002
llama31_8b_1xH100_fp8_TP1,8B / 1xH100,general,2665,0,1.0000000000000002
llama31_8b_1xH100_fp8_TP1,8B / 1xH100,general,2666,0,1.0000000000000002
llama31_8b_1xH100_fp8_TP1,8B / 1xH100,general,2667,0,1.0000000000000002
llama31_8b_1xH100_fp8_TP1,8B / 1xH100,general,2668,0,1.0000000000000002
llama31_8b_1xH100_fp8_TP1,8B / 1xH100,general,2669,0,1.0000000000000002
llama31_8b_1xH100_fp8_TP1,8B / 1xH100,general,2670,0,1.0000000000000002
llama31_8b_1xH100_fp8_TP1,8B / 1xH100,general,2671,0,1.0000000000000002
llama31_8b_1xH100_fp8_TP1,8B / 1xH100,general,2672,0,1.0000000000000002
llama31_8b_1xH100_fp8_TP1,8B / 1xH100,general,2673,0,1.0000000000000002
llama31_8b_1xH100_fp8_TP1,8B / 1xH100,general,2674,0,1.0000000000000002
llama31_8b_1xH100_fp8_TP1,8B / 1xH100,general,2675,0,1.0000000000000002
llama31_8b_1xH100_fp8_TP1,8B / 1xH100,general,2676,0,1.0000000000000002
llama31_8b_1xH100_fp8_TP1,8B / 1xH100,general,2677,0,1.0000000000000002
llama31_8b_1xH100_fp8_TP1,8B / 1xH100,general,2678,0,1.0000000000000002
llama31_8b_1xH100_fp8_TP1,8B / 1xH100,general,2679,0,1.0000000000000002
llama31_8b_1xH100_fp8_TP1,8B / 1xH100,general,2680,0,1.0000000000000002
llama31_8b_1xH100_fp8_TP1,8B / 1xH100,general,2681,0,1.0000000000000002
llama31_8b_1xH100_fp8_TP1,8B / 1xH100,general,2682,0,1.0000000000000002
llama31_8b_1xH100_fp8_TP1,8B / 1xH100,general,2683,0,1.0000000000000002
llama31_8b_1xH100_fp8_TP1,8B / 1xH100,general,2684,0,1.0000000000000002
llama31_8b_1xH100_fp8_TP1,8B / 1xH100,general,2685,0,1.0000000000000002
llama31_8b_1xH100_fp8_TP1,8B / 1xH100,general,2686,0,1.0000000000000002
llama31_8b_1xH100_fp8_TP1,8B / 1xH100,general,2687,0,1.0000000000000002
llama31_8b_1xH100_fp8_TP1,8B / 1xH100,general,2688,0,1.0000000000000002
llama31_8b_1xH100_fp8_TP1,8B / 1xH100,general,2689,0,1.0000000000000002
llama31_8b_1xH100_fp8_TP1,8B / 1xH100,general,2690,0,1.0000000000000002
llama31_8b_1xH100_fp8_TP1,8B / 1xH100,general,2691,0,1.0000000000000002
llama31_8b_1xH100_fp8_TP1,8B / 1xH100,general,2692,0,1.0000000000000002
llama31_8b_1xH100_fp8_TP1,8B / 1xH100,general,2693,0,1.0000000000000002
llama31_8b_1xH100_fp8_TP1,8B / 1xH100,general,2694,0,1.0000000000000002
llama31_8b_1xH100_fp8_TP1,8B / 1xH100,general,2695,0,1.0000000000000002
llama31_8b_1xH100_fp8_TP1,8B / 1xH100,general,2696,0,1.0000000000000002
llama31_8b_1xH100_fp8_TP1,8B / 1xH100,general,2697,0,1.0000000000000002
llama31_8b_1xH100_fp8_TP1,8B / 1xH100,general,2698,0,1.0000000000000002
llama31_8b_1xH100_fp8_TP1,8B / 1xH100,general,2699,0,1.0000000000000002
llama31_8b_1xH100_fp8_TP1,8B / 1xH100,general,2700,0,1.0000000000000002
llama31_8b_1xH100_fp8_TP1,8B / 1xH100,general,2701,0,1.0000000000000002
llama31_8b_1xH100_fp8_TP1,8B / 1xH100,general,2702,0,1.0000000000000002
llama31_8b_1xH100_fp8_TP1,8B / 1xH100,general,2703,0,1.0000000000000002
llama31_8b_1xH100_fp8_TP1,8B / 1xH100,general,2704,0,1.0000000000000002
llama31_8b_1xH100_fp8_TP1,8B / 1xH100,general,2705,0,1.0000000000000002
llama31_8b_1xH100_fp8_TP1,8B / 1xH100,general,2706,0,1.0000000000000002
llama31_8b_1xH100_fp8_TP1,8B / 1xH100,general,2707,0,1.0000000000000002
llama31_8b_1xH100_fp8_TP1,8B / 1xH100,general,2708,0,1.0000000000000002
llama31_8b_1xH100_fp8_TP1,8B / 1xH100,general,2709,0,1.0000000000000002
llama31_8b_1xH100_fp8_TP1,8B / 1xH100,general,2710,0,1.0000000000000002
llama31_8b_1xH100_fp8_TP1,8B / 1xH100,general,2711,0,1.0000000000000002
llama31_8b_1xH100_fp8_TP1,8B / 1xH100,general,2712,0,1.0000000000000002
llama31_8b_1xH100_fp8_TP1,8B / 1xH100,general,2713,0,1.0000000000000002
llama31_8b_1xH100_fp8_TP1,8B / 1xH100,general,2714,0,1.0000000000000002
llama31_8b_1xH100_fp8_TP1,8B / 1xH100,general,2715,0,1.0000000000000002
llama31_8b_1xH100_fp8_TP1,8B / 1xH100,general,2716,0,1.0000000000000002
llama31_8b_1xH100_fp8_TP1,8B / 1xH100,general,2717,0,1.0000000000000002
llama31_8b_1xH100_fp8_TP1,8B / 1xH100,general,2718,0,1.0000000000000002
llama31_8b_1xH100_fp8_TP1,8B / 1xH100,general,2719,0,1.0000000000000002
llama31_8b_1xH100_fp8_TP1,8B / 1xH100,general,2720,0,1.0000000000000002
llama31_8b_1xH100_fp8_TP1,8B / 1xH100,general,2721,0,1.0000000000000002
llama31_8b_1xH100_fp8_TP1,8B / 1xH100,general,2722,0,1.0000000000000002
llama31_8b_1xH100_fp8_TP1,8B / 1xH100,general,2723,0,1.0000000000000002
llama31_8b_1xH100_fp8_TP1,8B / 1xH100,general,2724,0,1.0000000000000002
llama31_8b_1xH100_fp8_TP1,8B / 1xH100,general,2725,0,1.0000000000000002
llama31_8b_1xH100_fp8_TP1,8B / 1xH100,general,2726,0,1.0000000000000002
llama31_8b_1xH100_fp8_TP1,8B / 1xH100,general,2727,0,1.0000000000000002
llama31_8b_1xH100_fp8_TP1,8B / 1xH100,general,2728,0,1.0000000000000002
llama31_8b_1xH100_fp8_TP1,8B / 1xH100,general,2729,0,1.0000000000000002
llama31_8b_1xH100_fp8_TP1,8B / 1xH100,general,2730,0,1.0000000000000002
llama31_8b_1xH100_fp8_TP1,8B / 1xH100,general,2731,0,1.0000000000000002
llama31_8b_1xH100_fp8_TP1,8B / 1xH100,general,2732,0,1.0000000000000002
llama31_8b_1xH100_fp8_TP1,8B / 1xH100,general,2733,0,1.0000000000000002
llama31_8b_1xH100_fp8_TP1,8B / 1xH100,general,2734,0,1.0000000000000002
llama31_8b_1xH100_fp8_TP1,8B / 1xH100,general,2735,0,1.0000000000000002
llama31_8b_1xH100_fp8_TP1,8B / 1xH100,general,2736,0,1.0000000000000002
llama31_8b_1xH100_fp8_TP1,8B / 1xH100,general,2737,0,1.0000000000000002
llama31_8b_1xH100_fp8_TP1,8B / 1xH100,general,2738,0,1.0000000000000002
llama31_8b_1xH100_fp8_TP1,8B / 1xH100,general,2739,0,1.0000000000000002
llama31_8b_1xH100_fp8_TP1,8B / 1xH100,general,2740,0,1.0000000000000002
llama31_8b_1xH100_fp8_TP1,8B / 1xH100,general,2741,0,1.0000000000000002
llama31_8b_1xH100_fp8_TP1,8B / 1xH100,general,2742,0,1.0000000000000002
llama31_8b_1xH100_fp8_TP1,8B / 1xH100,general,2743,0,1.0000000000000002
llama31_8b_1xH100_fp8_TP1,8B / 1xH100,general,2744,0,1.0000000000000002
llama31_8b_1xH100_fp8_TP1,8B / 1xH100,general,2745,0,1.0000000000000002
llama31_8b_1xH100_fp8_TP1,8B / 1xH100,general,2746,0,1.0000000000000002
llama31_8b_1xH100_fp8_TP1,8B / 1xH100,general,2747,0,1.0000000000000002
llama31_8b_1xH100_fp8_TP1,8B / 1xH100,general,2748,0,1.0000000000000002
llama31_8b_1xH100_fp8_TP1,8B / 1xH100,general,2749,0,1.0000000000000002
llama31_8b_1xH100_fp8_TP1,8B / 1xH100,general,2750,0,1.0000000000000002
llama31_8b_1xH100_fp8_TP1,8B / 1xH100,general,2751,0,1.0000000000000002
llama31_8b_1xH100_fp8_TP1,8B / 1xH100,general,2752,0,1.0000000000000002
llama31_8b_1xH100_fp8_TP1,8B / 1xH100,general,2753,0,1.0000000000000002
llama31_8b_1xH100_fp8_TP1,8B / 1xH100,general,2754,0,1.0000000000000002
llama31_8b_1xH100_fp8_TP1,8B / 1xH100,general,2755,0,1.0000000000000002
llama31_8b_1xH100_fp8_TP1,8B / 1xH100,general,2756,0,1.0000000000000002
llama31_8b_1xH100_fp8_TP1,8B / 1xH100,general,2757,0,1.0000000000000002
llama31_8b_1xH100_fp8_TP1,8B / 1xH100,general,2758,0,1.0000000000000002
llama31_8b_1xH100_fp8_TP1,8B / 1xH100,general,2759,0,1.0000000000000002
llama31_8b_1xH100_fp8_TP1,8B / 1xH100,general,2760,0,1.0000000000000002
llama31_8b_1xH100_fp8_TP1,8B / 1xH100,general,2761,0,1.0000000000000002
llama31_8b_1xH100_fp8_TP1,8B / 1xH100,general,2762,0,1.0000000000000002
llama31_8b_1xH100_fp8_TP1,8B / 1xH100,general,2763,0,1.0000000000000002
llama31_8b_1xH100_fp8_TP1,8B / 1xH100,general,2764,0,1.0000000000000002
llama31_8b_1xH100_fp8_TP1,8B / 1xH100,general,2765,0,1.0000000000000002
llama31_8b_1xH100_fp8_TP1,8B / 1xH100,general,2766,0,1.0000000000000002
llama31_8b_1xH100_fp8_TP1,8B / 1xH100,general,2767,0,1.0000000000000002
llama31_8b_1xH100_fp8_TP1,8B / 1xH100,general,2768,0,1.0000000000000002
llama31_8b_1xH100_fp8_TP1,8B / 1xH100,general,2769,0,1.0000000000000002
llama31_8b_1xH100_fp8_TP1,8B / 1xH100,general,2770,0,1.0000000000000002
llama31_8b_1xH100_fp8_TP1,8B / 1xH100,general,2771,0,1.0000000000000002
llama31_8b_1xH100_fp8_TP1,8B / 1xH100,general,2772,0,1.0000000000000002
llama31_8b_1xH100_fp8_TP1,8B / 1xH100,general,2773,0,1.0000000000000002
llama31_8b_1xH100_fp8_TP1,8B / 1xH100,general,2774,0,1.0000000000000002
llama31_8b_1xH100_fp8_TP1,8B / 1xH100,general,2775,0,1.0000000000000002
llama31_8b_1xH100_fp8_TP1,8B / 1xH100,general,2776,0,1.0000000000000002
llama31_8b_1xH100_fp8_TP1,8B / 1xH100,general,2777,0,1.0000000000000002
llama31_8b_1xH100_fp8_TP1,8B / 1xH100,general,2778,0,1.0000000000000002
llama31_8b_1xH100_fp8_TP1,8B / 1xH100,general,2779,0,1.0000000000000002
llama31_8b_1xH100_fp8_TP1,8B / 1xH100,general,2780,0,1.0000000000000002
llama31_8b_1xH100_fp8_TP1,8B / 1xH100,general,2781,0,1.0000000000000002
llama31_8b_1xH100_fp8_TP1,8B / 1xH100,general,2782,0,1.0000000000000002
llama31_8b_1xH100_fp8_TP1,8B / 1xH100,general,2783,0,1.0000000000000002
llama31_8b_1xH100_fp8_TP1,8B / 1xH100,general,2784,0,1.0000000000000002
llama31_8b_1xH100_fp8_TP1,8B / 1xH100,general,2785,0,1.0000000000000002
llama31_8b_1xH100_fp8_TP1,8B / 1xH100,general,2786,0,1.0000000000000002
llama31_8b_1xH100_fp8_TP1,8B / 1xH100,general,2787,0,1.0000000000000002
llama31_8b_1xH100_fp8_TP1,8B / 1xH100,general,2788,0,1.0000000000000002
llama31_8b_1xH100_fp8_TP1,8B / 1xH100,general,2789,0,1.0000000000000002
llama31_8b_1xH100_fp8_TP1,8B / 1xH100,general,2790,0,1.0000000000000002
llama31_8b_1xH100_fp8_TP1,8B / 1xH100,general,2791,0,1.0000000000000002
llama31_8b_1xH100_fp8_TP1,8B / 1xH100,general,2792,0,1.0000000000000002
llama31_8b_1xH100_fp8_TP1,8B / 1xH100,general,2793,0,1.0000000000000002
llama31_8b_1xH100_fp8_TP1,8B / 1xH100,general,2794,0,1.0000000000000002
llama31_8b_1xH100_fp8_TP1,8B / 1xH100,general,2795,0,1.0000000000000002
llama31_8b_1xH100_fp8_TP1,8B / 1xH100,general,2796,0,1.0000000000000002
llama31_8b_1xH100_fp8_TP1,8B / 1xH100,general,2797,0,1.0000000000000002
llama31_8b_1xH100_fp8_TP1,8B / 1xH100,general,2798,0,1.0000000000000002
llama31_8b_1xH100_fp8_TP1,8B / 1xH100,general,2799,0,1.0000000000000002
llama31_8b_1xH100_fp8_TP1,8B / 1xH100,general,2800,0,1.0000000000000002
llama31_8b_1xH100_fp8_TP1,8B / 1xH100,general,2801,0,1.0000000000000002
llama31_8b_1xH100_fp8_TP1,8B / 1xH100,general,2802,0,1.0000000000000002
llama31_8b_1xH100_fp8_TP1,8B / 1xH100,general,2803,0,1.0000000000000002
llama31_8b_1xH100_fp8_TP1,8B / 1xH100,general,2804,0,1.0000000000000002
llama31_8b_1xH100_fp8_TP1,8B / 1xH100,general,2805,0,1.0000000000000002
llama31_8b_1xH100_fp8_TP1,8B / 1xH100,general,2806,0,1.0000000000000002
llama31_8b_1xH100_fp8_TP1,8B / 1xH100,general,2807,0,1.0000000000000002
llama31_8b_1xH100_fp8_TP1,8B / 1xH100,general,2808,0,1.0000000000000002
llama31_8b_1xH100_fp8_TP1,8B / 1xH100,general,2809,0,1.0000000000000002
llama31_8b_1xH100_fp8_TP1,8B / 1xH100,general,2810,0,1.0000000000000002
llama31_8b_1xH100_fp8_TP1,8B / 1xH100,general,2811,0,1.0000000000000002
llama31_8b_1xH100_fp8_TP1,8B / 1xH100,general,2812,0,1.0000000000000002
llama31_8b_1xH100_fp8_TP1,8B / 1xH100,general,2813,0,1.0000000000000002
llama31_8b_1xH100_fp8_TP1,8B / 1xH100,general,2814,0,1.0000000000000002
llama31_8b_1xH100_fp8_TP1,8B / 1xH100,general,2815,0,1.0000000000000002
llama31_8b_1xH100_fp8_TP1,8B / 1xH100,general,2816,0,1.0000000000000002
llama31_8b_1xH100_fp8_TP1,8B / 1xH100,general,2817,0,1.0000000000000002
llama31_8b_1xH100_fp8_TP1,8B / 1xH100,general,2818,0,1.0000000000000002
llama31_8b_1xH100_fp8_TP1,8B / 1xH100,general,2819,0,1.0000000000000002
llama31_8b_1xH100_fp8_TP1,8B / 1xH100,general,2820,0,1.0000000000000002
llama31_8b_1xH100_fp8_TP1,8B / 1xH100,general,2821,0,1.0000000000000002
llama31_8b_1xH100_fp8_TP1,8B / 1xH100,general,2822,0,1.0000000000000002
llama31_8b_1xH100_fp8_TP1,8B / 1xH100,general,2823,0,1.0000000000000002
llama31_8b_1xH100_fp8_TP1,8B / 1xH100,general,2824,0,1.0000000000000002
llama31_8b_1xH100_fp8_TP1,8B / 1xH100,general,2825,0,1.0000000000000002
llama31_8b_1xH100_fp8_TP1,8B / 1xH100,general,2826,0,1.0000000000000002
llama31_8b_1xH100_fp8_TP1,8B / 1xH100,general,2827,0,1.0000000000000002
llama31_8b_1xH100_fp8_TP1,8B / 1xH100,general,2828,0,1.0000000000000002
llama31_8b_1xH100_fp8_TP1,8B / 1xH100,general,2829,0,1.0000000000000002
llama31_8b_1xH100_fp8_TP1,8B / 1xH100,general,2830,0,1.0000000000000002
llama31_8b_1xH100_fp8_TP1,8B / 1xH100,general,2831,0,1.0000000000000002
llama31_8b_1xH100_fp8_TP1,8B / 1xH100,general,2832,0,1.0000000000000002
llama31_8b_1xH100_fp8_TP1,8B / 1xH100,general,2833,0,1.0000000000000002
llama31_8b_1xH100_fp8_TP1,8B / 1xH100,general,2834,0,1.0000000000000002
llama31_8b_1xH100_fp8_TP1,8B / 1xH100,general,2835,0,1.0000000000000002
llama31_8b_1xH100_fp8_TP1,8B / 1xH100,general,2836,0,1.0000000000000002
llama31_8b_1xH100_fp8_TP1,8B / 1xH100,general,2837,0,1.0000000000000002
llama31_8b_1xH100_fp8_TP1,8B / 1xH100,general,2838,0,1.0000000000000002
llama31_8b_1xH100_fp8_TP1,8B / 1xH100,general,2839,0,1.0000000000000002
llama31_8b_1xH100_fp8_TP1,8B / 1xH100,general,2840,0,1.0000000000000002
llama31_8b_1xH100_fp8_TP1,8B / 1xH100,general,2841,0,1.0000000000000002
llama31_8b_1xH100_fp8_TP1,8B / 1xH100,general,2842,0,1.0000000000000002
llama31_8b_1xH100_fp8_TP1,8B / 1xH100,general,2843,0,1.0000000000000002
llama31_8b_1xH100_fp8_TP1,8B / 1xH100,general,2844,0,1.0000000000000002
llama31_8b_1xH100_fp8_TP1,8B / 1xH100,general,2845,0,1.0000000000000002
llama31_8b_1xH100_fp8_TP1,8B / 1xH100,general,2846,0,1.0000000000000002
llama31_8b_1xH100_fp8_TP1,8B / 1xH100,general,2847,0,1.0000000000000002
llama31_8b_1xH100_fp8_TP1,8B / 1xH100,general,2848,0,1.0000000000000002
llama31_8b_1xH100_fp8_TP1,8B / 1xH100,general,2849,0,1.0000000000000002
llama31_8b_1xH100_fp8_TP1,8B / 1xH100,general,2850,0,1.0000000000000002
llama31_8b_1xH100_fp8_TP1,8B / 1xH100,general,2851,0,1.0000000000000002
llama31_8b_1xH100_fp8_TP1,8B / 1xH100,general,2852,0,1.0000000000000002
llama31_8b_1xH100_fp8_TP1,8B / 1xH100,general,2853,0,1.0000000000000002
llama31_8b_1xH100_fp8_TP1,8B / 1xH100,general,2854,0,1.0000000000000002
llama31_8b_1xH100_fp8_TP1,8B / 1xH100,general,2855,0,1.0000000000000002
llama31_8b_1xH100_fp8_TP1,8B / 1xH100,general,2856,0,1.0000000000000002
llama31_8b_1xH100_fp8_TP1,8B / 1xH100,general,2857,0,1.0000000000000002
llama31_8b_1xH100_fp8_TP1,8B / 1xH100,general,2858,0,1.0000000000000002
llama31_8b_1xH100_fp8_TP1,8B / 1xH100,general,2859,0,1.0000000000000002
llama31_8b_1xH100_fp8_TP1,8B / 1xH100,general,2860,0,1.0000000000000002
llama31_8b_1xH100_fp8_TP1,8B / 1xH100,general,2861,0,1.0000000000000002
llama31_8b_1xH100_fp8_TP1,8B / 1xH100,general,2862,0,1.0000000000000002
llama31_8b_1xH100_fp8_TP1,8B / 1xH100,general,2863,0,1.0000000000000002
llama31_8b_1xH100_fp8_TP1,8B / 1xH100,general,2864,0,1.0000000000000002
llama31_8b_1xH100_fp8_TP1,8B / 1xH100,general,2865,0,1.0000000000000002
llama31_8b_1xH100_fp8_TP1,8B / 1xH100,general,2866,0,1.0000000000000002
llama31_8b_1xH100_fp8_TP1,8B / 1xH100,general,2867,0,1.0000000000000002
llama31_8b_1xH100_fp8_TP1,8B / 1xH100,general,2868,0,1.0000000000000002
llama31_8b_1xH100_fp8_TP1,8B / 1xH100,general,2869,0,1.0000000000000002
llama31_8b_1xH100_fp8_TP1,8B / 1xH100,general,2870,0,1.0000000000000002
llama31_8b_1xH100_fp8_TP1,8B / 1xH100,general,2871,0,1.0000000000000002
llama31_8b_1xH100_fp8_TP1,8B / 1xH100,general,2872,0,1.0000000000000002
llama31_8b_1xH100_fp8_TP1,8B / 1xH100,general,2873,0,1.0000000000000002
llama31_8b_1xH100_fp8_TP1,8B / 1xH100,general,2874,0,1.0000000000000002
llama31_8b_1xH100_fp8_TP1,8B / 1xH100,general,2875,0,1.0000000000000002
llama31_8b_1xH100_fp8_TP1,8B / 1xH100,general,2876,0,1.0000000000000002
llama31_8b_1xH100_fp8_TP1,8B / 1xH100,general,2877,0,1.0000000000000002
llama31_8b_1xH100_fp8_TP1,8B / 1xH100,general,2878,0,1.0000000000000002
llama31_8b_1xH100_fp8_TP1,8B / 1xH100,general,2879,0,1.0000000000000002
llama31_8b_1xH100_fp8_TP1,8B / 1xH100,general,2880,0,1.0000000000000002
llama31_8b_1xH100_fp8_TP1,8B / 1xH100,general,2881,0,1.0000000000000002
llama31_8b_1xH100_fp8_TP1,8B / 1xH100,general,2882,0,1.0000000000000002
llama31_8b_1xH100_fp8_TP1,8B / 1xH100,general,2883,0,1.0000000000000002
llama31_8b_1xH100_fp8_TP1,8B / 1xH100,general,2884,0,1.0000000000000002
llama31_8b_1xH100_fp8_TP1,8B / 1xH100,general,2885,0,1.0000000000000002
llama31_8b_1xH100_fp8_TP1,8B / 1xH100,general,2886,0,1.0000000000000002
llama31_8b_1xH100_fp8_TP1,8B / 1xH100,general,2887,0,1.0000000000000002
llama31_8b_1xH100_fp8_TP1,8B / 1xH100,general,2888,0,1.0000000000000002
llama31_8b_1xH100_fp8_TP1,8B / 1xH100,general,2889,0,1.0000000000000002
llama31_8b_1xH100_fp8_TP1,8B / 1xH100,general,2890,0,1.0000000000000002
llama31_8b_1xH100_fp8_TP1,8B / 1xH100,general,2891,0,1.0000000000000002
llama31_8b_1xH100_fp8_TP1,8B / 1xH100,general,2892,0,1.0000000000000002
llama31_8b_1xH100_fp8_TP1,8B / 1xH100,general,2893,0,1.0000000000000002
llama31_8b_1xH100_fp8_TP1,8B / 1xH100,general,2894,0,1.0000000000000002
llama31_8b_1xH100_fp8_TP1,8B / 1xH100,general,2895,0,1.0000000000000002
llama31_8b_1xH100_fp8_TP1,8B / 1xH100,general,2896,0,1.0000000000000002
llama31_8b_1xH100_fp8_TP1,8B / 1xH100,general,2897,0,1.0000000000000002
llama31_8b_1xH100_fp8_TP1,8B / 1xH100,general,2898,0,1.0000000000000002
llama31_8b_1xH100_fp8_TP1,8B / 1xH100,general,2899,0,1.0000000000000002
llama31_8b_1xH100_fp8_TP1,8B / 1xH100,general,2900,0,1.0000000000000002
llama31_8b_1xH100_fp8_TP1,8B / 1xH100,general,2901,0,1.0000000000000002
llama31_8b_1xH100_fp8_TP1,8B / 1xH100,general,2902,0,1.0000000000000002
llama31_8b_1xH100_fp8_TP1,8B / 1xH100,general,2903,0,1.0000000000000002
llama31_8b_1xH100_fp8_TP1,8B / 1xH100,general,2904,0,1.0000000000000002
llama31_8b_1xH100_fp8_TP1,8B / 1xH100,general,2905,0,1.0000000000000002
llama31_8b_1xH100_fp8_TP1,8B / 1xH100,general,2906,0,1.0000000000000002
llama31_8b_1xH100_fp8_TP1,8B / 1xH100,general,2907,0,1.0000000000000002
llama31_8b_1xH100_fp8_TP1,8B / 1xH100,general,2908,0,1.0000000000000002
llama31_8b_1xH100_fp8_TP1,8B / 1xH100,general,2909,0,1.0000000000000002
llama31_8b_1xH100_fp8_TP1,8B / 1xH100,general,2910,0,1.0000000000000002
llama31_8b_1xH100_fp8_TP1,8B / 1xH100,general,2911,0,1.0000000000000002
llama31_8b_1xH100_fp8_TP1,8B / 1xH100,general,2912,0,1.0000000000000002
llama31_8b_1xH100_fp8_TP1,8B / 1xH100,general,2913,0,1.0000000000000002
llama31_8b_1xH100_fp8_TP1,8B / 1xH100,general,2914,0,1.0000000000000002
llama31_8b_1xH100_fp8_TP1,8B / 1xH100,general,2915,0,1.0000000000000002
llama31_8b_1xH100_fp8_TP1,8B / 1xH100,general,2916,0,1.0000000000000002
llama31_8b_1xH100_fp8_TP1,8B / 1xH100,general,2917,0,1.0000000000000002
llama31_8b_1xH100_fp8_TP1,8B / 1xH100,general,2918,0,1.0000000000000002
llama31_8b_1xH100_fp8_TP1,8B / 1xH100,general,2919,0,1.0000000000000002
llama31_8b_1xH100_fp8_TP1,8B / 1xH100,general,2920,0,1.0000000000000002
llama31_8b_1xH100_fp8_TP1,8B / 1xH100,general,2921,0,1.0000000000000002
llama31_8b_1xH100_fp8_TP1,8B / 1xH100,general,2922,0,1.0000000000000002
llama31_8b_1xH100_fp8_TP1,8B / 1xH100,general,2923,0,1.0000000000000002
llama31_8b_1xH100_fp8_TP1,8B / 1xH100,general,2924,0,1.0000000000000002
llama31_8b_1xH100_fp8_TP1,8B / 1xH100,general,2925,0,1.0000000000000002
llama31_8b_1xH100_fp8_TP1,8B / 1xH100,general,2926,0,1.0000000000000002
llama31_8b_1xH100_fp8_TP1,8B / 1xH100,general,2927,0,1.0000000000000002
llama31_8b_1xH100_fp8_TP1,8B / 1xH100,general,2928,0,1.0000000000000002
llama31_8b_1xH100_fp8_TP1,8B / 1xH100,general,2929,0,1.0000000000000002
llama31_8b_1xH100_fp8_TP1,8B / 1xH100,general,2930,0,1.0000000000000002
llama31_8b_1xH100_fp8_TP1,8B / 1xH100,general,2931,0,1.0000000000000002
llama31_8b_1xH100_fp8_TP1,8B / 1xH100,general,2932,0,1.0000000000000002
llama31_8b_1xH100_fp8_TP1,8B / 1xH100,general,2933,0,1.0000000000000002
llama31_8b_1xH100_fp8_TP1,8B / 1xH100,general,2934,0,1.0000000000000002
llama31_8b_1xH100_fp8_TP1,8B / 1xH100,general,2935,0,1.0000000000000002
llama31_8b_1xH100_fp8_TP1,8B / 1xH100,general,2936,0,1.0000000000000002
llama31_8b_1xH100_fp8_TP1,8B / 1xH100,general,2937,0,1.0000000000000002
llama31_8b_1xH100_fp8_TP1,8B / 1xH100,general,2938,0,1.0000000000000002
llama31_8b_1xH100_fp8_TP1,8B / 1xH100,general,2939,0,1.0000000000000002
llama31_8b_1xH100_fp8_TP1,8B / 1xH100,general,2940,0,1.0000000000000002
llama31_8b_1xH100_fp8_TP1,8B / 1xH100,general,2941,0,1.0000000000000002
llama31_8b_1xH100_fp8_TP1,8B / 1xH100,general,2942,0,1.0000000000000002
llama31_8b_1xH100_fp8_TP1,8B / 1xH100,general,2943,0,1.0000000000000002
llama31_8b_1xH100_fp8_TP1,8B / 1xH100,general,2944,0,1.0000000000000002
llama31_8b_1xH100_fp8_TP1,8B / 1xH100,general,2945,0,1.0000000000000002
llama31_8b_1xH100_fp8_TP1,8B / 1xH100,general,2946,0,1.0000000000000002
llama31_8b_1xH100_fp8_TP1,8B / 1xH100,general,2947,0,1.0000000000000002
llama31_8b_1xH100_fp8_TP1,8B / 1xH100,general,2948,0,1.0000000000000002
llama31_8b_1xH100_fp8_TP1,8B / 1xH100,general,2949,0,1.0000000000000002
llama31_8b_1xH100_fp8_TP1,8B / 1xH100,general,2950,0,1.0000000000000002
llama31_8b_1xH100_fp8_TP1,8B / 1xH100,general,2951,0,1.0000000000000002
llama31_8b_1xH100_fp8_TP1,8B / 1xH100,general,2952,0,1.0000000000000002
llama31_8b_1xH100_fp8_TP1,8B / 1xH100,general,2953,0,1.0000000000000002
llama31_8b_1xH100_fp8_TP1,8B / 1xH100,general,2954,0,1.0000000000000002
llama31_8b_1xH100_fp8_TP1,8B / 1xH100,general,2955,0,1.0000000000000002
llama31_8b_1xH100_fp8_TP1,8B / 1xH100,general,2956,0,1.0000000000000002
llama31_8b_1xH100_fp8_TP1,8B / 1xH100,general,2957,0,1.0000000000000002
llama31_8b_1xH100_fp8_TP1,8B / 1xH100,general,2958,0,1.0000000000000002
llama31_8b_1xH100_fp8_TP1,8B / 1xH100,general,2959,0,1.0000000000000002
llama31_8b_1xH100_fp8_TP1,8B / 1xH100,general,2960,0,1.0000000000000002
llama31_8b_1xH100_fp8_TP1,8B / 1xH100,general,2961,0,1.0000000000000002
llama31_8b_1xH100_fp8_TP1,8B / 1xH100,general,2962,0,1.0000000000000002
llama31_8b_1xH100_fp8_TP1,8B / 1xH100,general,2963,0,1.0000000000000002
llama31_8b_1xH100_fp8_TP1,8B / 1xH100,general,2964,0,1.0000000000000002
llama31_8b_1xH100_fp8_TP1,8B / 1xH100,general,2965,0,1.0000000000000002
llama31_8b_1xH100_fp8_TP1,8B / 1xH100,general,2966,0,1.0000000000000002
llama31_8b_1xH100_fp8_TP1,8B / 1xH100,general,2967,0,1.0000000000000002
llama31_8b_1xH100_fp8_TP1,8B / 1xH100,general,2968,0,1.0000000000000002
llama31_8b_1xH100_fp8_TP1,8B / 1xH100,general,2969,0,1.0000000000000002
llama31_8b_1xH100_fp8_TP1,8B / 1xH100,general,2970,0,1.0000000000000002
llama31_8b_1xH100_fp8_TP1,8B / 1xH100,general,2971,0,1.0000000000000002
llama31_8b_1xH100_fp8_TP1,8B / 1xH100,general,2972,0,1.0000000000000002
llama31_8b_1xH100_fp8_TP1,8B / 1xH100,general,2973,0,1.0000000000000002
llama31_8b_1xH100_fp8_TP1,8B / 1xH100,general,2974,0,1.0000000000000002
llama31_8b_1xH100_fp8_TP1,8B / 1xH100,general,2975,0,1.0000000000000002
llama31_8b_1xH100_fp8_TP1,8B / 1xH100,general,2976,0,1.0000000000000002
llama31_8b_1xH100_fp8_TP1,8B / 1xH100,general,2977,0,1.0000000000000002
llama31_8b_1xH100_fp8_TP1,8B / 1xH100,general,2978,0,1.0000000000000002
llama31_8b_1xH100_fp8_TP1,8B / 1xH100,general,2979,0,1.0000000000000002
llama31_8b_1xH100_fp8_TP1,8B / 1xH100,general,2980,0,1.0000000000000002
llama31_8b_1xH100_fp8_TP1,8B / 1xH100,general,2981,0,1.0000000000000002
llama31_8b_1xH100_fp8_TP1,8B / 1xH100,general,2982,0,1.0000000000000002
llama31_8b_1xH100_fp8_TP1,8B / 1xH100,general,2983,0,1.0000000000000002
llama31_8b_1xH100_fp8_TP1,8B / 1xH100,general,2984,0,1.0000000000000002
llama31_8b_1xH100_fp8_TP1,8B / 1xH100,general,2985,0,1.0000000000000002
llama31_8b_1xH100_fp8_TP1,8B / 1xH100,general,2986,0,1.0000000000000002
llama31_8b_1xH100_fp8_TP1,8B / 1xH100,general,2987,0,1.0000000000000002
llama31_8b_1xH100_fp8_TP1,8B / 1xH100,general,2988,0,1.0000000000000002
llama31_8b_1xH100_fp8_TP1,8B / 1xH100,general,2989,0,1.0000000000000002
llama31_8b_1xH100_fp8_TP1,8B / 1xH100,general,2990,0,1.0000000000000002
llama31_8b_1xH100_fp8_TP1,8B / 1xH100,general,2991,0,1.0000000000000002
llama31_8b_1xH100_fp8_TP1,8B / 1xH100,general,2992,0,1.0000000000000002
llama31_8b_1xH100_fp8_TP1,8B / 1xH100,general,2993,0,1.0000000000000002
llama31_8b_1xH100_fp8_TP1,8B / 1xH100,general,2994,0,1.0000000000000002
llama31_8b_1xH100_fp8_TP1,8B / 1xH100,general,2995,0,1.0000000000000002
llama31_8b_1xH100_fp8_TP1,8B / 1xH100,general,2996,0,1.0000000000000002
llama31_8b_1xH100_fp8_TP1,8B / 1xH100,general,2997,0,1.0000000000000002
llama31_8b_1xH100_fp8_TP1,8B / 1xH100,general,2998,0,1.0000000000000002
llama31_8b_1xH100_fp8_TP1,8B / 1xH100,general,2999,0,1.0000000000000002
llama31_8b_1xH100_fp8_TP1,8B / 1xH100,general,3000,0,1.0000000000000002
llama31_8b_1xH100_fp8_TP1,8B / 1xH100,general,3001,0,1.0000000000000002
llama31_8b_1xH100_fp8_TP1,8B / 1xH100,general,3002,0,1.0000000000000002
llama31_8b_1xH100_fp8_TP1,8B / 1xH100,general,3003,0,1.0000000000000002
llama31_8b_1xH100_fp8_TP1,8B / 1xH100,general,3004,0,1.0000000000000002
llama31_8b_1xH100_fp8_TP1,8B / 1xH100,general,3005,0,1.0000000000000002
llama31_8b_1xH100_fp8_TP1,8B / 1xH100,general,3006,0,1.0000000000000002
llama31_8b_1xH100_fp8_TP1,8B / 1xH100,general,3007,0,1.0000000000000002
llama31_8b_1xH100_fp8_TP1,8B / 1xH100,general,3008,0,1.0000000000000002
llama31_8b_1xH100_fp8_TP1,8B / 1xH100,general,3009,0,1.0000000000000002
llama31_8b_1xH100_fp8_TP1,8B / 1xH100,general,3010,0,1.0000000000000002
llama31_8b_1xH100_fp8_TP1,8B / 1xH100,general,3011,0,1.0000000000000002
llama31_8b_1xH100_fp8_TP1,8B / 1xH100,general,3012,0,1.0000000000000002
llama31_8b_1xH100_fp8_TP1,8B / 1xH100,general,3013,0,1.0000000000000002
llama31_8b_1xH100_fp8_TP1,8B / 1xH100,general,3014,0,1.0000000000000002
llama31_8b_1xH100_fp8_TP1,8B / 1xH100,general,3015,0,1.0000000000000002
llama31_8b_1xH100_fp8_TP1,8B / 1xH100,general,3016,0,1.0000000000000002
llama31_8b_1xH100_fp8_TP1,8B / 1xH100,general,3017,0,1.0000000000000002
llama31_8b_1xH100_fp8_TP1,8B / 1xH100,general,3018,0,1.0000000000000002
llama31_8b_1xH100_fp8_TP1,8B / 1xH100,general,3019,0,1.0000000000000002
llama31_8b_1xH100_fp8_TP1,8B / 1xH100,general,3020,0,1.0000000000000002
llama31_8b_1xH100_fp8_TP1,8B / 1xH100,general,3021,0,1.0000000000000002
llama31_8b_1xH100_fp8_TP1,8B / 1xH100,general,3022,0,1.0000000000000002
llama31_8b_1xH100_fp8_TP1,8B / 1xH100,general,3023,0,1.0000000000000002
llama31_8b_1xH100_fp8_TP1,8B / 1xH100,general,3024,0,1.0000000000000002
llama31_8b_1xH100_fp8_TP1,8B / 1xH100,general,3025,0,1.0000000000000002
llama31_8b_1xH100_fp8_TP1,8B / 1xH100,general,3026,0,1.0000000000000002
llama31_8b_1xH100_fp8_TP1,8B / 1xH100,general,3027,0,1.0000000000000002
llama31_8b_1xH100_fp8_TP1,8B / 1xH100,general,3028,0,1.0000000000000002
llama31_8b_1xH100_fp8_TP1,8B / 1xH100,general,3029,0,1.0000000000000002
llama31_8b_1xH100_fp8_TP1,8B / 1xH100,general,3030,0,1.0000000000000002
llama31_8b_1xH100_fp8_TP1,8B / 1xH100,general,3031,0,1.0000000000000002
llama31_8b_1xH100_fp8_TP1,8B / 1xH100,general,3032,0,1.0000000000000002
llama31_8b_1xH100_fp8_TP1,8B / 1xH100,general,3033,0,1.0000000000000002
llama31_8b_1xH100_fp8_TP1,8B / 1xH100,general,3034,0,1.0000000000000002
llama31_8b_1xH100_fp8_TP1,8B / 1xH100,general,3035,0,1.0000000000000002
llama31_8b_1xH100_fp8_TP1,8B / 1xH100,general,3036,0,1.0000000000000002
llama31_8b_1xH100_fp8_TP1,8B / 1xH100,general,3037,0,1.0000000000000002
llama31_8b_1xH100_fp8_TP1,8B / 1xH100,general,3038,0,1.0000000000000002
llama31_8b_1xH100_fp8_TP1,8B / 1xH100,general,3039,0,1.0000000000000002
llama31_8b_1xH100_fp8_TP1,8B / 1xH100,general,3040,0,1.0000000000000002
llama31_8b_1xH100_fp8_TP1,8B / 1xH100,general,3041,0,1.0000000000000002
llama31_8b_1xH100_fp8_TP1,8B / 1xH100,general,3042,0,1.0000000000000002
llama31_8b_1xH100_fp8_TP1,8B / 1xH100,general,3043,0,1.0000000000000002
llama31_8b_1xH100_fp8_TP1,8B / 1xH100,general,3044,0,1.0000000000000002
llama31_8b_1xH100_fp8_TP1,8B / 1xH100,general,3045,0,1.0000000000000002
llama31_8b_1xH100_fp8_TP1,8B / 1xH100,general,3046,0,1.0000000000000002
llama31_8b_1xH100_fp8_TP1,8B / 1xH100,general,3047,0,1.0000000000000002
llama31_8b_1xH100_fp8_TP1,8B / 1xH100,general,3048,0,1.0000000000000002
llama31_8b_1xH100_fp8_TP1,8B / 1xH100,general,3049,0,1.0000000000000002
llama31_8b_1xH100_fp8_TP1,8B / 1xH100,general,3050,0,1.0000000000000002
llama31_8b_1xH100_fp8_TP1,8B / 1xH100,general,3051,0,1.0000000000000002
llama31_8b_1xH100_fp8_TP1,8B / 1xH100,general,3052,0,1.0000000000000002
llama31_8b_1xH100_fp8_TP1,8B / 1xH100,general,3053,0,1.0000000000000002
llama31_8b_1xH100_fp8_TP1,8B / 1xH100,general,3054,0,1.0000000000000002
llama31_8b_1xH100_fp8_TP1,8B / 1xH100,general,3055,0,1.0000000000000002
llama31_8b_1xH100_fp8_TP1,8B / 1xH100,general,3056,0,1.0000000000000002
llama31_8b_1xH100_fp8_TP1,8B / 1xH100,general,3057,0,1.0000000000000002
llama31_8b_1xH100_fp8_TP1,8B / 1xH100,general,3058,0,1.0000000000000002
llama31_8b_1xH100_fp8_TP1,8B / 1xH100,general,3059,0,1.0000000000000002
llama31_8b_1xH100_fp8_TP1,8B / 1xH100,general,3060,0,1.0000000000000002
llama31_8b_1xH100_fp8_TP1,8B / 1xH100,general,3061,0,1.0000000000000002
llama31_8b_1xH100_fp8_TP1,8B / 1xH100,general,3062,0,1.0000000000000002
llama31_8b_1xH100_fp8_TP1,8B / 1xH100,general,3063,0,1.0000000000000002
llama31_8b_1xH100_fp8_TP1,8B / 1xH100,general,3064,0,1.0000000000000002
llama31_8b_1xH100_fp8_TP1,8B / 1xH100,general,3065,0,1.0000000000000002
llama31_8b_1xH100_fp8_TP1,8B / 1xH100,general,3066,0,1.0000000000000002
llama31_8b_1xH100_fp8_TP1,8B / 1xH100,general,3067,0,1.0000000000000002
llama31_8b_1xH100_fp8_TP1,8B / 1xH100,general,3068,0,1.0000000000000002
llama31_8b_1xH100_fp8_TP1,8B / 1xH100,general,3069,0,1.0000000000000002
llama31_8b_1xH100_fp8_TP1,8B / 1xH100,general,3070,0,1.0000000000000002
llama31_8b_1xH100_fp8_TP1,8B / 1xH100,general,3071,0,1.0000000000000002
llama31_8b_1xH100_fp8_TP1,8B / 1xH100,general,3072,0,1.0000000000000002
llama31_8b_1xH100_fp8_TP1,8B / 1xH100,general,3073,0,1.0000000000000002
llama31_8b_1xH100_fp8_TP1,8B / 1xH100,general,3074,0,1.0000000000000002
llama31_8b_1xH100_fp8_TP1,8B / 1xH100,general,3075,0,1.0000000000000002
llama31_8b_1xH100_fp8_TP1,8B / 1xH100,general,3076,0,1.0000000000000002
llama31_8b_1xH100_fp8_TP1,8B / 1xH100,general,3077,0,1.0000000000000002
llama31_8b_1xH100_fp8_TP1,8B / 1xH100,general,3078,0,1.0000000000000002
llama31_8b_1xH100_fp8_TP1,8B / 1xH100,general,3079,0,1.0000000000000002
llama31_8b_1xH100_fp8_TP1,8B / 1xH100,general,3080,0,1.0000000000000002
llama31_8b_1xH100_fp8_TP1,8B / 1xH100,general,3081,0,1.0000000000000002
llama31_8b_1xH100_fp8_TP1,8B / 1xH100,general,3082,0,1.0000000000000002
llama31_8b_1xH100_fp8_TP1,8B / 1xH100,general,3083,0,1.0000000000000002
llama31_8b_1xH100_fp8_TP1,8B / 1xH100,general,3084,0,1.0000000000000002
llama31_8b_1xH100_fp8_TP1,8B / 1xH100,general,3085,0,1.0000000000000002
llama31_8b_1xH100_fp8_TP1,8B / 1xH100,general,3086,0,1.0000000000000002
llama31_8b_1xH100_fp8_TP1,8B / 1xH100,general,3087,0,1.0000000000000002
llama31_8b_1xH100_fp8_TP1,8B / 1xH100,general,3088,0,1.0000000000000002
llama31_8b_1xH100_fp8_TP1,8B / 1xH100,general,3089,0,1.0000000000000002
llama31_8b_1xH100_fp8_TP1,8B / 1xH100,general,3090,0,1.0000000000000002
llama31_8b_1xH100_fp8_TP1,8B / 1xH100,general,3091,0,1.0000000000000002
llama31_8b_1xH100_fp8_TP1,8B / 1xH100,general,3092,0,1.0000000000000002
llama31_8b_1xH100_fp8_TP1,8B / 1xH100,general,3093,0,1.0000000000000002
llama31_8b_1xH100_fp8_TP1,8B / 1xH100,general,3094,0,1.0000000000000002
llama31_8b_1xH100_fp8_TP1,8B / 1xH100,general,3095,0,1.0000000000000002
llama31_8b_1xH100_fp8_TP1,8B / 1xH100,general,3096,0,1.0000000000000002
llama31_8b_1xH100_fp8_TP1,8B / 1xH100,general,3097,0,1.0000000000000002
llama31_8b_1xH100_fp8_TP1,8B / 1xH100,general,3098,0,1.0000000000000002
llama31_8b_1xH100_fp8_TP1,8B / 1xH100,general,3099,0,1.0000000000000002
llama31_8b_1xH100_fp8_TP1,8B / 1xH100,general,3100,0,1.0000000000000002
llama31_8b_1xH100_fp8_TP1,8B / 1xH100,general,3101,0,1.0000000000000002
llama31_8b_1xH100_fp8_TP1,8B / 1xH100,general,3102,0,1.0000000000000002
llama31_8b_1xH100_fp8_TP1,8B / 1xH100,general,3103,0,1.0000000000000002
llama31_8b_1xH100_fp8_TP1,8B / 1xH100,general,3104,0,1.0000000000000002
llama31_8b_1xH100_fp8_TP1,8B / 1xH100,general,3105,0,1.0000000000000002
llama31_8b_1xH100_fp8_TP1,8B / 1xH100,general,3106,0,1.0000000000000002
llama31_8b_1xH100_fp8_TP1,8B / 1xH100,general,3107,0,1.0000000000000002
llama31_8b_1xH100_fp8_TP1,8B / 1xH100,general,3108,0,1.0000000000000002
llama31_8b_1xH100_fp8_TP1,8B / 1xH100,general,3109,0,1.0000000000000002
llama31_8b_1xH100_fp8_TP1,8B / 1xH100,general,3110,0,1.0000000000000002
llama31_8b_1xH100_fp8_TP1,8B / 1xH100,general,3111,0,1.0000000000000002
llama31_8b_1xH100_fp8_TP1,8B / 1xH100,general,3112,0,1.0000000000000002
llama31_8b_1xH100_fp8_TP1,8B / 1xH100,general,3113,0,1.0000000000000002
llama31_8b_1xH100_fp8_TP1,8B / 1xH100,general,3114,0,1.0000000000000002
llama31_8b_1xH100_fp8_TP1,8B / 1xH100,general,3115,0,1.0000000000000002
llama31_8b_1xH100_fp8_TP1,8B / 1xH100,general,3116,0,1.0000000000000002
llama31_8b_1xH100_fp8_TP1,8B / 1xH100,general,3117,0,1.0000000000000002
llama31_8b_1xH100_fp8_TP1,8B / 1xH100,general,3118,0,1.0000000000000002
llama31_8b_1xH100_fp8_TP1,8B / 1xH100,general,3119,0,1.0000000000000002
llama31_8b_1xH100_fp8_TP1,8B / 1xH100,general,3120,0,1.0000000000000002
llama31_8b_1xH100_fp8_TP1,8B / 1xH100,general,3121,0,1.0000000000000002
llama31_8b_1xH100_fp8_TP1,8B / 1xH100,general,3122,0,1.0000000000000002
llama31_8b_1xH100_fp8_TP1,8B / 1xH100,general,3123,0,1.0000000000000002
llama31_8b_1xH100_fp8_TP1,8B / 1xH100,general,3124,0,1.0000000000000002
llama31_8b_1xH100_fp8_TP1,8B / 1xH100,general,3125,0,1.0000000000000002
llama31_8b_1xH100_fp8_TP1,8B / 1xH100,general,3126,0,1.0000000000000002
llama31_8b_1xH100_fp8_TP1,8B / 1xH100,general,3127,0,1.0000000000000002
llama31_8b_1xH100_fp8_TP1,8B / 1xH100,general,3128,0,1.0000000000000002
llama31_8b_1xH100_fp8_TP1,8B / 1xH100,general,3129,0,1.0000000000000002
llama31_8b_1xH100_fp8_TP1,8B / 1xH100,general,3130,0,1.0000000000000002
llama31_8b_1xH100_fp8_TP1,8B / 1xH100,general,3131,0,1.0000000000000002
llama31_8b_1xH100_fp8_TP1,8B / 1xH100,general,3132,0,1.0000000000000002
llama31_8b_1xH100_fp8_TP1,8B / 1xH100,general,3133,0,1.0000000000000002
llama31_8b_1xH100_fp8_TP1,8B / 1xH100,general,3134,0,1.0000000000000002
llama31_8b_1xH100_fp8_TP1,8B / 1xH100,general,3135,0,1.0000000000000002
llama31_8b_1xH100_fp8_TP1,8B / 1xH100,general,3136,0,1.0000000000000002
llama31_8b_1xH100_fp8_TP1,8B / 1xH100,general,3137,0,1.0000000000000002
llama31_8b_1xH100_fp8_TP1,8B / 1xH100,general,3138,0,1.0000000000000002
llama31_8b_1xH100_fp8_TP1,8B / 1xH100,general,3139,0,1.0000000000000002
llama31_8b_1xH100_fp8_TP1,8B / 1xH100,general,3140,0,1.0000000000000002
llama31_8b_1xH100_fp8_TP1,8B / 1xH100,general,3141,0,1.0000000000000002
llama31_8b_1xH100_fp8_TP1,8B / 1xH100,general,3142,0,1.0000000000000002
llama31_8b_1xH100_fp8_TP1,8B / 1xH100,general,3143,0,1.0000000000000002
llama31_8b_1xH100_fp8_TP1,8B / 1xH100,general,3144,0,1.0000000000000002
llama31_8b_1xH100_fp8_TP1,8B / 1xH100,general,3145,0,1.0000000000000002
llama31_8b_1xH100_fp8_TP1,8B / 1xH100,general,3146,0,1.0000000000000002
llama31_8b_1xH100_fp8_TP1,8B / 1xH100,general,3147,0,1.0000000000000002
llama31_8b_1xH100_fp8_TP1,8B / 1xH100,general,3148,0,1.0000000000000002
llama31_8b_1xH100_fp8_TP1,8B / 1xH100,general,3149,0,1.0000000000000002
llama31_8b_1xH100_fp8_TP1,8B / 1xH100,general,3150,0,1.0000000000000002
llama31_8b_1xH100_fp8_TP1,8B / 1xH100,general,3151,0,1.0000000000000002
llama31_8b_1xH100_fp8_TP1,8B / 1xH100,general,3152,0,1.0000000000000002
llama31_8b_1xH100_fp8_TP1,8B / 1xH100,general,3153,0,1.0000000000000002
llama31_8b_1xH100_fp8_TP1,8B / 1xH100,general,3154,0,1.0000000000000002
llama31_8b_1xH100_fp8_TP1,8B / 1xH100,general,3155,0,1.0000000000000002
llama31_8b_1xH100_fp8_TP1,8B / 1xH100,general,3156,0,1.0000000000000002
llama31_8b_1xH100_fp8_TP1,8B / 1xH100,general,3157,0,1.0000000000000002
llama31_8b_1xH100_fp8_TP1,8B / 1xH100,general,3158,0,1.0000000000000002
llama31_8b_1xH100_fp8_TP1,8B / 1xH100,general,3159,0,1.0000000000000002
llama31_8b_1xH100_fp8_TP1,8B / 1xH100,general,3160,0,1.0000000000000002
llama31_8b_1xH100_fp8_TP1,8B / 1xH100,general,3161,0,1.0000000000000002
llama31_8b_1xH100_fp8_TP1,8B / 1xH100,general,3162,0,1.0000000000000002
llama31_8b_1xH100_fp8_TP1,8B / 1xH100,general,3163,0,1.0000000000000002
llama31_8b_1xH100_fp8_TP1,8B / 1xH100,general,3164,0,1.0000000000000002
llama31_8b_1xH100_fp8_TP1,8B / 1xH100,general,3165,0,1.0000000000000002
llama31_8b_1xH100_fp8_TP1,8B / 1xH100,general,3166,0,1.0000000000000002
llama31_8b_1xH100_fp8_TP1,8B / 1xH100,general,3167,0,1.0000000000000002
llama31_8b_1xH100_fp8_TP1,8B / 1xH100,general,3168,0,1.0000000000000002
llama31_8b_1xH100_fp8_TP1,8B / 1xH100,general,3169,0,1.0000000000000002
llama31_8b_1xH100_fp8_TP1,8B / 1xH100,general,3170,0,1.0000000000000002
llama31_8b_1xH100_fp8_TP1,8B / 1xH100,general,3171,0,1.0000000000000002
llama31_8b_1xH100_fp8_TP1,8B / 1xH100,general,3172,0,1.0000000000000002
llama31_8b_1xH100_fp8_TP1,8B / 1xH100,general,3173,0,1.0000000000000002
llama31_8b_1xH100_fp8_TP1,8B / 1xH100,general,3174,0,1.0000000000000002
llama31_8b_1xH100_fp8_TP1,8B / 1xH100,general,3175,0,1.0000000000000002
llama31_8b_1xH100_fp8_TP1,8B / 1xH100,general,3176,0,1.0000000000000002
llama31_8b_1xH100_fp8_TP1,8B / 1xH100,general,3177,0,1.0000000000000002
llama31_8b_1xH100_fp8_TP1,8B / 1xH100,general,3178,0,1.0000000000000002
llama31_8b_1xH100_fp8_TP1,8B / 1xH100,general,3179,0,1.0000000000000002
llama31_8b_1xH100_fp8_TP1,8B / 1xH100,general,3180,0,1.0000000000000002
llama31_8b_1xH100_fp8_TP1,8B / 1xH100,general,3181,0,1.0000000000000002
llama31_8b_1xH100_fp8_TP1,8B / 1xH100,general,3182,0,1.0000000000000002
llama31_8b_1xH100_fp8_TP1,8B / 1xH100,general,3183,0,1.0000000000000002
llama31_8b_1xH100_fp8_TP1,8B / 1xH100,general,3184,0,1.0000000000000002
llama31_8b_1xH100_fp8_TP1,8B / 1xH100,general,3185,0,1.0000000000000002
llama31_8b_1xH100_fp8_TP1,8B / 1xH100,general,3186,0,1.0000000000000002
llama31_8b_1xH100_fp8_TP1,8B / 1xH100,general,3187,0,1.0000000000000002
llama31_8b_1xH100_fp8_TP1,8B / 1xH100,general,3188,0,1.0000000000000002
llama31_8b_1xH100_fp8_TP1,8B / 1xH100,general,3189,0,1.0000000000000002
llama31_8b_1xH100_fp8_TP1,8B / 1xH100,general,3190,0,1.0000000000000002
llama31_8b_1xH100_fp8_TP1,8B / 1xH100,general,3191,0,1.0000000000000002
llama31_8b_1xH100_fp8_TP1,8B / 1xH100,general,3192,0,1.0000000000000002
llama31_8b_1xH100_fp8_TP1,8B / 1xH100,general,3193,0,1.0000000000000002
llama31_8b_1xH100_fp8_TP1,8B / 1xH100,general,3194,0,1.0000000000000002
llama31_8b_1xH100_fp8_TP1,8B / 1xH100,general,3195,0,1.0000000000000002
llama31_8b_1xH100_fp8_TP1,8B / 1xH100,general,3196,0,1.0000000000000002
llama31_8b_1xH100_fp8_TP1,8B / 1xH100,general,3197,0,1.0000000000000002
llama31_8b_1xH100_fp8_TP1,8B / 1xH100,general,3198,0,1.0000000000000002
llama31_8b_1xH100_fp8_TP1,8B / 1xH100,general,3199,0,1.0000000000000002
llama31_8b_1xH100_fp8_TP1,8B / 1xH100,general,3200,0,1.0000000000000002
llama31_8b_1xH100_fp8_TP1,8B / 1xH100,general,3201,0,1.0000000000000002
llama31_8b_1xH100_fp8_TP1,8B / 1xH100,general,3202,0,1.0000000000000002
llama31_8b_1xH100_fp8_TP1,8B / 1xH100,general,3203,0,1.0000000000000002
llama31_8b_1xH100_fp8_TP1,8B / 1xH100,general,3204,0,1.0000000000000002
llama31_8b_1xH100_fp8_TP1,8B / 1xH100,general,3205,0,1.0000000000000002
llama31_8b_1xH100_fp8_TP1,8B / 1xH100,general,3206,0,1.0000000000000002
llama31_8b_1xH100_fp8_TP1,8B / 1xH100,general,3207,0,1.0000000000000002
llama31_8b_1xH100_fp8_TP1,8B / 1xH100,general,3208,0,1.0000000000000002
llama31_8b_1xH100_fp8_TP1,8B / 1xH100,general,3209,0,1.0000000000000002
llama31_8b_1xH100_fp8_TP1,8B / 1xH100,general,3210,0,1.0000000000000002
llama31_8b_1xH100_fp8_TP1,8B / 1xH100,general,3211,0,1.0000000000000002
llama31_8b_1xH100_fp8_TP1,8B / 1xH100,general,3212,0,1.0000000000000002
llama31_8b_1xH100_fp8_TP1,8B / 1xH100,general,3213,0,1.0000000000000002
llama31_8b_1xH100_fp8_TP1,8B / 1xH100,general,3214,0,1.0000000000000002
llama31_8b_1xH100_fp8_TP1,8B / 1xH100,general,3215,0,1.0000000000000002
llama31_8b_1xH100_fp8_TP1,8B / 1xH100,general,3216,0,1.0000000000000002
llama31_8b_1xH100_fp8_TP1,8B / 1xH100,general,3217,0,1.0000000000000002
llama31_8b_1xH100_fp8_TP1,8B / 1xH100,general,3218,0,1.0000000000000002
llama31_8b_1xH100_fp8_TP1,8B / 1xH100,general,3219,0,1.0000000000000002
llama31_8b_1xH100_fp8_TP1,8B / 1xH100,general,3220,0,1.0000000000000002
llama31_8b_1xH100_fp8_TP1,8B / 1xH100,general,3221,0,1.0000000000000002
llama31_8b_1xH100_fp8_TP1,8B / 1xH100,general,3222,0,1.0000000000000002
llama31_8b_1xH100_fp8_TP1,8B / 1xH100,general,3223,0,1.0000000000000002
llama31_8b_1xH100_fp8_TP1,8B / 1xH100,general,3224,0,1.0000000000000002
llama31_8b_1xH100_fp8_TP1,8B / 1xH100,general,3225,0,1.0000000000000002
llama31_8b_1xH100_fp8_TP1,8B / 1xH100,general,3226,0,1.0000000000000002
llama31_8b_1xH100_fp8_TP1,8B / 1xH100,general,3227,0,1.0000000000000002
llama31_8b_1xH100_fp8_TP1,8B / 1xH100,general,3228,0,1.0000000000000002
llama31_8b_1xH100_fp8_TP1,8B / 1xH100,general,3229,0,1.0000000000000002
llama31_8b_1xH100_fp8_TP1,8B / 1xH100,general,3230,0,1.0000000000000002
llama31_8b_1xH100_fp8_TP1,8B / 1xH100,general,3231,0,1.0000000000000002
llama31_8b_1xH100_fp8_TP1,8B / 1xH100,general,3232,0,1.0000000000000002
llama31_8b_1xH100_fp8_TP1,8B / 1xH100,general,3233,0,1.0000000000000002
llama31_8b_1xH100_fp8_TP1,8B / 1xH100,general,3234,0,1.0000000000000002
llama31_8b_1xH100_fp8_TP1,8B / 1xH100,general,3235,0,1.0000000000000002
llama31_8b_1xH100_fp8_TP1,8B / 1xH100,general,3236,0,1.0000000000000002
llama31_8b_1xH100_fp8_TP1,8B / 1xH100,general,3237,0,1.0000000000000002
llama31_8b_1xH100_fp8_TP1,8B / 1xH100,general,3238,0,1.0000000000000002
llama31_8b_1xH100_fp8_TP1,8B / 1xH100,general,3239,0,1.0000000000000002
llama31_8b_1xH100_fp8_TP1,8B / 1xH100,general,3240,0,1.0000000000000002
llama31_8b_1xH100_fp8_TP1,8B / 1xH100,general,3241,0,1.0000000000000002
llama31_8b_1xH100_fp8_TP1,8B / 1xH100,general,3242,0,1.0000000000000002
llama31_8b_1xH100_fp8_TP1,8B / 1xH100,general,3243,0,1.0000000000000002
llama31_8b_1xH100_fp8_TP1,8B / 1xH100,general,3244,0,1.0000000000000002
llama31_8b_1xH100_fp8_TP1,8B / 1xH100,general,3245,0,1.0000000000000002
llama31_8b_1xH100_fp8_TP1,8B / 1xH100,general,3246,0,1.0000000000000002
llama31_8b_1xH100_fp8_TP1,8B / 1xH100,general,3247,0,1.0000000000000002
llama31_8b_1xH100_fp8_TP1,8B / 1xH100,general,3248,0,1.0000000000000002
llama31_8b_1xH100_fp8_TP1,8B / 1xH100,general,3249,0,1.0000000000000002
llama31_8b_1xH100_fp8_TP1,8B / 1xH100,general,3250,0,1.0000000000000002
llama31_8b_1xH100_fp8_TP1,8B / 1xH100,general,3251,0,1.0000000000000002
llama31_8b_1xH100_fp8_TP1,8B / 1xH100,general,3252,0,1.0000000000000002
llama31_8b_1xH100_fp8_TP1,8B / 1xH100,general,3253,0,1.0000000000000002
llama31_8b_1xH100_fp8_TP1,8B / 1xH100,general,3254,0,1.0000000000000002
llama31_8b_1xH100_fp8_TP1,8B / 1xH100,general,3255,0,1.0000000000000002
llama31_8b_1xH100_fp8_TP1,8B / 1xH100,general,3256,0,1.0000000000000002
llama31_8b_1xH100_fp8_TP1,8B / 1xH100,general,3257,0,1.0000000000000002
llama31_8b_1xH100_fp8_TP1,8B / 1xH100,general,3258,0,1.0000000000000002
llama31_8b_1xH100_fp8_TP1,8B / 1xH100,general,3259,0,1.0000000000000002
llama31_8b_1xH100_fp8_TP1,8B / 1xH100,general,3260,0,1.0000000000000002
llama31_8b_1xH100_fp8_TP1,8B / 1xH100,general,3261,0,1.0000000000000002
llama31_8b_1xH100_fp8_TP1,8B / 1xH100,general,3262,0,1.0000000000000002
llama31_8b_1xH100_fp8_TP1,8B / 1xH100,general,3263,0,1.0000000000000002
llama31_8b_1xH100_fp8_TP1,8B / 1xH100,general,3264,0,1.0000000000000002
llama31_8b_1xH100_fp8_TP1,8B / 1xH100,general,3265,0,1.0000000000000002
llama31_8b_1xH100_fp8_TP1,8B / 1xH100,general,3266,0,1.0000000000000002
llama31_8b_1xH100_fp8_TP1,8B / 1xH100,general,3267,0,1.0000000000000002
llama31_8b_1xH100_fp8_TP1,8B / 1xH100,general,3268,0,1.0000000000000002
llama31_8b_1xH100_fp8_TP1,8B / 1xH100,general,3269,0,1.0000000000000002
llama31_8b_1xH100_fp8_TP1,8B / 1xH100,general,3270,0,1.0000000000000002
llama31_8b_1xH100_fp8_TP1,8B / 1xH100,general,3271,0,1.0000000000000002
llama31_8b_1xH100_fp8_TP1,8B / 1xH100,general,3272,0,1.0000000000000002
llama31_8b_1xH100_fp8_TP1,8B / 1xH100,general,3273,0,1.0000000000000002
llama31_8b_1xH100_fp8_TP1,8B / 1xH100,general,3274,0,1.0000000000000002
llama31_8b_1xH100_fp8_TP1,8B / 1xH100,general,3275,0,1.0000000000000002
llama31_8b_1xH100_fp8_TP1,8B / 1xH100,general,3276,0,1.0000000000000002
llama31_8b_1xH100_fp8_TP1,8B / 1xH100,general,3277,0,1.0000000000000002
llama31_8b_1xH100_fp8_TP1,8B / 1xH100,general,3278,0,1.0000000000000002
llama31_8b_1xH100_fp8_TP1,8B / 1xH100,general,3279,0,1.0000000000000002
llama31_8b_1xH100_fp8_TP1,8B / 1xH100,general,3280,0,1.0000000000000002
llama31_8b_1xH100_fp8_TP1,8B / 1xH100,general,3281,0,1.0000000000000002
llama31_8b_1xH100_fp8_TP1,8B / 1xH100,general,3282,0,1.0000000000000002
llama31_8b_1xH100_fp8_TP1,8B / 1xH100,general,3283,0,1.0000000000000002
llama31_8b_1xH100_fp8_TP1,8B / 1xH100,general,3284,0,1.0000000000000002
llama31_8b_1xH100_fp8_TP1,8B / 1xH100,general,3285,0,1.0000000000000002
llama31_8b_1xH100_fp8_TP1,8B / 1xH100,general,3286,0,1.0000000000000002
llama31_8b_1xH100_fp8_TP1,8B / 1xH100,general,3287,0,1.0000000000000002
llama31_8b_1xH100_fp8_TP1,8B / 1xH100,general,3288,0,1.0000000000000002
llama31_8b_1xH100_fp8_TP1,8B / 1xH100,general,3289,0,1.0000000000000002
llama31_8b_1xH100_fp8_TP1,8B / 1xH100,general,3290,0,1.0000000000000002
llama31_8b_1xH100_fp8_TP1,8B / 1xH100,general,3291,0,1.0000000000000002
llama31_8b_1xH100_fp8_TP1,8B / 1xH100,general,3292,0,1.0000000000000002
llama31_8b_1xH100_fp8_TP1,8B / 1xH100,general,3293,0,1.0000000000000002
llama31_8b_1xH100_fp8_TP1,8B / 1xH100,general,3294,0,1.0000000000000002
llama31_8b_1xH100_fp8_TP1,8B / 1xH100,general,3295,0,1.0000000000000002
llama31_8b_1xH100_fp8_TP1,8B / 1xH100,general,3296,0,1.0000000000000002
llama31_8b_1xH100_fp8_TP1,8B / 1xH100,general,3297,0,1.0000000000000002
llama31_8b_1xH100_fp8_TP1,8B / 1xH100,general,3298,0,1.0000000000000002
llama31_8b_1xH100_fp8_TP1,8B / 1xH100,general,3299,0,1.0000000000000002
llama31_8b_1xH100_fp8_TP1,8B / 1xH100,general,3300,0,1.0000000000000002
llama31_8b_1xH100_fp8_TP1,8B / 1xH100,general,3301,0,1.0000000000000002
llama31_8b_1xH100_fp8_TP1,8B / 1xH100,general,3302,0,1.0000000000000002
llama31_8b_1xH100_fp8_TP1,8B / 1xH100,general,3303,0,1.0000000000000002
llama31_8b_1xH100_fp8_TP1,8B / 1xH100,general,3304,0,1.0000000000000002
llama31_8b_1xH100_fp8_TP1,8B / 1xH100,general,3305,0,1.0000000000000002
llama31_8b_1xH100_fp8_TP1,8B / 1xH100,general,3306,0,1.0000000000000002
llama31_8b_1xH100_fp8_TP1,8B / 1xH100,general,3307,0,1.0000000000000002
llama31_8b_1xH100_fp8_TP1,8B / 1xH100,general,3308,0,1.0000000000000002
llama31_8b_1xH100_fp8_TP1,8B / 1xH100,general,3309,0,1.0000000000000002
llama31_8b_1xH100_fp8_TP1,8B / 1xH100,general,3310,0,1.0000000000000002
llama31_8b_1xH100_fp8_TP1,8B / 1xH100,general,3311,0,1.0000000000000002
llama31_8b_1xH100_fp8_TP1,8B / 1xH100,general,3312,0,1.0000000000000002
llama31_8b_1xH100_fp8_TP1,8B / 1xH100,general,3313,0,1.0000000000000002
llama31_8b_1xH100_fp8_TP1,8B / 1xH100,general,3314,0,1.0000000000000002
llama31_8b_1xH100_fp8_TP1,8B / 1xH100,general,3315,0,1.0000000000000002
llama31_8b_1xH100_fp8_TP1,8B / 1xH100,general,3316,0,1.0000000000000002
llama31_8b_1xH100_fp8_TP1,8B / 1xH100,general,3317,0,1.0000000000000002
llama31_8b_1xH100_fp8_TP1,8B / 1xH100,general,3318,0,1.0000000000000002
llama31_8b_1xH100_fp8_TP1,8B / 1xH100,general,3319,0,1.0000000000000002
llama31_8b_1xH100_fp8_TP1,8B / 1xH100,general,3320,0,1.0000000000000002
llama31_8b_1xH100_fp8_TP1,8B / 1xH100,general,3321,0,1.0000000000000002
llama31_8b_1xH100_fp8_TP1,8B / 1xH100,general,3322,0,1.0000000000000002
llama31_8b_1xH100_fp8_TP1,8B / 1xH100,general,3323,0,1.0000000000000002
llama31_8b_1xH100_fp8_TP1,8B / 1xH100,general,3324,0,1.0000000000000002
llama31_8b_1xH100_fp8_TP1,8B / 1xH100,general,3325,0,1.0000000000000002
llama31_8b_1xH100_fp8_TP1,8B / 1xH100,general,3326,0,1.0000000000000002
llama31_8b_1xH100_fp8_TP1,8B / 1xH100,general,3327,0,1.0000000000000002
llama31_8b_1xH100_fp8_TP1,8B / 1xH100,general,3328,0,1.0000000000000002
llama31_8b_1xH100_fp8_TP1,8B / 1xH100,general,3329,0,1.0000000000000002
llama31_8b_1xH100_fp8_TP1,8B / 1xH100,general,3330,0,1.0000000000000002
llama31_8b_1xH100_fp8_TP1,8B / 1xH100,general,3331,0,1.0000000000000002
llama31_8b_1xH100_fp8_TP1,8B / 1xH100,general,3332,0,1.0000000000000002
llama31_8b_1xH100_fp8_TP1,8B / 1xH100,general,3333,0,1.0000000000000002
llama31_8b_1xH100_fp8_TP1,8B / 1xH100,general,3334,0,1.0000000000000002
llama31_8b_1xH100_fp8_TP1,8B / 1xH100,general,3335,0,1.0000000000000002
llama31_8b_1xH100_fp8_TP1,8B / 1xH100,general,3336,0,1.0000000000000002
llama31_8b_1xH100_fp8_TP1,8B / 1xH100,general,3337,0,1.0000000000000002
llama31_8b_1xH100_fp8_TP1,8B / 1xH100,general,3338,0,1.0000000000000002
llama31_8b_1xH100_fp8_TP1,8B / 1xH100,general,3339,0,1.0000000000000002
llama31_8b_1xH100_fp8_TP1,8B / 1xH100,general,3340,0,1.0000000000000002
llama31_8b_1xH100_fp8_TP1,8B / 1xH100,general,3341,0,1.0000000000000002
llama31_8b_1xH100_fp8_TP1,8B / 1xH100,general,3342,0,1.0000000000000002
llama31_8b_1xH100_fp8_TP1,8B / 1xH100,general,3343,0,1.0000000000000002
llama31_8b_1xH100_fp8_TP1,8B / 1xH100,general,3344,0,1.0000000000000002
llama31_8b_1xH100_fp8_TP1,8B / 1xH100,general,3345,0,1.0000000000000002
llama31_8b_1xH100_fp8_TP1,8B / 1xH100,general,3346,0,1.0000000000000002
llama31_8b_1xH100_fp8_TP1,8B / 1xH100,general,3347,0,1.0000000000000002
llama31_8b_1xH100_fp8_TP1,8B / 1xH100,general,3348,0,1.0000000000000002
llama31_8b_1xH100_fp8_TP1,8B / 1xH100,general,3349,0,1.0000000000000002
llama31_8b_1xH100_fp8_TP1,8B / 1xH100,general,3350,0,1.0000000000000002
llama31_8b_1xH100_fp8_TP1,8B / 1xH100,general,3351,0,1.0000000000000002
llama31_8b_1xH100_fp8_TP1,8B / 1xH100,general,3352,0,1.0000000000000002
llama31_8b_1xH100_fp8_TP1,8B / 1xH100,general,3353,0,1.0000000000000002
llama31_8b_1xH100_fp8_TP1,8B / 1xH100,general,3354,0,1.0000000000000002
llama31_8b_1xH100_fp8_TP1,8B / 1xH100,general,3355,0,1.0000000000000002
llama31_8b_1xH100_fp8_TP1,8B / 1xH100,general,3356,0,1.0000000000000002
llama31_8b_1xH100_fp8_TP1,8B / 1xH100,general,3357,0,1.0000000000000002
llama31_8b_1xH100_fp8_TP1,8B / 1xH100,general,3358,0,1.0000000000000002
llama31_8b_1xH100_fp8_TP1,8B / 1xH100,general,3359,0,1.0000000000000002
llama31_8b_1xH100_fp8_TP1,8B / 1xH100,general,3360,0,1.0000000000000002
llama31_8b_1xH100_fp8_TP1,8B / 1xH100,general,3361,0,1.0000000000000002
llama31_8b_1xH100_fp8_TP1,8B / 1xH100,general,3362,0,1.0000000000000002
llama31_8b_1xH100_fp8_TP1,8B / 1xH100,general,3363,0,1.0000000000000002
llama31_8b_1xH100_fp8_TP1,8B / 1xH100,general,3364,0,1.0000000000000002
llama31_8b_1xH100_fp8_TP1,8B / 1xH100,general,3365,0,1.0000000000000002
llama31_8b_1xH100_fp8_TP1,8B / 1xH100,general,3366,0,1.0000000000000002
llama31_8b_1xH100_fp8_TP1,8B / 1xH100,general,3367,0,1.0000000000000002
llama31_8b_1xH100_fp8_TP1,8B / 1xH100,general,3368,0,1.0000000000000002
llama31_8b_1xH100_fp8_TP1,8B / 1xH100,general,3369,0,1.0000000000000002
llama31_8b_1xH100_fp8_TP1,8B / 1xH100,general,3370,0,1.0000000000000002
llama31_8b_1xH100_fp8_TP1,8B / 1xH100,general,3371,0,1.0000000000000002
llama31_8b_1xH100_fp8_TP1,8B / 1xH100,general,3372,0,1.0000000000000002
llama31_8b_1xH100_fp8_TP1,8B / 1xH100,general,3373,0,1.0000000000000002
llama31_8b_1xH100_fp8_TP1,8B / 1xH100,general,3374,0,1.0000000000000002
llama31_8b_1xH100_fp8_TP1,8B / 1xH100,general,3375,0,1.0000000000000002
llama31_8b_1xH100_fp8_TP1,8B / 1xH100,general,3376,0,1.0000000000000002
llama31_8b_1xH100_fp8_TP1,8B / 1xH100,general,3377,0,1.0000000000000002
llama31_8b_1xH100_fp8_TP1,8B / 1xH100,general,3378,0,1.0000000000000002
llama31_8b_1xH100_fp8_TP1,8B / 1xH100,general,3379,0,1.0000000000000002
llama31_8b_1xH100_fp8_TP1,8B / 1xH100,general,3380,0,1.0000000000000002
llama31_8b_1xH100_fp8_TP1,8B / 1xH100,general,3381,0,1.0000000000000002
llama31_8b_1xH100_fp8_TP1,8B / 1xH100,general,3382,0,1.0000000000000002
llama31_8b_1xH100_fp8_TP1,8B / 1xH100,general,3383,0,1.0000000000000002
llama31_8b_1xH100_fp8_TP1,8B / 1xH100,general,3384,0,1.0000000000000002
llama31_8b_1xH100_fp8_TP1,8B / 1xH100,general,3385,0,1.0000000000000002
llama31_8b_1xH100_fp8_TP1,8B / 1xH100,general,3386,0,1.0000000000000002
llama31_8b_1xH100_fp8_TP1,8B / 1xH100,general,3387,0,1.0000000000000002
llama31_8b_1xH100_fp8_TP1,8B / 1xH100,general,3388,0,1.0000000000000002
llama31_8b_1xH100_fp8_TP1,8B / 1xH100,general,3389,0,1.0000000000000002
llama31_8b_1xH100_fp8_TP1,8B / 1xH100,general,3390,0,1.0000000000000002
llama31_8b_1xH100_fp8_TP1,8B / 1xH100,general,3391,0,1.0000000000000002
llama31_8b_1xH100_fp8_TP1,8B / 1xH100,general,3392,0,1.0000000000000002
llama31_8b_1xH100_fp8_TP1,8B / 1xH100,general,3393,0,1.0000000000000002
llama31_8b_1xH100_fp8_TP1,8B / 1xH100,general,3394,0,1.0000000000000002
llama31_8b_1xH100_fp8_TP1,8B / 1xH100,general,3395,0,1.0000000000000002
llama31_8b_1xH100_fp8_TP1,8B / 1xH100,general,3396,0,1.0000000000000002
llama31_8b_1xH100_fp8_TP1,8B / 1xH100,general,3397,0,1.0000000000000002
llama31_8b_1xH100_fp8_TP1,8B / 1xH100,general,3398,0,1.0000000000000002
llama31_8b_1xH100_fp8_TP1,8B / 1xH100,general,3399,0,1.0000000000000002
llama31_8b_1xH100_fp8_TP1,8B / 1xH100,general,3400,0,1.0000000000000002
llama31_8b_1xH100_fp8_TP1,8B / 1xH100,general,3401,0,1.0000000000000002
llama31_8b_1xH100_fp8_TP1,8B / 1xH100,general,3402,0,1.0000000000000002
llama31_8b_1xH100_fp8_TP1,8B / 1xH100,general,3403,0,1.0000000000000002
llama31_8b_1xH100_fp8_TP1,8B / 1xH100,general,3404,0,1.0000000000000002
llama31_8b_1xH100_fp8_TP1,8B / 1xH100,general,3405,0,1.0000000000000002
llama31_8b_1xH100_fp8_TP1,8B / 1xH100,general,3406,0,1.0000000000000002
llama31_8b_1xH100_fp8_TP1,8B / 1xH100,general,3407,0,1.0000000000000002
llama31_8b_1xH100_fp8_TP1,8B / 1xH100,general,3408,0,1.0000000000000002
llama31_8b_1xH100_fp8_TP1,8B / 1xH100,general,3409,0,1.0000000000000002
llama31_8b_1xH100_fp8_TP1,8B / 1xH100,general,3410,0,1.0000000000000002
llama31_8b_1xH100_fp8_TP1,8B / 1xH100,general,3411,0,1.0000000000000002
llama31_8b_1xH100_fp8_TP1,8B / 1xH100,general,3412,0,1.0000000000000002
llama31_8b_1xH100_fp8_TP1,8B / 1xH100,general,3413,0,1.0000000000000002
llama31_8b_1xH100_fp8_TP1,8B / 1xH100,general,3414,0,1.0000000000000002
llama31_8b_1xH100_fp8_TP1,8B / 1xH100,general,3415,0,1.0000000000000002
llama31_8b_1xH100_fp8_TP1,8B / 1xH100,general,3416,0,1.0000000000000002
llama31_8b_1xH100_fp8_TP1,8B / 1xH100,general,3417,0,1.0000000000000002
llama31_8b_1xH100_fp8_TP1,8B / 1xH100,general,3418,0,1.0000000000000002
llama31_8b_1xH100_fp8_TP1,8B / 1xH100,general,3419,0,1.0000000000000002
llama31_8b_1xH100_fp8_TP1,8B / 1xH100,general,3420,0,1.0000000000000002
llama31_8b_1xH100_fp8_TP1,8B / 1xH100,general,3421,0,1.0000000000000002
llama31_8b_1xH100_fp8_TP1,8B / 1xH100,general,3422,0,1.0000000000000002
llama31_8b_1xH100_fp8_TP1,8B / 1xH100,general,3423,0,1.0000000000000002
llama31_8b_1xH100_fp8_TP1,8B / 1xH100,general,3424,0,1.0000000000000002
llama31_8b_1xH100_fp8_TP1,8B / 1xH100,general,3425,0,1.0000000000000002
llama31_8b_1xH100_fp8_TP1,8B / 1xH100,general,3426,0,1.0000000000000002
llama31_8b_1xH100_fp8_TP1,8B / 1xH100,general,3427,0,1.0000000000000002
llama31_8b_1xH100_fp8_TP1,8B / 1xH100,general,3428,0,1.0000000000000002
llama31_8b_1xH100_fp8_TP1,8B / 1xH100,general,3429,0,1.0000000000000002
llama31_8b_1xH100_fp8_TP1,8B / 1xH100,general,3430,0,1.0000000000000002
llama31_8b_1xH100_fp8_TP1,8B / 1xH100,general,3431,0,1.0000000000000002
llama31_8b_1xH100_fp8_TP1,8B / 1xH100,general,3432,0,1.0000000000000002
llama31_8b_1xH100_fp8_TP1,8B / 1xH100,general,3433,0,1.0000000000000002
llama31_8b_1xH100_fp8_TP1,8B / 1xH100,general,3434,0,1.0000000000000002
llama31_8b_1xH100_fp8_TP1,8B / 1xH100,general,3435,0,1.0000000000000002
llama31_8b_1xH100_fp8_TP1,8B / 1xH100,general,3436,0,1.0000000000000002
llama31_8b_1xH100_fp8_TP1,8B / 1xH100,general,3437,0,1.0000000000000002
llama31_8b_1xH100_fp8_TP1,8B / 1xH100,general,3438,0,1.0000000000000002
llama31_8b_1xH100_fp8_TP1,8B / 1xH100,general,3439,0,1.0000000000000002
llama31_8b_1xH100_fp8_TP1,8B / 1xH100,general,3440,0,1.0000000000000002
llama31_8b_1xH100_fp8_TP1,8B / 1xH100,general,3441,0,1.0000000000000002
llama31_8b_1xH100_fp8_TP1,8B / 1xH100,general,3442,0,1.0000000000000002
llama31_8b_1xH100_fp8_TP1,8B / 1xH100,general,3443,0,1.0000000000000002
llama31_8b_1xH100_fp8_TP1,8B / 1xH100,general,3444,0,1.0000000000000002
llama31_8b_1xH100_fp8_TP1,8B / 1xH100,general,3445,0,1.0000000000000002
llama31_8b_1xH100_fp8_TP1,8B / 1xH100,general,3446,0,1.0000000000000002
llama31_8b_1xH100_fp8_TP1,8B / 1xH100,general,3447,0,1.0000000000000002
llama31_8b_1xH100_fp8_TP1,8B / 1xH100,general,3448,0,1.0000000000000002
llama31_8b_1xH100_fp8_TP1,8B / 1xH100,general,3449,0,1.0000000000000002
llama31_8b_1xH100_fp8_TP1,8B / 1xH100,general,3450,0,1.0000000000000002
llama31_8b_1xH100_fp8_TP1,8B / 1xH100,general,3451,0,1.0000000000000002
llama31_8b_1xH100_fp8_TP1,8B / 1xH100,general,3452,0,1.0000000000000002
llama31_8b_1xH100_fp8_TP1,8B / 1xH100,general,3453,0,1.0000000000000002
llama31_8b_1xH100_fp8_TP1,8B / 1xH100,general,3454,0,1.0000000000000002
llama31_8b_1xH100_fp8_TP1,8B / 1xH100,general,3455,0,1.0000000000000002
llama31_8b_1xH100_fp8_TP1,8B / 1xH100,general,3456,0,1.0000000000000002
llama31_8b_1xH100_fp8_TP1,8B / 1xH100,general,3457,0,1.0000000000000002
llama31_8b_1xH100_fp8_TP1,8B / 1xH100,general,3458,0,1.0000000000000002
llama31_8b_1xH100_fp8_TP1,8B / 1xH100,general,3459,0,1.0000000000000002
llama31_8b_1xH100_fp8_TP1,8B / 1xH100,general,3460,0,1.0000000000000002
llama31_8b_1xH100_fp8_TP1,8B / 1xH100,general,3461,0,1.0000000000000002
llama31_8b_1xH100_fp8_TP1,8B / 1xH100,general,3462,0,1.0000000000000002
llama31_8b_1xH100_fp8_TP1,8B / 1xH100,general,3463,0,1.0000000000000002
llama31_8b_1xH100_fp8_TP1,8B / 1xH100,general,3464,0,1.0000000000000002
llama31_8b_1xH100_fp8_TP1,8B / 1xH100,general,3465,0,1.0000000000000002
llama31_8b_1xH100_fp8_TP1,8B / 1xH100,general,3466,0,1.0000000000000002
llama31_8b_1xH100_fp8_TP1,8B / 1xH100,general,3467,0,1.0000000000000002
llama31_8b_1xH100_fp8_TP1,8B / 1xH100,general,3468,0,1.0000000000000002
llama31_8b_1xH100_fp8_TP1,8B / 1xH100,general,3469,0,1.0000000000000002
llama31_8b_1xH100_fp8_TP1,8B / 1xH100,general,3470,0,1.0000000000000002
llama31_8b_1xH100_fp8_TP1,8B / 1xH100,general,3471,0,1.0000000000000002
llama31_8b_1xH100_fp8_TP1,8B / 1xH100,general,3472,0,1.0000000000000002
llama31_8b_1xH100_fp8_TP1,8B / 1xH100,general,3473,0,1.0000000000000002
llama31_8b_1xH100_fp8_TP1,8B / 1xH100,general,3474,0,1.0000000000000002
llama31_8b_1xH100_fp8_TP1,8B / 1xH100,general,3475,0,1.0000000000000002
llama31_8b_1xH100_fp8_TP1,8B / 1xH100,general,3476,0,1.0000000000000002
llama31_8b_1xH100_fp8_TP1,8B / 1xH100,general,3477,0,1.0000000000000002
llama31_8b_1xH100_fp8_TP1,8B / 1xH100,general,3478,0,1.0000000000000002
llama31_8b_1xH100_fp8_TP1,8B / 1xH100,general,3479,0,1.0000000000000002
llama31_8b_1xH100_fp8_TP1,8B / 1xH100,general,3480,0,1.0000000000000002
llama31_8b_1xH100_fp8_TP1,8B / 1xH100,general,3481,0,1.0000000000000002
llama31_8b_1xH100_fp8_TP1,8B / 1xH100,general,3482,0,1.0000000000000002
llama31_8b_1xH100_fp8_TP1,8B / 1xH100,general,3483,0,1.0000000000000002
llama31_8b_1xH100_fp8_TP1,8B / 1xH100,general,3484,0,1.0000000000000002
llama31_8b_1xH100_fp8_TP1,8B / 1xH100,general,3485,0,1.0000000000000002
llama31_8b_1xH100_fp8_TP1,8B / 1xH100,general,3486,0,1.0000000000000002
llama31_8b_1xH100_fp8_TP1,8B / 1xH100,general,3487,0,1.0000000000000002
llama31_8b_1xH100_fp8_TP1,8B / 1xH100,general,3488,0,1.0000000000000002
llama31_8b_1xH100_fp8_TP1,8B / 1xH100,general,3489,0,1.0000000000000002
llama31_8b_1xH100_fp8_TP1,8B / 1xH100,general,3490,0,1.0000000000000002
llama31_8b_1xH100_fp8_TP1,8B / 1xH100,general,3491,0,1.0000000000000002
llama31_8b_1xH100_fp8_TP1,8B / 1xH100,general,3492,0,1.0000000000000002
llama31_8b_1xH100_fp8_TP1,8B / 1xH100,general,3493,0,1.0000000000000002
llama31_8b_1xH100_fp8_TP1,8B / 1xH100,general,3494,0,1.0000000000000002
llama31_8b_1xH100_fp8_TP1,8B / 1xH100,general,3495,0,1.0000000000000002
llama31_8b_1xH100_fp8_TP1,8B / 1xH100,general,3496,0,1.0000000000000002
llama31_8b_1xH100_fp8_TP1,8B / 1xH100,general,3497,0,1.0000000000000002
llama31_8b_1xH100_fp8_TP1,8B / 1xH100,general,3498,0,1.0000000000000002
llama31_8b_1xH100_fp8_TP1,8B / 1xH100,general,3499,0,1.0000000000000002
llama31_8b_1xH100_fp8_TP1,8B / 1xH100,general,3500,0,1.0000000000000002
llama31_8b_1xH100_fp8_TP1,8B / 1xH100,general,3501,0,1.0000000000000002
llama31_8b_1xH100_fp8_TP1,8B / 1xH100,general,3502,0,1.0000000000000002
llama31_8b_1xH100_fp8_TP1,8B / 1xH100,general,3503,0,1.0000000000000002
llama31_8b_1xH100_fp8_TP1,8B / 1xH100,general,3504,0,1.0000000000000002
llama31_8b_1xH100_fp8_TP1,8B / 1xH100,general,3505,0,1.0000000000000002
llama31_8b_1xH100_fp8_TP1,8B / 1xH100,general,3506,0,1.0000000000000002
llama31_8b_1xH100_fp8_TP1,8B / 1xH100,general,3507,0,1.0000000000000002
llama31_8b_1xH100_fp8_TP1,8B / 1xH100,general,3508,0,1.0000000000000002
llama31_8b_1xH100_fp8_TP1,8B / 1xH100,general,3509,0,1.0000000000000002
llama31_8b_1xH100_fp8_TP1,8B / 1xH100,general,3510,0,1.0000000000000002
llama31_8b_1xH100_fp8_TP1,8B / 1xH100,general,3511,0,1.0000000000000002
llama31_8b_1xH100_fp8_TP1,8B / 1xH100,general,3512,0,1.0000000000000002
llama31_8b_1xH100_fp8_TP1,8B / 1xH100,general,3513,0,1.0000000000000002
llama31_8b_1xH100_fp8_TP1,8B / 1xH100,general,3514,0,1.0000000000000002
llama31_8b_1xH100_fp8_TP1,8B / 1xH100,general,3515,0,1.0000000000000002
llama31_8b_1xH100_fp8_TP1,8B / 1xH100,general,3516,0,1.0000000000000002
llama31_8b_1xH100_fp8_TP1,8B / 1xH100,general,3517,0,1.0000000000000002
llama31_8b_1xH100_fp8_TP1,8B / 1xH100,general,3518,0,1.0000000000000002
llama31_8b_1xH100_fp8_TP1,8B / 1xH100,general,3519,0,1.0000000000000002
llama31_8b_1xH100_fp8_TP1,8B / 1xH100,general,3520,0,1.0000000000000002
llama31_8b_1xH100_fp8_TP1,8B / 1xH100,general,3521,0,1.0000000000000002
llama31_8b_1xH100_fp8_TP1,8B / 1xH100,general,3522,0,1.0000000000000002
llama31_8b_1xH100_fp8_TP1,8B / 1xH100,general,3523,0,1.0000000000000002
llama31_8b_1xH100_fp8_TP1,8B / 1xH100,general,3524,0,1.0000000000000002
llama31_8b_1xH100_fp8_TP1,8B / 1xH100,general,3525,0,1.0000000000000002
llama31_8b_1xH100_fp8_TP1,8B / 1xH100,general,3526,0,1.0000000000000002
llama31_8b_1xH100_fp8_TP1,8B / 1xH100,general,3527,0,1.0000000000000002
llama31_8b_1xH100_fp8_TP1,8B / 1xH100,general,3528,0,1.0000000000000002
llama31_8b_1xH100_fp8_TP1,8B / 1xH100,general,3529,0,1.0000000000000002
llama31_8b_1xH100_fp8_TP1,8B / 1xH100,general,3530,0,1.0000000000000002
llama31_8b_1xH100_fp8_TP1,8B / 1xH100,general,3531,0,1.0000000000000002
llama31_8b_1xH100_fp8_TP1,8B / 1xH100,general,3532,0,1.0000000000000002
llama31_8b_1xH100_fp8_TP1,8B / 1xH100,general,3533,0,1.0000000000000002
llama31_8b_1xH100_fp8_TP1,8B / 1xH100,general,3534,0,1.0000000000000002
llama31_8b_1xH100_fp8_TP1,8B / 1xH100,general,3535,0,1.0000000000000002
llama31_8b_1xH100_fp8_TP1,8B / 1xH100,general,3536,0,1.0000000000000002
llama31_8b_1xH100_fp8_TP1,8B / 1xH100,general,3537,0,1.0000000000000002
llama31_8b_1xH100_fp8_TP1,8B / 1xH100,general,3538,0,1.0000000000000002
llama31_8b_1xH100_fp8_TP1,8B / 1xH100,general,3539,0,1.0000000000000002
llama31_8b_1xH100_fp8_TP1,8B / 1xH100,general,3540,0,1.0000000000000002
llama31_8b_1xH100_fp8_TP1,8B / 1xH100,general,3541,0,1.0000000000000002
llama31_8b_1xH100_fp8_TP1,8B / 1xH100,general,3542,0,1.0000000000000002
llama31_8b_1xH100_fp8_TP1,8B / 1xH100,general,3543,0,1.0000000000000002
llama31_8b_1xH100_fp8_TP1,8B / 1xH100,general,3544,0,1.0000000000000002
llama31_8b_1xH100_fp8_TP1,8B / 1xH100,general,3545,0,1.0000000000000002
llama31_8b_1xH100_fp8_TP1,8B / 1xH100,general,3546,0,1.0000000000000002
llama31_8b_1xH100_fp8_TP1,8B / 1xH100,general,3547,0,1.0000000000000002
llama31_8b_1xH100_fp8_TP1,8B / 1xH100,general,3548,0,1.0000000000000002
llama31_8b_1xH100_fp8_TP1,8B / 1xH100,general,3549,0,1.0000000000000002
llama31_8b_1xH100_fp8_TP1,8B / 1xH100,general,3550,0,1.0000000000000002
llama31_8b_1xH100_fp8_TP1,8B / 1xH100,general,3551,0,1.0000000000000002
llama31_8b_1xH100_fp8_TP1,8B / 1xH100,general,3552,0,1.0000000000000002
llama31_8b_1xH100_fp8_TP1,8B / 1xH100,general,3553,0,1.0000000000000002
llama31_8b_1xH100_fp8_TP1,8B / 1xH100,general,3554,0,1.0000000000000002
llama31_8b_1xH100_fp8_TP1,8B / 1xH100,general,3555,0,1.0000000000000002
llama31_8b_1xH100_fp8_TP1,8B / 1xH100,general,3556,0,1.0000000000000002
llama31_8b_1xH100_fp8_TP1,8B / 1xH100,general,3557,0,1.0000000000000002
llama31_8b_1xH100_fp8_TP1,8B / 1xH100,general,3558,0,1.0000000000000002
llama31_8b_1xH100_fp8_TP1,8B / 1xH100,general,3559,0,1.0000000000000002
llama31_8b_1xH100_fp8_TP1,8B / 1xH100,general,3560,0,1.0000000000000002
llama31_8b_1xH100_fp8_TP1,8B / 1xH100,general,3561,0,1.0000000000000002
llama31_8b_1xH100_fp8_TP1,8B / 1xH100,general,3562,0,1.0000000000000002
llama31_8b_1xH100_fp8_TP1,8B / 1xH100,general,3563,0,1.0000000000000002
llama31_8b_1xH100_fp8_TP1,8B / 1xH100,general,3564,0,1.0000000000000002
llama31_8b_1xH100_fp8_TP1,8B / 1xH100,general,3565,0,1.0000000000000002
llama31_8b_1xH100_fp8_TP1,8B / 1xH100,general,3566,0,1.0000000000000002
llama31_8b_1xH100_fp8_TP1,8B / 1xH100,general,3567,0,1.0000000000000002
llama31_8b_1xH100_fp8_TP1,8B / 1xH100,general,3568,0,1.0000000000000002
llama31_8b_1xH100_fp8_TP1,8B / 1xH100,general,3569,0,1.0000000000000002
llama31_8b_1xH100_fp8_TP1,8B / 1xH100,general,3570,0,1.0000000000000002
llama31_8b_1xH100_fp8_TP1,8B / 1xH100,general,3571,0,1.0000000000000002
llama31_8b_1xH100_fp8_TP1,8B / 1xH100,general,3572,0,1.0000000000000002
llama31_8b_1xH100_fp8_TP1,8B / 1xH100,general,3573,0,1.0000000000000002
llama31_8b_1xH100_fp8_TP1,8B / 1xH100,general,3574,0,1.0000000000000002
llama31_8b_1xH100_fp8_TP1,8B / 1xH100,general,3575,0,1.0000000000000002
llama31_8b_1xH100_fp8_TP1,8B / 1xH100,general,3576,0,1.0000000000000002
llama31_8b_1xH100_fp8_TP1,8B / 1xH100,general,3577,0,1.0000000000000002
llama31_8b_1xH100_fp8_TP1,8B / 1xH100,general,3578,0,1.0000000000000002
llama31_8b_1xH100_fp8_TP1,8B / 1xH100,general,3579,0,1.0000000000000002
llama31_8b_1xH100_fp8_TP1,8B / 1xH100,general,3580,0,1.0000000000000002
llama31_8b_1xH100_fp8_TP1,8B / 1xH100,general,3581,0,1.0000000000000002
llama31_8b_1xH100_fp8_TP1,8B / 1xH100,general,3582,0,1.0000000000000002
llama31_8b_1xH100_fp8_TP1,8B / 1xH100,general,3583,0,1.0000000000000002
llama31_8b_1xH100_fp8_TP1,8B / 1xH100,general,3584,0,1.0000000000000002
llama31_8b_1xH100_fp8_TP1,8B / 1xH100,general,3585,0,1.0000000000000002
llama31_8b_1xH100_fp8_TP1,8B / 1xH100,general,3586,0,1.0000000000000002
llama31_8b_1xH100_fp8_TP1,8B / 1xH100,general,3587,0,1.0000000000000002
llama31_8b_1xH100_fp8_TP1,8B / 1xH100,general,3588,0,1.0000000000000002
llama31_8b_1xH100_fp8_TP1,8B / 1xH100,general,3589,0,1.0000000000000002
llama31_8b_1xH100_fp8_TP1,8B / 1xH100,general,3590,0,1.0000000000000002
llama31_8b_1xH100_fp8_TP1,8B / 1xH100,general,3591,0,1.0000000000000002
llama31_8b_1xH100_fp8_TP1,8B / 1xH100,general,3592,0,1.0000000000000002
llama31_8b_1xH100_fp8_TP1,8B / 1xH100,general,3593,0,1.0000000000000002
llama31_8b_1xH100_fp8_TP1,8B / 1xH100,general,3594,0,1.0000000000000002
llama31_8b_1xH100_fp8_TP1,8B / 1xH100,general,3595,0,1.0000000000000002
llama31_8b_1xH100_fp8_TP1,8B / 1xH100,general,3596,0,1.0000000000000002
llama31_8b_1xH100_fp8_TP1,8B / 1xH100,general,3597,0,1.0000000000000002
llama31_8b_1xH100_fp8_TP1,8B / 1xH100,general,3598,0,1.0000000000000002
llama31_8b_1xH100_fp8_TP1,8B / 1xH100,general,3599,0,1.0000000000000002
llama31_8b_1xH100_fp8_TP1,8B / 1xH100,general,3600,0,1.0000000000000002
llama31_8b_1xH100_fp8_TP1,8B / 1xH100,general,3601,0,1.0000000000000002
llama31_8b_1xH100_fp8_TP1,8B / 1xH100,general,3602,0,1.0000000000000002
llama31_8b_1xH100_fp8_TP1,8B / 1xH100,general,3603,0,1.0000000000000002
llama31_8b_1xH100_fp8_TP1,8B / 1xH100,general,3604,0,1.0000000000000002
llama31_8b_1xH100_fp8_TP1,8B / 1xH100,general,3605,0,1.0000000000000002
llama31_8b_1xH100_fp8_TP1,8B / 1xH100,general,3606,0,1.0000000000000002
llama31_8b_1xH100_fp8_TP1,8B / 1xH100,general,3607,0,1.0000000000000002
llama31_8b_1xH100_fp8_TP1,8B / 1xH100,general,3608,0,1.0000000000000002
llama31_8b_1xH100_fp8_TP1,8B / 1xH100,general,3609,0,1.0000000000000002
llama31_8b_1xH100_fp8_TP1,8B / 1xH100,general,3610,0,1.0000000000000002
llama31_8b_1xH100_fp8_TP1,8B / 1xH100,general,3611,0,1.0000000000000002
llama31_8b_1xH100_fp8_TP1,8B / 1xH100,general,3612,0,1.0000000000000002
llama31_8b_1xH100_fp8_TP1,8B / 1xH100,general,3613,0,1.0000000000000002
llama31_8b_1xH100_fp8_TP1,8B / 1xH100,general,3614,0,1.0000000000000002
llama31_8b_1xH100_fp8_TP1,8B / 1xH100,general,3615,0,1.0000000000000002
llama31_8b_1xH100_fp8_TP1,8B / 1xH100,general,3616,0,1.0000000000000002
llama31_8b_1xH100_fp8_TP1,8B / 1xH100,general,3617,0,1.0000000000000002
llama31_8b_1xH100_fp8_TP1,8B / 1xH100,general,3618,0,1.0000000000000002
llama31_8b_1xH100_fp8_TP1,8B / 1xH100,general,3619,0,1.0000000000000002
llama31_8b_1xH100_fp8_TP1,8B / 1xH100,general,3620,0,1.0000000000000002
llama31_8b_1xH100_fp8_TP1,8B / 1xH100,general,3621,0,1.0000000000000002
llama31_8b_1xH100_fp8_TP1,8B / 1xH100,general,3622,0,1.0000000000000002
llama31_8b_1xH100_fp8_TP1,8B / 1xH100,general,3623,0,1.0000000000000002
llama31_8b_1xH100_fp8_TP1,8B / 1xH100,general,3624,0,1.0000000000000002
llama31_8b_1xH100_fp8_TP1,8B / 1xH100,general,3625,0,1.0000000000000002
llama31_8b_1xH100_fp8_TP1,8B / 1xH100,general,3626,0,1.0000000000000002
llama31_8b_1xH100_fp8_TP1,8B / 1xH100,general,3627,0,1.0000000000000002
llama31_8b_1xH100_fp8_TP1,8B / 1xH100,general,3628,0,1.0000000000000002
llama31_8b_1xH100_fp8_TP1,8B / 1xH100,general,3629,0,1.0000000000000002
llama31_8b_1xH100_fp8_TP1,8B / 1xH100,general,3630,0,1.0000000000000002
llama31_8b_1xH100_fp8_TP1,8B / 1xH100,general,3631,0,1.0000000000000002
llama31_8b_1xH100_fp8_TP1,8B / 1xH100,general,3632,0,1.0000000000000002
llama31_8b_1xH100_fp8_TP1,8B / 1xH100,general,3633,0,1.0000000000000002
llama31_8b_1xH100_fp8_TP1,8B / 1xH100,general,3634,0,1.0000000000000002
llama31_8b_1xH100_fp8_TP1,8B / 1xH100,general,3635,0,1.0000000000000002
llama31_8b_1xH100_fp8_TP1,8B / 1xH100,general,3636,0,1.0000000000000002
llama31_8b_1xH100_fp8_TP1,8B / 1xH100,general,3637,0,1.0000000000000002
llama31_8b_1xH100_fp8_TP1,8B / 1xH100,general,3638,0,1.0000000000000002
llama31_8b_1xH100_fp8_TP1,8B / 1xH100,general,3639,0,1.0000000000000002
llama31_8b_1xH100_fp8_TP1,8B / 1xH100,general,3640,0,1.0000000000000002
llama31_8b_1xH100_fp8_TP1,8B / 1xH100,general,3641,0,1.0000000000000002
llama31_8b_1xH100_fp8_TP1,8B / 1xH100,general,3642,0,1.0000000000000002
llama31_8b_1xH100_fp8_TP1,8B / 1xH100,general,3643,0,1.0000000000000002
llama31_8b_1xH100_fp8_TP1,8B / 1xH100,general,3644,0,1.0000000000000002
llama31_8b_1xH100_fp8_TP1,8B / 1xH100,general,3645,0,1.0000000000000002
llama31_8b_1xH100_fp8_TP1,8B / 1xH100,general,3646,0,1.0000000000000002
llama31_8b_1xH100_fp8_TP1,8B / 1xH100,general,3647,0,1.0000000000000002
llama31_8b_1xH100_fp8_TP1,8B / 1xH100,general,3648,0,1.0000000000000002
llama31_8b_1xH100_fp8_TP1,8B / 1xH100,general,3649,0,1.0000000000000002
llama31_8b_1xH100_fp8_TP1,8B / 1xH100,general,3650,0,1.0000000000000002
llama31_8b_1xH100_fp8_TP1,8B / 1xH100,general,3651,0,1.0000000000000002
llama31_8b_1xH100_fp8_TP1,8B / 1xH100,general,3652,0,1.0000000000000002
llama31_8b_1xH100_fp8_TP1,8B / 1xH100,general,3653,0,1.0000000000000002
llama31_8b_1xH100_fp8_TP1,8B / 1xH100,general,3654,0,1.0000000000000002
llama31_8b_1xH100_fp8_TP1,8B / 1xH100,general,3655,0,1.0000000000000002
llama31_8b_1xH100_fp8_TP1,8B / 1xH100,general,3656,0,1.0000000000000002
llama31_8b_1xH100_fp8_TP1,8B / 1xH100,general,3657,0,1.0000000000000002
llama31_8b_1xH100_fp8_TP1,8B / 1xH100,general,3658,0,1.0000000000000002
llama31_8b_1xH100_fp8_TP1,8B / 1xH100,general,3659,0,1.0000000000000002
llama31_8b_1xH100_fp8_TP1,8B / 1xH100,general,3660,0,1.0000000000000002
llama31_8b_1xH100_fp8_TP1,8B / 1xH100,general,3661,0,1.0000000000000002
llama31_8b_1xH100_fp8_TP1,8B / 1xH100,general,3662,0,1.0000000000000002
llama31_8b_1xH100_fp8_TP1,8B / 1xH100,general,3663,0,1.0000000000000002
llama31_8b_1xH100_fp8_TP1,8B / 1xH100,general,3664,0,1.0000000000000002
llama31_8b_1xH100_fp8_TP1,8B / 1xH100,general,3665,0,1.0000000000000002
llama31_8b_1xH100_fp8_TP1,8B / 1xH100,general,3666,0,1.0000000000000002
llama31_8b_1xH100_fp8_TP1,8B / 1xH100,general,3667,0,1.0000000000000002
llama31_8b_1xH100_fp8_TP1,8B / 1xH100,general,3668,0,1.0000000000000002
llama31_8b_1xH100_fp8_TP1,8B / 1xH100,general,3669,0,1.0000000000000002
llama31_8b_1xH100_fp8_TP1,8B / 1xH100,general,3670,0,1.0000000000000002
llama31_8b_1xH100_fp8_TP1,8B / 1xH100,general,3671,0,1.0000000000000002
llama31_8b_1xH100_fp8_TP1,8B / 1xH100,general,3672,0,1.0000000000000002
llama31_8b_1xH100_fp8_TP1,8B / 1xH100,general,3673,0,1.0000000000000002
llama31_8b_1xH100_fp8_TP1,8B / 1xH100,general,3674,0,1.0000000000000002
llama31_8b_1xH100_fp8_TP1,8B / 1xH100,general,3675,0,1.0000000000000002
llama31_8b_1xH100_fp8_TP1,8B / 1xH100,general,3676,0,1.0000000000000002
llama31_8b_1xH100_fp8_TP1,8B / 1xH100,general,3677,0,1.0000000000000002
llama31_8b_1xH100_fp8_TP1,8B / 1xH100,general,3678,0,1.0000000000000002
llama31_8b_1xH100_fp8_TP1,8B / 1xH100,general,3679,0,1.0000000000000002
llama31_8b_1xH100_fp8_TP1,8B / 1xH100,general,3680,0,1.0000000000000002
llama31_8b_1xH100_fp8_TP1,8B / 1xH100,general,3681,0,1.0000000000000002
llama31_8b_1xH100_fp8_TP1,8B / 1xH100,general,3682,0,1.0000000000000002
llama31_8b_1xH100_fp8_TP1,8B / 1xH100,general,3683,0,1.0000000000000002
llama31_8b_1xH100_fp8_TP1,8B / 1xH100,general,3684,0,1.0000000000000002
llama31_8b_1xH100_fp8_TP1,8B / 1xH100,general,3685,0,1.0000000000000002
llama31_8b_1xH100_fp8_TP1,8B / 1xH100,general,3686,0,1.0000000000000002
llama31_8b_1xH100_fp8_TP1,8B / 1xH100,general,3687,0,1.0000000000000002
llama31_8b_1xH100_fp8_TP1,8B / 1xH100,general,3688,0,1.0000000000000002
llama31_8b_1xH100_fp8_TP1,8B / 1xH100,general,3689,0,1.0000000000000002
llama31_8b_1xH100_fp8_TP1,8B / 1xH100,general,3690,0,1.0000000000000002
llama31_8b_1xH100_fp8_TP1,8B / 1xH100,general,3691,0,1.0000000000000002
llama31_8b_1xH100_fp8_TP1,8B / 1xH100,general,3692,0,1.0000000000000002
llama31_8b_1xH100_fp8_TP1,8B / 1xH100,general,3693,0,1.0000000000000002
llama31_8b_1xH100_fp8_TP1,8B / 1xH100,general,3694,0,1.0000000000000002
llama31_8b_1xH100_fp8_TP1,8B / 1xH100,general,3695,0,1.0000000000000002
llama31_8b_1xH100_fp8_TP1,8B / 1xH100,general,3696,0,1.0000000000000002
llama31_8b_1xH100_fp8_TP1,8B / 1xH100,general,3697,0,1.0000000000000002
llama31_8b_1xH100_fp8_TP1,8B / 1xH100,general,3698,0,1.0000000000000002
llama31_8b_1xH100_fp8_TP1,8B / 1xH100,general,3699,0,1.0000000000000002
llama31_8b_1xH100_fp8_TP1,8B / 1xH100,general,3700,0,1.0000000000000002
llama31_8b_1xH100_fp8_TP1,8B / 1xH100,general,3701,0,1.0000000000000002
llama31_8b_1xH100_fp8_TP1,8B / 1xH100,general,3702,0,1.0000000000000002
llama31_8b_1xH100_fp8_TP1,8B / 1xH100,general,3703,0,1.0000000000000002
llama31_8b_1xH100_fp8_TP1,8B / 1xH100,general,3704,0,1.0000000000000002
llama31_8b_1xH100_fp8_TP1,8B / 1xH100,general,3705,0,1.0000000000000002
llama31_8b_1xH100_fp8_TP1,8B / 1xH100,general,3706,0,1.0000000000000002
llama31_8b_1xH100_fp8_TP1,8B / 1xH100,general,3707,0,1.0000000000000002
llama31_8b_1xH100_fp8_TP1,8B / 1xH100,general,3708,0,1.0000000000000002
llama31_8b_1xH100_fp8_TP1,8B / 1xH100,general,3709,0,1.0000000000000002
llama31_8b_1xH100_fp8_TP1,8B / 1xH100,general,3710,0,1.0000000000000002
llama31_8b_1xH100_fp8_TP1,8B / 1xH100,general,3711,0,1.0000000000000002
llama31_8b_1xH100_fp8_TP1,8B / 1xH100,general,3712,0,1.0000000000000002
llama31_8b_1xH100_fp8_TP1,8B / 1xH100,general,3713,0,1.0000000000000002
llama31_8b_1xH100_fp8_TP1,8B / 1xH100,general,3714,0,1.0000000000000002
llama31_8b_1xH100_fp8_TP1,8B / 1xH100,general,3715,0,1.0000000000000002
llama31_8b_1xH100_fp8_TP1,8B / 1xH100,general,3716,0,1.0000000000000002
llama31_8b_1xH100_fp8_TP1,8B / 1xH100,general,3717,0,1.0000000000000002
llama31_8b_1xH100_fp8_TP1,8B / 1xH100,general,3718,0,1.0000000000000002
llama31_8b_1xH100_fp8_TP1,8B / 1xH100,general,3719,0,1.0000000000000002
llama31_8b_1xH100_fp8_TP1,8B / 1xH100,general,3720,0,1.0000000000000002
llama31_8b_1xH100_fp8_TP1,8B / 1xH100,general,3721,0,1.0000000000000002
llama31_8b_1xH100_fp8_TP1,8B / 1xH100,general,3722,0,1.0000000000000002
llama31_8b_1xH100_fp8_TP1,8B / 1xH100,general,3723,0,1.0000000000000002
llama31_8b_1xH100_fp8_TP1,8B / 1xH100,general,3724,0,1.0000000000000002
llama31_8b_1xH100_fp8_TP1,8B / 1xH100,general,3725,0,1.0000000000000002
llama31_8b_1xH100_fp8_TP1,8B / 1xH100,general,3726,0,1.0000000000000002
llama31_8b_1xH100_fp8_TP1,8B / 1xH100,general,3727,0,1.0000000000000002
llama31_8b_1xH100_fp8_TP1,8B / 1xH100,general,3728,0,1.0000000000000002
llama31_8b_1xH100_fp8_TP1,8B / 1xH100,general,3729,0,1.0000000000000002
llama31_8b_1xH100_fp8_TP1,8B / 1xH100,general,3730,0,1.0000000000000002
llama31_8b_1xH100_fp8_TP1,8B / 1xH100,general,3731,0,1.0000000000000002
llama31_8b_1xH100_fp8_TP1,8B / 1xH100,general,3732,0,1.0000000000000002
llama31_8b_1xH100_fp8_TP1,8B / 1xH100,general,3733,0,1.0000000000000002
llama31_8b_1xH100_fp8_TP1,8B / 1xH100,general,3734,0,1.0000000000000002
llama31_8b_1xH100_fp8_TP1,8B / 1xH100,general,3735,0,1.0000000000000002
llama31_8b_1xH100_fp8_TP1,8B / 1xH100,general,3736,0,1.0000000000000002
llama31_8b_1xH100_fp8_TP1,8B / 1xH100,general,3737,0,1.0000000000000002
llama31_8b_1xH100_fp8_TP1,8B / 1xH100,general,3738,0,1.0000000000000002
llama31_8b_1xH100_fp8_TP1,8B / 1xH100,general,3739,0,1.0000000000000002
llama31_8b_1xH100_fp8_TP1,8B / 1xH100,general,3740,0,1.0000000000000002
llama31_8b_1xH100_fp8_TP1,8B / 1xH100,general,3741,0,1.0000000000000002
llama31_8b_1xH100_fp8_TP1,8B / 1xH100,general,3742,0,1.0000000000000002
llama31_8b_1xH100_fp8_TP1,8B / 1xH100,general,3743,0,1.0000000000000002
llama31_8b_1xH100_fp8_TP1,8B / 1xH100,general,3744,0,1.0000000000000002
llama31_8b_1xH100_fp8_TP1,8B / 1xH100,general,3745,0,1.0000000000000002
llama31_8b_1xH100_fp8_TP1,8B / 1xH100,general,3746,0,1.0000000000000002
llama31_8b_1xH100_fp8_TP1,8B / 1xH100,general,3747,0,1.0000000000000002
llama31_8b_1xH100_fp8_TP1,8B / 1xH100,general,3748,0,1.0000000000000002
llama31_8b_1xH100_fp8_TP1,8B / 1xH100,general,3749,0,1.0000000000000002
llama31_8b_1xH100_fp8_TP1,8B / 1xH100,general,3750,0,1.0000000000000002
llama31_8b_1xH100_fp8_TP1,8B / 1xH100,general,3751,0,1.0000000000000002
llama31_8b_1xH100_fp8_TP1,8B / 1xH100,general,3752,0,1.0000000000000002
llama31_8b_1xH100_fp8_TP1,8B / 1xH100,general,3753,0,1.0000000000000002
llama31_8b_1xH100_fp8_TP1,8B / 1xH100,general,3754,0,1.0000000000000002
llama31_8b_1xH100_fp8_TP1,8B / 1xH100,general,3755,0,1.0000000000000002
llama31_8b_1xH100_fp8_TP1,8B / 1xH100,general,3756,0,1.0000000000000002
llama31_8b_1xH100_fp8_TP1,8B / 1xH100,general,3757,0,1.0000000000000002
llama31_8b_1xH100_fp8_TP1,8B / 1xH100,general,3758,0,1.0000000000000002
llama31_8b_1xH100_fp8_TP1,8B / 1xH100,general,3759,0,1.0000000000000002
llama31_8b_1xH100_fp8_TP1,8B / 1xH100,general,3760,0,1.0000000000000002
llama31_8b_1xH100_fp8_TP1,8B / 1xH100,general,3761,0,1.0000000000000002
llama31_8b_1xH100_fp8_TP1,8B / 1xH100,general,3762,0,1.0000000000000002
llama31_8b_1xH100_fp8_TP1,8B / 1xH100,general,3763,0,1.0000000000000002
llama31_8b_1xH100_fp8_TP1,8B / 1xH100,general,3764,0,1.0000000000000002
llama31_8b_1xH100_fp8_TP1,8B / 1xH100,general,3765,0,1.0000000000000002
llama31_8b_1xH100_fp8_TP1,8B / 1xH100,general,3766,0,1.0000000000000002
llama31_8b_1xH100_fp8_TP1,8B / 1xH100,general,3767,0,1.0000000000000002
llama31_8b_1xH100_fp8_TP1,8B / 1xH100,general,3768,0,1.0000000000000002
llama31_8b_1xH100_fp8_TP1,8B / 1xH100,general,3769,0,1.0000000000000002
llama31_8b_1xH100_fp8_TP1,8B / 1xH100,general,3770,0,1.0000000000000002
llama31_8b_1xH100_fp8_TP1,8B / 1xH100,general,3771,0,1.0000000000000002
llama31_8b_1xH100_fp8_TP1,8B / 1xH100,general,3772,0,1.0000000000000002
llama31_8b_1xH100_fp8_TP1,8B / 1xH100,general,3773,0,1.0000000000000002
llama31_8b_1xH100_fp8_TP1,8B / 1xH100,general,3774,0,1.0000000000000002
llama31_8b_1xH100_fp8_TP1,8B / 1xH100,general,3775,0,1.0000000000000002
llama31_8b_1xH100_fp8_TP1,8B / 1xH100,general,3776,0,1.0000000000000002
llama31_8b_1xH100_fp8_TP1,8B / 1xH100,general,3777,0,1.0000000000000002
llama31_8b_1xH100_fp8_TP1,8B / 1xH100,general,3778,0,1.0000000000000002
llama31_8b_1xH100_fp8_TP1,8B / 1xH100,general,3779,0,1.0000000000000002
llama31_8b_1xH100_fp8_TP1,8B / 1xH100,general,3780,0,1.0000000000000002
llama31_8b_1xH100_fp8_TP1,8B / 1xH100,general,3781,0,1.0000000000000002
llama31_8b_1xH100_fp8_TP1,8B / 1xH100,general,3782,0,1.0000000000000002
llama31_8b_1xH100_fp8_TP1,8B / 1xH100,general,3783,0,1.0000000000000002
llama31_8b_1xH100_fp8_TP1,8B / 1xH100,general,3784,0,1.0000000000000002
llama31_8b_1xH100_fp8_TP1,8B / 1xH100,general,3785,0,1.0000000000000002
llama31_8b_1xH100_fp8_TP1,8B / 1xH100,general,3786,0,1.0000000000000002
llama31_8b_1xH100_fp8_TP1,8B / 1xH100,general,3787,0,1.0000000000000002
llama31_8b_1xH100_fp8_TP1,8B / 1xH100,general,3788,0,1.0000000000000002
llama31_8b_1xH100_fp8_TP1,8B / 1xH100,general,3789,0,1.0000000000000002
llama31_8b_1xH100_fp8_TP1,8B / 1xH100,general,3790,0,1.0000000000000002
llama31_8b_1xH100_fp8_TP1,8B / 1xH100,general,3791,0,1.0000000000000002
llama31_8b_1xH100_fp8_TP1,8B / 1xH100,general,3792,0,1.0000000000000002
llama31_8b_1xH100_fp8_TP1,8B / 1xH100,general,3793,0,1.0000000000000002
llama31_8b_1xH100_fp8_TP1,8B / 1xH100,general,3794,0,1.0000000000000002
llama31_8b_1xH100_fp8_TP1,8B / 1xH100,general,3795,0,1.0000000000000002
llama31_8b_1xH100_fp8_TP1,8B / 1xH100,general,3796,0,1.0000000000000002
llama31_8b_1xH100_fp8_TP1,8B / 1xH100,general,3797,0,1.0000000000000002
llama31_8b_1xH100_fp8_TP1,8B / 1xH100,general,3798,0,1.0000000000000002
llama31_8b_1xH100_fp8_TP1,8B / 1xH100,general,3799,0,1.0000000000000002
llama31_8b_1xH100_fp8_TP1,8B / 1xH100,general,3800,0,1.0000000000000002
llama31_8b_1xH100_fp8_TP1,8B / 1xH100,general,3801,0,1.0000000000000002
llama31_8b_1xH100_fp8_TP1,8B / 1xH100,general,3802,0,1.0000000000000002
llama31_8b_1xH100_fp8_TP1,8B / 1xH100,general,3803,0,1.0000000000000002
llama31_8b_1xH100_fp8_TP1,8B / 1xH100,general,3804,0,1.0000000000000002
llama31_8b_1xH100_fp8_TP1,8B / 1xH100,general,3805,0,1.0000000000000002
llama31_8b_1xH100_fp8_TP1,8B / 1xH100,general,3806,0,1.0000000000000002
llama31_8b_1xH100_fp8_TP1,8B / 1xH100,general,3807,0,1.0000000000000002
llama31_8b_1xH100_fp8_TP1,8B / 1xH100,general,3808,0,1.0000000000000002
llama31_8b_1xH100_fp8_TP1,8B / 1xH100,general,3809,0,1.0000000000000002
llama31_8b_1xH100_fp8_TP1,8B / 1xH100,general,3810,0,1.0000000000000002
llama31_8b_1xH100_fp8_TP1,8B / 1xH100,general,3811,0,1.0000000000000002
llama31_8b_1xH100_fp8_TP1,8B / 1xH100,general,3812,0,1.0000000000000002
llama31_8b_1xH100_fp8_TP1,8B / 1xH100,general,3813,0,1.0000000000000002
llama31_8b_1xH100_fp8_TP1,8B / 1xH100,general,3814,0,1.0000000000000002
llama31_8b_1xH100_fp8_TP1,8B / 1xH100,general,3815,0,1.0000000000000002
llama31_8b_1xH100_fp8_TP1,8B / 1xH100,general,3816,0,1.0000000000000002
llama31_8b_1xH100_fp8_TP1,8B / 1xH100,general,3817,0,1.0000000000000002
llama31_8b_1xH100_fp8_TP1,8B / 1xH100,general,3818,0,1.0000000000000002
llama31_8b_1xH100_fp8_TP1,8B / 1xH100,general,3819,0,1.0000000000000002
llama31_8b_1xH100_fp8_TP1,8B / 1xH100,general,3820,0,1.0000000000000002
llama31_8b_1xH100_fp8_TP1,8B / 1xH100,general,3821,0,1.0000000000000002
llama31_8b_1xH100_fp8_TP1,8B / 1xH100,general,3822,0,1.0000000000000002
llama31_8b_1xH100_fp8_TP1,8B / 1xH100,general,3823,0,1.0000000000000002
llama31_8b_1xH100_fp8_TP1,8B / 1xH100,general,3824,0,1.0000000000000002
llama31_8b_1xH100_fp8_TP1,8B / 1xH100,general,3825,0,1.0000000000000002
llama31_8b_1xH100_fp8_TP1,8B / 1xH100,general,3826,0,1.0000000000000002
llama31_8b_1xH100_fp8_TP1,8B / 1xH100,general,3827,0,1.0000000000000002
llama31_8b_1xH100_fp8_TP1,8B / 1xH100,general,3828,0,1.0000000000000002
llama31_8b_1xH100_fp8_TP1,8B / 1xH100,general,3829,0,1.0000000000000002
llama31_8b_1xH100_fp8_TP1,8B / 1xH100,general,3830,0,1.0000000000000002
llama31_8b_1xH100_fp8_TP1,8B / 1xH100,general,3831,0,1.0000000000000002
llama31_8b_1xH100_fp8_TP1,8B / 1xH100,general,3832,0,1.0000000000000002
llama31_8b_1xH100_fp8_TP1,8B / 1xH100,general,3833,0,1.0000000000000002
llama31_8b_1xH100_fp8_TP1,8B / 1xH100,general,3834,0,1.0000000000000002
llama31_8b_1xH100_fp8_TP1,8B / 1xH100,general,3835,0,1.0000000000000002
llama31_8b_1xH100_fp8_TP1,8B / 1xH100,general,3836,0,1.0000000000000002
llama31_8b_1xH100_fp8_TP1,8B / 1xH100,general,3837,0,1.0000000000000002
llama31_8b_1xH100_fp8_TP1,8B / 1xH100,general,3838,0,1.0000000000000002
llama31_8b_1xH100_fp8_TP1,8B / 1xH100,general,3839,0,1.0000000000000002
llama31_8b_1xH100_fp8_TP1,8B / 1xH100,general,3840,0,1.0000000000000002
llama31_8b_1xH100_fp8_TP1,8B / 1xH100,general,3841,0,1.0000000000000002
llama31_8b_1xH100_fp8_TP1,8B / 1xH100,general,3842,0,1.0000000000000002
llama31_8b_1xH100_fp8_TP1,8B / 1xH100,general,3843,0,1.0000000000000002
llama31_8b_1xH100_fp8_TP1,8B / 1xH100,general,3844,0,1.0000000000000002
llama31_8b_1xH100_fp8_TP1,8B / 1xH100,general,3845,0,1.0000000000000002
llama31_8b_1xH100_fp8_TP1,8B / 1xH100,general,3846,0,1.0000000000000002
llama31_8b_1xH100_fp8_TP1,8B / 1xH100,general,3847,0,1.0000000000000002
llama31_8b_1xH100_fp8_TP1,8B / 1xH100,general,3848,0,1.0000000000000002
llama31_8b_1xH100_fp8_TP1,8B / 1xH100,general,3849,0,1.0000000000000002
llama31_8b_1xH100_fp8_TP1,8B / 1xH100,general,3850,0,1.0000000000000002
llama31_8b_1xH100_fp8_TP1,8B / 1xH100,general,3851,0,1.0000000000000002
llama31_8b_1xH100_fp8_TP1,8B / 1xH100,general,3852,0,1.0000000000000002
llama31_8b_1xH100_fp8_TP1,8B / 1xH100,general,3853,0,1.0000000000000002
llama31_8b_1xH100_fp8_TP1,8B / 1xH100,general,3854,0,1.0000000000000002
llama31_8b_1xH100_fp8_TP1,8B / 1xH100,general,3855,0,1.0000000000000002
llama31_8b_1xH100_fp8_TP1,8B / 1xH100,general,3856,0,1.0000000000000002
llama31_8b_1xH100_fp8_TP1,8B / 1xH100,general,3857,0,1.0000000000000002
llama31_8b_1xH100_fp8_TP1,8B / 1xH100,general,3858,0,1.0000000000000002
llama31_8b_1xH100_fp8_TP1,8B / 1xH100,general,3859,0,1.0000000000000002
llama31_8b_1xH100_fp8_TP1,8B / 1xH100,general,3860,0,1.0000000000000002
llama31_8b_1xH100_fp8_TP1,8B / 1xH100,general,3861,0,1.0000000000000002
llama31_8b_1xH100_fp8_TP1,8B / 1xH100,general,3862,0,1.0000000000000002
llama31_8b_1xH100_fp8_TP1,8B / 1xH100,general,3863,0,1.0000000000000002
llama31_8b_1xH100_fp8_TP1,8B / 1xH100,general,3864,0,1.0000000000000002
llama31_8b_1xH100_fp8_TP1,8B / 1xH100,general,3865,0,1.0000000000000002
llama31_8b_1xH100_fp8_TP1,8B / 1xH100,general,3866,0,1.0000000000000002
llama31_8b_1xH100_fp8_TP1,8B / 1xH100,general,3867,0,1.0000000000000002
llama31_8b_1xH100_fp8_TP1,8B / 1xH100,general,3868,0,1.0000000000000002
llama31_8b_1xH100_fp8_TP1,8B / 1xH100,general,3869,0,1.0000000000000002
llama31_8b_1xH100_fp8_TP1,8B / 1xH100,general,3870,0,1.0000000000000002
llama31_8b_1xH100_fp8_TP1,8B / 1xH100,general,3871,0,1.0000000000000002
llama31_8b_1xH100_fp8_TP1,8B / 1xH100,general,3872,0,1.0000000000000002
llama31_8b_1xH100_fp8_TP1,8B / 1xH100,general,3873,0,1.0000000000000002
llama31_8b_1xH100_fp8_TP1,8B / 1xH100,general,3874,0,1.0000000000000002
llama31_8b_1xH100_fp8_TP1,8B / 1xH100,general,3875,0,1.0000000000000002
llama31_8b_1xH100_fp8_TP1,8B / 1xH100,general,3876,0,1.0000000000000002
llama31_8b_1xH100_fp8_TP1,8B / 1xH100,general,3877,0,1.0000000000000002
llama31_8b_1xH100_fp8_TP1,8B / 1xH100,general,3878,0,1.0000000000000002
llama31_8b_1xH100_fp8_TP1,8B / 1xH100,general,3879,0,1.0000000000000002
llama31_8b_1xH100_fp8_TP1,8B / 1xH100,general,3880,0,1.0000000000000002
llama31_8b_1xH100_fp8_TP1,8B / 1xH100,general,3881,0,1.0000000000000002
llama31_8b_1xH100_fp8_TP1,8B / 1xH100,general,3882,0,1.0000000000000002
llama31_8b_1xH100_fp8_TP1,8B / 1xH100,general,3883,0,1.0000000000000002
llama31_8b_1xH100_fp8_TP1,8B / 1xH100,general,3884,0,1.0000000000000002
llama31_8b_1xH100_fp8_TP1,8B / 1xH100,general,3885,0,1.0000000000000002
llama31_8b_1xH100_fp8_TP1,8B / 1xH100,general,3886,0,1.0000000000000002
llama31_8b_1xH100_fp8_TP1,8B / 1xH100,general,3887,0,1.0000000000000002
llama31_8b_1xH100_fp8_TP1,8B / 1xH100,general,3888,0,1.0000000000000002
llama31_8b_1xH100_fp8_TP1,8B / 1xH100,general,3889,0,1.0000000000000002
llama31_8b_1xH100_fp8_TP1,8B / 1xH100,general,3890,0,1.0000000000000002
llama31_8b_1xH100_fp8_TP1,8B / 1xH100,general,3891,0,1.0000000000000002
llama31_8b_1xH100_fp8_TP1,8B / 1xH100,general,3892,0,1.0000000000000002
llama31_8b_1xH100_fp8_TP1,8B / 1xH100,general,3893,0,1.0000000000000002
llama31_8b_1xH100_fp8_TP1,8B / 1xH100,general,3894,0,1.0000000000000002
llama31_8b_1xH100_fp8_TP1,8B / 1xH100,general,3895,0,1.0000000000000002
llama31_8b_1xH100_fp8_TP1,8B / 1xH100,general,3896,0,1.0000000000000002
llama31_8b_1xH100_fp8_TP1,8B / 1xH100,general,3897,0,1.0000000000000002
llama31_8b_1xH100_fp8_TP1,8B / 1xH100,general,3898,0,1.0000000000000002
llama31_8b_1xH100_fp8_TP1,8B / 1xH100,general,3899,0,1.0000000000000002
llama31_8b_1xH100_fp8_TP1,8B / 1xH100,general,3900,0,1.0000000000000002
llama31_8b_1xH100_fp8_TP1,8B / 1xH100,general,3901,0,1.0000000000000002
llama31_8b_1xH100_fp8_TP1,8B / 1xH100,general,3902,0,1.0000000000000002
llama31_8b_1xH100_fp8_TP1,8B / 1xH100,general,3903,0,1.0000000000000002
llama31_8b_1xH100_fp8_TP1,8B / 1xH100,general,3904,0,1.0000000000000002
llama31_8b_1xH100_fp8_TP1,8B / 1xH100,general,3905,0,1.0000000000000002
llama31_8b_1xH100_fp8_TP1,8B / 1xH100,general,3906,0,1.0000000000000002
llama31_8b_1xH100_fp8_TP1,8B / 1xH100,general,3907,0,1.0000000000000002
llama31_8b_1xH100_fp8_TP1,8B / 1xH100,general,3908,0,1.0000000000000002
llama31_8b_1xH100_fp8_TP1,8B / 1xH100,general,3909,0,1.0000000000000002
llama31_8b_1xH100_fp8_TP1,8B / 1xH100,general,3910,0,1.0000000000000002
llama31_8b_1xH100_fp8_TP1,8B / 1xH100,general,3911,0,1.0000000000000002
llama31_8b_1xH100_fp8_TP1,8B / 1xH100,general,3912,0,1.0000000000000002
llama31_8b_1xH100_fp8_TP1,8B / 1xH100,general,3913,0,1.0000000000000002
llama31_8b_1xH100_fp8_TP1,8B / 1xH100,general,3914,0,1.0000000000000002
llama31_8b_1xH100_fp8_TP1,8B / 1xH100,general,3915,0,1.0000000000000002
llama31_8b_1xH100_fp8_TP1,8B / 1xH100,general,3916,0,1.0000000000000002
llama31_8b_1xH100_fp8_TP1,8B / 1xH100,general,3917,0,1.0000000000000002
llama31_8b_1xH100_fp8_TP1,8B / 1xH100,general,3918,0,1.0000000000000002
llama31_8b_1xH100_fp8_TP1,8B / 1xH100,general,3919,0,1.0000000000000002
llama31_8b_1xH100_fp8_TP1,8B / 1xH100,general,3920,0,1.0000000000000002
llama31_8b_1xH100_fp8_TP1,8B / 1xH100,general,3921,0,1.0000000000000002
llama31_8b_1xH100_fp8_TP1,8B / 1xH100,general,3922,0,1.0000000000000002
llama31_8b_1xH100_fp8_TP1,8B / 1xH100,general,3923,0,1.0000000000000002
llama31_8b_1xH100_fp8_TP1,8B / 1xH100,general,3924,0,1.0000000000000002
llama31_8b_1xH100_fp8_TP1,8B / 1xH100,general,3925,0,1.0000000000000002
llama31_8b_1xH100_fp8_TP1,8B / 1xH100,general,3926,0,1.0000000000000002
llama31_8b_1xH100_fp8_TP1,8B / 1xH100,general,3927,0,1.0000000000000002
llama31_8b_1xH100_fp8_TP1,8B / 1xH100,general,3928,0,1.0000000000000002
llama31_8b_1xH100_fp8_TP1,8B / 1xH100,general,3929,0,1.0000000000000002
llama31_8b_1xH100_fp8_TP1,8B / 1xH100,general,3930,0,1.0000000000000002
llama31_8b_1xH100_fp8_TP1,8B / 1xH100,general,3931,0,1.0000000000000002
llama31_8b_1xH100_fp8_TP1,8B / 1xH100,general,3932,0,1.0000000000000002
llama31_8b_1xH100_fp8_TP1,8B / 1xH100,general,3933,0,1.0000000000000002
llama31_8b_1xH100_fp8_TP1,8B / 1xH100,general,3934,0,1.0000000000000002
llama31_8b_1xH100_fp8_TP1,8B / 1xH100,general,3935,0,1.0000000000000002
llama31_8b_1xH100_fp8_TP1,8B / 1xH100,general,3936,0,1.0000000000000002
llama31_8b_1xH100_fp8_TP1,8B / 1xH100,general,3937,0,1.0000000000000002
llama31_8b_1xH100_fp8_TP1,8B / 1xH100,general,3938,0,1.0000000000000002
llama31_8b_1xH100_fp8_TP1,8B / 1xH100,general,3939,0,1.0000000000000002
llama31_8b_1xH100_fp8_TP1,8B / 1xH100,general,3940,0,1.0000000000000002
llama31_8b_1xH100_fp8_TP1,8B / 1xH100,general,3941,0,1.0000000000000002
llama31_8b_1xH100_fp8_TP1,8B / 1xH100,general,3942,0,1.0000000000000002
llama31_8b_1xH100_fp8_TP1,8B / 1xH100,general,3943,0,1.0000000000000002
llama31_8b_1xH100_fp8_TP1,8B / 1xH100,general,3944,0,1.0000000000000002
llama31_8b_1xH100_fp8_TP1,8B / 1xH100,general,3945,0,1.0000000000000002
llama31_8b_1xH100_fp8_TP1,8B / 1xH100,general,3946,0,1.0000000000000002
llama31_8b_1xH100_fp8_TP1,8B / 1xH100,general,3947,0,1.0000000000000002
llama31_8b_1xH100_fp8_TP1,8B / 1xH100,general,3948,0,1.0000000000000002
llama31_8b_1xH100_fp8_TP1,8B / 1xH100,general,3949,0,1.0000000000000002
llama31_8b_1xH100_fp8_TP1,8B / 1xH100,general,3950,0,1.0000000000000002
llama31_8b_1xH100_fp8_TP1,8B / 1xH100,general,3951,0,1.0000000000000002
llama31_8b_1xH100_fp8_TP1,8B / 1xH100,general,3952,0,1.0000000000000002
llama31_8b_1xH100_fp8_TP1,8B / 1xH100,general,3953,0,1.0000000000000002
llama31_8b_1xH100_fp8_TP1,8B / 1xH100,general,3954,0,1.0000000000000002
llama31_8b_1xH100_fp8_TP1,8B / 1xH100,general,3955,0,1.0000000000000002
llama31_8b_1xH100_fp8_TP1,8B / 1xH100,general,3956,0,1.0000000000000002
llama31_8b_1xH100_fp8_TP1,8B / 1xH100,general,3957,0,1.0000000000000002
llama31_8b_1xH100_fp8_TP1,8B / 1xH100,general,3958,0,1.0000000000000002
llama31_8b_1xH100_fp8_TP1,8B / 1xH100,general,3959,0,1.0000000000000002
llama31_8b_1xH100_fp8_TP1,8B / 1xH100,general,3960,0,1.0000000000000002
llama31_8b_1xH100_fp8_TP1,8B / 1xH100,general,3961,0,1.0000000000000002
llama31_8b_1xH100_fp8_TP1,8B / 1xH100,general,3962,0,1.0000000000000002
llama31_8b_1xH100_fp8_TP1,8B / 1xH100,general,3963,0,1.0000000000000002
llama31_8b_1xH100_fp8_TP1,8B / 1xH100,general,3964,0,1.0000000000000002
llama31_8b_1xH100_fp8_TP1,8B / 1xH100,general,3965,0,1.0000000000000002
llama31_8b_1xH100_fp8_TP1,8B / 1xH100,general,3966,0,1.0000000000000002
llama31_8b_1xH100_fp8_TP1,8B / 1xH100,general,3967,0,1.0000000000000002
llama31_8b_1xH100_fp8_TP1,8B / 1xH100,general,3968,0,1.0000000000000002
llama31_8b_1xH100_fp8_TP1,8B / 1xH100,general,3969,0,1.0000000000000002
llama31_8b_1xH100_fp8_TP1,8B / 1xH100,general,3970,0,1.0000000000000002
llama31_8b_1xH100_fp8_TP1,8B / 1xH100,general,3971,0,1.0000000000000002
llama31_8b_1xH100_fp8_TP1,8B / 1xH100,general,3972,0,1.0000000000000002
llama31_8b_1xH100_fp8_TP1,8B / 1xH100,general,3973,0,1.0000000000000002
llama31_8b_1xH100_fp8_TP1,8B / 1xH100,general,3974,0,1.0000000000000002
llama31_8b_1xH100_fp8_TP1,8B / 1xH100,general,3975,0,1.0000000000000002
llama31_8b_1xH100_fp8_TP1,8B / 1xH100,general,3976,0,1.0000000000000002
llama31_8b_1xH100_fp8_TP1,8B / 1xH100,general,3977,0,1.0000000000000002
llama31_8b_1xH100_fp8_TP1,8B / 1xH100,general,3978,0,1.0000000000000002
llama31_8b_1xH100_fp8_TP1,8B / 1xH100,general,3979,0,1.0000000000000002
llama31_8b_1xH100_fp8_TP1,8B / 1xH100,general,3980,0,1.0000000000000002
llama31_8b_1xH100_fp8_TP1,8B / 1xH100,general,3981,0,1.0000000000000002
llama31_8b_1xH100_fp8_TP1,8B / 1xH100,general,3982,0,1.0000000000000002
llama31_8b_1xH100_fp8_TP1,8B / 1xH100,general,3983,0,1.0000000000000002
llama31_8b_1xH100_fp8_TP1,8B / 1xH100,general,3984,0,1.0000000000000002
llama31_8b_1xH100_fp8_TP1,8B / 1xH100,general,3985,0,1.0000000000000002
llama31_8b_1xH100_fp8_TP1,8B / 1xH100,general,3986,0,1.0000000000000002
llama31_8b_1xH100_fp8_TP1,8B / 1xH100,general,3987,0,1.0000000000000002
llama31_8b_1xH100_fp8_TP1,8B / 1xH100,general,3988,0,1.0000000000000002
llama31_8b_1xH100_fp8_TP1,8B / 1xH100,general,3989,0,1.0000000000000002
llama31_8b_1xH100_fp8_TP1,8B / 1xH100,general,3990,0,1.0000000000000002
llama31_8b_1xH100_fp8_TP1,8B / 1xH100,general,3991,0,1.0000000000000002
llama31_8b_1xH100_fp8_TP1,8B / 1xH100,general,3992,0,1.0000000000000002
llama31_8b_1xH100_fp8_TP1,8B / 1xH100,general,3993,0,1.0000000000000002
llama31_8b_1xH100_fp8_TP1,8B / 1xH100,general,3994,0,1.0000000000000002
llama31_8b_1xH100_fp8_TP1,8B / 1xH100,general,3995,0,1.0000000000000002
llama31_8b_1xH100_fp8_TP1,8B / 1xH100,general,3996,0,1.0000000000000002
llama31_8b_1xH100_fp8_TP1,8B / 1xH100,general,3997,0,1.0000000000000002
llama31_8b_1xH100_fp8_TP1,8B / 1xH100,general,3998,0,1.0000000000000002
llama31_8b_1xH100_fp8_TP1,8B / 1xH100,general,3999,0,1.0000000000000002
llama31_8b_1xH100_fp8_TP1,8B / 1xH100,general,4000,0,1.0000000000000002
llama31_8b_1xH100_fp8_TP1,8B / 1xH100,general,4001,0,1.0000000000000002
llama31_8b_1xH100_fp8_TP1,8B / 1xH100,general,4002,0,1.0000000000000002
llama31_8b_1xH100_fp8_TP1,8B / 1xH100,general,4003,0,1.0000000000000002
llama31_8b_1xH100_fp8_TP1,8B / 1xH100,general,4004,0,1.0000000000000002
llama31_8b_1xH100_fp8_TP1,8B / 1xH100,general,4005,0,1.0000000000000002
llama31_8b_1xH100_fp8_TP1,8B / 1xH100,general,4006,0,1.0000000000000002
llama31_8b_1xH100_fp8_TP1,8B / 1xH100,general,4007,0,1.0000000000000002
llama31_8b_1xH100_fp8_TP1,8B / 1xH100,general,4008,0,1.0000000000000002
llama31_8b_1xH100_fp8_TP1,8B / 1xH100,general,4009,0,1.0000000000000002
llama31_8b_1xH100_fp8_TP1,8B / 1xH100,general,4010,0,1.0000000000000002
llama31_8b_1xH100_fp8_TP1,8B / 1xH100,general,4011,0,1.0000000000000002
llama31_8b_1xH100_fp8_TP1,8B / 1xH100,general,4012,0,1.0000000000000002
llama31_8b_1xH100_fp8_TP1,8B / 1xH100,general,4013,0,1.0000000000000002
llama31_8b_1xH100_fp8_TP1,8B / 1xH100,general,4014,0,1.0000000000000002
llama31_8b_1xH100_fp8_TP1,8B / 1xH100,general,4015,0,1.0000000000000002
llama31_8b_1xH100_fp8_TP1,8B / 1xH100,general,4016,0,1.0000000000000002
llama31_8b_1xH100_fp8_TP1,8B / 1xH100,general,4017,0,1.0000000000000002
llama31_8b_1xH100_fp8_TP1,8B / 1xH100,general,4018,0,1.0000000000000002
llama31_8b_1xH100_fp8_TP1,8B / 1xH100,general,4019,0,1.0000000000000002
llama31_8b_1xH100_fp8_TP1,8B / 1xH100,general,4020,0,1.0000000000000002
llama31_8b_1xH100_fp8_TP1,8B / 1xH100,general,4021,0,1.0000000000000002
llama31_8b_1xH100_fp8_TP1,8B / 1xH100,general,4022,0,1.0000000000000002
llama31_8b_1xH100_fp8_TP1,8B / 1xH100,general,4023,0,1.0000000000000002
llama31_8b_1xH100_fp8_TP1,8B / 1xH100,general,4024,0,1.0000000000000002
llama31_8b_1xH100_fp8_TP1,8B / 1xH100,general,4025,0,1.0000000000000002
llama31_8b_1xH100_fp8_TP1,8B / 1xH100,general,4026,0,1.0000000000000002
llama31_8b_1xH100_fp8_TP1,8B / 1xH100,general,4027,0,1.0000000000000002
llama31_8b_1xH100_fp8_TP1,8B / 1xH100,general,4028,0,1.0000000000000002
llama31_8b_1xH100_fp8_TP1,8B / 1xH100,general,4029,0,1.0000000000000002
llama31_8b_1xH100_fp8_TP1,8B / 1xH100,general,4030,0,1.0000000000000002
llama31_8b_1xH100_fp8_TP1,8B / 1xH100,general,4031,0,1.0000000000000002
llama31_8b_1xH100_fp8_TP1,8B / 1xH100,general,4032,0,1.0000000000000002
llama31_8b_1xH100_fp8_TP1,8B / 1xH100,general,4033,0,1.0000000000000002
llama31_8b_1xH100_fp8_TP1,8B / 1xH100,general,4034,0,1.0000000000000002
llama31_8b_1xH100_fp8_TP1,8B / 1xH100,general,4035,0,1.0000000000000002
llama31_8b_1xH100_fp8_TP1,8B / 1xH100,general,4036,0,1.0000000000000002
llama31_8b_1xH100_fp8_TP1,8B / 1xH100,general,4037,0,1.0000000000000002
llama31_8b_1xH100_fp8_TP1,8B / 1xH100,general,4038,0,1.0000000000000002
llama31_8b_1xH100_fp8_TP1,8B / 1xH100,general,4039,0,1.0000000000000002
llama31_8b_1xH100_fp8_TP1,8B / 1xH100,general,4040,0,1.0000000000000002
llama31_8b_1xH100_fp8_TP1,8B / 1xH100,general,4041,0,1.0000000000000002
llama31_8b_1xH100_fp8_TP1,8B / 1xH100,general,4042,0,1.0000000000000002
llama31_8b_1xH100_fp8_TP1,8B / 1xH100,general,4043,0,1.0000000000000002
llama31_8b_1xH100_fp8_TP1,8B / 1xH100,general,4044,0,1.0000000000000002
llama31_8b_1xH100_fp8_TP1,8B / 1xH100,general,4045,0,1.0000000000000002
llama31_8b_1xH100_fp8_TP1,8B / 1xH100,general,4046,0,1.0000000000000002
llama31_8b_1xH100_fp8_TP1,8B / 1xH100,general,4047,0,1.0000000000000002
llama31_8b_1xH100_fp8_TP1,8B / 1xH100,general,4048,0,1.0000000000000002
llama31_8b_1xH100_fp8_TP1,8B / 1xH100,general,4049,0,1.0000000000000002
llama31_8b_1xH100_fp8_TP1,8B / 1xH100,general,4050,0,1.0000000000000002
llama31_8b_1xH100_fp8_TP1,8B / 1xH100,general,4051,0,1.0000000000000002
llama31_8b_1xH100_fp8_TP1,8B / 1xH100,general,4052,0,1.0000000000000002
llama31_8b_1xH100_fp8_TP1,8B / 1xH100,general,4053,0,1.0000000000000002
llama31_8b_1xH100_fp8_TP1,8B / 1xH100,general,4054,0,1.0000000000000002
llama31_8b_1xH100_fp8_TP1,8B / 1xH100,general,4055,0,1.0000000000000002
llama31_8b_1xH100_fp8_TP1,8B / 1xH100,general,4056,0,1.0000000000000002
llama31_8b_1xH100_fp8_TP1,8B / 1xH100,general,4057,0,1.0000000000000002
llama31_8b_1xH100_fp8_TP1,8B / 1xH100,general,4058,0,1.0000000000000002
llama31_8b_1xH100_fp8_TP1,8B / 1xH100,general,4059,0,1.0000000000000002
llama31_8b_1xH100_fp8_TP1,8B / 1xH100,general,4060,0,1.0000000000000002
llama31_8b_1xH100_fp8_TP1,8B / 1xH100,general,4061,0,1.0000000000000002
llama31_8b_1xH100_fp8_TP1,8B / 1xH100,general,4062,0,1.0000000000000002
llama31_8b_1xH100_fp8_TP1,8B / 1xH100,general,4063,0,1.0000000000000002
llama31_8b_1xH100_fp8_TP1,8B / 1xH100,general,4064,0,1.0000000000000002
llama31_8b_1xH100_fp8_TP1,8B / 1xH100,general,4065,0,1.0000000000000002
llama31_8b_1xH100_fp8_TP1,8B / 1xH100,general,4066,0,1.0000000000000002
llama31_8b_1xH100_fp8_TP1,8B / 1xH100,general,4067,0,1.0000000000000002
llama31_8b_1xH100_fp8_TP1,8B / 1xH100,general,4068,0,1.0000000000000002
llama31_8b_1xH100_fp8_TP1,8B / 1xH100,general,4069,0,1.0000000000000002
llama31_8b_1xH100_fp8_TP1,8B / 1xH100,general,4070,0,1.0000000000000002
llama31_8b_1xH100_fp8_TP1,8B / 1xH100,general,4071,0,1.0000000000000002
llama31_8b_1xH100_fp8_TP1,8B / 1xH100,general,4072,0,1.0000000000000002
llama31_8b_1xH100_fp8_TP1,8B / 1xH100,general,4073,0,1.0000000000000002
llama31_8b_1xH100_fp8_TP1,8B / 1xH100,general,4074,0,1.0000000000000002
llama31_8b_1xH100_fp8_TP1,8B / 1xH100,general,4075,0,1.0000000000000002
llama31_8b_1xH100_fp8_TP1,8B / 1xH100,general,4076,0,1.0000000000000002
llama31_8b_1xH100_fp8_TP1,8B / 1xH100,general,4077,0,1.0000000000000002
llama31_8b_1xH100_fp8_TP1,8B / 1xH100,general,4078,0,1.0000000000000002
llama31_8b_1xH100_fp8_TP1,8B / 1xH100,general,4079,0,1.0000000000000002
llama31_8b_1xH100_fp8_TP1,8B / 1xH100,general,4080,0,1.0000000000000002
llama31_8b_1xH100_fp8_TP1,8B / 1xH100,general,4081,0,1.0000000000000002
llama31_8b_1xH100_fp8_TP1,8B / 1xH100,general,4082,0,1.0000000000000002
llama31_8b_1xH100_fp8_TP1,8B / 1xH100,general,4083,0,1.0000000000000002
llama31_8b_1xH100_fp8_TP1,8B / 1xH100,general,4084,0,1.0000000000000002
llama31_8b_1xH100_fp8_TP1,8B / 1xH100,general,4085,0,1.0000000000000002
llama31_8b_1xH100_fp8_TP1,8B / 1xH100,general,4086,0,1.0000000000000002
llama31_8b_1xH100_fp8_TP1,8B / 1xH100,general,4087,0,1.0000000000000002
llama31_8b_1xH100_fp8_TP1,8B / 1xH100,general,4088,0,1.0000000000000002
llama31_8b_1xH100_fp8_TP1,8B / 1xH100,general,4089,0,1.0000000000000002
llama31_8b_1xH100_fp8_TP1,8B / 1xH100,general,4090,0,1.0000000000000002
llama31_8b_1xH100_fp8_TP1,8B / 1xH100,general,4091,0,1.0000000000000002
llama31_8b_1xH100_fp8_TP1,8B / 1xH100,general,4092,0,1.0000000000000002
llama31_8b_1xH100_fp8_TP1,8B / 1xH100,general,4093,0,1.0000000000000002
llama31_8b_1xH100_fp8_TP1,8B / 1xH100,general,4094,0,1.0000000000000002
llama31_8b_1xH100_fp8_TP1,8B / 1xH100,general,4095,0,1.0000000000000002
llama31_8b_1xH100_fp8_TP1,8B / 1xH100,general,4096,0,1.0000000000000002
llama31_8b_1xH100_fp8_TP1,8B / 1xH100,general,4097,0,1.0000000000000002
llama31_8b_1xH100_fp8_TP1,8B / 1xH100,general,4098,0,1.0000000000000002
llama31_8b_1xH100_fp8_TP1,8B / 1xH100,general,4099,0,1.0000000000000002
llama31_8b_1xH100_fp8_TP1,8B / 1xH100,general,4100,0,1.0000000000000002
llama31_8b_1xH100_fp8_TP1,8B / 1xH100,general,4101,0,1.0000000000000002
llama31_8b_1xH100_fp8_TP1,8B / 1xH100,general,4102,0,1.0000000000000002
llama31_8b_1xH100_fp8_TP1,8B / 1xH100,general,4103,0,1.0000000000000002
llama31_8b_1xH100_fp8_TP1,8B / 1xH100,general,4104,0,1.0000000000000002
llama31_8b_1xH100_fp8_TP1,8B / 1xH100,general,4105,0,1.0000000000000002
llama31_8b_1xH100_fp8_TP1,8B / 1xH100,general,4106,0,1.0000000000000002
llama31_8b_1xH100_fp8_TP1,8B / 1xH100,general,4107,0,1.0000000000000002
llama31_8b_1xH100_fp8_TP1,8B / 1xH100,general,4108,0,1.0000000000000002
llama31_8b_1xH100_fp8_TP1,8B / 1xH100,general,4109,0,1.0000000000000002
llama31_8b_1xH100_fp8_TP1,8B / 1xH100,general,4110,0,1.0000000000000002
llama31_8b_1xH100_fp8_TP1,8B / 1xH100,general,4111,0,1.0000000000000002
llama31_8b_1xH100_fp8_TP1,8B / 1xH100,general,4112,0,1.0000000000000002
llama31_8b_1xH100_fp8_TP1,8B / 1xH100,general,4113,0,1.0000000000000002
llama31_8b_1xH100_fp8_TP1,8B / 1xH100,general,4114,0,1.0000000000000002
llama31_8b_1xH100_fp8_TP1,8B / 1xH100,general,4115,0,1.0000000000000002
llama31_8b_1xH100_fp8_TP1,8B / 1xH100,general,4116,0,1.0000000000000002
llama31_8b_1xH100_fp8_TP1,8B / 1xH100,general,4117,0,1.0000000000000002
llama31_8b_1xH100_fp8_TP1,8B / 1xH100,general,4118,0,1.0000000000000002
llama31_8b_1xH100_fp8_TP1,8B / 1xH100,general,4119,0,1.0000000000000002
llama31_8b_1xH100_fp8_TP1,8B / 1xH100,general,4120,0,1.0000000000000002
llama31_8b_1xH100_fp8_TP1,8B / 1xH100,general,4121,0,1.0000000000000002
llama31_8b_1xH100_fp8_TP1,8B / 1xH100,general,4122,0,1.0000000000000002
llama31_8b_1xH100_fp8_TP1,8B / 1xH100,general,4123,0,1.0000000000000002
llama31_8b_1xH100_fp8_TP1,8B / 1xH100,general,4124,0,1.0000000000000002
llama31_8b_1xH100_fp8_TP1,8B / 1xH100,general,4125,0,1.0000000000000002
llama31_8b_1xH100_fp8_TP1,8B / 1xH100,general,4126,0,1.0000000000000002
llama31_8b_1xH100_fp8_TP1,8B / 1xH100,general,4127,0,1.0000000000000002
llama31_8b_1xH100_fp8_TP1,8B / 1xH100,general,4128,0,1.0000000000000002
llama31_8b_1xH100_fp8_TP1,8B / 1xH100,general,4129,0,1.0000000000000002
llama31_8b_1xH100_fp8_TP1,8B / 1xH100,general,4130,0,1.0000000000000002
llama31_8b_1xH100_fp8_TP1,8B / 1xH100,general,4131,0,1.0000000000000002
llama31_8b_1xH100_fp8_TP1,8B / 1xH100,general,4132,0,1.0000000000000002
llama31_8b_1xH100_fp8_TP1,8B / 1xH100,general,4133,0,1.0000000000000002
llama31_8b_1xH100_fp8_TP1,8B / 1xH100,general,4134,0,1.0000000000000002
llama31_8b_1xH100_fp8_TP1,8B / 1xH100,general,4135,0,1.0000000000000002
llama31_8b_1xH100_fp8_TP1,8B / 1xH100,general,4136,0,1.0000000000000002
llama31_8b_1xH100_fp8_TP1,8B / 1xH100,general,4137,0,1.0000000000000002
llama31_8b_1xH100_fp8_TP1,8B / 1xH100,general,4138,0,1.0000000000000002
llama31_8b_1xH100_fp8_TP1,8B / 1xH100,general,4139,0,1.0000000000000002
llama31_8b_1xH100_fp8_TP1,8B / 1xH100,general,4140,0,1.0000000000000002
llama31_8b_1xH100_fp8_TP1,8B / 1xH100,general,4141,0,1.0000000000000002
llama31_8b_1xH100_fp8_TP1,8B / 1xH100,general,4142,0,1.0000000000000002
llama31_8b_1xH100_fp8_TP1,8B / 1xH100,general,4143,0,1.0000000000000002
llama31_8b_1xH100_fp8_TP1,8B / 1xH100,general,4144,0,1.0000000000000002
llama31_8b_1xH100_fp8_TP1,8B / 1xH100,general,4145,0,1.0000000000000002
llama31_8b_1xH100_fp8_TP1,8B / 1xH100,general,4146,0,1.0000000000000002
llama31_8b_1xH100_fp8_TP1,8B / 1xH100,general,4147,0,1.0000000000000002
llama31_8b_1xH100_fp8_TP1,8B / 1xH100,general,4148,0,1.0000000000000002
llama31_8b_1xH100_fp8_TP1,8B / 1xH100,general,4149,0,1.0000000000000002
llama31_8b_1xH100_fp8_TP1,8B / 1xH100,general,4150,0,1.0000000000000002
llama31_8b_1xH100_fp8_TP1,8B / 1xH100,general,4151,0,1.0000000000000002
llama31_8b_1xH100_fp8_TP1,8B / 1xH100,general,4152,0,1.0000000000000002
llama31_8b_1xH100_fp8_TP1,8B / 1xH100,general,4153,0,1.0000000000000002
llama31_8b_1xH100_fp8_TP1,8B / 1xH100,general,4154,0,1.0000000000000002
llama31_8b_1xH100_fp8_TP1,8B / 1xH100,general,4155,0,1.0000000000000002
llama31_8b_1xH100_fp8_TP1,8B / 1xH100,general,4156,0,1.0000000000000002
llama31_8b_1xH100_fp8_TP1,8B / 1xH100,general,4157,0,1.0000000000000002
llama31_8b_1xH100_fp8_TP1,8B / 1xH100,general,4158,0,1.0000000000000002
llama31_8b_1xH100_fp8_TP1,8B / 1xH100,general,4159,0,1.0000000000000002
llama31_8b_1xH100_fp8_TP1,8B / 1xH100,general,4160,0,1.0000000000000002
llama31_8b_1xH100_fp8_TP1,8B / 1xH100,general,4161,0,1.0000000000000002
llama31_8b_1xH100_fp8_TP1,8B / 1xH100,general,4162,0,1.0000000000000002
llama31_8b_1xH100_fp8_TP1,8B / 1xH100,general,4163,0,1.0000000000000002
llama31_8b_1xH100_fp8_TP1,8B / 1xH100,general,4164,0,1.0000000000000002
llama31_8b_1xH100_fp8_TP1,8B / 1xH100,general,4165,0,1.0000000000000002
llama31_8b_1xH100_fp8_TP1,8B / 1xH100,general,4166,0,1.0000000000000002
llama31_8b_1xH100_fp8_TP1,8B / 1xH100,general,4167,0,1.0000000000000002
llama31_8b_1xH100_fp8_TP1,8B / 1xH100,general,4168,0,1.0000000000000002
llama31_8b_1xH100_fp8_TP1,8B / 1xH100,general,4169,0,1.0000000000000002
llama31_8b_1xH100_fp8_TP1,8B / 1xH100,general,4170,0,1.0000000000000002
llama31_8b_1xH100_fp8_TP1,8B / 1xH100,general,4171,0,1.0000000000000002
llama31_8b_1xH100_fp8_TP1,8B / 1xH100,general,4172,0,1.0000000000000002
llama31_8b_1xH100_fp8_TP1,8B / 1xH100,general,4173,0,1.0000000000000002
llama31_8b_1xH100_fp8_TP1,8B / 1xH100,general,4174,0,1.0000000000000002
llama31_8b_1xH100_fp8_TP1,8B / 1xH100,general,4175,0,1.0000000000000002
llama31_8b_1xH100_fp8_TP1,8B / 1xH100,general,4176,0,1.0000000000000002
llama31_8b_1xH100_fp8_TP1,8B / 1xH100,general,4177,0,1.0000000000000002
llama31_8b_1xH100_fp8_TP1,8B / 1xH100,general,4178,0,1.0000000000000002
llama31_8b_1xH100_fp8_TP1,8B / 1xH100,general,4179,0,1.0000000000000002
llama31_8b_1xH100_fp8_TP1,8B / 1xH100,general,4180,0,1.0000000000000002
llama31_8b_1xH100_fp8_TP1,8B / 1xH100,general,4181,0,1.0000000000000002
llama31_8b_1xH100_fp8_TP1,8B / 1xH100,general,4182,0,1.0000000000000002
llama31_8b_1xH100_fp8_TP1,8B / 1xH100,general,4183,0,1.0000000000000002
llama31_8b_1xH100_fp8_TP1,8B / 1xH100,general,4184,0,1.0000000000000002
llama31_8b_1xH100_fp8_TP1,8B / 1xH100,general,4185,0,1.0000000000000002
llama31_8b_1xH100_fp8_TP1,8B / 1xH100,general,4186,0,1.0000000000000002
llama31_8b_1xH100_fp8_TP1,8B / 1xH100,general,4187,0,1.0000000000000002
llama31_8b_1xH100_fp8_TP1,8B / 1xH100,general,4188,0,1.0000000000000002
llama31_8b_1xH100_fp8_TP1,8B / 1xH100,general,4189,0,1.0000000000000002
llama31_8b_1xH100_fp8_TP1,8B / 1xH100,general,4190,0,1.0000000000000002
llama31_8b_1xH100_fp8_TP1,8B / 1xH100,general,4191,0,1.0000000000000002
llama31_8b_1xH100_fp8_TP1,8B / 1xH100,general,4192,0,1.0000000000000002
llama31_8b_1xH100_fp8_TP1,8B / 1xH100,general,4193,0,1.0000000000000002
llama31_8b_1xH100_fp8_TP1,8B / 1xH100,general,4194,0,1.0000000000000002
llama31_8b_1xH100_fp8_TP1,8B / 1xH100,general,4195,0,1.0000000000000002
llama31_8b_1xH100_fp8_TP1,8B / 1xH100,general,4196,0,1.0000000000000002
llama31_8b_1xH100_fp8_TP1,8B / 1xH100,general,4197,0,1.0000000000000002
llama31_8b_1xH100_fp8_TP1,8B / 1xH100,general,4198,0,1.0000000000000002
llama31_8b_1xH100_fp8_TP1,8B / 1xH100,general,4199,0,1.0000000000000002
llama31_8b_1xH100_fp8_TP1,8B / 1xH100,general,4200,0,1.0000000000000002
llama31_8b_1xH100_fp8_TP1,8B / 1xH100,general,4201,0,1.0000000000000002
llama31_8b_1xH100_fp8_TP1,8B / 1xH100,general,4202,0,1.0000000000000002
llama31_8b_1xH100_fp8_TP1,8B / 1xH100,general,4203,0,1.0000000000000002
llama31_8b_1xH100_fp8_TP1,8B / 1xH100,general,4204,0,1.0000000000000002
llama31_8b_1xH100_fp8_TP1,8B / 1xH100,general,4205,0,1.0000000000000002
llama31_8b_1xH100_fp8_TP1,8B / 1xH100,general,4206,0,1.0000000000000002
llama31_8b_1xH100_fp8_TP1,8B / 1xH100,general,4207,0,1.0000000000000002
llama31_8b_1xH100_fp8_TP1,8B / 1xH100,general,4208,0,1.0000000000000002
llama31_8b_1xH100_fp8_TP1,8B / 1xH100,general,4209,0,1.0000000000000002
llama31_8b_1xH100_fp8_TP1,8B / 1xH100,general,4210,0,1.0000000000000002
llama31_8b_1xH100_fp8_TP1,8B / 1xH100,general,4211,0,1.0000000000000002
llama31_8b_1xH100_fp8_TP1,8B / 1xH100,general,4212,0,1.0000000000000002
llama31_8b_1xH100_fp8_TP1,8B / 1xH100,general,4213,0,1.0000000000000002
llama31_8b_1xH100_fp8_TP1,8B / 1xH100,general,4214,0,1.0000000000000002
llama31_8b_1xH100_fp8_TP1,8B / 1xH100,general,4215,0,1.0000000000000002
llama31_8b_1xH100_fp8_TP1,8B / 1xH100,general,4216,0,1.0000000000000002
llama31_8b_1xH100_fp8_TP1,8B / 1xH100,general,4217,0,1.0000000000000002
llama31_8b_1xH100_fp8_TP1,8B / 1xH100,general,4218,0,1.0000000000000002
llama31_8b_1xH100_fp8_TP1,8B / 1xH100,general,4219,0,1.0000000000000002
llama31_8b_1xH100_fp8_TP1,8B / 1xH100,general,4220,0,1.0000000000000002
llama31_8b_1xH100_fp8_TP1,8B / 1xH100,general,4221,0,1.0000000000000002
llama31_8b_1xH100_fp8_TP1,8B / 1xH100,general,4222,0,1.0000000000000002
llama31_8b_1xH100_fp8_TP1,8B / 1xH100,general,4223,0,1.0000000000000002
llama31_8b_1xH100_fp8_TP1,8B / 1xH100,general,4224,0,1.0000000000000002
llama31_8b_1xH100_fp8_TP1,8B / 1xH100,general,4225,0,1.0000000000000002
llama31_8b_1xH100_fp8_TP1,8B / 1xH100,general,4226,0,1.0000000000000002
llama31_8b_1xH100_fp8_TP1,8B / 1xH100,general,4227,0,1.0000000000000002
llama31_8b_1xH100_fp8_TP1,8B / 1xH100,general,4228,0,1.0000000000000002
llama31_8b_1xH100_fp8_TP1,8B / 1xH100,general,4229,0,1.0000000000000002
llama31_8b_1xH100_fp8_TP1,8B / 1xH100,general,4230,0,1.0000000000000002
llama31_8b_1xH100_fp8_TP1,8B / 1xH100,general,4231,0,1.0000000000000002
llama31_8b_1xH100_fp8_TP1,8B / 1xH100,general,4232,0,1.0000000000000002
llama31_8b_1xH100_fp8_TP1,8B / 1xH100,general,4233,0,1.0000000000000002
llama31_8b_1xH100_fp8_TP1,8B / 1xH100,general,4234,0,1.0000000000000002
llama31_8b_1xH100_fp8_TP1,8B / 1xH100,general,4235,0,1.0000000000000002
llama31_8b_1xH100_fp8_TP1,8B / 1xH100,general,4236,0,1.0000000000000002
llama31_8b_1xH100_fp8_TP1,8B / 1xH100,general,4237,0,1.0000000000000002
llama31_8b_1xH100_fp8_TP1,8B / 1xH100,general,4238,0,1.0000000000000002
llama31_8b_1xH100_fp8_TP1,8B / 1xH100,general,4239,0,1.0000000000000002
llama31_8b_1xH100_fp8_TP1,8B / 1xH100,general,4240,0,1.0000000000000002
llama31_8b_1xH100_fp8_TP1,8B / 1xH100,general,4241,0,1.0000000000000002
llama31_8b_1xH100_fp8_TP1,8B / 1xH100,general,4242,0,1.0000000000000002
llama31_8b_1xH100_fp8_TP1,8B / 1xH100,general,4243,0,1.0000000000000002
llama31_8b_1xH100_fp8_TP1,8B / 1xH100,general,4244,0,1.0000000000000002
llama31_8b_1xH100_fp8_TP1,8B / 1xH100,general,4245,0,1.0000000000000002
llama31_8b_1xH100_fp8_TP1,8B / 1xH100,general,4246,0,1.0000000000000002
llama31_8b_1xH100_fp8_TP1,8B / 1xH100,general,4247,0,1.0000000000000002
llama31_8b_1xH100_fp8_TP1,8B / 1xH100,general,4248,0,1.0000000000000002
llama31_8b_1xH100_fp8_TP1,8B / 1xH100,general,4249,0,1.0000000000000002
llama31_8b_1xH100_fp8_TP1,8B / 1xH100,general,4250,0,1.0000000000000002
llama31_8b_1xH100_fp8_TP1,8B / 1xH100,general,4251,0,1.0000000000000002
llama31_8b_1xH100_fp8_TP1,8B / 1xH100,general,4252,0,1.0000000000000002
llama31_8b_1xH100_fp8_TP1,8B / 1xH100,general,4253,0,1.0000000000000002
llama31_8b_1xH100_fp8_TP1,8B / 1xH100,general,4254,0,1.0000000000000002
llama31_8b_1xH100_fp8_TP1,8B / 1xH100,general,4255,0,1.0000000000000002
llama31_8b_1xH100_fp8_TP1,8B / 1xH100,general,4256,0,1.0000000000000002
llama31_8b_1xH100_fp8_TP1,8B / 1xH100,general,4257,0,1.0000000000000002
llama31_8b_1xH100_fp8_TP1,8B / 1xH100,general,4258,0,1.0000000000000002
llama31_8b_1xH100_fp8_TP1,8B / 1xH100,general,4259,0,1.0000000000000002
llama31_8b_1xH100_fp8_TP1,8B / 1xH100,general,4260,0,1.0000000000000002
llama31_8b_1xH100_fp8_TP1,8B / 1xH100,general,4261,0,1.0000000000000002
llama31_8b_1xH100_fp8_TP1,8B / 1xH100,general,4262,0,1.0000000000000002
llama31_8b_1xH100_fp8_TP1,8B / 1xH100,general,4263,0,1.0000000000000002
llama31_8b_1xH100_fp8_TP1,8B / 1xH100,general,4264,0,1.0000000000000002
llama31_8b_1xH100_fp8_TP1,8B / 1xH100,general,4265,0,1.0000000000000002
llama31_8b_1xH100_fp8_TP1,8B / 1xH100,general,4266,0,1.0000000000000002
llama31_8b_1xH100_fp8_TP1,8B / 1xH100,general,4267,0,1.0000000000000002
llama31_8b_1xH100_fp8_TP1,8B / 1xH100,general,4268,0,1.0000000000000002
llama31_8b_1xH100_fp8_TP1,8B / 1xH100,general,4269,0,1.0000000000000002
llama31_8b_1xH100_fp8_TP1,8B / 1xH100,general,4270,0,1.0000000000000002
llama31_8b_1xH100_fp8_TP1,8B / 1xH100,general,4271,0,1.0000000000000002
llama31_8b_1xH100_fp8_TP1,8B / 1xH100,general,4272,0,1.0000000000000002
llama31_8b_1xH100_fp8_TP1,8B / 1xH100,general,4273,0,1.0000000000000002
llama31_8b_1xH100_fp8_TP1,8B / 1xH100,general,4274,0,1.0000000000000002
llama31_8b_1xH100_fp8_TP1,8B / 1xH100,general,4275,0,1.0000000000000002
llama31_8b_1xH100_fp8_TP1,8B / 1xH100,general,4276,0,1.0000000000000002
llama31_8b_1xH100_fp8_TP1,8B / 1xH100,general,4277,0,1.0000000000000002
llama31_8b_1xH100_fp8_TP1,8B / 1xH100,general,4278,0,1.0000000000000002
llama31_8b_1xH100_fp8_TP1,8B / 1xH100,general,4279,0,1.0000000000000002
llama31_8b_1xH100_fp8_TP1,8B / 1xH100,general,4280,0,1.0000000000000002
llama31_8b_1xH100_fp8_TP1,8B / 1xH100,general,4281,0,1.0000000000000002
llama31_8b_1xH100_fp8_TP1,8B / 1xH100,general,4282,0,1.0000000000000002
llama31_8b_1xH100_fp8_TP1,8B / 1xH100,general,4283,0,1.0000000000000002
llama31_8b_1xH100_fp8_TP1,8B / 1xH100,general,4284,0,1.0000000000000002
llama31_8b_1xH100_fp8_TP1,8B / 1xH100,general,4285,0,1.0000000000000002
llama31_8b_1xH100_fp8_TP1,8B / 1xH100,general,4286,0,1.0000000000000002
llama31_8b_1xH100_fp8_TP1,8B / 1xH100,general,4287,0,1.0000000000000002
llama31_8b_1xH100_fp8_TP1,8B / 1xH100,general,4288,0,1.0000000000000002
llama31_8b_1xH100_fp8_TP1,8B / 1xH100,general,4289,0,1.0000000000000002
llama31_8b_1xH100_fp8_TP1,8B / 1xH100,general,4290,0,1.0000000000000002
llama31_8b_1xH100_fp8_TP1,8B / 1xH100,general,4291,0,1.0000000000000002
llama31_8b_1xH100_fp8_TP1,8B / 1xH100,general,4292,0,1.0000000000000002
llama31_8b_1xH100_fp8_TP1,8B / 1xH100,general,4293,0,1.0000000000000002
llama31_8b_1xH100_fp8_TP1,8B / 1xH100,general,4294,0,1.0000000000000002
llama31_8b_1xH100_fp8_TP1,8B / 1xH100,general,4295,0,1.0000000000000002
llama31_8b_1xH100_fp8_TP1,8B / 1xH100,general,4296,0,1.0000000000000002
llama31_8b_1xH100_fp8_TP1,8B / 1xH100,general,4297,0,1.0000000000000002
llama31_8b_1xH100_fp8_TP1,8B / 1xH100,general,4298,0,1.0000000000000002
llama31_8b_1xH100_fp8_TP1,8B / 1xH100,general,4299,0,1.0000000000000002
llama31_8b_1xH100_fp8_TP1,8B / 1xH100,general,4300,0,1.0000000000000002
llama31_8b_1xH100_fp8_TP1,8B / 1xH100,general,4301,0,1.0000000000000002
llama31_8b_1xH100_fp8_TP1,8B / 1xH100,general,4302,0,1.0000000000000002
llama31_8b_1xH100_fp8_TP1,8B / 1xH100,general,4303,0,1.0000000000000002
llama31_8b_1xH100_fp8_TP1,8B / 1xH100,general,4304,0,1.0000000000000002
llama31_8b_1xH100_fp8_TP1,8B / 1xH100,general,4305,0,1.0000000000000002
llama31_8b_1xH100_fp8_TP1,8B / 1xH100,general,4306,0,1.0000000000000002
llama31_8b_1xH100_fp8_TP1,8B / 1xH100,general,4307,0,1.0000000000000002
llama31_8b_1xH100_fp8_TP1,8B / 1xH100,general,4308,0,1.0000000000000002
llama31_8b_1xH100_fp8_TP1,8B / 1xH100,general,4309,0,1.0000000000000002
llama31_8b_1xH100_fp8_TP1,8B / 1xH100,general,4310,0,1.0000000000000002
llama31_8b_1xH100_fp8_TP1,8B / 1xH100,general,4311,0,1.0000000000000002
llama31_8b_1xH100_fp8_TP1,8B / 1xH100,general,4312,0,1.0000000000000002
llama31_8b_1xH100_fp8_TP1,8B / 1xH100,general,4313,0,1.0000000000000002
llama31_8b_1xH100_fp8_TP1,8B / 1xH100,general,4314,0,1.0000000000000002
llama31_8b_1xH100_fp8_TP1,8B / 1xH100,general,4315,0,1.0000000000000002
llama31_8b_1xH100_fp8_TP1,8B / 1xH100,general,4316,0,1.0000000000000002
llama31_8b_1xH100_fp8_TP1,8B / 1xH100,general,4317,0,1.0000000000000002
llama31_8b_1xH100_fp8_TP1,8B / 1xH100,general,4318,0,1.0000000000000002
llama31_8b_1xH100_fp8_TP1,8B / 1xH100,general,4319,0,1.0000000000000002
llama31_8b_1xH100_fp8_TP1,8B / 1xH100,general,4320,0,1.0000000000000002
llama31_8b_1xH100_fp8_TP1,8B / 1xH100,general,4321,0,1.0000000000000002
llama31_8b_1xH100_fp8_TP1,8B / 1xH100,general,4322,0,1.0000000000000002
llama31_8b_1xH100_fp8_TP1,8B / 1xH100,general,4323,0,1.0000000000000002
llama31_8b_1xH100_fp8_TP1,8B / 1xH100,general,4324,0,1.0000000000000002
llama31_8b_1xH100_fp8_TP1,8B / 1xH100,general,4325,0,1.0000000000000002
llama31_8b_1xH100_fp8_TP1,8B / 1xH100,general,4326,0,1.0000000000000002
llama31_8b_1xH100_fp8_TP1,8B / 1xH100,general,4327,0,1.0000000000000002
llama31_8b_1xH100_fp8_TP1,8B / 1xH100,general,4328,0,1.0000000000000002
llama31_8b_1xH100_fp8_TP1,8B / 1xH100,general,4329,0,1.0000000000000002
llama31_8b_1xH100_fp8_TP1,8B / 1xH100,general,4330,0,1.0000000000000002
llama31_8b_1xH100_fp8_TP1,8B / 1xH100,general,4331,0,1.0000000000000002
llama31_8b_1xH100_fp8_TP1,8B / 1xH100,general,4332,0,1.0000000000000002
llama31_8b_1xH100_fp8_TP1,8B / 1xH100,general,4333,0,1.0000000000000002
llama31_8b_1xH100_fp8_TP1,8B / 1xH100,general,4334,0,1.0000000000000002
llama31_8b_1xH100_fp8_TP1,8B / 1xH100,general,4335,0,1.0000000000000002
llama31_8b_1xH100_fp8_TP1,8B / 1xH100,general,4336,0,1.0000000000000002
llama31_8b_1xH100_fp8_TP1,8B / 1xH100,general,4337,0,1.0000000000000002
llama31_8b_1xH100_fp8_TP1,8B / 1xH100,general,4338,0,1.0000000000000002
llama31_8b_1xH100_fp8_TP1,8B / 1xH100,general,4339,0,1.0000000000000002
llama31_8b_1xH100_fp8_TP1,8B / 1xH100,general,4340,0,1.0000000000000002
llama31_8b_1xH100_fp8_TP1,8B / 1xH100,general,4341,0,1.0000000000000002
llama31_8b_1xH100_fp8_TP1,8B / 1xH100,general,4342,0,1.0000000000000002
llama31_8b_1xH100_fp8_TP1,8B / 1xH100,general,4343,0,1.0000000000000002
llama31_8b_1xH100_fp8_TP1,8B / 1xH100,general,4344,0,1.0000000000000002
llama31_8b_1xH100_fp8_TP1,8B / 1xH100,general,4345,0,1.0000000000000002
llama31_8b_1xH100_fp8_TP1,8B / 1xH100,general,4346,0,1.0000000000000002
llama31_8b_1xH100_fp8_TP1,8B / 1xH100,general,4347,0,1.0000000000000002
llama31_8b_1xH100_fp8_TP1,8B / 1xH100,general,4348,0,1.0000000000000002
llama31_8b_1xH100_fp8_TP1,8B / 1xH100,general,4349,0,1.0000000000000002
llama31_8b_1xH100_fp8_TP1,8B / 1xH100,general,4350,0,1.0000000000000002
llama31_8b_1xH100_fp8_TP1,8B / 1xH100,general,4351,0,1.0000000000000002
llama31_8b_1xH100_fp8_TP1,8B / 1xH100,general,4352,0,1.0000000000000002
llama31_8b_1xH100_fp8_TP1,8B / 1xH100,general,4353,0,1.0000000000000002
llama31_8b_1xH100_fp8_TP1,8B / 1xH100,general,4354,0,1.0000000000000002
llama31_8b_1xH100_fp8_TP1,8B / 1xH100,general,4355,0,1.0000000000000002
llama31_8b_1xH100_fp8_TP1,8B / 1xH100,general,4356,0,1.0000000000000002
llama31_8b_1xH100_fp8_TP1,8B / 1xH100,general,4357,0,1.0000000000000002
llama31_8b_1xH100_fp8_TP1,8B / 1xH100,general,4358,0,1.0000000000000002
llama31_8b_1xH100_fp8_TP1,8B / 1xH100,general,4359,0,1.0000000000000002
llama31_8b_1xH100_fp8_TP1,8B / 1xH100,general,4360,0,1.0000000000000002
llama31_8b_1xH100_fp8_TP1,8B / 1xH100,general,4361,0,1.0000000000000002
llama31_8b_1xH100_fp8_TP1,8B / 1xH100,general,4362,0,1.0000000000000002
llama31_8b_1xH100_fp8_TP1,8B / 1xH100,general,4363,0,1.0000000000000002
llama31_8b_1xH100_fp8_TP1,8B / 1xH100,general,4364,0,1.0000000000000002
llama31_8b_1xH100_fp8_TP1,8B / 1xH100,general,4365,0,1.0000000000000002
llama31_8b_1xH100_fp8_TP1,8B / 1xH100,general,4366,0,1.0000000000000002
llama31_8b_1xH100_fp8_TP1,8B / 1xH100,general,4367,0,1.0000000000000002
llama31_8b_1xH100_fp8_TP1,8B / 1xH100,general,4368,0,1.0000000000000002
llama31_8b_1xH100_fp8_TP1,8B / 1xH100,general,4369,0,1.0000000000000002
llama31_8b_1xH100_fp8_TP1,8B / 1xH100,general,4370,0,1.0000000000000002
llama31_8b_1xH100_fp8_TP1,8B / 1xH100,general,4371,0,1.0000000000000002
llama31_8b_1xH100_fp8_TP1,8B / 1xH100,general,4372,0,1.0000000000000002
llama31_8b_1xH100_fp8_TP1,8B / 1xH100,general,4373,0,1.0000000000000002
llama31_8b_1xH100_fp8_TP1,8B / 1xH100,general,4374,0,1.0000000000000002
llama31_8b_1xH100_fp8_TP1,8B / 1xH100,general,4375,0,1.0000000000000002
llama31_8b_1xH100_fp8_TP1,8B / 1xH100,general,4376,0,1.0000000000000002
llama31_8b_1xH100_fp8_TP1,8B / 1xH100,general,4377,0,1.0000000000000002
llama31_8b_1xH100_fp8_TP1,8B / 1xH100,general,4378,0,1.0000000000000002
llama31_8b_1xH100_fp8_TP1,8B / 1xH100,general,4379,0,1.0000000000000002
llama31_8b_1xH100_fp8_TP1,8B / 1xH100,general,4380,0,1.0000000000000002
llama31_8b_1xH100_fp8_TP1,8B / 1xH100,general,4381,0,1.0000000000000002
llama31_8b_1xH100_fp8_TP1,8B / 1xH100,general,4382,0,1.0000000000000002
llama31_8b_1xH100_fp8_TP1,8B / 1xH100,general,4383,0,1.0000000000000002
llama31_8b_1xH100_fp8_TP1,8B / 1xH100,general,4384,0,1.0000000000000002
llama31_8b_1xH100_fp8_TP1,8B / 1xH100,general,4385,0,1.0000000000000002
llama31_8b_1xH100_fp8_TP1,8B / 1xH100,general,4386,0,1.0000000000000002
llama31_8b_1xH100_fp8_TP1,8B / 1xH100,general,4387,0,1.0000000000000002
llama31_8b_1xH100_fp8_TP1,8B / 1xH100,general,4388,0,1.0000000000000002
llama31_8b_1xH100_fp8_TP1,8B / 1xH100,general,4389,0,1.0000000000000002
llama31_8b_1xH100_fp8_TP1,8B / 1xH100,general,4390,0,1.0000000000000002
llama31_8b_1xH100_fp8_TP1,8B / 1xH100,general,4391,0,1.0000000000000002
llama31_8b_1xH100_fp8_TP1,8B / 1xH100,general,4392,0,1.0000000000000002
llama31_8b_1xH100_fp8_TP1,8B / 1xH100,general,4393,0,1.0000000000000002
llama31_8b_1xH100_fp8_TP1,8B / 1xH100,general,4394,0,1.0000000000000002
llama31_8b_1xH100_fp8_TP1,8B / 1xH100,general,4395,0,1.0000000000000002
llama31_8b_1xH100_fp8_TP1,8B / 1xH100,general,4396,0,1.0000000000000002
llama31_8b_1xH100_fp8_TP1,8B / 1xH100,general,4397,0,1.0000000000000002
llama31_8b_1xH100_fp8_TP1,8B / 1xH100,general,4398,0,1.0000000000000002
llama31_8b_1xH100_fp8_TP1,8B / 1xH100,general,4399,0,1.0000000000000002
llama31_8b_1xH100_fp8_TP1,8B / 1xH100,general,4400,0,1.0000000000000002
llama31_8b_1xH100_fp8_TP1,8B / 1xH100,general,4401,0,1.0000000000000002
llama31_8b_1xH100_fp8_TP1,8B / 1xH100,general,4402,0,1.0000000000000002
llama31_8b_1xH100_fp8_TP1,8B / 1xH100,general,4403,0,1.0000000000000002
llama31_8b_1xH100_fp8_TP1,8B / 1xH100,general,4404,0,1.0000000000000002
llama31_8b_1xH100_fp8_TP1,8B / 1xH100,general,4405,0,1.0000000000000002
llama31_8b_1xH100_fp8_TP1,8B / 1xH100,general,4406,0,1.0000000000000002
llama31_8b_1xH100_fp8_TP1,8B / 1xH100,general,4407,0,1.0000000000000002
llama31_8b_1xH100_fp8_TP1,8B / 1xH100,general,4408,0,1.0000000000000002
llama31_8b_1xH100_fp8_TP1,8B / 1xH100,general,4409,0,1.0000000000000002
llama31_8b_1xH100_fp8_TP1,8B / 1xH100,general,4410,0,1.0000000000000002
llama31_8b_1xH100_fp8_TP1,8B / 1xH100,general,4411,0,1.0000000000000002
llama31_8b_1xH100_fp8_TP1,8B / 1xH100,general,4412,0,1.0000000000000002
llama31_8b_1xH100_fp8_TP1,8B / 1xH100,general,4413,0,1.0000000000000002
llama31_8b_1xH100_fp8_TP1,8B / 1xH100,general,4414,0,1.0000000000000002
llama31_8b_1xH100_fp8_TP1,8B / 1xH100,general,4415,0,1.0000000000000002
llama31_8b_1xH100_fp8_TP1,8B / 1xH100,general,4416,0,1.0000000000000002
llama31_8b_1xH100_fp8_TP1,8B / 1xH100,general,4417,0,1.0000000000000002
llama31_8b_1xH100_fp8_TP1,8B / 1xH100,general,4418,0,1.0000000000000002
llama31_8b_1xH100_fp8_TP1,8B / 1xH100,general,4419,0,1.0000000000000002
llama31_8b_1xH100_fp8_TP1,8B / 1xH100,general,4420,0,1.0000000000000002
llama31_8b_1xH100_fp8_TP1,8B / 1xH100,general,4421,0,1.0000000000000002
llama31_8b_1xH100_fp8_TP1,8B / 1xH100,general,4422,0,1.0000000000000002
llama31_8b_1xH100_fp8_TP1,8B / 1xH100,general,4423,0,1.0000000000000002
llama31_8b_1xH100_fp8_TP1,8B / 1xH100,general,4424,0,1.0000000000000002
llama31_8b_1xH100_fp8_TP1,8B / 1xH100,general,4425,0,1.0000000000000002
llama31_8b_1xH100_fp8_TP1,8B / 1xH100,general,4426,0,1.0000000000000002
llama31_8b_1xH100_fp8_TP1,8B / 1xH100,general,4427,0,1.0000000000000002
llama31_8b_1xH100_fp8_TP1,8B / 1xH100,general,4428,0,1.0000000000000002
llama31_8b_1xH100_fp8_TP1,8B / 1xH100,general,4429,0,1.0000000000000002
llama31_8b_1xH100_fp8_TP1,8B / 1xH100,general,4430,0,1.0000000000000002
llama31_8b_1xH100_fp8_TP1,8B / 1xH100,general,4431,0,1.0000000000000002
llama31_8b_1xH100_fp8_TP1,8B / 1xH100,general,4432,0,1.0000000000000002
llama31_8b_1xH100_fp8_TP1,8B / 1xH100,general,4433,0,1.0000000000000002
llama31_8b_1xH100_fp8_TP1,8B / 1xH100,general,4434,0,1.0000000000000002
llama31_8b_1xH100_fp8_TP1,8B / 1xH100,general,4435,0,1.0000000000000002
llama31_8b_1xH100_fp8_TP1,8B / 1xH100,general,4436,0,1.0000000000000002
llama31_8b_1xH100_fp8_TP1,8B / 1xH100,general,4437,0,1.0000000000000002
llama31_8b_1xH100_fp8_TP1,8B / 1xH100,general,4438,0,1.0000000000000002
llama31_8b_1xH100_fp8_TP1,8B / 1xH100,general,4439,0,1.0000000000000002
llama31_8b_1xH100_fp8_TP1,8B / 1xH100,general,4440,0,1.0000000000000002
llama31_8b_1xH100_fp8_TP1,8B / 1xH100,general,4441,0,1.0000000000000002
llama31_8b_1xH100_fp8_TP1,8B / 1xH100,general,4442,0,1.0000000000000002
llama31_8b_1xH100_fp8_TP1,8B / 1xH100,general,4443,0,1.0000000000000002
llama31_8b_1xH100_fp8_TP1,8B / 1xH100,general,4444,0,1.0000000000000002
llama31_8b_1xH100_fp8_TP1,8B / 1xH100,general,4445,0,1.0000000000000002
llama31_8b_1xH100_fp8_TP1,8B / 1xH100,general,4446,0,1.0000000000000002
llama31_8b_1xH100_fp8_TP1,8B / 1xH100,general,4447,0,1.0000000000000002
llama31_8b_1xH100_fp8_TP1,8B / 1xH100,general,4448,0,1.0000000000000002
llama31_8b_1xH100_fp8_TP1,8B / 1xH100,general,4449,0,1.0000000000000002
llama31_8b_1xH100_fp8_TP1,8B / 1xH100,general,4450,0,1.0000000000000002
llama31_8b_1xH100_fp8_TP1,8B / 1xH100,general,4451,0,1.0000000000000002
llama31_8b_1xH100_fp8_TP1,8B / 1xH100,general,4452,0,1.0000000000000002
llama31_8b_1xH100_fp8_TP1,8B / 1xH100,general,4453,0,1.0000000000000002
llama31_8b_1xH100_fp8_TP1,8B / 1xH100,general,4454,0,1.0000000000000002
llama31_8b_1xH100_fp8_TP1,8B / 1xH100,general,4455,0,1.0000000000000002
llama31_8b_1xH100_fp8_TP1,8B / 1xH100,general,4456,0,1.0000000000000002
llama31_8b_1xH100_fp8_TP1,8B / 1xH100,general,4457,0,1.0000000000000002
llama31_8b_1xH100_fp8_TP1,8B / 1xH100,general,4458,0,1.0000000000000002
llama31_8b_1xH100_fp8_TP1,8B / 1xH100,general,4459,0,1.0000000000000002
llama31_8b_1xH100_fp8_TP1,8B / 1xH100,general,4460,0,1.0000000000000002
llama31_8b_1xH100_fp8_TP1,8B / 1xH100,general,4461,0,1.0000000000000002
llama31_8b_1xH100_fp8_TP1,8B / 1xH100,general,4462,0,1.0000000000000002
llama31_8b_1xH100_fp8_TP1,8B / 1xH100,general,4463,0,1.0000000000000002
llama31_8b_1xH100_fp8_TP1,8B / 1xH100,general,4464,0,1.0000000000000002
llama31_8b_1xH100_fp8_TP1,8B / 1xH100,general,4465,0,1.0000000000000002
llama31_8b_1xH100_fp8_TP1,8B / 1xH100,general,4466,0,1.0000000000000002
llama31_8b_1xH100_fp8_TP1,8B / 1xH100,general,4467,0,1.0000000000000002
llama31_8b_1xH100_fp8_TP1,8B / 1xH100,general,4468,0,1.0000000000000002
llama31_8b_1xH100_fp8_TP1,8B / 1xH100,general,4469,0,1.0000000000000002
llama31_8b_1xH100_fp8_TP1,8B / 1xH100,general,4470,0,1.0000000000000002
llama31_8b_1xH100_fp8_TP1,8B / 1xH100,general,4471,0,1.0000000000000002
llama31_8b_1xH100_fp8_TP1,8B / 1xH100,general,4472,0,1.0000000000000002
llama31_8b_1xH100_fp8_TP1,8B / 1xH100,general,4473,0,1.0000000000000002
llama31_8b_1xH100_fp8_TP1,8B / 1xH100,general,4474,0,1.0000000000000002
llama31_8b_1xH100_fp8_TP1,8B / 1xH100,general,4475,0,1.0000000000000002
llama31_8b_1xH100_fp8_TP1,8B / 1xH100,general,4476,0,1.0000000000000002
llama31_8b_1xH100_fp8_TP1,8B / 1xH100,general,4477,0,1.0000000000000002
llama31_8b_1xH100_fp8_TP1,8B / 1xH100,general,4478,0,1.0000000000000002
llama31_8b_1xH100_fp8_TP1,8B / 1xH100,general,4479,0,1.0000000000000002
llama31_8b_1xH100_fp8_TP1,8B / 1xH100,general,4480,0,1.0000000000000002
llama31_8b_1xH100_fp8_TP1,8B / 1xH100,general,4481,0,1.0000000000000002
llama31_8b_1xH100_fp8_TP1,8B / 1xH100,general,4482,0,1.0000000000000002
llama31_8b_1xH100_fp8_TP1,8B / 1xH100,general,4483,0,1.0000000000000002
llama31_8b_1xH100_fp8_TP1,8B / 1xH100,general,4484,0,1.0000000000000002
llama31_8b_1xH100_fp8_TP1,8B / 1xH100,general,4485,0,1.0000000000000002
llama31_8b_1xH100_fp8_TP1,8B / 1xH100,general,4486,0,1.0000000000000002
llama31_8b_1xH100_fp8_TP1,8B / 1xH100,general,4487,0,1.0000000000000002
llama31_8b_1xH100_fp8_TP1,8B / 1xH100,general,4488,0,1.0000000000000002
llama31_8b_1xH100_fp8_TP1,8B / 1xH100,general,4489,0,1.0000000000000002
llama31_8b_1xH100_fp8_TP1,8B / 1xH100,general,4490,0,1.0000000000000002
llama31_8b_1xH100_fp8_TP1,8B / 1xH100,general,4491,0,1.0000000000000002
llama31_8b_1xH100_fp8_TP1,8B / 1xH100,general,4492,0,1.0000000000000002
llama31_8b_1xH100_fp8_TP1,8B / 1xH100,general,4493,0,1.0000000000000002
llama31_8b_1xH100_fp8_TP1,8B / 1xH100,general,4494,0,1.0000000000000002
llama31_8b_1xH100_fp8_TP1,8B / 1xH100,general,4495,0,1.0000000000000002
llama31_8b_1xH100_fp8_TP1,8B / 1xH100,general,4496,0,1.0000000000000002
llama31_8b_1xH100_fp8_TP1,8B / 1xH100,general,4497,0,1.0000000000000002
llama31_8b_1xH100_fp8_TP1,8B / 1xH100,general,4498,0,1.0000000000000002
llama31_8b_1xH100_fp8_TP1,8B / 1xH100,general,4499,0,1.0000000000000002
llama31_8b_1xH100_fp8_TP1,8B / 1xH100,general,4500,0,1.0000000000000002
llama31_8b_1xH100_fp8_TP1,8B / 1xH100,general,4501,0,1.0000000000000002
llama31_8b_1xH100_fp8_TP1,8B / 1xH100,general,4502,0,1.0000000000000002
llama31_8b_1xH100_fp8_TP1,8B / 1xH100,general,4503,0,1.0000000000000002
llama31_8b_1xH100_fp8_TP1,8B / 1xH100,general,4504,0,1.0000000000000002
llama31_8b_1xH100_fp8_TP1,8B / 1xH100,general,4505,0,1.0000000000000002
llama31_8b_1xH100_fp8_TP1,8B / 1xH100,general,4506,0,1.0000000000000002
llama31_8b_1xH100_fp8_TP1,8B / 1xH100,general,4507,0,1.0000000000000002
llama31_8b_1xH100_fp8_TP1,8B / 1xH100,general,4508,0,1.0000000000000002
llama31_8b_1xH100_fp8_TP1,8B / 1xH100,general,4509,0,1.0000000000000002
llama31_8b_1xH100_fp8_TP1,8B / 1xH100,general,4510,0,1.0000000000000002
llama31_8b_1xH100_fp8_TP1,8B / 1xH100,general,4511,0,1.0000000000000002
llama31_8b_1xH100_fp8_TP1,8B / 1xH100,general,4512,0,1.0000000000000002
llama31_8b_1xH100_fp8_TP1,8B / 1xH100,general,4513,0,1.0000000000000002
llama31_8b_1xH100_fp8_TP1,8B / 1xH100,general,4514,0,1.0000000000000002
llama31_8b_1xH100_fp8_TP1,8B / 1xH100,general,4515,0,1.0000000000000002
llama31_8b_1xH100_fp8_TP1,8B / 1xH100,general,4516,0,1.0000000000000002
llama31_8b_1xH100_fp8_TP1,8B / 1xH100,general,4517,0,1.0000000000000002
llama31_8b_1xH100_fp8_TP1,8B / 1xH100,general,4518,0,1.0000000000000002
llama31_8b_1xH100_fp8_TP1,8B / 1xH100,general,4519,0,1.0000000000000002
llama31_8b_1xH100_fp8_TP1,8B / 1xH100,general,4520,0,1.0000000000000002
llama31_8b_1xH100_fp8_TP1,8B / 1xH100,general,4521,0,1.0000000000000002
llama31_8b_1xH100_fp8_TP1,8B / 1xH100,general,4522,0,1.0000000000000002
llama31_8b_1xH100_fp8_TP1,8B / 1xH100,general,4523,0,1.0000000000000002
llama31_8b_1xH100_fp8_TP1,8B / 1xH100,general,4524,0,1.0000000000000002
llama31_8b_1xH100_fp8_TP1,8B / 1xH100,general,4525,0,1.0000000000000002
llama31_8b_1xH100_fp8_TP1,8B / 1xH100,general,4526,0,1.0000000000000002
llama31_8b_1xH100_fp8_TP1,8B / 1xH100,general,4527,0,1.0000000000000002
llama31_8b_1xH100_fp8_TP1,8B / 1xH100,general,4528,0,1.0000000000000002
llama31_8b_1xH100_fp8_TP1,8B / 1xH100,general,4529,0,1.0000000000000002
llama31_8b_1xH100_fp8_TP1,8B / 1xH100,general,4530,0,1.0000000000000002
llama31_8b_1xH100_fp8_TP1,8B / 1xH100,general,4531,0,1.0000000000000002
llama31_8b_1xH100_fp8_TP1,8B / 1xH100,general,4532,0,1.0000000000000002
llama31_8b_1xH100_fp8_TP1,8B / 1xH100,general,4533,0,1.0000000000000002
llama31_8b_1xH100_fp8_TP1,8B / 1xH100,general,4534,0,1.0000000000000002
llama31_8b_1xH100_fp8_TP1,8B / 1xH100,general,4535,0,1.0000000000000002
llama31_8b_1xH100_fp8_TP1,8B / 1xH100,general,4536,0,1.0000000000000002
llama31_8b_1xH100_fp8_TP1,8B / 1xH100,general,4537,0,1.0000000000000002
llama31_8b_1xH100_fp8_TP1,8B / 1xH100,general,4538,0,1.0000000000000002
llama31_8b_1xH100_fp8_TP1,8B / 1xH100,general,4539,0,1.0000000000000002
llama31_8b_1xH100_fp8_TP1,8B / 1xH100,general,4540,0,1.0000000000000002
llama31_8b_1xH100_fp8_TP1,8B / 1xH100,general,4541,0,1.0000000000000002
llama31_8b_1xH100_fp8_TP1,8B / 1xH100,general,4542,0,1.0000000000000002
llama31_8b_1xH100_fp8_TP1,8B / 1xH100,general,4543,0,1.0000000000000002
llama31_8b_1xH100_fp8_TP1,8B / 1xH100,general,4544,0,1.0000000000000002
llama31_8b_1xH100_fp8_TP1,8B / 1xH100,general,4545,0,1.0000000000000002
llama31_8b_1xH100_fp8_TP1,8B / 1xH100,general,4546,0,1.0000000000000002
llama31_8b_1xH100_fp8_TP1,8B / 1xH100,general,4547,0,1.0000000000000002
llama31_8b_1xH100_fp8_TP1,8B / 1xH100,general,4548,0,1.0000000000000002
llama31_8b_1xH100_fp8_TP1,8B / 1xH100,general,4549,0,1.0000000000000002
llama31_8b_1xH100_fp8_TP1,8B / 1xH100,general,4550,0,1.0000000000000002
llama31_8b_1xH100_fp8_TP1,8B / 1xH100,general,4551,0,1.0000000000000002
llama31_8b_1xH100_fp8_TP1,8B / 1xH100,general,4552,0,1.0000000000000002
llama31_8b_1xH100_fp8_TP1,8B / 1xH100,general,4553,0,1.0000000000000002
llama31_8b_1xH100_fp8_TP1,8B / 1xH100,general,4554,0,1.0000000000000002
llama31_8b_1xH100_fp8_TP1,8B / 1xH100,general,4555,0,1.0000000000000002
llama31_8b_1xH100_fp8_TP1,8B / 1xH100,general,4556,0,1.0000000000000002
llama31_8b_1xH100_fp8_TP1,8B / 1xH100,general,4557,0,1.0000000000000002
llama31_8b_1xH100_fp8_TP1,8B / 1xH100,general,4558,0,1.0000000000000002
llama31_8b_1xH100_fp8_TP1,8B / 1xH100,general,4559,0,1.0000000000000002
llama31_8b_1xH100_fp8_TP1,8B / 1xH100,general,4560,0,1.0000000000000002
llama31_8b_1xH100_fp8_TP1,8B / 1xH100,general,4561,0,1.0000000000000002
llama31_8b_1xH100_fp8_TP1,8B / 1xH100,general,4562,0,1.0000000000000002
llama31_8b_1xH100_fp8_TP1,8B / 1xH100,general,4563,0,1.0000000000000002
llama31_8b_1xH100_fp8_TP1,8B / 1xH100,general,4564,0,1.0000000000000002
llama31_8b_1xH100_fp8_TP1,8B / 1xH100,general,4565,0,1.0000000000000002
llama31_8b_1xH100_fp8_TP1,8B / 1xH100,general,4566,0,1.0000000000000002
llama31_8b_1xH100_fp8_TP1,8B / 1xH100,general,4567,0,1.0000000000000002
llama31_8b_1xH100_fp8_TP1,8B / 1xH100,general,4568,0,1.0000000000000002
llama31_8b_1xH100_fp8_TP1,8B / 1xH100,general,4569,0,1.0000000000000002
llama31_8b_1xH100_fp8_TP1,8B / 1xH100,general,4570,0,1.0000000000000002
llama31_8b_1xH100_fp8_TP1,8B / 1xH100,general,4571,0,1.0000000000000002
llama31_8b_1xH100_fp8_TP1,8B / 1xH100,general,4572,0,1.0000000000000002
llama31_8b_1xH100_fp8_TP1,8B / 1xH100,general,4573,0,1.0000000000000002
llama31_8b_1xH100_fp8_TP1,8B / 1xH100,general,4574,0,1.0000000000000002
llama31_8b_1xH100_fp8_TP1,8B / 1xH100,general,4575,0,1.0000000000000002
llama31_8b_1xH100_fp8_TP1,8B / 1xH100,general,4576,0,1.0000000000000002
llama31_8b_1xH100_fp8_TP1,8B / 1xH100,general,4577,0,1.0000000000000002
llama31_8b_1xH100_fp8_TP1,8B / 1xH100,general,4578,0,1.0000000000000002
llama31_8b_1xH100_fp8_TP1,8B / 1xH100,general,4579,0,1.0000000000000002
llama31_8b_1xH100_fp8_TP1,8B / 1xH100,general,4580,0,1.0000000000000002
llama31_8b_1xH100_fp8_TP1,8B / 1xH100,general,4581,0,1.0000000000000002
llama31_8b_1xH100_fp8_TP1,8B / 1xH100,general,4582,0,1.0000000000000002
llama31_8b_1xH100_fp8_TP1,8B / 1xH100,general,4583,0,1.0000000000000002
llama31_8b_1xH100_fp8_TP1,8B / 1xH100,general,4584,0,1.0000000000000002
llama31_8b_1xH100_fp8_TP1,8B / 1xH100,general,4585,0,1.0000000000000002
llama31_8b_1xH100_fp8_TP1,8B / 1xH100,general,4586,0,1.0000000000000002
llama31_8b_1xH100_fp8_TP1,8B / 1xH100,general,4587,0,1.0000000000000002
llama31_8b_1xH100_fp8_TP1,8B / 1xH100,general,4588,0,1.0000000000000002
llama31_8b_1xH100_fp8_TP1,8B / 1xH100,general,4589,0,1.0000000000000002
llama31_8b_1xH100_fp8_TP1,8B / 1xH100,general,4590,0,1.0000000000000002
llama31_8b_1xH100_fp8_TP1,8B / 1xH100,general,4591,0,1.0000000000000002
llama31_8b_1xH100_fp8_TP1,8B / 1xH100,general,4592,0,1.0000000000000002
llama31_8b_1xH100_fp8_TP1,8B / 1xH100,general,4593,0,1.0000000000000002
llama31_8b_1xH100_fp8_TP1,8B / 1xH100,general,4594,0,1.0000000000000002
llama31_8b_1xH100_fp8_TP1,8B / 1xH100,general,4595,0,1.0000000000000002
llama31_8b_1xH100_fp8_TP1,8B / 1xH100,general,4596,0,1.0000000000000002
llama31_8b_1xH100_fp8_TP1,8B / 1xH100,general,4597,0,1.0000000000000002
llama31_8b_1xH100_fp8_TP1,8B / 1xH100,general,4598,0,1.0000000000000002
llama31_8b_1xH100_fp8_TP1,8B / 1xH100,general,4599,0,1.0000000000000002
llama31_8b_1xH100_fp8_TP1,8B / 1xH100,general,4600,0,1.0000000000000002
llama31_8b_1xH100_fp8_TP1,8B / 1xH100,general,4601,0,1.0000000000000002
llama31_8b_1xH100_fp8_TP1,8B / 1xH100,general,4602,0,1.0000000000000002
llama31_8b_1xH100_fp8_TP1,8B / 1xH100,general,4603,0,1.0000000000000002
llama31_8b_1xH100_fp8_TP1,8B / 1xH100,general,4604,0,1.0000000000000002
llama31_8b_1xH100_fp8_TP1,8B / 1xH100,general,4605,0,1.0000000000000002
llama31_8b_1xH100_fp8_TP1,8B / 1xH100,general,4606,0,1.0000000000000002
llama31_8b_1xH100_fp8_TP1,8B / 1xH100,general,4607,0,1.0000000000000002
llama31_8b_1xH100_fp8_TP1,8B / 1xH100,general,4608,0,1.0000000000000002
llama31_8b_1xH100_fp8_TP1,8B / 1xH100,general,4609,0,1.0000000000000002
llama31_8b_1xH100_fp8_TP1,8B / 1xH100,general,4610,0,1.0000000000000002
llama31_8b_1xH100_fp8_TP1,8B / 1xH100,general,4611,0,1.0000000000000002
llama31_8b_1xH100_fp8_TP1,8B / 1xH100,general,4612,0,1.0000000000000002
llama31_8b_1xH100_fp8_TP1,8B / 1xH100,general,4613,0,1.0000000000000002
llama31_8b_1xH100_fp8_TP1,8B / 1xH100,general,4614,0,1.0000000000000002
llama31_8b_1xH100_fp8_TP1,8B / 1xH100,general,4615,0,1.0000000000000002
llama31_8b_1xH100_fp8_TP1,8B / 1xH100,general,4616,0,1.0000000000000002
llama31_8b_1xH100_fp8_TP1,8B / 1xH100,general,4617,0,1.0000000000000002
llama31_8b_1xH100_fp8_TP1,8B / 1xH100,general,4618,0,1.0000000000000002
llama31_8b_1xH100_fp8_TP1,8B / 1xH100,general,4619,0,1.0000000000000002
llama31_8b_1xH100_fp8_TP1,8B / 1xH100,general,4620,0,1.0000000000000002
llama31_8b_1xH100_fp8_TP1,8B / 1xH100,general,4621,0,1.0000000000000002
llama31_8b_1xH100_fp8_TP1,8B / 1xH100,general,4622,0,1.0000000000000002
llama31_8b_1xH100_fp8_TP1,8B / 1xH100,general,4623,0,1.0000000000000002
llama31_8b_1xH100_fp8_TP1,8B / 1xH100,general,4624,0,1.0000000000000002
llama31_8b_1xH100_fp8_TP1,8B / 1xH100,general,4625,0,1.0000000000000002
llama31_8b_1xH100_fp8_TP1,8B / 1xH100,general,4626,0,1.0000000000000002
llama31_8b_1xH100_fp8_TP1,8B / 1xH100,general,4627,0,1.0000000000000002
llama31_8b_1xH100_fp8_TP1,8B / 1xH100,general,4628,0,1.0000000000000002
llama31_8b_1xH100_fp8_TP1,8B / 1xH100,general,4629,0,1.0000000000000002
llama31_8b_1xH100_fp8_TP1,8B / 1xH100,general,4630,0,1.0000000000000002
llama31_8b_1xH100_fp8_TP1,8B / 1xH100,general,4631,0,1.0000000000000002
llama31_8b_1xH100_fp8_TP1,8B / 1xH100,general,4632,0,1.0000000000000002
llama31_8b_1xH100_fp8_TP1,8B / 1xH100,general,4633,0,1.0000000000000002
llama31_8b_1xH100_fp8_TP1,8B / 1xH100,general,4634,0,1.0000000000000002
llama31_8b_1xH100_fp8_TP1,8B / 1xH100,general,4635,0,1.0000000000000002
llama31_8b_1xH100_fp8_TP1,8B / 1xH100,general,4636,0,1.0000000000000002
llama31_8b_1xH100_fp8_TP1,8B / 1xH100,general,4637,0,1.0000000000000002
llama31_8b_1xH100_fp8_TP1,8B / 1xH100,general,4638,0,1.0000000000000002
llama31_8b_1xH100_fp8_TP1,8B / 1xH100,general,4639,0,1.0000000000000002
llama31_8b_1xH100_fp8_TP1,8B / 1xH100,general,4640,0,1.0000000000000002
llama31_8b_1xH100_fp8_TP1,8B / 1xH100,general,4641,0,1.0000000000000002
llama31_8b_1xH100_fp8_TP1,8B / 1xH100,general,4642,0,1.0000000000000002
llama31_8b_1xH100_fp8_TP1,8B / 1xH100,general,4643,0,1.0000000000000002
llama31_8b_1xH100_fp8_TP1,8B / 1xH100,general,4644,0,1.0000000000000002
llama31_8b_1xH100_fp8_TP1,8B / 1xH100,general,4645,0,1.0000000000000002
llama31_8b_1xH100_fp8_TP1,8B / 1xH100,general,4646,0,1.0000000000000002
llama31_8b_1xH100_fp8_TP1,8B / 1xH100,general,4647,0,1.0000000000000002
llama31_8b_1xH100_fp8_TP1,8B / 1xH100,general,4648,0,1.0000000000000002
llama31_8b_1xH100_fp8_TP1,8B / 1xH100,general,4649,0,1.0000000000000002
llama31_8b_1xH100_fp8_TP1,8B / 1xH100,general,4650,0,1.0000000000000002
llama31_8b_1xH100_fp8_TP1,8B / 1xH100,general,4651,0,1.0000000000000002
llama31_8b_1xH100_fp8_TP1,8B / 1xH100,general,4652,0,1.0000000000000002
llama31_8b_1xH100_fp8_TP1,8B / 1xH100,general,4653,0,1.0000000000000002
llama31_8b_1xH100_fp8_TP1,8B / 1xH100,general,4654,0,1.0000000000000002
llama31_8b_1xH100_fp8_TP1,8B / 1xH100,general,4655,0,1.0000000000000002
llama31_8b_1xH100_fp8_TP1,8B / 1xH100,general,4656,0,1.0000000000000002
llama31_8b_1xH100_fp8_TP1,8B / 1xH100,general,4657,0,1.0000000000000002
llama31_8b_1xH100_fp8_TP1,8B / 1xH100,general,4658,0,1.0000000000000002
llama31_8b_1xH100_fp8_TP1,8B / 1xH100,general,4659,0,1.0000000000000002
llama31_8b_1xH100_fp8_TP1,8B / 1xH100,general,4660,0,1.0000000000000002
llama31_8b_1xH100_fp8_TP1,8B / 1xH100,general,4661,0,1.0000000000000002
llama31_8b_1xH100_fp8_TP1,8B / 1xH100,general,4662,0,1.0000000000000002
llama31_8b_1xH100_fp8_TP1,8B / 1xH100,general,4663,0,1.0000000000000002
llama31_8b_1xH100_fp8_TP1,8B / 1xH100,general,4664,0,1.0000000000000002
llama31_8b_1xH100_fp8_TP1,8B / 1xH100,general,4665,0,1.0000000000000002
llama31_8b_1xH100_fp8_TP1,8B / 1xH100,general,4666,0,1.0000000000000002
llama31_8b_1xH100_fp8_TP1,8B / 1xH100,general,4667,0,1.0000000000000002
llama31_8b_1xH100_fp8_TP1,8B / 1xH100,general,4668,0,1.0000000000000002
llama31_8b_1xH100_fp8_TP1,8B / 1xH100,general,4669,0,1.0000000000000002
llama31_8b_1xH100_fp8_TP1,8B / 1xH100,general,4670,0,1.0000000000000002
llama31_8b_1xH100_fp8_TP1,8B / 1xH100,general,4671,0,1.0000000000000002
llama31_8b_1xH100_fp8_TP1,8B / 1xH100,general,4672,0,1.0000000000000002
llama31_8b_1xH100_fp8_TP1,8B / 1xH100,general,4673,0,1.0000000000000002
llama31_8b_1xH100_fp8_TP1,8B / 1xH100,general,4674,0,1.0000000000000002
llama31_8b_1xH100_fp8_TP1,8B / 1xH100,general,4675,0,1.0000000000000002
llama31_8b_1xH100_fp8_TP1,8B / 1xH100,general,4676,0,1.0000000000000002
llama31_8b_1xH100_fp8_TP1,8B / 1xH100,general,4677,0,1.0000000000000002
llama31_8b_1xH100_fp8_TP1,8B / 1xH100,general,4678,0,1.0000000000000002
llama31_8b_1xH100_fp8_TP1,8B / 1xH100,general,4679,0,1.0000000000000002
llama31_8b_1xH100_fp8_TP1,8B / 1xH100,general,4680,0,1.0000000000000002
llama31_8b_1xH100_fp8_TP1,8B / 1xH100,general,4681,0,1.0000000000000002
llama31_8b_1xH100_fp8_TP1,8B / 1xH100,general,4682,0,1.0000000000000002
llama31_8b_1xH100_fp8_TP1,8B / 1xH100,general,4683,0,1.0000000000000002
llama31_8b_1xH100_fp8_TP1,8B / 1xH100,general,4684,0,1.0000000000000002
llama31_8b_1xH100_fp8_TP1,8B / 1xH100,general,4685,0,1.0000000000000002
llama31_8b_1xH100_fp8_TP1,8B / 1xH100,general,4686,0,1.0000000000000002
llama31_8b_1xH100_fp8_TP1,8B / 1xH100,general,4687,0,1.0000000000000002
llama31_8b_1xH100_fp8_TP1,8B / 1xH100,general,4688,0,1.0000000000000002
llama31_8b_1xH100_fp8_TP1,8B / 1xH100,general,4689,0,1.0000000000000002
llama31_8b_1xH100_fp8_TP1,8B / 1xH100,general,4690,0,1.0000000000000002
llama31_8b_1xH100_fp8_TP1,8B / 1xH100,general,4691,0,1.0000000000000002
llama31_8b_1xH100_fp8_TP1,8B / 1xH100,general,4692,0,1.0000000000000002
llama31_8b_1xH100_fp8_TP1,8B / 1xH100,general,4693,0,1.0000000000000002
llama31_8b_1xH100_fp8_TP1,8B / 1xH100,general,4694,0,1.0000000000000002
llama31_8b_1xH100_fp8_TP1,8B / 1xH100,general,4695,0,1.0000000000000002
llama31_8b_1xH100_fp8_TP1,8B / 1xH100,general,4696,0,1.0000000000000002
llama31_8b_1xH100_fp8_TP1,8B / 1xH100,general,4697,0,1.0000000000000002
llama31_8b_1xH100_fp8_TP1,8B / 1xH100,general,4698,0,1.0000000000000002
llama31_8b_1xH100_fp8_TP1,8B / 1xH100,general,4699,0,1.0000000000000002
llama31_8b_1xH100_fp8_TP1,8B / 1xH100,general,4700,0,1.0000000000000002
llama31_8b_1xH100_fp8_TP1,8B / 1xH100,general,4701,0,1.0000000000000002
llama31_8b_1xH100_fp8_TP1,8B / 1xH100,general,4702,0,1.0000000000000002
llama31_8b_1xH100_fp8_TP1,8B / 1xH100,general,4703,0,1.0000000000000002
llama31_8b_1xH100_fp8_TP1,8B / 1xH100,general,4704,0,1.0000000000000002
llama31_8b_1xH100_fp8_TP1,8B / 1xH100,general,4705,0,1.0000000000000002
llama31_8b_1xH100_fp8_TP1,8B / 1xH100,general,4706,0,1.0000000000000002
llama31_8b_1xH100_fp8_TP1,8B / 1xH100,general,4707,0,1.0000000000000002
llama31_8b_1xH100_fp8_TP1,8B / 1xH100,general,4708,0,1.0000000000000002
llama31_8b_1xH100_fp8_TP1,8B / 1xH100,general,4709,0,1.0000000000000002
llama31_8b_1xH100_fp8_TP1,8B / 1xH100,general,4710,0,1.0000000000000002
llama31_8b_1xH100_fp8_TP1,8B / 1xH100,general,4711,0,1.0000000000000002
llama31_8b_1xH100_fp8_TP1,8B / 1xH100,general,4712,0,1.0000000000000002
llama31_8b_1xH100_fp8_TP1,8B / 1xH100,general,4713,0,1.0000000000000002
llama31_8b_1xH100_fp8_TP1,8B / 1xH100,general,4714,0,1.0000000000000002
llama31_8b_1xH100_fp8_TP1,8B / 1xH100,general,4715,0,1.0000000000000002
llama31_8b_1xH100_fp8_TP1,8B / 1xH100,general,4716,0,1.0000000000000002
llama31_8b_1xH100_fp8_TP1,8B / 1xH100,general,4717,0,1.0000000000000002
llama31_8b_1xH100_fp8_TP1,8B / 1xH100,general,4718,0,1.0000000000000002
llama31_8b_1xH100_fp8_TP1,8B / 1xH100,general,4719,0,1.0000000000000002
llama31_8b_1xH100_fp8_TP1,8B / 1xH100,general,4720,0,1.0000000000000002
llama31_8b_1xH100_fp8_TP1,8B / 1xH100,general,4721,0,1.0000000000000002
llama31_8b_1xH100_fp8_TP1,8B / 1xH100,general,4722,0,1.0000000000000002
llama31_8b_1xH100_fp8_TP1,8B / 1xH100,general,4723,0,1.0000000000000002
llama31_8b_1xH100_fp8_TP1,8B / 1xH100,general,4724,0,1.0000000000000002
llama31_8b_1xH100_fp8_TP1,8B / 1xH100,general,4725,0,1.0000000000000002
llama31_8b_1xH100_fp8_TP1,8B / 1xH100,general,4726,0,1.0000000000000002
llama31_8b_1xH100_fp8_TP1,8B / 1xH100,general,4727,0,1.0000000000000002
llama31_8b_1xH100_fp8_TP1,8B / 1xH100,general,4728,0,1.0000000000000002
llama31_8b_1xH100_fp8_TP1,8B / 1xH100,general,4729,0,1.0000000000000002
llama31_8b_1xH100_fp8_TP1,8B / 1xH100,general,4730,0,1.0000000000000002
llama31_8b_1xH100_fp8_TP1,8B / 1xH100,general,4731,0,1.0000000000000002
llama31_8b_1xH100_fp8_TP1,8B / 1xH100,general,4732,0,1.0000000000000002
llama31_8b_1xH100_fp8_TP1,8B / 1xH100,general,4733,0,1.0000000000000002
llama31_8b_1xH100_fp8_TP1,8B / 1xH100,general,4734,0,1.0000000000000002
llama31_8b_1xH100_fp8_TP1,8B / 1xH100,general,4735,0,1.0000000000000002
llama31_8b_1xH100_fp8_TP1,8B / 1xH100,general,4736,0,1.0000000000000002
llama31_8b_1xH100_fp8_TP1,8B / 1xH100,general,4737,0,1.0000000000000002
llama31_8b_1xH100_fp8_TP1,8B / 1xH100,general,4738,0,1.0000000000000002
llama31_8b_1xH100_fp8_TP1,8B / 1xH100,general,4739,0,1.0000000000000002
llama31_8b_1xH100_fp8_TP1,8B / 1xH100,general,4740,0,1.0000000000000002
llama31_8b_1xH100_fp8_TP1,8B / 1xH100,general,4741,0,1.0000000000000002
llama31_8b_1xH100_fp8_TP1,8B / 1xH100,general,4742,0,1.0000000000000002
llama31_8b_1xH100_fp8_TP1,8B / 1xH100,general,4743,0,1.0000000000000002
llama31_8b_1xH100_fp8_TP1,8B / 1xH100,general,4744,0,1.0000000000000002
llama31_8b_1xH100_fp8_TP1,8B / 1xH100,general,4745,0,1.0000000000000002
llama31_8b_1xH100_fp8_TP1,8B / 1xH100,general,4746,0,1.0000000000000002
llama31_8b_1xH100_fp8_TP1,8B / 1xH100,general,4747,0,1.0000000000000002
llama31_8b_1xH100_fp8_TP1,8B / 1xH100,general,4748,0,1.0000000000000002
llama31_8b_1xH100_fp8_TP1,8B / 1xH100,general,4749,0,1.0000000000000002
llama31_8b_1xH100_fp8_TP1,8B / 1xH100,general,4750,0,1.0000000000000002
llama31_8b_1xH100_fp8_TP1,8B / 1xH100,general,4751,0,1.0000000000000002
llama31_8b_1xH100_fp8_TP1,8B / 1xH100,general,4752,0,1.0000000000000002
llama31_8b_1xH100_fp8_TP1,8B / 1xH100,general,4753,0,1.0000000000000002
llama31_8b_1xH100_fp8_TP1,8B / 1xH100,general,4754,0,1.0000000000000002
llama31_8b_1xH100_fp8_TP1,8B / 1xH100,general,4755,0,1.0000000000000002
llama31_8b_1xH100_fp8_TP1,8B / 1xH100,general,4756,0,1.0000000000000002
llama31_8b_1xH100_fp8_TP1,8B / 1xH100,general,4757,0,1.0000000000000002
llama31_8b_1xH100_fp8_TP1,8B / 1xH100,general,4758,0,1.0000000000000002
llama31_8b_1xH100_fp8_TP1,8B / 1xH100,general,4759,0,1.0000000000000002
llama31_8b_1xH100_fp8_TP1,8B / 1xH100,general,4760,0,1.0000000000000002
llama31_8b_1xH100_fp8_TP1,8B / 1xH100,general,4761,0,1.0000000000000002
llama31_8b_1xH100_fp8_TP1,8B / 1xH100,general,4762,0,1.0000000000000002
llama31_8b_1xH100_fp8_TP1,8B / 1xH100,general,4763,0,1.0000000000000002
llama31_8b_1xH100_fp8_TP1,8B / 1xH100,general,4764,0,1.0000000000000002
llama31_8b_1xH100_fp8_TP1,8B / 1xH100,general,4765,0,1.0000000000000002
llama31_8b_1xH100_fp8_TP1,8B / 1xH100,general,4766,0,1.0000000000000002
llama31_8b_1xH100_fp8_TP1,8B / 1xH100,general,4767,0,1.0000000000000002
llama31_8b_1xH100_fp8_TP1,8B / 1xH100,general,4768,0,1.0000000000000002
llama31_8b_1xH100_fp8_TP1,8B / 1xH100,general,4769,0,1.0000000000000002
llama31_8b_1xH100_fp8_TP1,8B / 1xH100,general,4770,0,1.0000000000000002
llama31_8b_1xH100_fp8_TP1,8B / 1xH100,general,4771,0,1.0000000000000002
llama31_8b_1xH100_fp8_TP1,8B / 1xH100,general,4772,0,1.0000000000000002
llama31_8b_1xH100_fp8_TP1,8B / 1xH100,general,4773,0,1.0000000000000002
llama31_8b_1xH100_fp8_TP1,8B / 1xH100,general,4774,0,1.0000000000000002
llama31_8b_1xH100_fp8_TP1,8B / 1xH100,general,4775,0,1.0000000000000002
llama31_8b_1xH100_fp8_TP1,8B / 1xH100,general,4776,0,1.0000000000000002
llama31_8b_1xH100_fp8_TP1,8B / 1xH100,general,4777,0,1.0000000000000002
llama31_8b_1xH100_fp8_TP1,8B / 1xH100,general,4778,0,1.0000000000000002
llama31_8b_1xH100_fp8_TP1,8B / 1xH100,general,4779,0,1.0000000000000002
llama31_8b_1xH100_fp8_TP1,8B / 1xH100,general,4780,0,1.0000000000000002
llama31_8b_1xH100_fp8_TP1,8B / 1xH100,general,4781,0,1.0000000000000002
llama31_8b_1xH100_fp8_TP1,8B / 1xH100,general,4782,0,1.0000000000000002
llama31_8b_1xH100_fp8_TP1,8B / 1xH100,general,4783,0,1.0000000000000002
llama31_8b_1xH100_fp8_TP1,8B / 1xH100,general,4784,0,1.0000000000000002
llama31_8b_1xH100_fp8_TP1,8B / 1xH100,general,4785,0,1.0000000000000002
llama31_8b_1xH100_fp8_TP1,8B / 1xH100,general,4786,0,1.0000000000000002
llama31_8b_1xH100_fp8_TP1,8B / 1xH100,general,4787,0,1.0000000000000002
llama31_8b_1xH100_fp8_TP1,8B / 1xH100,general,4788,0,1.0000000000000002
llama31_8b_1xH100_fp8_TP1,8B / 1xH100,general,4789,0,1.0000000000000002
llama31_8b_1xH100_fp8_TP1,8B / 1xH100,general,4790,0,1.0000000000000002
llama31_8b_1xH100_fp8_TP1,8B / 1xH100,general,4791,0,1.0000000000000002
llama31_8b_1xH100_fp8_TP1,8B / 1xH100,general,4792,0,1.0000000000000002
llama31_8b_1xH100_fp8_TP1,8B / 1xH100,general,4793,0,1.0000000000000002
llama31_8b_1xH100_fp8_TP1,8B / 1xH100,general,4794,0,1.0000000000000002
llama31_8b_1xH100_fp8_TP1,8B / 1xH100,general,4795,0,1.0000000000000002
llama31_8b_1xH100_fp8_TP1,8B / 1xH100,general,4796,0,1.0000000000000002
llama31_8b_1xH100_fp8_TP1,8B / 1xH100,general,4797,0,1.0000000000000002
llama31_8b_1xH100_fp8_TP1,8B / 1xH100,general,4798,0,1.0000000000000002
llama31_8b_1xH100_fp8_TP1,8B / 1xH100,general,4799,0,1.0000000000000002
llama31_8b_1xH100_fp8_TP1,8B / 1xH100,general,4800,0,1.0000000000000002
llama31_8b_1xH100_fp8_TP1,8B / 1xH100,general,4801,0,1.0000000000000002
llama31_8b_1xH100_fp8_TP1,8B / 1xH100,general,4802,0,1.0000000000000002
llama31_8b_1xH100_fp8_TP1,8B / 1xH100,general,4803,0,1.0000000000000002
llama31_8b_1xH100_fp8_TP1,8B / 1xH100,general,4804,0,1.0000000000000002
llama31_8b_1xH100_fp8_TP1,8B / 1xH100,general,4805,0,1.0000000000000002
llama31_8b_1xH100_fp8_TP1,8B / 1xH100,general,4806,0,1.0000000000000002
llama31_8b_1xH100_fp8_TP1,8B / 1xH100,general,4807,0,1.0000000000000002
llama31_8b_1xH100_fp8_TP1,8B / 1xH100,general,4808,0,1.0000000000000002
llama31_8b_1xH100_fp8_TP1,8B / 1xH100,general,4809,0,1.0000000000000002
llama31_8b_1xH100_fp8_TP1,8B / 1xH100,general,4810,0,1.0000000000000002
llama31_8b_1xH100_fp8_TP1,8B / 1xH100,general,4811,0,1.0000000000000002
llama31_8b_1xH100_fp8_TP1,8B / 1xH100,general,4812,0,1.0000000000000002
llama31_8b_1xH100_fp8_TP1,8B / 1xH100,general,4813,0,1.0000000000000002
llama31_8b_1xH100_fp8_TP1,8B / 1xH100,general,4814,0,1.0000000000000002
llama31_8b_1xH100_fp8_TP1,8B / 1xH100,general,4815,0,1.0000000000000002
llama31_8b_1xH100_fp8_TP1,8B / 1xH100,general,4816,0,1.0000000000000002
llama31_8b_1xH100_fp8_TP1,8B / 1xH100,general,4817,0,1.0000000000000002
llama31_8b_1xH100_fp8_TP1,8B / 1xH100,general,4818,0,1.0000000000000002
llama31_8b_1xH100_fp8_TP1,8B / 1xH100,general,4819,0,1.0000000000000002
llama31_8b_1xH100_fp8_TP1,8B / 1xH100,general,4820,0,1.0000000000000002
llama31_8b_1xH100_fp8_TP1,8B / 1xH100,general,4821,0,1.0000000000000002
llama31_8b_1xH100_fp8_TP1,8B / 1xH100,general,4822,0,1.0000000000000002
llama31_8b_1xH100_fp8_TP1,8B / 1xH100,general,4823,0,1.0000000000000002
llama31_8b_1xH100_fp8_TP1,8B / 1xH100,general,4824,0,1.0000000000000002
llama31_8b_1xH100_fp8_TP1,8B / 1xH100,general,4825,0,1.0000000000000002
llama31_8b_1xH100_fp8_TP1,8B / 1xH100,general,4826,0,1.0000000000000002
llama31_8b_1xH100_fp8_TP1,8B / 1xH100,general,4827,0,1.0000000000000002
llama31_8b_1xH100_fp8_TP1,8B / 1xH100,general,4828,0,1.0000000000000002
llama31_8b_1xH100_fp8_TP1,8B / 1xH100,general,4829,0,1.0000000000000002
llama31_8b_1xH100_fp8_TP1,8B / 1xH100,general,4830,0,1.0000000000000002
llama31_8b_1xH100_fp8_TP1,8B / 1xH100,general,4831,0,1.0000000000000002
llama31_8b_1xH100_fp8_TP1,8B / 1xH100,general,4832,0,1.0000000000000002
llama31_8b_1xH100_fp8_TP1,8B / 1xH100,general,4833,0,1.0000000000000002
llama31_8b_1xH100_fp8_TP1,8B / 1xH100,general,4834,0,1.0000000000000002
llama31_8b_1xH100_fp8_TP1,8B / 1xH100,general,4835,0,1.0000000000000002
llama31_8b_1xH100_fp8_TP1,8B / 1xH100,general,4836,0,1.0000000000000002
llama31_8b_1xH100_fp8_TP1,8B / 1xH100,general,4837,0,1.0000000000000002
llama31_8b_1xH100_fp8_TP1,8B / 1xH100,general,4838,0,1.0000000000000002
llama31_8b_1xH100_fp8_TP1,8B / 1xH100,general,4839,0,1.0000000000000002
llama31_8b_1xH100_fp8_TP1,8B / 1xH100,general,4840,0,1.0000000000000002
llama31_8b_1xH100_fp8_TP1,8B / 1xH100,general,4841,0,1.0000000000000002
llama31_8b_1xH100_fp8_TP1,8B / 1xH100,general,4842,0,1.0000000000000002
llama31_8b_1xH100_fp8_TP1,8B / 1xH100,general,4843,0,1.0000000000000002
llama31_8b_1xH100_fp8_TP1,8B / 1xH100,general,4844,0,1.0000000000000002
llama31_8b_1xH100_fp8_TP1,8B / 1xH100,general,4845,0,1.0000000000000002
llama31_8b_1xH100_fp8_TP1,8B / 1xH100,general,4846,0,1.0000000000000002
llama31_8b_1xH100_fp8_TP1,8B / 1xH100,general,4847,0,1.0000000000000002
llama31_8b_1xH100_fp8_TP1,8B / 1xH100,general,4848,0,1.0000000000000002
llama31_8b_1xH100_fp8_TP1,8B / 1xH100,general,4849,0,1.0000000000000002
llama31_8b_1xH100_fp8_TP1,8B / 1xH100,general,4850,0,1.0000000000000002
llama31_8b_1xH100_fp8_TP1,8B / 1xH100,general,4851,0,1.0000000000000002
llama31_8b_1xH100_fp8_TP1,8B / 1xH100,general,4852,0,1.0000000000000002
llama31_8b_1xH100_fp8_TP1,8B / 1xH100,general,4853,0,1.0000000000000002
llama31_8b_1xH100_fp8_TP1,8B / 1xH100,general,4854,0,1.0000000000000002
llama31_8b_1xH100_fp8_TP1,8B / 1xH100,general,4855,0,1.0000000000000002
llama31_8b_1xH100_fp8_TP1,8B / 1xH100,general,4856,0,1.0000000000000002
llama31_8b_1xH100_fp8_TP1,8B / 1xH100,general,4857,0,1.0000000000000002
llama31_8b_1xH100_fp8_TP1,8B / 1xH100,general,4858,0,1.0000000000000002
llama31_8b_1xH100_fp8_TP1,8B / 1xH100,general,4859,0,1.0000000000000002
llama31_8b_1xH100_fp8_TP1,8B / 1xH100,general,4860,0,1.0000000000000002
llama31_8b_1xH100_fp8_TP1,8B / 1xH100,general,4861,0,1.0000000000000002
llama31_8b_1xH100_fp8_TP1,8B / 1xH100,general,4862,0,1.0000000000000002
llama31_8b_1xH100_fp8_TP1,8B / 1xH100,general,4863,0,1.0000000000000002
llama31_8b_1xH100_fp8_TP1,8B / 1xH100,general,4864,0,1.0000000000000002
llama31_8b_1xH100_fp8_TP1,8B / 1xH100,general,4865,0,1.0000000000000002
llama31_8b_1xH100_fp8_TP1,8B / 1xH100,general,4866,0,1.0000000000000002
llama31_8b_1xH100_fp8_TP1,8B / 1xH100,general,4867,0,1.0000000000000002
llama31_8b_1xH100_fp8_TP1,8B / 1xH100,general,4868,0,1.0000000000000002
llama31_8b_1xH100_fp8_TP1,8B / 1xH100,general,4869,0,1.0000000000000002
llama31_8b_1xH100_fp8_TP1,8B / 1xH100,general,4870,0,1.0000000000000002
llama31_8b_1xH100_fp8_TP1,8B / 1xH100,general,4871,0,1.0000000000000002
llama31_8b_1xH100_fp8_TP1,8B / 1xH100,general,4872,0,1.0000000000000002
llama31_8b_1xH100_fp8_TP1,8B / 1xH100,general,4873,0,1.0000000000000002
llama31_8b_1xH100_fp8_TP1,8B / 1xH100,general,4874,0,1.0000000000000002
llama31_8b_1xH100_fp8_TP1,8B / 1xH100,general,4875,0,1.0000000000000002
llama31_8b_1xH100_fp8_TP1,8B / 1xH100,general,4876,0,1.0000000000000002
llama31_8b_1xH100_fp8_TP1,8B / 1xH100,general,4877,0,1.0000000000000002
llama31_8b_1xH100_fp8_TP1,8B / 1xH100,general,4878,0,1.0000000000000002
llama31_8b_1xH100_fp8_TP1,8B / 1xH100,general,4879,0,1.0000000000000002
llama31_8b_1xH100_fp8_TP1,8B / 1xH100,general,4880,0,1.0000000000000002
llama31_8b_1xH100_fp8_TP1,8B / 1xH100,general,4881,0,1.0000000000000002
llama31_8b_1xH100_fp8_TP1,8B / 1xH100,general,4882,0,1.0000000000000002
llama31_8b_1xH100_fp8_TP1,8B / 1xH100,general,4883,0,1.0000000000000002
llama31_8b_1xH100_fp8_TP1,8B / 1xH100,general,4884,0,1.0000000000000002
llama31_8b_1xH100_fp8_TP1,8B / 1xH100,general,4885,0,1.0000000000000002
llama31_8b_1xH100_fp8_TP1,8B / 1xH100,general,4886,0,1.0000000000000002
llama31_8b_1xH100_fp8_TP1,8B / 1xH100,general,4887,0,1.0000000000000002
llama31_8b_1xH100_fp8_TP1,8B / 1xH100,general,4888,0,1.0000000000000002
llama31_8b_1xH100_fp8_TP1,8B / 1xH100,general,4889,0,1.0000000000000002
llama31_8b_1xH100_fp8_TP1,8B / 1xH100,general,4890,0,1.0000000000000002
llama31_8b_1xH100_fp8_TP1,8B / 1xH100,general,4891,0,1.0000000000000002
llama31_8b_1xH100_fp8_TP1,8B / 1xH100,general,4892,0,1.0000000000000002
llama31_8b_1xH100_fp8_TP1,8B / 1xH100,general,4893,0,1.0000000000000002
llama31_8b_1xH100_fp8_TP1,8B / 1xH100,general,4894,0,1.0000000000000002
llama31_8b_1xH100_fp8_TP1,8B / 1xH100,general,4895,0,1.0000000000000002
llama31_8b_1xH100_fp8_TP1,8B / 1xH100,general,4896,0,1.0000000000000002
llama31_8b_1xH100_fp8_TP1,8B / 1xH100,general,4897,0,1.0000000000000002
llama31_8b_1xH100_fp8_TP1,8B / 1xH100,general,4898,0,1.0000000000000002
llama31_8b_1xH100_fp8_TP1,8B / 1xH100,general,4899,0,1.0000000000000002
llama31_8b_1xH100_fp8_TP1,8B / 1xH100,general,4900,0,1.0000000000000002
llama31_8b_1xH100_fp8_TP1,8B / 1xH100,general,4901,0,1.0000000000000002
llama31_8b_1xH100_fp8_TP1,8B / 1xH100,general,4902,0,1.0000000000000002
llama31_8b_1xH100_fp8_TP1,8B / 1xH100,general,4903,0,1.0000000000000002
llama31_8b_1xH100_fp8_TP1,8B / 1xH100,general,4904,0,1.0000000000000002
llama31_8b_1xH100_fp8_TP1,8B / 1xH100,general,4905,0,1.0000000000000002
llama31_8b_1xH100_fp8_TP1,8B / 1xH100,general,4906,0,1.0000000000000002
llama31_8b_1xH100_fp8_TP1,8B / 1xH100,general,4907,0,1.0000000000000002
llama31_8b_1xH100_fp8_TP1,8B / 1xH100,general,4908,0,1.0000000000000002
llama31_8b_1xH100_fp8_TP1,8B / 1xH100,general,4909,0,1.0000000000000002
llama31_8b_1xH100_fp8_TP1,8B / 1xH100,general,4910,0,1.0000000000000002
llama31_8b_1xH100_fp8_TP1,8B / 1xH100,general,4911,0,1.0000000000000002
llama31_8b_1xH100_fp8_TP1,8B / 1xH100,general,4912,0,1.0000000000000002
llama31_8b_1xH100_fp8_TP1,8B / 1xH100,general,4913,0,1.0000000000000002
llama31_8b_1xH100_fp8_TP1,8B / 1xH100,general,4914,0,1.0000000000000002
llama31_8b_1xH100_fp8_TP1,8B / 1xH100,general,4915,0,1.0000000000000002
llama31_8b_1xH100_fp8_TP1,8B / 1xH100,general,4916,0,1.0000000000000002
llama31_8b_1xH100_fp8_TP1,8B / 1xH100,general,4917,0,1.0000000000000002
llama31_8b_1xH100_fp8_TP1,8B / 1xH100,general,4918,0,1.0000000000000002
llama31_8b_1xH100_fp8_TP1,8B / 1xH100,general,4919,0,1.0000000000000002
llama31_8b_1xH100_fp8_TP1,8B / 1xH100,general,4920,0,1.0000000000000002
llama31_8b_1xH100_fp8_TP1,8B / 1xH100,general,4921,0,1.0000000000000002
llama31_8b_1xH100_fp8_TP1,8B / 1xH100,general,4922,0,1.0000000000000002
llama31_8b_1xH100_fp8_TP1,8B / 1xH100,general,4923,0,1.0000000000000002
llama31_8b_1xH100_fp8_TP1,8B / 1xH100,general,4924,0,1.0000000000000002
llama31_8b_1xH100_fp8_TP1,8B / 1xH100,general,4925,0,1.0000000000000002
llama31_8b_1xH100_fp8_TP1,8B / 1xH100,general,4926,0,1.0000000000000002
llama31_8b_1xH100_fp8_TP1,8B / 1xH100,general,4927,0,1.0000000000000002
llama31_8b_1xH100_fp8_TP1,8B / 1xH100,general,4928,0,1.0000000000000002
llama31_8b_1xH100_fp8_TP1,8B / 1xH100,general,4929,0,1.0000000000000002
llama31_8b_1xH100_fp8_TP1,8B / 1xH100,general,4930,0,1.0000000000000002
llama31_8b_1xH100_fp8_TP1,8B / 1xH100,general,4931,0,1.0000000000000002
llama31_8b_1xH100_fp8_TP1,8B / 1xH100,general,4932,0,1.0000000000000002
llama31_8b_1xH100_fp8_TP1,8B / 1xH100,general,4933,0,1.0000000000000002
llama31_8b_1xH100_fp8_TP1,8B / 1xH100,general,4934,0,1.0000000000000002
llama31_8b_1xH100_fp8_TP1,8B / 1xH100,general,4935,0,1.0000000000000002
llama31_8b_1xH100_fp8_TP1,8B / 1xH100,general,4936,0,1.0000000000000002
llama31_8b_1xH100_fp8_TP1,8B / 1xH100,general,4937,0,1.0000000000000002
llama31_8b_1xH100_fp8_TP1,8B / 1xH100,general,4938,0,1.0000000000000002
llama31_8b_1xH100_fp8_TP1,8B / 1xH100,general,4939,0,1.0000000000000002
llama31_8b_1xH100_fp8_TP1,8B / 1xH100,general,4940,0,1.0000000000000002
llama31_8b_1xH100_fp8_TP1,8B / 1xH100,general,4941,0,1.0000000000000002
llama31_8b_1xH100_fp8_TP1,8B / 1xH100,general,4942,0,1.0000000000000002
llama31_8b_1xH100_fp8_TP1,8B / 1xH100,general,4943,0,1.0000000000000002
llama31_8b_1xH100_fp8_TP1,8B / 1xH100,general,4944,0,1.0000000000000002
llama31_8b_1xH100_fp8_TP1,8B / 1xH100,general,4945,0,1.0000000000000002
llama31_8b_1xH100_fp8_TP1,8B / 1xH100,general,4946,0,1.0000000000000002
llama31_8b_1xH100_fp8_TP1,8B / 1xH100,general,4947,0,1.0000000000000002
llama31_8b_1xH100_fp8_TP1,8B / 1xH100,general,4948,0,1.0000000000000002
llama31_8b_1xH100_fp8_TP1,8B / 1xH100,general,4949,0,1.0000000000000002
llama31_8b_1xH100_fp8_TP1,8B / 1xH100,general,4950,0,1.0000000000000002
llama31_8b_1xH100_fp8_TP1,8B / 1xH100,general,4951,0,1.0000000000000002
llama31_8b_1xH100_fp8_TP1,8B / 1xH100,general,4952,0,1.0000000000000002
llama31_8b_1xH100_fp8_TP1,8B / 1xH100,general,4953,0,1.0000000000000002
llama31_8b_1xH100_fp8_TP1,8B / 1xH100,general,4954,0,1.0000000000000002
llama31_8b_1xH100_fp8_TP1,8B / 1xH100,general,4955,0,1.0000000000000002
llama31_8b_1xH100_fp8_TP1,8B / 1xH100,general,4956,0,1.0000000000000002
llama31_8b_1xH100_fp8_TP1,8B / 1xH100,general,4957,0,1.0000000000000002
llama31_8b_1xH100_fp8_TP1,8B / 1xH100,general,4958,0,1.0000000000000002
llama31_8b_1xH100_fp8_TP1,8B / 1xH100,general,4959,0,1.0000000000000002
llama31_8b_1xH100_fp8_TP1,8B / 1xH100,general,4960,0,1.0000000000000002
llama31_8b_1xH100_fp8_TP1,8B / 1xH100,general,4961,0,1.0000000000000002
llama31_8b_1xH100_fp8_TP1,8B / 1xH100,general,4962,0,1.0000000000000002
llama31_8b_1xH100_fp8_TP1,8B / 1xH100,general,4963,0,1.0000000000000002
llama31_8b_1xH100_fp8_TP1,8B / 1xH100,general,4964,0,1.0000000000000002
llama31_8b_1xH100_fp8_TP1,8B / 1xH100,general,4965,0,1.0000000000000002
llama31_8b_1xH100_fp8_TP1,8B / 1xH100,general,4966,0,1.0000000000000002
llama31_8b_1xH100_fp8_TP1,8B / 1xH100,general,4967,0,1.0000000000000002
llama31_8b_1xH100_fp8_TP1,8B / 1xH100,general,4968,0,1.0000000000000002
llama31_8b_1xH100_fp8_TP1,8B / 1xH100,general,4969,0,1.0000000000000002
llama31_8b_1xH100_fp8_TP1,8B / 1xH100,general,4970,0,1.0000000000000002
llama31_8b_1xH100_fp8_TP1,8B / 1xH100,general,4971,0,1.0000000000000002
llama31_8b_1xH100_fp8_TP1,8B / 1xH100,general,4972,0,1.0000000000000002
llama31_8b_1xH100_fp8_TP1,8B / 1xH100,general,4973,0,1.0000000000000002
llama31_8b_1xH100_fp8_TP1,8B / 1xH100,general,4974,0,1.0000000000000002
llama31_8b_1xH100_fp8_TP1,8B / 1xH100,general,4975,0,1.0000000000000002
llama31_8b_1xH100_fp8_TP1,8B / 1xH100,general,4976,0,1.0000000000000002
llama31_8b_1xH100_fp8_TP1,8B / 1xH100,general,4977,0,1.0000000000000002
llama31_8b_1xH100_fp8_TP1,8B / 1xH100,general,4978,0,1.0000000000000002
llama31_8b_1xH100_fp8_TP1,8B / 1xH100,general,4979,0,1.0000000000000002
llama31_8b_1xH100_fp8_TP1,8B / 1xH100,general,4980,0,1.0000000000000002
llama31_8b_1xH100_fp8_TP1,8B / 1xH100,general,4981,0,1.0000000000000002
llama31_8b_1xH100_fp8_TP1,8B / 1xH100,general,4982,0,1.0000000000000002
llama31_8b_1xH100_fp8_TP1,8B / 1xH100,general,4983,0,1.0000000000000002
llama31_8b_1xH100_fp8_TP1,8B / 1xH100,general,4984,0,1.0000000000000002
llama31_8b_1xH100_fp8_TP1,8B / 1xH100,general,4985,0,1.0000000000000002
llama31_8b_1xH100_fp8_TP1,8B / 1xH100,general,4986,0,1.0000000000000002
llama31_8b_1xH100_fp8_TP1,8B / 1xH100,general,4987,0,1.0000000000000002
llama31_8b_1xH100_fp8_TP1,8B / 1xH100,general,4988,0,1.0000000000000002
llama31_8b_1xH100_fp8_TP1,8B / 1xH100,general,4989,0,1.0000000000000002
llama31_8b_1xH100_fp8_TP1,8B / 1xH100,general,4990,0,1.0000000000000002
llama31_8b_1xH100_fp8_TP1,8B / 1xH100,general,4991,0,1.0000000000000002
llama31_8b_1xH100_fp8_TP1,8B / 1xH100,general,4992,0,1.0000000000000002
llama31_8b_1xH100_fp8_TP1,8B / 1xH100,general,4993,0,1.0000000000000002
llama31_8b_1xH100_fp8_TP1,8B / 1xH100,general,4994,0,1.0000000000000002
llama31_8b_1xH100_fp8_TP1,8B / 1xH100,general,4995,0,1.0000000000000002
llama31_8b_1xH100_fp8_TP1,8B / 1xH100,general,4996,0,1.0000000000000002
llama31_8b_1xH100_fp8_TP1,8B / 1xH100,general,4997,0,1.0000000000000002
llama31_8b_1xH100_fp8_TP1,8B / 1xH100,general,4998,0,1.0000000000000002
llama31_8b_1xH100_fp8_TP1,8B / 1xH100,general,4999,0,1.0000000000000002
llama31_8b_1xH100_fp8_TP1,8B / 1xH100,general,5000,0,1.0000000000000002
llama31_8b_1xH100_fp8_TP1,8B / 1xH100,general,5001,0,1.0000000000000002
llama31_8b_1xH100_fp8_TP1,8B / 1xH100,general,5002,0,1.0000000000000002
llama31_8b_1xH100_fp8_TP1,8B / 1xH100,general,5003,0,1.0000000000000002
llama31_8b_1xH100_fp8_TP1,8B / 1xH100,general,5004,0,1.0000000000000002
llama31_8b_1xH100_fp8_TP1,8B / 1xH100,general,5005,0,1.0000000000000002
llama31_8b_1xH100_fp8_TP1,8B / 1xH100,general,5006,0,1.0000000000000002
llama31_8b_1xH100_fp8_TP1,8B / 1xH100,general,5007,0,1.0000000000000002
llama31_8b_1xH100_fp8_TP1,8B / 1xH100,general,5008,0,1.0000000000000002
llama31_8b_1xH100_fp8_TP1,8B / 1xH100,general,5009,0,1.0000000000000002
llama31_8b_1xH100_fp8_TP1,8B / 1xH100,general,5010,0,1.0000000000000002
llama31_8b_1xH100_fp8_TP1,8B / 1xH100,general,5011,0,1.0000000000000002
llama31_8b_1xH100_fp8_TP1,8B / 1xH100,general,5012,0,1.0000000000000002
llama31_8b_1xH100_fp8_TP1,8B / 1xH100,general,5013,0,1.0000000000000002
llama31_8b_1xH100_fp8_TP1,8B / 1xH100,general,5014,0,1.0000000000000002
llama31_8b_1xH100_fp8_TP1,8B / 1xH100,general,5015,0,1.0000000000000002
llama31_8b_1xH100_fp8_TP1,8B / 1xH100,general,5016,0,1.0000000000000002
llama31_8b_1xH100_fp8_TP1,8B / 1xH100,general,5017,0,1.0000000000000002
llama31_8b_1xH100_fp8_TP1,8B / 1xH100,general,5018,0,1.0000000000000002
llama31_8b_1xH100_fp8_TP1,8B / 1xH100,general,5019,0,1.0000000000000002
llama31_8b_1xH100_fp8_TP1,8B / 1xH100,general,5020,0,1.0000000000000002
llama31_8b_1xH100_fp8_TP1,8B / 1xH100,general,5021,0,1.0000000000000002
llama31_8b_1xH100_fp8_TP1,8B / 1xH100,general,5022,0,1.0000000000000002
llama31_8b_1xH100_fp8_TP1,8B / 1xH100,general,5023,0,1.0000000000000002
llama31_8b_1xH100_fp8_TP1,8B / 1xH100,general,5024,0,1.0000000000000002
llama31_8b_1xH100_fp8_TP1,8B / 1xH100,general,5025,0,1.0000000000000002
llama31_8b_1xH100_fp8_TP1,8B / 1xH100,general,5026,0,1.0000000000000002
llama31_8b_1xH100_fp8_TP1,8B / 1xH100,general,5027,0,1.0000000000000002
llama31_8b_1xH100_fp8_TP1,8B / 1xH100,general,5028,0,1.0000000000000002
llama31_8b_1xH100_fp8_TP1,8B / 1xH100,general,5029,0,1.0000000000000002
llama31_8b_1xH100_fp8_TP1,8B / 1xH100,general,5030,0,1.0000000000000002
llama31_8b_1xH100_fp8_TP1,8B / 1xH100,general,5031,0,1.0000000000000002
llama31_8b_1xH100_fp8_TP1,8B / 1xH100,general,5032,0,1.0000000000000002
llama31_8b_1xH100_fp8_TP1,8B / 1xH100,general,5033,0,1.0000000000000002
llama31_8b_1xH100_fp8_TP1,8B / 1xH100,general,5034,0,1.0000000000000002
llama31_8b_1xH100_fp8_TP1,8B / 1xH100,general,5035,0,1.0000000000000002
llama31_8b_1xH100_fp8_TP1,8B / 1xH100,general,5036,0,1.0000000000000002
llama31_8b_1xH100_fp8_TP1,8B / 1xH100,general,5037,0,1.0000000000000002
llama31_8b_1xH100_fp8_TP1,8B / 1xH100,general,5038,0,1.0000000000000002
llama31_8b_1xH100_fp8_TP1,8B / 1xH100,general,5039,0,1.0000000000000002
llama31_8b_1xH100_fp8_TP1,8B / 1xH100,general,5040,0,1.0000000000000002
llama31_8b_1xH100_fp8_TP1,8B / 1xH100,general,5041,0,1.0000000000000002
llama31_8b_1xH100_fp8_TP1,8B / 1xH100,general,5042,0,1.0000000000000002
llama31_8b_1xH100_fp8_TP1,8B / 1xH100,general,5043,0,1.0000000000000002
llama31_8b_1xH100_fp8_TP1,8B / 1xH100,general,5044,0,1.0000000000000002
llama31_8b_1xH100_fp8_TP1,8B / 1xH100,general,5045,0,1.0000000000000002
llama31_8b_1xH100_fp8_TP1,8B / 1xH100,general,5046,0,1.0000000000000002
llama31_8b_1xH100_fp8_TP1,8B / 1xH100,general,5047,0,1.0000000000000002
llama31_8b_1xH100_fp8_TP1,8B / 1xH100,general,5048,0,1.0000000000000002
llama31_8b_1xH100_fp8_TP1,8B / 1xH100,general,5049,0,1.0000000000000002
llama31_8b_1xH100_fp8_TP1,8B / 1xH100,general,5050,0,1.0000000000000002
llama31_8b_1xH100_fp8_TP1,8B / 1xH100,general,5051,0,1.0000000000000002
llama31_8b_1xH100_fp8_TP1,8B / 1xH100,general,5052,0,1.0000000000000002
llama31_8b_1xH100_fp8_TP1,8B / 1xH100,general,5053,0,1.0000000000000002
llama31_8b_1xH100_fp8_TP1,8B / 1xH100,general,5054,0,1.0000000000000002
llama31_8b_1xH100_fp8_TP1,8B / 1xH100,general,5055,0,1.0000000000000002
llama31_8b_1xH100_fp8_TP1,8B / 1xH100,general,5056,0,1.0000000000000002
llama31_8b_1xH100_fp8_TP1,8B / 1xH100,general,5057,0,1.0000000000000002
llama31_8b_1xH100_fp8_TP1,8B / 1xH100,general,5058,0,1.0000000000000002
llama31_8b_1xH100_fp8_TP1,8B / 1xH100,general,5059,0,1.0000000000000002
llama31_8b_1xH100_fp8_TP1,8B / 1xH100,general,5060,0,1.0000000000000002
llama31_8b_1xH100_fp8_TP1,8B / 1xH100,general,5061,0,1.0000000000000002
llama31_8b_1xH100_fp8_TP1,8B / 1xH100,general,5062,0,1.0000000000000002
llama31_8b_1xH100_fp8_TP1,8B / 1xH100,general,5063,0,1.0000000000000002
llama31_8b_1xH100_fp8_TP1,8B / 1xH100,general,5064,0,1.0000000000000002
llama31_8b_1xH100_fp8_TP1,8B / 1xH100,general,5065,0,1.0000000000000002
llama31_8b_1xH100_fp8_TP1,8B / 1xH100,general,5066,0,1.0000000000000002
llama31_8b_1xH100_fp8_TP1,8B / 1xH100,general,5067,0,1.0000000000000002
llama31_8b_1xH100_fp8_TP1,8B / 1xH100,general,5068,0,1.0000000000000002
llama31_8b_1xH100_fp8_TP1,8B / 1xH100,general,5069,0,1.0000000000000002
llama31_8b_1xH100_fp8_TP1,8B / 1xH100,general,5070,0,1.0000000000000002
llama31_8b_1xH100_fp8_TP1,8B / 1xH100,general,5071,0,1.0000000000000002
llama31_8b_1xH100_fp8_TP1,8B / 1xH100,general,5072,0,1.0000000000000002
llama31_8b_1xH100_fp8_TP1,8B / 1xH100,general,5073,0,1.0000000000000002
llama31_8b_1xH100_fp8_TP1,8B / 1xH100,general,5074,0,1.0000000000000002
llama31_8b_1xH100_fp8_TP1,8B / 1xH100,general,5075,0,1.0000000000000002
llama31_8b_1xH100_fp8_TP1,8B / 1xH100,general,5076,0,1.0000000000000002
llama31_8b_1xH100_fp8_TP1,8B / 1xH100,general,5077,0,1.0000000000000002
llama31_8b_1xH100_fp8_TP1,8B / 1xH100,general,5078,0,1.0000000000000002
llama31_8b_1xH100_fp8_TP1,8B / 1xH100,general,5079,0,1.0000000000000002
llama31_8b_1xH100_fp8_TP1,8B / 1xH100,general,5080,0,1.0000000000000002
llama31_8b_1xH100_fp8_TP1,8B / 1xH100,general,5081,0,1.0000000000000002
llama31_8b_1xH100_fp8_TP1,8B / 1xH100,general,5082,0,1.0000000000000002
llama31_8b_1xH100_fp8_TP1,8B / 1xH100,general,5083,0,1.0000000000000002
llama31_8b_1xH100_fp8_TP1,8B / 1xH100,general,5084,0,1.0000000000000002
llama31_8b_1xH100_fp8_TP1,8B / 1xH100,general,5085,0,1.0000000000000002
llama31_8b_1xH100_fp8_TP1,8B / 1xH100,general,5086,0,1.0000000000000002
llama31_8b_1xH100_fp8_TP1,8B / 1xH100,general,5087,0,1.0000000000000002
llama31_8b_1xH100_fp8_TP1,8B / 1xH100,general,5088,0,1.0000000000000002
llama31_8b_1xH100_fp8_TP1,8B / 1xH100,general,5089,0,1.0000000000000002
llama31_8b_1xH100_fp8_TP1,8B / 1xH100,general,5090,0,1.0000000000000002
llama31_8b_1xH100_fp8_TP1,8B / 1xH100,general,5091,0,1.0000000000000002
llama31_8b_1xH100_fp8_TP1,8B / 1xH100,general,5092,0,1.0000000000000002
llama31_8b_1xH100_fp8_TP1,8B / 1xH100,general,5093,0,1.0000000000000002
llama31_8b_1xH100_fp8_TP1,8B / 1xH100,general,5094,0,1.0000000000000002
llama31_8b_1xH100_fp8_TP1,8B / 1xH100,general,5095,0,1.0000000000000002
llama31_8b_1xH100_fp8_TP1,8B / 1xH100,general,5096,0,1.0000000000000002
llama31_8b_1xH100_fp8_TP1,8B / 1xH100,general,5097,0,1.0000000000000002
llama31_8b_1xH100_fp8_TP1,8B / 1xH100,general,5098,0,1.0000000000000002
llama31_8b_1xH100_fp8_TP1,8B / 1xH100,general,5099,0,1.0000000000000002
llama31_8b_1xH100_fp8_TP1,8B / 1xH100,general,5100,0,1.0000000000000002
llama31_8b_1xH100_fp8_TP1,8B / 1xH100,general,5101,0,1.0000000000000002
llama31_8b_1xH100_fp8_TP1,8B / 1xH100,general,5102,0,1.0000000000000002
llama31_8b_1xH100_fp8_TP1,8B / 1xH100,general,5103,0,1.0000000000000002
llama31_8b_1xH100_fp8_TP1,8B / 1xH100,general,5104,0,1.0000000000000002
llama31_8b_1xH100_fp8_TP1,8B / 1xH100,general,5105,0,1.0000000000000002
llama31_8b_1xH100_fp8_TP1,8B / 1xH100,general,5106,0,1.0000000000000002
llama31_8b_1xH100_fp8_TP1,8B / 1xH100,general,5107,0,1.0000000000000002
llama31_8b_1xH100_fp8_TP1,8B / 1xH100,general,5108,0,1.0000000000000002
llama31_8b_1xH100_fp8_TP1,8B / 1xH100,general,5109,0,1.0000000000000002
llama31_8b_1xH100_fp8_TP1,8B / 1xH100,general,5110,0,1.0000000000000002
llama31_8b_1xH100_fp8_TP1,8B / 1xH100,general,5111,0,1.0000000000000002
llama31_8b_1xH100_fp8_TP1,8B / 1xH100,general,5112,0,1.0000000000000002
llama31_8b_1xH100_fp8_TP1,8B / 1xH100,general,5113,0,1.0000000000000002
llama31_8b_1xH100_fp8_TP1,8B / 1xH100,general,5114,0,1.0000000000000002
llama31_8b_1xH100_fp8_TP1,8B / 1xH100,general,5115,0,1.0000000000000002
llama31_8b_1xH100_fp8_TP1,8B / 1xH100,general,5116,0,1.0000000000000002
llama31_8b_1xH100_fp8_TP1,8B / 1xH100,general,5117,0,1.0000000000000002
llama31_8b_1xH100_fp8_TP1,8B / 1xH100,general,5118,0,1.0000000000000002
llama31_8b_1xH100_fp8_TP1,8B / 1xH100,general,5119,0,1.0000000000000002
llama31_8b_1xH100_fp8_TP1,8B / 1xH100,general,5120,0,1.0000000000000002
llama31_8b_1xH100_fp8_TP1,8B / 1xH100,general,5121,0,1.0000000000000002
llama31_8b_1xH100_fp8_TP1,8B / 1xH100,general,5122,0,1.0000000000000002
llama31_8b_1xH100_fp8_TP1,8B / 1xH100,general,5123,0,1.0000000000000002
llama31_8b_1xH100_fp8_TP1,8B / 1xH100,general,5124,0,1.0000000000000002
llama31_8b_1xH100_fp8_TP1,8B / 1xH100,general,5125,0,1.0000000000000002
llama31_8b_1xH100_fp8_TP1,8B / 1xH100,general,5126,0,1.0000000000000002
llama31_8b_1xH100_fp8_TP1,8B / 1xH100,general,5127,0,1.0000000000000002
llama31_8b_1xH100_fp8_TP1,8B / 1xH100,general,5128,0,1.0000000000000002
llama31_8b_1xH100_fp8_TP1,8B / 1xH100,general,5129,0,1.0000000000000002
llama31_8b_1xH100_fp8_TP1,8B / 1xH100,general,5130,0,1.0000000000000002
llama31_8b_1xH100_fp8_TP1,8B / 1xH100,general,5131,0,1.0000000000000002
llama31_8b_1xH100_fp8_TP1,8B / 1xH100,general,5132,0,1.0000000000000002
llama31_8b_1xH100_fp8_TP1,8B / 1xH100,general,5133,0,1.0000000000000002
llama31_8b_1xH100_fp8_TP1,8B / 1xH100,general,5134,0,1.0000000000000002
llama31_8b_1xH100_fp8_TP1,8B / 1xH100,general,5135,0,1.0000000000000002
llama31_8b_1xH100_fp8_TP1,8B / 1xH100,general,5136,0,1.0000000000000002
llama31_8b_1xH100_fp8_TP1,8B / 1xH100,general,5137,0,1.0000000000000002
llama31_8b_1xH100_fp8_TP1,8B / 1xH100,general,5138,0,1.0000000000000002
llama31_8b_1xH100_fp8_TP1,8B / 1xH100,general,5139,0,1.0000000000000002
llama31_8b_1xH100_fp8_TP1,8B / 1xH100,general,5140,0,1.0000000000000002
llama31_8b_1xH100_fp8_TP1,8B / 1xH100,general,5141,0,1.0000000000000002
llama31_8b_1xH100_fp8_TP1,8B / 1xH100,general,5142,0,1.0000000000000002
llama31_8b_1xH100_fp8_TP1,8B / 1xH100,general,5143,0,1.0000000000000002
llama31_8b_1xH100_fp8_TP1,8B / 1xH100,general,5144,0,1.0000000000000002
llama31_8b_1xH100_fp8_TP1,8B / 1xH100,general,5145,0,1.0000000000000002
llama31_8b_1xH100_fp8_TP1,8B / 1xH100,general,5146,0,1.0000000000000002
llama31_8b_1xH100_fp8_TP1,8B / 1xH100,general,5147,0,1.0000000000000002
llama31_8b_1xH100_fp8_TP1,8B / 1xH100,general,5148,0,1.0000000000000002
llama31_8b_1xH100_fp8_TP1,8B / 1xH100,general,5149,0,1.0000000000000002
llama31_8b_1xH100_fp8_TP1,8B / 1xH100,general,5150,0,1.0000000000000002
llama31_8b_1xH100_fp8_TP1,8B / 1xH100,general,5151,0,1.0000000000000002
llama31_8b_1xH100_fp8_TP1,8B / 1xH100,general,5152,0,1.0000000000000002
llama31_8b_1xH100_fp8_TP1,8B / 1xH100,general,5153,0,1.0000000000000002
llama31_8b_1xH100_fp8_TP1,8B / 1xH100,general,5154,0,1.0000000000000002
llama31_8b_1xH100_fp8_TP1,8B / 1xH100,general,5155,0,1.0000000000000002
llama31_8b_1xH100_fp8_TP1,8B / 1xH100,general,5156,0,1.0000000000000002
llama31_8b_1xH100_fp8_TP1,8B / 1xH100,general,5157,0,1.0000000000000002
llama31_8b_1xH100_fp8_TP1,8B / 1xH100,general,5158,0,1.0000000000000002
llama31_8b_1xH100_fp8_TP1,8B / 1xH100,general,5159,0,1.0000000000000002
llama31_8b_1xH100_fp8_TP1,8B / 1xH100,general,5160,0,1.0000000000000002
llama31_8b_1xH100_fp8_TP1,8B / 1xH100,general,5161,0,1.0000000000000002
llama31_8b_1xH100_fp8_TP1,8B / 1xH100,general,5162,0,1.0000000000000002
llama31_8b_1xH100_fp8_TP1,8B / 1xH100,general,5163,0,1.0000000000000002
llama31_8b_1xH100_fp8_TP1,8B / 1xH100,general,5164,0,1.0000000000000002
llama31_8b_1xH100_fp8_TP1,8B / 1xH100,general,5165,0,1.0000000000000002
llama31_8b_1xH100_fp8_TP1,8B / 1xH100,general,5166,0,1.0000000000000002
llama31_8b_1xH100_fp8_TP1,8B / 1xH100,general,5167,0,1.0000000000000002
llama31_8b_1xH100_fp8_TP1,8B / 1xH100,general,5168,0,1.0000000000000002
llama31_8b_1xH100_fp8_TP1,8B / 1xH100,general,5169,0,1.0000000000000002
llama31_8b_1xH100_fp8_TP1,8B / 1xH100,general,5170,0,1.0000000000000002
llama31_8b_1xH100_fp8_TP1,8B / 1xH100,general,5171,0,1.0000000000000002
llama31_8b_1xH100_fp8_TP1,8B / 1xH100,general,5172,0,1.0000000000000002
llama31_8b_1xH100_fp8_TP1,8B / 1xH100,general,5173,0,1.0000000000000002
llama31_8b_1xH100_fp8_TP1,8B / 1xH100,general,5174,0,1.0000000000000002
llama31_8b_1xH100_fp8_TP1,8B / 1xH100,general,5175,0,1.0000000000000002
llama31_8b_1xH100_fp8_TP1,8B / 1xH100,general,5176,0,1.0000000000000002
llama31_8b_1xH100_fp8_TP1,8B / 1xH100,general,5177,0,1.0000000000000002
llama31_8b_1xH100_fp8_TP1,8B / 1xH100,general,5178,0,1.0000000000000002
llama31_8b_1xH100_fp8_TP1,8B / 1xH100,general,5179,0,1.0000000000000002
llama31_8b_1xH100_fp8_TP1,8B / 1xH100,general,5180,0,1.0000000000000002
llama31_8b_1xH100_fp8_TP1,8B / 1xH100,general,5181,0,1.0000000000000002
llama31_8b_1xH100_fp8_TP1,8B / 1xH100,general,5182,0,1.0000000000000002
llama31_8b_1xH100_fp8_TP1,8B / 1xH100,general,5183,0,1.0000000000000002
llama31_8b_1xH100_fp8_TP1,8B / 1xH100,general,5184,0,1.0000000000000002
llama31_8b_1xH100_fp8_TP1,8B / 1xH100,general,5185,0,1.0000000000000002
llama31_8b_1xH100_fp8_TP1,8B / 1xH100,general,5186,0,1.0000000000000002
llama31_8b_1xH100_fp8_TP1,8B / 1xH100,general,5187,0,1.0000000000000002
llama31_8b_1xH100_fp8_TP1,8B / 1xH100,general,5188,0,1.0000000000000002
llama31_8b_1xH100_fp8_TP1,8B / 1xH100,general,5189,0,1.0000000000000002
llama31_8b_1xH100_fp8_TP1,8B / 1xH100,general,5190,0,1.0000000000000002
llama31_8b_1xH100_fp8_TP1,8B / 1xH100,general,5191,0,1.0000000000000002
llama31_8b_1xH100_fp8_TP1,8B / 1xH100,general,5192,0,1.0000000000000002
llama31_8b_1xH100_fp8_TP1,8B / 1xH100,general,5193,0,1.0000000000000002
llama31_8b_1xH100_fp8_TP1,8B / 1xH100,general,5194,0,1.0000000000000002
llama31_8b_1xH100_fp8_TP1,8B / 1xH100,general,5195,0,1.0000000000000002
llama31_8b_1xH100_fp8_TP1,8B / 1xH100,general,5196,0,1.0000000000000002
llama31_8b_1xH100_fp8_TP1,8B / 1xH100,general,5197,0,1.0000000000000002
llama31_8b_1xH100_fp8_TP1,8B / 1xH100,general,5198,0,1.0000000000000002
llama31_8b_1xH100_fp8_TP1,8B / 1xH100,general,5199,0,1.0000000000000002
llama31_8b_1xH100_fp8_TP1,8B / 1xH100,general,5200,0,1.0000000000000002
llama31_8b_1xH100_fp8_TP1,8B / 1xH100,general,5201,0,1.0000000000000002
llama31_8b_1xH100_fp8_TP1,8B / 1xH100,general,5202,0,1.0000000000000002
llama31_8b_1xH100_fp8_TP1,8B / 1xH100,general,5203,0,1.0000000000000002
llama31_8b_1xH100_fp8_TP1,8B / 1xH100,general,5204,0,1.0000000000000002
llama31_8b_1xH100_fp8_TP1,8B / 1xH100,general,5205,0,1.0000000000000002
llama31_8b_1xH100_fp8_TP1,8B / 1xH100,general,5206,0,1.0000000000000002
llama31_8b_1xH100_fp8_TP1,8B / 1xH100,general,5207,0,1.0000000000000002
llama31_8b_1xH100_fp8_TP1,8B / 1xH100,general,5208,0,1.0000000000000002
llama31_8b_1xH100_fp8_TP1,8B / 1xH100,general,5209,0,1.0000000000000002
llama31_8b_1xH100_fp8_TP1,8B / 1xH100,general,5210,0,1.0000000000000002
llama31_8b_1xH100_fp8_TP1,8B / 1xH100,general,5211,0,1.0000000000000002
llama31_8b_1xH100_fp8_TP1,8B / 1xH100,general,5212,0,1.0000000000000002
llama31_8b_1xH100_fp8_TP1,8B / 1xH100,general,5213,0,1.0000000000000002
llama31_8b_1xH100_fp8_TP1,8B / 1xH100,general,5214,0,1.0000000000000002
llama31_8b_1xH100_fp8_TP1,8B / 1xH100,general,5215,0,1.0000000000000002
llama31_8b_1xH100_fp8_TP1,8B / 1xH100,general,5216,0,1.0000000000000002
llama31_8b_1xH100_fp8_TP1,8B / 1xH100,general,5217,0,1.0000000000000002
llama31_8b_1xH100_fp8_TP1,8B / 1xH100,general,5218,0,1.0000000000000002
llama31_8b_1xH100_fp8_TP1,8B / 1xH100,general,5219,0,1.0000000000000002
llama31_8b_1xH100_fp8_TP1,8B / 1xH100,general,5220,0,1.0000000000000002
llama31_8b_1xH100_fp8_TP1,8B / 1xH100,general,5221,0,1.0000000000000002
llama31_8b_1xH100_fp8_TP1,8B / 1xH100,general,5222,0,1.0000000000000002
llama31_8b_1xH100_fp8_TP1,8B / 1xH100,general,5223,0,1.0000000000000002
llama31_8b_1xH100_fp8_TP1,8B / 1xH100,general,5224,0,1.0000000000000002
llama31_8b_1xH100_fp8_TP1,8B / 1xH100,general,5225,0,1.0000000000000002
llama31_8b_1xH100_fp8_TP1,8B / 1xH100,general,5226,0,1.0000000000000002
llama31_8b_1xH100_fp8_TP1,8B / 1xH100,general,5227,0,1.0000000000000002
llama31_8b_1xH100_fp8_TP1,8B / 1xH100,general,5228,0,1.0000000000000002
llama31_8b_1xH100_fp8_TP1,8B / 1xH100,general,5229,0,1.0000000000000002
llama31_8b_1xH100_fp8_TP1,8B / 1xH100,general,5230,0,1.0000000000000002
llama31_8b_1xH100_fp8_TP1,8B / 1xH100,general,5231,0,1.0000000000000002
llama31_8b_1xH100_fp8_TP1,8B / 1xH100,general,5232,0,1.0000000000000002
llama31_8b_1xH100_fp8_TP1,8B / 1xH100,general,5233,0,1.0000000000000002
llama31_8b_1xH100_fp8_TP1,8B / 1xH100,general,5234,0,1.0000000000000002
llama31_8b_1xH100_fp8_TP1,8B / 1xH100,general,5235,0,1.0000000000000002
llama31_8b_1xH100_fp8_TP1,8B / 1xH100,general,5236,0,1.0000000000000002
llama31_8b_1xH100_fp8_TP1,8B / 1xH100,general,5237,0,1.0000000000000002
llama31_8b_1xH100_fp8_TP1,8B / 1xH100,general,5238,0,1.0000000000000002
llama31_8b_1xH100_fp8_TP1,8B / 1xH100,general,5239,0,1.0000000000000002
llama31_8b_1xH100_fp8_TP1,8B / 1xH100,general,5240,0,1.0000000000000002
llama31_8b_1xH100_fp8_TP1,8B / 1xH100,general,5241,0,1.0000000000000002
llama31_8b_1xH100_fp8_TP1,8B / 1xH100,general,5242,0,1.0000000000000002
llama31_8b_1xH100_fp8_TP1,8B / 1xH100,general,5243,0,1.0000000000000002
llama31_8b_1xH100_fp8_TP1,8B / 1xH100,general,5244,0,1.0000000000000002
llama31_8b_1xH100_fp8_TP1,8B / 1xH100,general,5245,0,1.0000000000000002
llama31_8b_1xH100_fp8_TP1,8B / 1xH100,general,5246,0,1.0000000000000002
llama31_8b_1xH100_fp8_TP1,8B / 1xH100,general,5247,0,1.0000000000000002
llama31_8b_1xH100_fp8_TP1,8B / 1xH100,general,5248,0,1.0000000000000002
llama31_8b_1xH100_fp8_TP1,8B / 1xH100,general,5249,0,1.0000000000000002
llama31_8b_1xH100_fp8_TP1,8B / 1xH100,general,5250,0,1.0000000000000002
llama31_8b_1xH100_fp8_TP1,8B / 1xH100,general,5251,0,1.0000000000000002
llama31_8b_1xH100_fp8_TP1,8B / 1xH100,general,5252,0,1.0000000000000002
llama31_8b_1xH100_fp8_TP1,8B / 1xH100,general,5253,0,1.0000000000000002
llama31_8b_1xH100_fp8_TP1,8B / 1xH100,general,5254,0,1.0000000000000002
llama31_8b_1xH100_fp8_TP1,8B / 1xH100,general,5255,0,1.0000000000000002
llama31_8b_1xH100_fp8_TP1,8B / 1xH100,general,5256,0,1.0000000000000002
llama31_8b_1xH100_fp8_TP1,8B / 1xH100,general,5257,0,1.0000000000000002
llama31_8b_1xH100_fp8_TP1,8B / 1xH100,general,5258,0,1.0000000000000002
llama31_8b_1xH100_fp8_TP1,8B / 1xH100,general,5259,0,1.0000000000000002
llama31_8b_1xH100_fp8_TP1,8B / 1xH100,general,5260,0,1.0000000000000002
llama31_8b_1xH100_fp8_TP1,8B / 1xH100,general,5261,0,1.0000000000000002
llama31_8b_1xH100_fp8_TP1,8B / 1xH100,general,5262,0,1.0000000000000002
llama31_8b_1xH100_fp8_TP1,8B / 1xH100,general,5263,0,1.0000000000000002
llama31_8b_1xH100_fp8_TP1,8B / 1xH100,general,5264,0,1.0000000000000002
llama31_8b_1xH100_fp8_TP1,8B / 1xH100,general,5265,0,1.0000000000000002
llama31_8b_1xH100_fp8_TP1,8B / 1xH100,general,5266,0,1.0000000000000002
llama31_8b_1xH100_fp8_TP1,8B / 1xH100,general,5267,0,1.0000000000000002
llama31_8b_1xH100_fp8_TP1,8B / 1xH100,general,5268,0,1.0000000000000002
llama31_8b_1xH100_fp8_TP1,8B / 1xH100,general,5269,0,1.0000000000000002
llama31_8b_1xH100_fp8_TP1,8B / 1xH100,general,5270,0,1.0000000000000002
llama31_8b_1xH100_fp8_TP1,8B / 1xH100,general,5271,0,1.0000000000000002
llama31_8b_1xH100_fp8_TP1,8B / 1xH100,general,5272,0,1.0000000000000002
llama31_8b_1xH100_fp8_TP1,8B / 1xH100,general,5273,0,1.0000000000000002
llama31_8b_1xH100_fp8_TP1,8B / 1xH100,general,5274,0,1.0000000000000002
llama31_8b_1xH100_fp8_TP1,8B / 1xH100,general,5275,0,1.0000000000000002
llama31_8b_1xH100_fp8_TP1,8B / 1xH100,general,5276,0,1.0000000000000002
llama31_8b_1xH100_fp8_TP1,8B / 1xH100,general,5277,0,1.0000000000000002
llama31_8b_1xH100_fp8_TP1,8B / 1xH100,general,5278,0,1.0000000000000002
llama31_8b_1xH100_fp8_TP1,8B / 1xH100,general,5279,0,1.0000000000000002
llama31_8b_1xH100_fp8_TP1,8B / 1xH100,general,5280,0,1.0000000000000002
llama31_8b_1xH100_fp8_TP1,8B / 1xH100,general,5281,0,1.0000000000000002
llama31_8b_1xH100_fp8_TP1,8B / 1xH100,general,5282,0,1.0000000000000002
llama31_8b_1xH100_fp8_TP1,8B / 1xH100,general,5283,0,1.0000000000000002
llama31_8b_1xH100_fp8_TP1,8B / 1xH100,general,5284,0,1.0000000000000002
llama31_8b_1xH100_fp8_TP1,8B / 1xH100,general,5285,0,1.0000000000000002
llama31_8b_1xH100_fp8_TP1,8B / 1xH100,general,5286,0,1.0000000000000002
llama31_8b_1xH100_fp8_TP1,8B / 1xH100,general,5287,0,1.0000000000000002
llama31_8b_1xH100_fp8_TP1,8B / 1xH100,general,5288,0,1.0000000000000002
llama31_8b_1xH100_fp8_TP1,8B / 1xH100,general,5289,0,1.0000000000000002
llama31_8b_1xH100_fp8_TP1,8B / 1xH100,general,5290,0,1.0000000000000002
llama31_8b_1xH100_fp8_TP1,8B / 1xH100,general,5291,0,1.0000000000000002
llama31_8b_1xH100_fp8_TP1,8B / 1xH100,general,5292,0,1.0000000000000002
llama31_8b_1xH100_fp8_TP1,8B / 1xH100,general,5293,0,1.0000000000000002
llama31_8b_1xH100_fp8_TP1,8B / 1xH100,general,5294,0,1.0000000000000002
llama31_8b_1xH100_fp8_TP1,8B / 1xH100,general,5295,0,1.0000000000000002
llama31_8b_1xH100_fp8_TP1,8B / 1xH100,general,5296,0,1.0000000000000002
llama31_8b_1xH100_fp8_TP1,8B / 1xH100,general,5297,0,1.0000000000000002
llama31_8b_1xH100_fp8_TP1,8B / 1xH100,general,5298,0,1.0000000000000002
llama31_8b_1xH100_fp8_TP1,8B / 1xH100,general,5299,0,1.0000000000000002
llama31_8b_1xH100_fp8_TP1,8B / 1xH100,general,5300,0,1.0000000000000002
llama31_8b_1xH100_fp8_TP1,8B / 1xH100,general,5301,0,1.0000000000000002
llama31_8b_1xH100_fp8_TP1,8B / 1xH100,general,5302,0,1.0000000000000002
llama31_8b_1xH100_fp8_TP1,8B / 1xH100,general,5303,0,1.0000000000000002
llama31_8b_1xH100_fp8_TP1,8B / 1xH100,general,5304,0,1.0000000000000002
llama31_8b_1xH100_fp8_TP1,8B / 1xH100,general,5305,0,1.0000000000000002
llama31_8b_1xH100_fp8_TP1,8B / 1xH100,general,5306,0,1.0000000000000002
llama31_8b_1xH100_fp8_TP1,8B / 1xH100,general,5307,0,1.0000000000000002
llama31_8b_1xH100_fp8_TP1,8B / 1xH100,general,5308,0,1.0000000000000002
llama31_8b_1xH100_fp8_TP1,8B / 1xH100,general,5309,0,1.0000000000000002
llama31_8b_1xH100_fp8_TP1,8B / 1xH100,general,5310,0,1.0000000000000002
llama31_8b_1xH100_fp8_TP1,8B / 1xH100,general,5311,0,1.0000000000000002
llama31_8b_1xH100_fp8_TP1,8B / 1xH100,general,5312,0,1.0000000000000002
llama31_8b_1xH100_fp8_TP1,8B / 1xH100,general,5313,0,1.0000000000000002
llama31_8b_1xH100_fp8_TP1,8B / 1xH100,general,5314,0,1.0000000000000002
llama31_8b_1xH100_fp8_TP1,8B / 1xH100,general,5315,0,1.0000000000000002
llama31_8b_1xH100_fp8_TP1,8B / 1xH100,general,5316,0,1.0000000000000002
llama31_8b_1xH100_fp8_TP1,8B / 1xH100,general,5317,0,1.0000000000000002
llama31_8b_1xH100_fp8_TP1,8B / 1xH100,general,5318,0,1.0000000000000002
llama31_8b_1xH100_fp8_TP1,8B / 1xH100,general,5319,0,1.0000000000000002
llama31_8b_1xH100_fp8_TP1,8B / 1xH100,general,5320,0,1.0000000000000002
llama31_8b_1xH100_fp8_TP1,8B / 1xH100,general,5321,0,1.0000000000000002
llama31_8b_1xH100_fp8_TP1,8B / 1xH100,general,5322,0,1.0000000000000002
llama31_8b_1xH100_fp8_TP1,8B / 1xH100,general,5323,0,1.0000000000000002
llama31_8b_1xH100_fp8_TP1,8B / 1xH100,general,5324,0,1.0000000000000002
llama31_8b_1xH100_fp8_TP1,8B / 1xH100,general,5325,0,1.0000000000000002
llama31_8b_1xH100_fp8_TP1,8B / 1xH100,general,5326,0,1.0000000000000002
llama31_8b_1xH100_fp8_TP1,8B / 1xH100,general,5327,0,1.0000000000000002
llama31_8b_1xH100_fp8_TP1,8B / 1xH100,general,5328,0,1.0000000000000002
llama31_8b_1xH100_fp8_TP1,8B / 1xH100,general,5329,0,1.0000000000000002
llama31_8b_1xH100_fp8_TP1,8B / 1xH100,general,5330,0,1.0000000000000002
llama31_8b_1xH100_fp8_TP1,8B / 1xH100,general,5331,0,1.0000000000000002
llama31_8b_1xH100_fp8_TP1,8B / 1xH100,general,5332,0,1.0000000000000002
llama31_8b_1xH100_fp8_TP1,8B / 1xH100,general,5333,0,1.0000000000000002
llama31_8b_1xH100_fp8_TP1,8B / 1xH100,general,5334,0,1.0000000000000002
llama31_8b_1xH100_fp8_TP1,8B / 1xH100,general,5335,0,1.0000000000000002
llama31_8b_1xH100_fp8_TP1,8B / 1xH100,general,5336,0,1.0000000000000002
llama31_8b_1xH100_fp8_TP1,8B / 1xH100,general,5337,0,1.0000000000000002
llama31_8b_1xH100_fp8_TP1,8B / 1xH100,general,5338,0,1.0000000000000002
llama31_8b_1xH100_fp8_TP1,8B / 1xH100,general,5339,0,1.0000000000000002
llama31_8b_1xH100_fp8_TP1,8B / 1xH100,general,5340,0,1.0000000000000002
llama31_8b_1xH100_fp8_TP1,8B / 1xH100,general,5341,0,1.0000000000000002
llama31_8b_1xH100_fp8_TP1,8B / 1xH100,general,5342,0,1.0000000000000002
llama31_8b_1xH100_fp8_TP1,8B / 1xH100,general,5343,0,1.0000000000000002
llama31_8b_1xH100_fp8_TP1,8B / 1xH100,general,5344,0,1.0000000000000002
llama31_8b_1xH100_fp8_TP1,8B / 1xH100,general,5345,0,1.0000000000000002
llama31_8b_1xH100_fp8_TP1,8B / 1xH100,general,5346,0,1.0000000000000002
llama31_8b_1xH100_fp8_TP1,8B / 1xH100,general,5347,0,1.0000000000000002
llama31_8b_1xH100_fp8_TP1,8B / 1xH100,general,5348,0,1.0000000000000002
llama31_8b_1xH100_fp8_TP1,8B / 1xH100,general,5349,0,1.0000000000000002
llama31_8b_1xH100_fp8_TP1,8B / 1xH100,general,5350,0,1.0000000000000002
llama31_8b_1xH100_fp8_TP1,8B / 1xH100,general,5351,0,1.0000000000000002
llama31_8b_1xH100_fp8_TP1,8B / 1xH100,general,5352,0,1.0000000000000002
llama31_8b_1xH100_fp8_TP1,8B / 1xH100,general,5353,0,1.0000000000000002
llama31_8b_1xH100_fp8_TP1,8B / 1xH100,general,5354,0,1.0000000000000002
llama31_8b_1xH100_fp8_TP1,8B / 1xH100,general,5355,0,1.0000000000000002
llama31_8b_1xH100_fp8_TP1,8B / 1xH100,general,5356,0,1.0000000000000002
llama31_8b_1xH100_fp8_TP1,8B / 1xH100,general,5357,0,1.0000000000000002
llama31_8b_1xH100_fp8_TP1,8B / 1xH100,general,5358,0,1.0000000000000002
llama31_8b_1xH100_fp8_TP1,8B / 1xH100,general,5359,0,1.0000000000000002
llama31_8b_1xH100_fp8_TP1,8B / 1xH100,general,5360,0,1.0000000000000002
llama31_8b_1xH100_fp8_TP1,8B / 1xH100,general,5361,0,1.0000000000000002
llama31_8b_1xH100_fp8_TP1,8B / 1xH100,general,5362,0,1.0000000000000002
llama31_8b_1xH100_fp8_TP1,8B / 1xH100,general,5363,0,1.0000000000000002
llama31_8b_1xH100_fp8_TP1,8B / 1xH100,general,5364,0,1.0000000000000002
llama31_8b_1xH100_fp8_TP1,8B / 1xH100,general,5365,0,1.0000000000000002
llama31_8b_1xH100_fp8_TP1,8B / 1xH100,general,5366,0,1.0000000000000002
llama31_8b_1xH100_fp8_TP1,8B / 1xH100,general,5367,0,1.0000000000000002
llama31_8b_1xH100_fp8_TP1,8B / 1xH100,general,5368,0,1.0000000000000002
llama31_8b_1xH100_fp8_TP1,8B / 1xH100,general,5369,0,1.0000000000000002
llama31_8b_1xH100_fp8_TP1,8B / 1xH100,general,5370,0,1.0000000000000002
llama31_8b_1xH100_fp8_TP1,8B / 1xH100,general,5371,0,1.0000000000000002
llama31_8b_1xH100_fp8_TP1,8B / 1xH100,general,5372,0,1.0000000000000002
llama31_8b_1xH100_fp8_TP1,8B / 1xH100,general,5373,0,1.0000000000000002
llama31_8b_1xH100_fp8_TP1,8B / 1xH100,general,5374,0,1.0000000000000002
llama31_8b_1xH100_fp8_TP1,8B / 1xH100,general,5375,0,1.0000000000000002
llama31_8b_1xH100_fp8_TP1,8B / 1xH100,general,5376,0,1.0000000000000002
llama31_8b_1xH100_fp8_TP1,8B / 1xH100,general,5377,0,1.0000000000000002
llama31_8b_1xH100_fp8_TP1,8B / 1xH100,general,5378,0,1.0000000000000002
llama31_8b_1xH100_fp8_TP1,8B / 1xH100,general,5379,0,1.0000000000000002
llama31_8b_1xH100_fp8_TP1,8B / 1xH100,general,5380,0,1.0000000000000002
llama31_8b_1xH100_fp8_TP1,8B / 1xH100,general,5381,0,1.0000000000000002
llama31_8b_1xH100_fp8_TP1,8B / 1xH100,general,5382,0,1.0000000000000002
llama31_8b_1xH100_fp8_TP1,8B / 1xH100,general,5383,0,1.0000000000000002
llama31_8b_1xH100_fp8_TP1,8B / 1xH100,general,5384,0,1.0000000000000002
llama31_8b_1xH100_fp8_TP1,8B / 1xH100,general,5385,0,1.0000000000000002
llama31_8b_1xH100_fp8_TP1,8B / 1xH100,general,5386,0,1.0000000000000002
llama31_8b_1xH100_fp8_TP1,8B / 1xH100,general,5387,0,1.0000000000000002
llama31_8b_1xH100_fp8_TP1,8B / 1xH100,general,5388,0,1.0000000000000002
llama31_8b_1xH100_fp8_TP1,8B / 1xH100,general,5389,0,1.0000000000000002
llama31_8b_1xH100_fp8_TP1,8B / 1xH100,general,5390,0,1.0000000000000002
llama31_8b_1xH100_fp8_TP1,8B / 1xH100,general,5391,0,1.0000000000000002
llama31_8b_1xH100_fp8_TP1,8B / 1xH100,general,5392,0,1.0000000000000002
llama31_8b_1xH100_fp8_TP1,8B / 1xH100,general,5393,0,1.0000000000000002
llama31_8b_1xH100_fp8_TP1,8B / 1xH100,general,5394,0,1.0000000000000002
llama31_8b_1xH100_fp8_TP1,8B / 1xH100,general,5395,0,1.0000000000000002
llama31_8b_1xH100_fp8_TP1,8B / 1xH100,general,5396,0,1.0000000000000002
llama31_8b_1xH100_fp8_TP1,8B / 1xH100,general,5397,0,1.0000000000000002
llama31_8b_1xH100_fp8_TP1,8B / 1xH100,general,5398,0,1.0000000000000002
llama31_8b_1xH100_fp8_TP1,8B / 1xH100,general,5399,0,1.0000000000000002
llama31_8b_1xH100_fp8_TP1,8B / 1xH100,general,5400,0,1.0000000000000002
llama31_8b_1xH100_fp8_TP1,8B / 1xH100,general,5401,0,1.0000000000000002
llama31_8b_1xH100_fp8_TP1,8B / 1xH100,general,5402,0,1.0000000000000002
llama31_8b_1xH100_fp8_TP1,8B / 1xH100,general,5403,0,1.0000000000000002
llama31_8b_1xH100_fp8_TP1,8B / 1xH100,general,5404,0,1.0000000000000002
llama31_8b_1xH100_fp8_TP1,8B / 1xH100,general,5405,0,1.0000000000000002
llama31_8b_1xH100_fp8_TP1,8B / 1xH100,general,5406,0,1.0000000000000002
llama31_8b_1xH100_fp8_TP1,8B / 1xH100,general,5407,0,1.0000000000000002
llama31_8b_1xH100_fp8_TP1,8B / 1xH100,general,5408,0,1.0000000000000002
llama31_8b_1xH100_fp8_TP1,8B / 1xH100,general,5409,0,1.0000000000000002
llama31_8b_1xH100_fp8_TP1,8B / 1xH100,general,5410,0,1.0000000000000002
llama31_8b_1xH100_fp8_TP1,8B / 1xH100,general,5411,0,1.0000000000000002
llama31_8b_1xH100_fp8_TP1,8B / 1xH100,general,5412,0,1.0000000000000002
llama31_8b_1xH100_fp8_TP1,8B / 1xH100,general,5413,0,1.0000000000000002
llama31_8b_1xH100_fp8_TP1,8B / 1xH100,general,5414,0,1.0000000000000002
llama31_8b_1xH100_fp8_TP1,8B / 1xH100,general,5415,0,1.0000000000000002
llama31_8b_1xH100_fp8_TP1,8B / 1xH100,general,5416,0,1.0000000000000002
llama31_8b_1xH100_fp8_TP1,8B / 1xH100,general,5417,0,1.0000000000000002
llama31_8b_1xH100_fp8_TP1,8B / 1xH100,general,5418,0,1.0000000000000002
llama31_8b_1xH100_fp8_TP1,8B / 1xH100,general,5419,0,1.0000000000000002
llama31_8b_1xH100_fp8_TP1,8B / 1xH100,general,5420,0,1.0000000000000002
llama31_8b_1xH100_fp8_TP1,8B / 1xH100,general,5421,0,1.0000000000000002
llama31_8b_1xH100_fp8_TP1,8B / 1xH100,general,5422,0,1.0000000000000002
llama31_8b_1xH100_fp8_TP1,8B / 1xH100,general,5423,0,1.0000000000000002
llama31_8b_1xH100_fp8_TP1,8B / 1xH100,general,5424,0,1.0000000000000002
llama31_8b_1xH100_fp8_TP1,8B / 1xH100,general,5425,0,1.0000000000000002
llama31_8b_1xH100_fp8_TP1,8B / 1xH100,general,5426,0,1.0000000000000002
llama31_8b_1xH100_fp8_TP1,8B / 1xH100,general,5427,0,1.0000000000000002
llama31_8b_1xH100_fp8_TP1,8B / 1xH100,general,5428,0,1.0000000000000002
llama31_8b_1xH100_fp8_TP1,8B / 1xH100,general,5429,0,1.0000000000000002
llama31_8b_1xH100_fp8_TP1,8B / 1xH100,general,5430,0,1.0000000000000002
llama31_8b_1xH100_fp8_TP1,8B / 1xH100,general,5431,0,1.0000000000000002
llama31_8b_1xH100_fp8_TP1,8B / 1xH100,general,5432,0,1.0000000000000002
llama31_8b_1xH100_fp8_TP1,8B / 1xH100,general,5433,0,1.0000000000000002
llama31_8b_1xH100_fp8_TP1,8B / 1xH100,general,5434,0,1.0000000000000002
llama31_8b_1xH100_fp8_TP1,8B / 1xH100,general,5435,0,1.0000000000000002
llama31_8b_1xH100_fp8_TP1,8B / 1xH100,general,5436,0,1.0000000000000002
llama31_8b_1xH100_fp8_TP1,8B / 1xH100,general,5437,0,1.0000000000000002
llama31_8b_1xH100_fp8_TP1,8B / 1xH100,general,5438,0,1.0000000000000002
llama31_8b_1xH100_fp8_TP1,8B / 1xH100,general,5439,0,1.0000000000000002
llama31_8b_1xH100_fp8_TP1,8B / 1xH100,general,5440,0,1.0000000000000002
llama31_8b_1xH100_fp8_TP1,8B / 1xH100,general,5441,0,1.0000000000000002
llama31_8b_1xH100_fp8_TP1,8B / 1xH100,general,5442,0,1.0000000000000002
llama31_8b_1xH100_fp8_TP1,8B / 1xH100,general,5443,0,1.0000000000000002
llama31_8b_1xH100_fp8_TP1,8B / 1xH100,general,5444,0,1.0000000000000002
llama31_8b_1xH100_fp8_TP1,8B / 1xH100,general,5445,0,1.0000000000000002
llama31_8b_1xH100_fp8_TP1,8B / 1xH100,general,5446,0,1.0000000000000002
llama31_8b_1xH100_fp8_TP1,8B / 1xH100,general,5447,0,1.0000000000000002
llama31_8b_1xH100_fp8_TP1,8B / 1xH100,general,5448,0,1.0000000000000002
llama31_8b_1xH100_fp8_TP1,8B / 1xH100,general,5449,0,1.0000000000000002
llama31_8b_1xH100_fp8_TP1,8B / 1xH100,general,5450,0,1.0000000000000002
llama31_8b_1xH100_fp8_TP1,8B / 1xH100,general,5451,0,1.0000000000000002
llama31_8b_1xH100_fp8_TP1,8B / 1xH100,general,5452,0,1.0000000000000002
llama31_8b_1xH100_fp8_TP1,8B / 1xH100,general,5453,0,1.0000000000000002
llama31_8b_1xH100_fp8_TP1,8B / 1xH100,general,5454,0,1.0000000000000002
llama31_8b_1xH100_fp8_TP1,8B / 1xH100,general,5455,0,1.0000000000000002
llama31_8b_1xH100_fp8_TP1,8B / 1xH100,general,5456,0,1.0000000000000002
llama31_8b_1xH100_fp8_TP1,8B / 1xH100,general,5457,0,1.0000000000000002
llama31_8b_1xH100_fp8_TP1,8B / 1xH100,general,5458,0,1.0000000000000002
llama31_8b_1xH100_fp8_TP1,8B / 1xH100,general,5459,0,1.0000000000000002
llama31_8b_1xH100_fp8_TP1,8B / 1xH100,general,5460,0,1.0000000000000002
llama31_8b_1xH100_fp8_TP1,8B / 1xH100,general,5461,0,1.0000000000000002
llama31_8b_1xH100_fp8_TP1,8B / 1xH100,general,5462,0,1.0000000000000002
llama31_8b_1xH100_fp8_TP1,8B / 1xH100,general,5463,0,1.0000000000000002
llama31_8b_1xH100_fp8_TP1,8B / 1xH100,general,5464,0,1.0000000000000002
llama31_8b_1xH100_fp8_TP1,8B / 1xH100,general,5465,0,1.0000000000000002
llama31_8b_1xH100_fp8_TP1,8B / 1xH100,general,5466,0,1.0000000000000002
llama31_8b_1xH100_fp8_TP1,8B / 1xH100,general,5467,0,1.0000000000000002
llama31_8b_1xH100_fp8_TP1,8B / 1xH100,general,5468,0,1.0000000000000002
llama31_8b_1xH100_fp8_TP1,8B / 1xH100,general,5469,0,1.0000000000000002
llama31_8b_1xH100_fp8_TP1,8B / 1xH100,general,5470,0,1.0000000000000002
llama31_8b_1xH100_fp8_TP1,8B / 1xH100,general,5471,0,1.0000000000000002
llama31_8b_1xH100_fp8_TP1,8B / 1xH100,general,5472,0,1.0000000000000002
llama31_8b_1xH100_fp8_TP1,8B / 1xH100,general,5473,0,1.0000000000000002
llama31_8b_1xH100_fp8_TP1,8B / 1xH100,general,5474,0,1.0000000000000002
llama31_8b_1xH100_fp8_TP1,8B / 1xH100,general,5475,0,1.0000000000000002
llama31_8b_1xH100_fp8_TP1,8B / 1xH100,general,5476,0,1.0000000000000002
llama31_8b_1xH100_fp8_TP1,8B / 1xH100,general,5477,0,1.0000000000000002
llama31_8b_1xH100_fp8_TP1,8B / 1xH100,general,5478,0,1.0000000000000002
llama31_8b_1xH100_fp8_TP1,8B / 1xH100,general,5479,0,1.0000000000000002
llama31_8b_1xH100_fp8_TP1,8B / 1xH100,general,5480,0,1.0000000000000002
llama31_8b_1xH100_fp8_TP1,8B / 1xH100,general,5481,0,1.0000000000000002
llama31_8b_1xH100_fp8_TP1,8B / 1xH100,general,5482,0,1.0000000000000002
llama31_8b_1xH100_fp8_TP1,8B / 1xH100,general,5483,0,1.0000000000000002
llama31_8b_1xH100_fp8_TP1,8B / 1xH100,general,5484,0,1.0000000000000002
llama31_8b_1xH100_fp8_TP1,8B / 1xH100,general,5485,0,1.0000000000000002
llama31_8b_1xH100_fp8_TP1,8B / 1xH100,general,5486,0,1.0000000000000002
llama31_8b_1xH100_fp8_TP1,8B / 1xH100,general,5487,0,1.0000000000000002
llama31_8b_1xH100_fp8_TP1,8B / 1xH100,general,5488,0,1.0000000000000002
llama31_8b_1xH100_fp8_TP1,8B / 1xH100,general,5489,0,1.0000000000000002
llama31_8b_1xH100_fp8_TP1,8B / 1xH100,general,5490,0,1.0000000000000002
llama31_8b_1xH100_fp8_TP1,8B / 1xH100,general,5491,0,1.0000000000000002
llama31_8b_1xH100_fp8_TP1,8B / 1xH100,general,5492,0,1.0000000000000002
llama31_8b_1xH100_fp8_TP1,8B / 1xH100,general,5493,0,1.0000000000000002
llama31_8b_1xH100_fp8_TP1,8B / 1xH100,general,5494,0,1.0000000000000002
llama31_8b_1xH100_fp8_TP1,8B / 1xH100,general,5495,0,1.0000000000000002
llama31_8b_1xH100_fp8_TP1,8B / 1xH100,general,5496,0,1.0000000000000002
llama31_8b_1xH100_fp8_TP1,8B / 1xH100,general,5497,0,1.0000000000000002
llama31_8b_1xH100_fp8_TP1,8B / 1xH100,general,5498,0,1.0000000000000002
llama31_8b_1xH100_fp8_TP1,8B / 1xH100,general,5499,0,1.0000000000000002
llama31_8b_1xH100_fp8_TP1,8B / 1xH100,general,5500,0,1.0000000000000002
llama31_8b_1xH100_fp8_TP1,8B / 1xH100,general,5501,0,1.0000000000000002
llama31_8b_1xH100_fp8_TP1,8B / 1xH100,general,5502,0,1.0000000000000002
llama31_8b_1xH100_fp8_TP1,8B / 1xH100,general,5503,0,1.0000000000000002
llama31_8b_1xH100_fp8_TP1,8B / 1xH100,general,5504,0,1.0000000000000002
llama31_8b_1xH100_fp8_TP1,8B / 1xH100,general,5505,0,1.0000000000000002
llama31_8b_1xH100_fp8_TP1,8B / 1xH100,general,5506,0,1.0000000000000002
llama31_8b_1xH100_fp8_TP1,8B / 1xH100,general,5507,0,1.0000000000000002
llama31_8b_1xH100_fp8_TP1,8B / 1xH100,general,5508,0,1.0000000000000002
llama31_8b_1xH100_fp8_TP1,8B / 1xH100,general,5509,0,1.0000000000000002
llama31_8b_1xH100_fp8_TP1,8B / 1xH100,general,5510,0,1.0000000000000002
llama31_8b_1xH100_fp8_TP1,8B / 1xH100,general,5511,0,1.0000000000000002
llama31_8b_1xH100_fp8_TP1,8B / 1xH100,general,5512,0,1.0000000000000002
llama31_8b_1xH100_fp8_TP1,8B / 1xH100,general,5513,0,1.0000000000000002
llama31_8b_1xH100_fp8_TP1,8B / 1xH100,general,5514,0,1.0000000000000002
llama31_8b_1xH100_fp8_TP1,8B / 1xH100,general,5515,0,1.0000000000000002
llama31_8b_1xH100_fp8_TP1,8B / 1xH100,general,5516,0,1.0000000000000002
llama31_8b_1xH100_fp8_TP1,8B / 1xH100,general,5517,0,1.0000000000000002
llama31_8b_1xH100_fp8_TP1,8B / 1xH100,general,5518,0,1.0000000000000002
llama31_8b_1xH100_fp8_TP1,8B / 1xH100,general,5519,0,1.0000000000000002
llama31_8b_1xH100_fp8_TP1,8B / 1xH100,general,5520,0,1.0000000000000002
llama31_8b_1xH100_fp8_TP1,8B / 1xH100,general,5521,0,1.0000000000000002
llama31_8b_1xH100_fp8_TP1,8B / 1xH100,general,5522,0,1.0000000000000002
llama31_8b_1xH100_fp8_TP1,8B / 1xH100,general,5523,0,1.0000000000000002
llama31_8b_1xH100_fp8_TP1,8B / 1xH100,general,5524,0,1.0000000000000002
llama31_8b_1xH100_fp8_TP1,8B / 1xH100,general,5525,0,1.0000000000000002
llama31_8b_1xH100_fp8_TP1,8B / 1xH100,general,5526,0,1.0000000000000002
llama31_8b_1xH100_fp8_TP1,8B / 1xH100,general,5527,0,1.0000000000000002
llama31_8b_1xH100_fp8_TP1,8B / 1xH100,general,5528,0,1.0000000000000002
llama31_8b_1xH100_fp8_TP1,8B / 1xH100,general,5529,0,1.0000000000000002
llama31_8b_1xH100_fp8_TP1,8B / 1xH100,general,5530,0,1.0000000000000002
llama31_8b_1xH100_fp8_TP1,8B / 1xH100,general,5531,0,1.0000000000000002
llama31_8b_1xH100_fp8_TP1,8B / 1xH100,general,5532,0,1.0000000000000002
llama31_8b_1xH100_fp8_TP1,8B / 1xH100,general,5533,0,1.0000000000000002
llama31_8b_1xH100_fp8_TP1,8B / 1xH100,general,5534,0,1.0000000000000002
llama31_8b_1xH100_fp8_TP1,8B / 1xH100,general,5535,0,1.0000000000000002
llama31_8b_1xH100_fp8_TP1,8B / 1xH100,general,5536,0,1.0000000000000002
llama31_8b_1xH100_fp8_TP1,8B / 1xH100,general,5537,0,1.0000000000000002
llama31_8b_1xH100_fp8_TP1,8B / 1xH100,general,5538,0,1.0000000000000002
llama31_8b_1xH100_fp8_TP1,8B / 1xH100,general,5539,0,1.0000000000000002
llama31_8b_1xH100_fp8_TP1,8B / 1xH100,general,5540,0,1.0000000000000002
llama31_8b_1xH100_fp8_TP1,8B / 1xH100,general,5541,0,1.0000000000000002
llama31_8b_1xH100_fp8_TP1,8B / 1xH100,general,5542,0,1.0000000000000002
llama31_8b_1xH100_fp8_TP1,8B / 1xH100,general,5543,0,1.0000000000000002
llama31_8b_1xH100_fp8_TP1,8B / 1xH100,general,5544,0,1.0000000000000002
llama31_8b_1xH100_fp8_TP1,8B / 1xH100,general,5545,0,1.0000000000000002
llama31_8b_1xH100_fp8_TP1,8B / 1xH100,general,5546,0,1.0000000000000002
llama31_8b_1xH100_fp8_TP1,8B / 1xH100,general,5547,0,1.0000000000000002
llama31_8b_1xH100_fp8_TP1,8B / 1xH100,general,5548,0,1.0000000000000002
llama31_8b_1xH100_fp8_TP1,8B / 1xH100,general,5549,0,1.0000000000000002
llama31_8b_1xH100_fp8_TP1,8B / 1xH100,general,5550,0,1.0000000000000002
llama31_8b_1xH100_fp8_TP1,8B / 1xH100,general,5551,0,1.0000000000000002
llama31_8b_1xH100_fp8_TP1,8B / 1xH100,general,5552,0,1.0000000000000002
llama31_8b_1xH100_fp8_TP1,8B / 1xH100,general,5553,0,1.0000000000000002
llama31_8b_1xH100_fp8_TP1,8B / 1xH100,general,5554,0,1.0000000000000002
llama31_8b_1xH100_fp8_TP1,8B / 1xH100,general,5555,0,1.0000000000000002
llama31_8b_1xH100_fp8_TP1,8B / 1xH100,general,5556,0,1.0000000000000002
llama31_8b_1xH100_fp8_TP1,8B / 1xH100,general,5557,0,1.0000000000000002
llama31_8b_1xH100_fp8_TP1,8B / 1xH100,general,5558,0,1.0000000000000002
llama31_8b_1xH100_fp8_TP1,8B / 1xH100,general,5559,0,1.0000000000000002
llama31_8b_1xH100_fp8_TP1,8B / 1xH100,general,5560,0,1.0000000000000002
llama31_8b_1xH100_fp8_TP1,8B / 1xH100,general,5561,0,1.0000000000000002
llama31_8b_1xH100_fp8_TP1,8B / 1xH100,general,5562,0,1.0000000000000002
llama31_8b_1xH100_fp8_TP1,8B / 1xH100,general,5563,0,1.0000000000000002
llama31_8b_1xH100_fp8_TP1,8B / 1xH100,general,5564,0,1.0000000000000002
llama31_8b_1xH100_fp8_TP1,8B / 1xH100,general,5565,0,1.0000000000000002
llama31_8b_1xH100_fp8_TP1,8B / 1xH100,general,5566,0,1.0000000000000002
llama31_8b_1xH100_fp8_TP1,8B / 1xH100,general,5567,0,1.0000000000000002
llama31_8b_1xH100_fp8_TP1,8B / 1xH100,general,5568,0,1.0000000000000002
llama31_8b_1xH100_fp8_TP1,8B / 1xH100,general,5569,0,1.0000000000000002
llama31_8b_1xH100_fp8_TP1,8B / 1xH100,general,5570,0,1.0000000000000002
llama31_8b_1xH100_fp8_TP1,8B / 1xH100,general,5571,0,1.0000000000000002
llama31_8b_1xH100_fp8_TP1,8B / 1xH100,general,5572,0,1.0000000000000002
llama31_8b_1xH100_fp8_TP1,8B / 1xH100,general,5573,0,1.0000000000000002
llama31_8b_1xH100_fp8_TP1,8B / 1xH100,general,5574,0,1.0000000000000002
llama31_8b_1xH100_fp8_TP1,8B / 1xH100,general,5575,0,1.0000000000000002
llama31_8b_1xH100_fp8_TP1,8B / 1xH100,general,5576,0,1.0000000000000002
llama31_8b_1xH100_fp8_TP1,8B / 1xH100,general,5577,0,1.0000000000000002
llama31_8b_1xH100_fp8_TP1,8B / 1xH100,general,5578,0,1.0000000000000002
llama31_8b_1xH100_fp8_TP1,8B / 1xH100,general,5579,0,1.0000000000000002
llama31_8b_1xH100_fp8_TP1,8B / 1xH100,general,5580,0,1.0000000000000002
llama31_8b_1xH100_fp8_TP1,8B / 1xH100,general,5581,0,1.0000000000000002
llama31_8b_1xH100_fp8_TP1,8B / 1xH100,general,5582,0,1.0000000000000002
llama31_8b_1xH100_fp8_TP1,8B / 1xH100,general,5583,0,1.0000000000000002
llama31_8b_1xH100_fp8_TP1,8B / 1xH100,general,5584,0,1.0000000000000002
llama31_8b_1xH100_fp8_TP1,8B / 1xH100,general,5585,0,1.0000000000000002
llama31_8b_1xH100_fp8_TP1,8B / 1xH100,general,5586,0,1.0000000000000002
llama31_8b_1xH100_fp8_TP1,8B / 1xH100,general,5587,0,1.0000000000000002
llama31_8b_1xH100_fp8_TP1,8B / 1xH100,general,5588,0,1.0000000000000002
llama31_8b_1xH100_fp8_TP1,8B / 1xH100,general,5589,0,1.0000000000000002
llama31_8b_1xH100_fp8_TP1,8B / 1xH100,general,5590,0,1.0000000000000002
llama31_8b_1xH100_fp8_TP1,8B / 1xH100,general,5591,0,1.0000000000000002
llama31_8b_1xH100_fp8_TP1,8B / 1xH100,general,5592,0,1.0000000000000002
llama31_8b_1xH100_fp8_TP1,8B / 1xH100,general,5593,0,1.0000000000000002
llama31_8b_1xH100_fp8_TP1,8B / 1xH100,general,5594,0,1.0000000000000002
llama31_8b_1xH100_fp8_TP1,8B / 1xH100,general,5595,0,1.0000000000000002
llama31_8b_1xH100_fp8_TP1,8B / 1xH100,general,5596,0,1.0000000000000002
llama31_8b_1xH100_fp8_TP1,8B / 1xH100,general,5597,0,1.0000000000000002
llama31_8b_1xH100_fp8_TP1,8B / 1xH100,general,5598,0,1.0000000000000002
llama31_8b_1xH100_fp8_TP1,8B / 1xH100,general,5599,0,1.0000000000000002
llama31_8b_1xH100_fp8_TP1,8B / 1xH100,general,5600,0,1.0000000000000002
llama31_8b_1xH100_fp8_TP1,8B / 1xH100,general,5601,0,1.0000000000000002
llama31_8b_1xH100_fp8_TP1,8B / 1xH100,general,5602,0,1.0000000000000002
llama31_8b_1xH100_fp8_TP1,8B / 1xH100,general,5603,0,1.0000000000000002
llama31_8b_1xH100_fp8_TP1,8B / 1xH100,general,5604,0,1.0000000000000002
llama31_8b_1xH100_fp8_TP1,8B / 1xH100,general,5605,0,1.0000000000000002
llama31_8b_1xH100_fp8_TP1,8B / 1xH100,general,5606,0,1.0000000000000002
llama31_8b_1xH100_fp8_TP1,8B / 1xH100,general,5607,0,1.0000000000000002
llama31_8b_1xH100_fp8_TP1,8B / 1xH100,general,5608,0,1.0000000000000002
llama31_8b_1xH100_fp8_TP1,8B / 1xH100,general,5609,0,1.0000000000000002
llama31_8b_1xH100_fp8_TP1,8B / 1xH100,general,5610,0,1.0000000000000002
llama31_8b_1xH100_fp8_TP1,8B / 1xH100,general,5611,0,1.0000000000000002
llama31_8b_1xH100_fp8_TP1,8B / 1xH100,general,5612,0,1.0000000000000002
llama31_8b_1xH100_fp8_TP1,8B / 1xH100,general,5613,0,1.0000000000000002
llama31_8b_1xH100_fp8_TP1,8B / 1xH100,general,5614,0,1.0000000000000002
llama31_8b_1xH100_fp8_TP1,8B / 1xH100,general,5615,0,1.0000000000000002
llama31_8b_1xH100_fp8_TP1,8B / 1xH100,general,5616,0,1.0000000000000002
llama31_8b_1xH100_fp8_TP1,8B / 1xH100,general,5617,0,1.0000000000000002
llama31_8b_1xH100_fp8_TP1,8B / 1xH100,general,5618,0,1.0000000000000002
llama31_8b_1xH100_fp8_TP1,8B / 1xH100,general,5619,0,1.0000000000000002
llama31_8b_1xH100_fp8_TP1,8B / 1xH100,general,5620,0,1.0000000000000002
llama31_8b_1xH100_fp8_TP1,8B / 1xH100,general,5621,0,1.0000000000000002
llama31_8b_1xH100_fp8_TP1,8B / 1xH100,general,5622,0,1.0000000000000002
llama31_8b_1xH100_fp8_TP1,8B / 1xH100,general,5623,0,1.0000000000000002
llama31_8b_1xH100_fp8_TP1,8B / 1xH100,general,5624,0,1.0000000000000002
llama31_8b_1xH100_fp8_TP1,8B / 1xH100,general,5625,0,1.0000000000000002
llama31_8b_1xH100_fp8_TP1,8B / 1xH100,general,5626,0,1.0000000000000002
llama31_8b_1xH100_fp8_TP1,8B / 1xH100,general,5627,0,1.0000000000000002
llama31_8b_1xH100_fp8_TP1,8B / 1xH100,general,5628,0,1.0000000000000002
llama31_8b_1xH100_fp8_TP1,8B / 1xH100,general,5629,0,1.0000000000000002
llama31_8b_1xH100_fp8_TP1,8B / 1xH100,general,5630,0,1.0000000000000002
llama31_8b_1xH100_fp8_TP1,8B / 1xH100,general,5631,0,1.0000000000000002
llama31_8b_1xH100_fp8_TP1,8B / 1xH100,general,5632,0,1.0000000000000002
llama31_8b_1xH100_fp8_TP1,8B / 1xH100,general,5633,0,1.0000000000000002
llama31_8b_1xH100_fp8_TP1,8B / 1xH100,general,5634,0,1.0000000000000002
llama31_8b_1xH100_fp8_TP1,8B / 1xH100,general,5635,0,1.0000000000000002
llama31_8b_1xH100_fp8_TP1,8B / 1xH100,general,5636,0,1.0000000000000002
llama31_8b_1xH100_fp8_TP1,8B / 1xH100,general,5637,0,1.0000000000000002
llama31_8b_1xH100_fp8_TP1,8B / 1xH100,general,5638,0,1.0000000000000002
llama31_8b_1xH100_fp8_TP1,8B / 1xH100,general,5639,0,1.0000000000000002
llama31_8b_1xH100_fp8_TP1,8B / 1xH100,general,5640,0,1.0000000000000002
llama31_8b_1xH100_fp8_TP1,8B / 1xH100,general,5641,0,1.0000000000000002
llama31_8b_1xH100_fp8_TP1,8B / 1xH100,general,5642,0,1.0000000000000002
llama31_8b_1xH100_fp8_TP1,8B / 1xH100,general,5643,0,1.0000000000000002
llama31_8b_1xH100_fp8_TP1,8B / 1xH100,general,5644,0,1.0000000000000002
llama31_8b_1xH100_fp8_TP1,8B / 1xH100,general,5645,0,1.0000000000000002
llama31_8b_1xH100_fp8_TP1,8B / 1xH100,general,5646,0,1.0000000000000002
llama31_8b_1xH100_fp8_TP1,8B / 1xH100,general,5647,0,1.0000000000000002
llama31_8b_1xH100_fp8_TP1,8B / 1xH100,general,5648,0,1.0000000000000002
llama31_8b_1xH100_fp8_TP1,8B / 1xH100,general,5649,0,1.0000000000000002
llama31_8b_1xH100_fp8_TP1,8B / 1xH100,general,5650,0,1.0000000000000002
llama31_8b_1xH100_fp8_TP1,8B / 1xH100,general,5651,0,1.0000000000000002
llama31_8b_1xH100_fp8_TP1,8B / 1xH100,general,5652,0,1.0000000000000002
llama31_8b_1xH100_fp8_TP1,8B / 1xH100,general,5653,0,1.0000000000000002
llama31_8b_1xH100_fp8_TP1,8B / 1xH100,general,5654,0,1.0000000000000002
llama31_8b_1xH100_fp8_TP1,8B / 1xH100,general,5655,0,1.0000000000000002
llama31_8b_1xH100_fp8_TP1,8B / 1xH100,general,5656,0,1.0000000000000002
llama31_8b_1xH100_fp8_TP1,8B / 1xH100,general,5657,0,1.0000000000000002
llama31_8b_1xH100_fp8_TP1,8B / 1xH100,general,5658,0,1.0000000000000002
llama31_8b_1xH100_fp8_TP1,8B / 1xH100,general,5659,0,1.0000000000000002
llama31_8b_1xH100_fp8_TP1,8B / 1xH100,general,5660,0,1.0000000000000002
llama31_8b_1xH100_fp8_TP1,8B / 1xH100,general,5661,0,1.0000000000000002
llama31_8b_1xH100_fp8_TP1,8B / 1xH100,general,5662,0,1.0000000000000002
llama31_8b_1xH100_fp8_TP1,8B / 1xH100,general,5663,0,1.0000000000000002
llama31_8b_1xH100_fp8_TP1,8B / 1xH100,general,5664,0,1.0000000000000002
llama31_8b_1xH100_fp8_TP1,8B / 1xH100,general,5665,0,1.0000000000000002
llama31_8b_1xH100_fp8_TP1,8B / 1xH100,general,5666,0,1.0000000000000002
llama31_8b_1xH100_fp8_TP1,8B / 1xH100,general,5667,0,1.0000000000000002
llama31_8b_1xH100_fp8_TP1,8B / 1xH100,general,5668,0,1.0000000000000002
llama31_8b_1xH100_fp8_TP1,8B / 1xH100,general,5669,0,1.0000000000000002
llama31_8b_1xH100_fp8_TP1,8B / 1xH100,general,5670,0,1.0000000000000002
llama31_8b_1xH100_fp8_TP1,8B / 1xH100,general,5671,0,1.0000000000000002
llama31_8b_1xH100_fp8_TP1,8B / 1xH100,general,5672,0,1.0000000000000002
llama31_8b_1xH100_fp8_TP1,8B / 1xH100,general,5673,0,1.0000000000000002
llama31_8b_1xH100_fp8_TP1,8B / 1xH100,general,5674,0,1.0000000000000002
llama31_8b_1xH100_fp8_TP1,8B / 1xH100,general,5675,0,1.0000000000000002
llama31_8b_1xH100_fp8_TP1,8B / 1xH100,general,5676,0,1.0000000000000002
llama31_8b_1xH100_fp8_TP1,8B / 1xH100,general,5677,0,1.0000000000000002
llama31_8b_1xH100_fp8_TP1,8B / 1xH100,general,5678,0,1.0000000000000002
llama31_8b_1xH100_fp8_TP1,8B / 1xH100,general,5679,0,1.0000000000000002
llama31_8b_1xH100_fp8_TP1,8B / 1xH100,general,5680,0,1.0000000000000002
llama31_8b_1xH100_fp8_TP1,8B / 1xH100,general,5681,0,1.0000000000000002
llama31_8b_1xH100_fp8_TP1,8B / 1xH100,general,5682,0,1.0000000000000002
llama31_8b_1xH100_fp8_TP1,8B / 1xH100,general,5683,0,1.0000000000000002
llama31_8b_1xH100_fp8_TP1,8B / 1xH100,general,5684,0,1.0000000000000002
llama31_8b_1xH100_fp8_TP1,8B / 1xH100,general,5685,0,1.0000000000000002
llama31_8b_1xH100_fp8_TP1,8B / 1xH100,general,5686,0,1.0000000000000002
llama31_8b_1xH100_fp8_TP1,8B / 1xH100,general,5687,0,1.0000000000000002
llama31_8b_1xH100_fp8_TP1,8B / 1xH100,general,5688,0,1.0000000000000002
llama31_8b_1xH100_fp8_TP1,8B / 1xH100,general,5689,0,1.0000000000000002
llama31_8b_1xH100_fp8_TP1,8B / 1xH100,general,5690,0,1.0000000000000002
llama31_8b_1xH100_fp8_TP1,8B / 1xH100,general,5691,0,1.0000000000000002
llama31_8b_1xH100_fp8_TP1,8B / 1xH100,general,5692,0,1.0000000000000002
llama31_8b_1xH100_fp8_TP1,8B / 1xH100,general,5693,0,1.0000000000000002
llama31_8b_1xH100_fp8_TP1,8B / 1xH100,general,5694,0,1.0000000000000002
llama31_8b_1xH100_fp8_TP1,8B / 1xH100,general,5695,0,1.0000000000000002
llama31_8b_1xH100_fp8_TP1,8B / 1xH100,general,5696,0,1.0000000000000002
llama31_8b_1xH100_fp8_TP1,8B / 1xH100,general,5697,0,1.0000000000000002
llama31_8b_1xH100_fp8_TP1,8B / 1xH100,general,5698,0,1.0000000000000002
llama31_8b_1xH100_fp8_TP1,8B / 1xH100,general,5699,0,1.0000000000000002
llama31_8b_1xH100_fp8_TP1,8B / 1xH100,general,5700,0,1.0000000000000002
llama31_8b_1xH100_fp8_TP1,8B / 1xH100,general,5701,0,1.0000000000000002
llama31_8b_1xH100_fp8_TP1,8B / 1xH100,general,5702,0,1.0000000000000002
llama31_8b_1xH100_fp8_TP1,8B / 1xH100,general,5703,0,1.0000000000000002
llama31_8b_1xH100_fp8_TP1,8B / 1xH100,general,5704,0,1.0000000000000002
llama31_8b_1xH100_fp8_TP1,8B / 1xH100,general,5705,0,1.0000000000000002
llama31_8b_1xH100_fp8_TP1,8B / 1xH100,general,5706,0,1.0000000000000002
llama31_8b_1xH100_fp8_TP1,8B / 1xH100,general,5707,0,1.0000000000000002
llama31_8b_1xH100_fp8_TP1,8B / 1xH100,general,5708,0,1.0000000000000002
llama31_8b_1xH100_fp8_TP1,8B / 1xH100,general,5709,0,1.0000000000000002
llama31_8b_1xH100_fp8_TP1,8B / 1xH100,general,5710,0,1.0000000000000002
llama31_8b_1xH100_fp8_TP1,8B / 1xH100,general,5711,0,1.0000000000000002
llama31_8b_1xH100_fp8_TP1,8B / 1xH100,general,5712,0,1.0000000000000002
llama31_8b_1xH100_fp8_TP1,8B / 1xH100,general,5713,0,1.0000000000000002
llama31_8b_1xH100_fp8_TP1,8B / 1xH100,general,5714,0,1.0000000000000002
llama31_8b_1xH100_fp8_TP1,8B / 1xH100,general,5715,0,1.0000000000000002
llama31_8b_1xH100_fp8_TP1,8B / 1xH100,general,5716,0,1.0000000000000002
llama31_8b_1xH100_fp8_TP1,8B / 1xH100,general,5717,0,1.0000000000000002
llama31_8b_1xH100_fp8_TP1,8B / 1xH100,general,5718,0,1.0000000000000002
llama31_8b_1xH100_fp8_TP1,8B / 1xH100,general,5719,0,1.0000000000000002
llama31_8b_1xH100_fp8_TP1,8B / 1xH100,general,5720,0,1.0000000000000002
llama31_8b_1xH100_fp8_TP1,8B / 1xH100,general,5721,0,1.0000000000000002
llama31_8b_1xH100_fp8_TP1,8B / 1xH100,general,5722,0,1.0000000000000002
llama31_8b_1xH100_fp8_TP1,8B / 1xH100,general,5723,0,1.0000000000000002
llama31_8b_1xH100_fp8_TP1,8B / 1xH100,general,5724,0,1.0000000000000002
llama31_8b_1xH100_fp8_TP1,8B / 1xH100,general,5725,0,1.0000000000000002
llama31_8b_1xH100_fp8_TP1,8B / 1xH100,general,5726,0,1.0000000000000002
llama31_8b_1xH100_fp8_TP1,8B / 1xH100,general,5727,0,1.0000000000000002
llama31_8b_1xH100_fp8_TP1,8B / 1xH100,general,5728,0,1.0000000000000002
llama31_8b_1xH100_fp8_TP1,8B / 1xH100,general,5729,0,1.0000000000000002
llama31_8b_1xH100_fp8_TP1,8B / 1xH100,general,5730,0,1.0000000000000002
llama31_8b_1xH100_fp8_TP1,8B / 1xH100,general,5731,0,1.0000000000000002
llama31_8b_1xH100_fp8_TP1,8B / 1xH100,general,5732,0,1.0000000000000002
llama31_8b_1xH100_fp8_TP1,8B / 1xH100,general,5733,0,1.0000000000000002
llama31_8b_1xH100_fp8_TP1,8B / 1xH100,general,5734,0,1.0000000000000002
llama31_8b_1xH100_fp8_TP1,8B / 1xH100,general,5735,0,1.0000000000000002
llama31_8b_1xH100_fp8_TP1,8B / 1xH100,general,5736,0,1.0000000000000002
llama31_8b_1xH100_fp8_TP1,8B / 1xH100,general,5737,0,1.0000000000000002
llama31_8b_1xH100_fp8_TP1,8B / 1xH100,general,5738,0,1.0000000000000002
llama31_8b_1xH100_fp8_TP1,8B / 1xH100,general,5739,0,1.0000000000000002
llama31_8b_1xH100_fp8_TP1,8B / 1xH100,general,5740,0,1.0000000000000002
llama31_8b_1xH100_fp8_TP1,8B / 1xH100,general,5741,0,1.0000000000000002
llama31_8b_1xH100_fp8_TP1,8B / 1xH100,general,5742,0,1.0000000000000002
llama31_8b_1xH100_fp8_TP1,8B / 1xH100,general,5743,0,1.0000000000000002
llama31_8b_1xH100_fp8_TP1,8B / 1xH100,general,5744,0,1.0000000000000002
llama31_8b_1xH100_fp8_TP1,8B / 1xH100,general,5745,0,1.0000000000000002
llama31_8b_1xH100_fp8_TP1,8B / 1xH100,general,5746,0,1.0000000000000002
llama31_8b_1xH100_fp8_TP1,8B / 1xH100,general,5747,0,1.0000000000000002
llama31_8b_1xH100_fp8_TP1,8B / 1xH100,general,5748,0,1.0000000000000002
llama31_8b_1xH100_fp8_TP1,8B / 1xH100,general,5749,0,1.0000000000000002
llama31_8b_1xH100_fp8_TP1,8B / 1xH100,general,5750,0,1.0000000000000002
llama31_8b_1xH100_fp8_TP1,8B / 1xH100,general,5751,0,1.0000000000000002
llama31_8b_1xH100_fp8_TP1,8B / 1xH100,general,5752,0,1.0000000000000002
llama31_8b_1xH100_fp8_TP1,8B / 1xH100,general,5753,0,1.0000000000000002
llama31_8b_1xH100_fp8_TP1,8B / 1xH100,general,5754,0,1.0000000000000002
llama31_8b_1xH100_fp8_TP1,8B / 1xH100,general,5755,0,1.0000000000000002
llama31_8b_1xH100_fp8_TP1,8B / 1xH100,general,5756,0,1.0000000000000002
llama31_8b_1xH100_fp8_TP1,8B / 1xH100,general,5757,0,1.0000000000000002
llama31_8b_1xH100_fp8_TP1,8B / 1xH100,general,5758,0,1.0000000000000002
llama31_8b_1xH100_fp8_TP1,8B / 1xH100,general,5759,0,1.0000000000000002
llama31_8b_1xH100_fp8_TP1,8B / 1xH100,general,5760,0,1.0000000000000002
llama31_8b_1xH100_fp8_TP1,8B / 1xH100,general,5761,0,1.0000000000000002
llama31_8b_1xH100_fp8_TP1,8B / 1xH100,general,5762,0,1.0000000000000002
llama31_8b_1xH100_fp8_TP1,8B / 1xH100,general,5763,0,1.0000000000000002
llama31_8b_1xH100_fp8_TP1,8B / 1xH100,general,5764,0,1.0000000000000002
llama31_8b_1xH100_fp8_TP1,8B / 1xH100,general,5765,0,1.0000000000000002
llama31_8b_1xH100_fp8_TP1,8B / 1xH100,general,5766,0,1.0000000000000002
llama31_8b_1xH100_fp8_TP1,8B / 1xH100,general,5767,0,1.0000000000000002
llama31_8b_1xH100_fp8_TP1,8B / 1xH100,general,5768,0,1.0000000000000002
llama31_8b_1xH100_fp8_TP1,8B / 1xH100,general,5769,0,1.0000000000000002
llama31_8b_1xH100_fp8_TP1,8B / 1xH100,general,5770,0,1.0000000000000002
llama31_8b_1xH100_fp8_TP1,8B / 1xH100,general,5771,0,1.0000000000000002
llama31_8b_1xH100_fp8_TP1,8B / 1xH100,general,5772,0,1.0000000000000002
llama31_8b_1xH100_fp8_TP1,8B / 1xH100,general,5773,0,1.0000000000000002
llama31_8b_1xH100_fp8_TP1,8B / 1xH100,general,5774,0,1.0000000000000002
llama31_8b_1xH100_fp8_TP1,8B / 1xH100,general,5775,0,1.0000000000000002
llama31_8b_1xH100_fp8_TP1,8B / 1xH100,general,5776,0,1.0000000000000002
llama31_8b_1xH100_fp8_TP1,8B / 1xH100,general,5777,0,1.0000000000000002
llama31_8b_1xH100_fp8_TP1,8B / 1xH100,general,5778,0,1.0000000000000002
llama31_8b_1xH100_fp8_TP1,8B / 1xH100,general,5779,0,1.0000000000000002
llama31_8b_1xH100_fp8_TP1,8B / 1xH100,general,5780,0,1.0000000000000002
llama31_8b_1xH100_fp8_TP1,8B / 1xH100,general,5781,0,1.0000000000000002
llama31_8b_1xH100_fp8_TP1,8B / 1xH100,general,5782,0,1.0000000000000002
llama31_8b_1xH100_fp8_TP1,8B / 1xH100,general,5783,0,1.0000000000000002
llama31_8b_1xH100_fp8_TP1,8B / 1xH100,general,5784,0,1.0000000000000002
llama31_8b_1xH100_fp8_TP1,8B / 1xH100,general,5785,0,1.0000000000000002
llama31_8b_1xH100_fp8_TP1,8B / 1xH100,general,5786,0,1.0000000000000002
llama31_8b_1xH100_fp8_TP1,8B / 1xH100,general,5787,0,1.0000000000000002
llama31_8b_1xH100_fp8_TP1,8B / 1xH100,general,5788,0,1.0000000000000002
llama31_8b_1xH100_fp8_TP1,8B / 1xH100,general,5789,0,1.0000000000000002
llama31_8b_1xH100_fp8_TP1,8B / 1xH100,general,5790,0,1.0000000000000002
llama31_8b_1xH100_fp8_TP1,8B / 1xH100,general,5791,0,1.0000000000000002
llama31_8b_1xH100_fp8_TP1,8B / 1xH100,general,5792,0,1.0000000000000002
llama31_8b_1xH100_fp8_TP1,8B / 1xH100,general,5793,0,1.0000000000000002
llama31_8b_1xH100_fp8_TP1,8B / 1xH100,general,5794,0,1.0000000000000002
llama31_8b_1xH100_fp8_TP1,8B / 1xH100,general,5795,0,1.0000000000000002
llama31_8b_1xH100_fp8_TP1,8B / 1xH100,general,5796,0,1.0000000000000002
llama31_8b_1xH100_fp8_TP1,8B / 1xH100,general,5797,0,1.0000000000000002
llama31_8b_1xH100_fp8_TP1,8B / 1xH100,general,5798,0,1.0000000000000002
llama31_8b_1xH100_fp8_TP1,8B / 1xH100,general,5799,0,1.0000000000000002
llama31_8b_1xH100_fp8_TP1,8B / 1xH100,general,5800,0,1.0000000000000002
llama31_8b_1xH100_fp8_TP1,8B / 1xH100,general,5801,0,1.0000000000000002
llama31_8b_1xH100_fp8_TP1,8B / 1xH100,general,5802,0,1.0000000000000002
llama31_8b_1xH100_fp8_TP1,8B / 1xH100,general,5803,0,1.0000000000000002
llama31_8b_1xH100_fp8_TP1,8B / 1xH100,general,5804,0,1.0000000000000002
llama31_8b_1xH100_fp8_TP1,8B / 1xH100,general,5805,0,1.0000000000000002
llama31_8b_1xH100_fp8_TP1,8B / 1xH100,general,5806,0,1.0000000000000002
llama31_8b_1xH100_fp8_TP1,8B / 1xH100,general,5807,0,1.0000000000000002
llama31_8b_1xH100_fp8_TP1,8B / 1xH100,general,5808,0,1.0000000000000002
llama31_8b_1xH100_fp8_TP1,8B / 1xH100,general,5809,0,1.0000000000000002
llama31_8b_1xH100_fp8_TP1,8B / 1xH100,general,5810,0,1.0000000000000002
llama31_8b_1xH100_fp8_TP1,8B / 1xH100,general,5811,0,1.0000000000000002
llama31_8b_1xH100_fp8_TP1,8B / 1xH100,general,5812,0,1.0000000000000002
llama31_8b_1xH100_fp8_TP1,8B / 1xH100,general,5813,0,1.0000000000000002
llama31_8b_1xH100_fp8_TP1,8B / 1xH100,general,5814,0,1.0000000000000002
llama31_8b_1xH100_fp8_TP1,8B / 1xH100,general,5815,0,1.0000000000000002
llama31_8b_1xH100_fp8_TP1,8B / 1xH100,general,5816,0,1.0000000000000002
llama31_8b_1xH100_fp8_TP1,8B / 1xH100,general,5817,0,1.0000000000000002
llama31_8b_1xH100_fp8_TP1,8B / 1xH100,general,5818,0,1.0000000000000002
llama31_8b_1xH100_fp8_TP1,8B / 1xH100,general,5819,0,1.0000000000000002
llama31_8b_1xH100_fp8_TP1,8B / 1xH100,general,5820,0,1.0000000000000002
llama31_8b_1xH100_fp8_TP1,8B / 1xH100,general,5821,0,1.0000000000000002
llama31_8b_1xH100_fp8_TP1,8B / 1xH100,general,5822,0,1.0000000000000002
llama31_8b_1xH100_fp8_TP1,8B / 1xH100,general,5823,0,1.0000000000000002
llama31_8b_1xH100_fp8_TP1,8B / 1xH100,general,5824,0,1.0000000000000002
llama31_8b_1xH100_fp8_TP1,8B / 1xH100,general,5825,0,1.0000000000000002
llama31_8b_1xH100_fp8_TP1,8B / 1xH100,general,5826,0,1.0000000000000002
llama31_8b_1xH100_fp8_TP1,8B / 1xH100,general,5827,0,1.0000000000000002
llama31_8b_1xH100_fp8_TP1,8B / 1xH100,general,5828,0,1.0000000000000002
llama31_8b_1xH100_fp8_TP1,8B / 1xH100,general,5829,0,1.0000000000000002
llama31_8b_1xH100_fp8_TP1,8B / 1xH100,general,5830,0,1.0000000000000002
llama31_8b_1xH100_fp8_TP1,8B / 1xH100,general,5831,0,1.0000000000000002
llama31_8b_1xH100_fp8_TP1,8B / 1xH100,general,5832,0,1.0000000000000002
llama31_8b_1xH100_fp8_TP1,8B / 1xH100,general,5833,0,1.0000000000000002
llama31_8b_1xH100_fp8_TP1,8B / 1xH100,general,5834,0,1.0000000000000002
llama31_8b_1xH100_fp8_TP1,8B / 1xH100,general,5835,0,1.0000000000000002
llama31_8b_1xH100_fp8_TP1,8B / 1xH100,general,5836,0,1.0000000000000002
llama31_8b_1xH100_fp8_TP1,8B / 1xH100,general,5837,0,1.0000000000000002
llama31_8b_1xH100_fp8_TP1,8B / 1xH100,general,5838,0,1.0000000000000002
llama31_8b_1xH100_fp8_TP1,8B / 1xH100,general,5839,0,1.0000000000000002
llama31_8b_1xH100_fp8_TP1,8B / 1xH100,general,5840,0,1.0000000000000002
llama31_8b_1xH100_fp8_TP1,8B / 1xH100,general,5841,0,1.0000000000000002
llama31_8b_1xH100_fp8_TP1,8B / 1xH100,general,5842,0,1.0000000000000002
llama31_8b_1xH100_fp8_TP1,8B / 1xH100,general,5843,0,1.0000000000000002
llama31_8b_1xH100_fp8_TP1,8B / 1xH100,general,5844,0,1.0000000000000002
llama31_8b_1xH100_fp8_TP1,8B / 1xH100,general,5845,0,1.0000000000000002
llama31_8b_1xH100_fp8_TP1,8B / 1xH100,general,5846,0,1.0000000000000002
llama31_8b_1xH100_fp8_TP1,8B / 1xH100,general,5847,0,1.0000000000000002
llama31_8b_1xH100_fp8_TP1,8B / 1xH100,general,5848,0,1.0000000000000002
llama31_8b_1xH100_fp8_TP1,8B / 1xH100,general,5849,0,1.0000000000000002
llama31_8b_1xH100_fp8_TP1,8B / 1xH100,general,5850,0,1.0000000000000002
llama31_8b_1xH100_fp8_TP1,8B / 1xH100,general,5851,0,1.0000000000000002
llama31_8b_1xH100_fp8_TP1,8B / 1xH100,general,5852,0,1.0000000000000002
llama31_8b_1xH100_fp8_TP1,8B / 1xH100,general,5853,0,1.0000000000000002
llama31_8b_1xH100_fp8_TP1,8B / 1xH100,general,5854,0,1.0000000000000002
llama31_8b_1xH100_fp8_TP1,8B / 1xH100,general,5855,0,1.0000000000000002
llama31_8b_1xH100_fp8_TP1,8B / 1xH100,general,5856,0,1.0000000000000002
llama31_8b_1xH100_fp8_TP1,8B / 1xH100,general,5857,0,1.0000000000000002
llama31_8b_1xH100_fp8_TP1,8B / 1xH100,general,5858,0,1.0000000000000002
llama31_8b_1xH100_fp8_TP1,8B / 1xH100,general,5859,0,1.0000000000000002
llama31_8b_1xH100_fp8_TP1,8B / 1xH100,general,5860,0,1.0000000000000002
llama31_8b_1xH100_fp8_TP1,8B / 1xH100,general,5861,0,1.0000000000000002
llama31_8b_1xH100_fp8_TP1,8B / 1xH100,general,5862,0,1.0000000000000002
llama31_8b_1xH100_fp8_TP1,8B / 1xH100,general,5863,0,1.0000000000000002
llama31_8b_1xH100_fp8_TP1,8B / 1xH100,general,5864,0,1.0000000000000002
llama31_8b_1xH100_fp8_TP1,8B / 1xH100,general,5865,0,1.0000000000000002
llama31_8b_1xH100_fp8_TP1,8B / 1xH100,general,5866,0,1.0000000000000002
llama31_8b_1xH100_fp8_TP1,8B / 1xH100,general,5867,0,1.0000000000000002
llama31_8b_1xH100_fp8_TP1,8B / 1xH100,general,5868,0,1.0000000000000002
llama31_8b_1xH100_fp8_TP1,8B / 1xH100,general,5869,0,1.0000000000000002
llama31_8b_1xH100_fp8_TP1,8B / 1xH100,general,5870,0,1.0000000000000002
llama31_8b_1xH100_fp8_TP1,8B / 1xH100,general,5871,0,1.0000000000000002
llama31_8b_1xH100_fp8_TP1,8B / 1xH100,general,5872,0,1.0000000000000002
llama31_8b_1xH100_fp8_TP1,8B / 1xH100,general,5873,0,1.0000000000000002
llama31_8b_1xH100_fp8_TP1,8B / 1xH100,general,5874,0,1.0000000000000002
llama31_8b_1xH100_fp8_TP1,8B / 1xH100,general,5875,0,1.0000000000000002
llama31_8b_1xH100_fp8_TP1,8B / 1xH100,general,5876,0,1.0000000000000002
llama33_70b_2xH100_fp8_TP2,70B / 2xH100,general,0,2.8534344395033955e-12,2.8534344395033955e-12
llama33_70b_2xH100_fp8_TP2,70B / 2xH100,general,1,7.7558737426075347e-11,8.041217186557874e-11
llama33_70b_2xH100_fp8_TP2,70B / 2xH100,general,2,1.0522826461239572e-09,1.132694817989536e-09
llama33_70b_2xH100_fp8_TP2,70B / 2xH100,general,3,9.5019143644427419e-09,1.0634609182432279e-08
llama33_70b_2xH100_fp8_TP2,70B / 2xH100,general,4,6.4241963809241856e-08,7.4876572991674132e-08
llama33_70b_2xH100_fp8_TP2,70B / 2xH100,general,5,3.4688351775564486e-07,4.2176009074731901e-07
llama33_70b_2xH100_fp8_TP2,70B / 2xH100,general,6,1.5582383614528385e-06,1.9799984522001577e-06
llama33_70b_2xH100_fp8_TP2,70B / 2xH100,general,7,5.989676814963536e-06,7.9696752671636928e-06
llama33_70b_2xH100_fp8_TP2,70B / 2xH100,general,8,2.0111591770655849e-05,2.8081267037819541e-05
llama33_70b_2xH100_fp8_TP2,70B / 2xH100,general,9,5.9924155969847e-05,8.8005423007666542e-05
llama33_70b_2xH100_fp8_TP2,70B / 2xH100,general,10,0.00016042214071248779,0.00024842756372015434
llama33_70b_2xH100_fp8_TP2,70B / 2xH100,general,11,0.00038976051366215129,0.00063818807738230568
llama33_70b_2xH100_fp8_TP2,70B / 2xH100,general,12,0.0008665748652912236,0.0015047629426735293
llama33_70b_2xH100_fp8_TP2,70B / 2xH100,general,13,0.0017754766027988237,0.0032802395454723529
llama33_70b_2xH100_fp8_TP2,70B / 2xH100,general,14,0.0033721066451105584,0.0066523461905829114
llama33_70b_2xH100_fp8_TP2,70B / 2xH100,general,15,0.0059674121493123265,0.012619758339895239
llama33_70b_2xH100_fp8_TP2,70B / 2xH100,general,16,0.0098833254399023317,0.02250308377979757
llama33_70b_2xH100_fp8_TP2,70B / 2xH100,general,17,0.015379836378999931,0.037882920158797503
llama33_70b_2xH100_fp8_TP2,70B / 2xH100,general,18,0.022565070235201472,0.060447990393998979
llama33_70b_2xH100_fp8_TP2,70B / 2xH100,general,19,0.031311217188720014,0.091759207582718993
llama33_70b_2xH100_fp8_TP2,70B / 2xH100,general,20,0.041204594322898344,0.13296380190561735
llama33_70b_2xH100_fp8_TP2,70B / 2xH100,general,21,0.051553755150271496,0.18451755705588885
llama33_70b_2xH100_fp8_TP2,70B / 2xH100,general,22,0.061465199069070039,0.2459827561249589
llama33_70b_2xH100_fp8_TP2,70B / 2xH100,general,23,0.0699761880498313,0.3159589441747902
llama33_70b_2xH100_fp8_TP2,70B / 2xH100,general,24,0.076215703293790946,0.39217464746858116
llama33_70b_2xH100_fp8_TP2,70B / 2xH100,general,25,0.079554713687890938,0.47172936115647213
llama33_70b_2xH100_fp8_TP2,70B / 2xH100,general,26,0.07970939596836317,0.55143875712483525
llama33_70b_2xH100_fp8_TP2,70B / 2xH100,general,27,0.076774612078068877,0.62821336920290416
llama33_70b_2xH100_fp8_TP2,70B / 2xH100,general,28,0.071184566908876645,0.6993979361117808
llama33_70b_2xH100_fp8_TP2,70B / 2xH100,general,29,0.063616227408483356,0.76301416352026419
llama33_70b_2xH100_fp8_TP2,70B / 2xH100,general,30,0.05486305342073481,0.81787721694099902
llama33_70b_2xH100_fp8_TP2,70B / 2xH100,general,31,0.045709271476760981,0.86358648841775998
llama33_70b_2xH100_fp8_TP2,70B / 2xH100,general,32,0.036829216741309782,0.90041570515906977
llama33_70b_2xH100_fp8_TP2,70B / 2xH100,general,33,0.028725545864520592,0.92914125102359035
llama33_70b_2xH100_fp8_TP2,70B / 2xH100,general,34,0.021708516675077422,0.9508497676986678
llama33_70b_2xH100_fp8_TP2,70B / 2xH100,general,35,0.015909383590868346,0.96675915128953616
llama33_70b_2xH100_fp8_TP2,70B / 2xH100,general,36,0.011315975936878683,0.97807512722641488
llama33_70b_2xH100_fp8_TP2,70B / 2xH100,general,37,0.0078177326001202391,0.98589285982653507
llama33_70b_2xH100_fp8_TP2,70B / 2xH100,general,38,0.0052497247808536481,0.99114258460738869
llama33_70b_2xH100_fp8_TP2,70B / 2xH100,general,39,0.0034289368997605712,0.99457152150714923
llama33_70b_2xH100_fp8_TP2,70B / 2xH100,general,40,0.0021798908696466432,0.99675141237679588
llama33_70b_2xH100_fp8_TP2,70B / 2xH100,general,41,0.0013496876538526955,0.99810110003064856
llama33_70b_2xH100_fp8_TP2,70B / 2xH100,general,42,0.00081435344198520969,0.99891545347263377
llama33_70b_2xH100_fp8_TP2,70B / 2xH100,general,43,0.00047909258246372208,0.99939454605509748
llama33_70b_2xH100_fp8_TP2,70B / 2xH100,general,44,0.00027497119065938904,0.99966951724575681
llama33_70b_2xH100_fp8_TP2,70B / 2xH100,general,45,0.00015404230357719118,0.999823559549334
llama33_70b_2xH100_fp8_TP2,70B / 2xH100,general,46,8.4273656956483027e-05,0.99990783320629051
llama33_70b_2xH100_fp8_TP2,70B / 2xH100,general,47,4.5045087531733408e-05,0.99995287829382229
llama33_70b_2xH100_fp8_TP2,70B / 2xH100,general,48,2.3534386394078763e-05,0.99997641268021642
llama33_70b_2xH100_fp8_TP2,70B / 2xH100,general,49,1.2023922065885648e-05,0.99998843660228232
llama33_70b_2xH100_fp8_TP2,70B / 2xH100,general,50,6.009766737260347e-06,0.99999444636901957
llama33_70b_2xH100_fp8_TP2,70B / 2xH100,general,51,2.9397504381191379e-06,0.99999738611945765
llama33_70b_2xH100_fp8_TP2,70B / 2xH100,general,52,1.4078978443072313e-06,0.99999879401730196
llama33_70b_2xH100_fp8_TP2,70B / 2xH100,general,53,6.6038886295332214e-07,0.99999945440616489
llama33_70b_2xH100_fp8_TP2,70B / 2xH100,general,54,3.0349415538741806e-07,0.99999975790032025
llama33_70b_2xH100_fp8_TP2,70B / 2xH100,general,55,1.367008835092752e-07,0.99999989460120375
llama33_70b_2xH100_fp8_TP2,70B / 2xH100,general,56,6.0367854886830712e-08,0.99999995496905869
llama33_70b_2xH100_fp8_TP2,70B / 2xH100,general,57,2.6145174862615054e-08,0.9999999811142336
llama33_70b_2xH100_fp8_TP2,70B / 2xH100,general,58,1.1108665141107443e-08,0.9999999922228987
llama33_70b_2xH100_fp8_TP2,70B / 2xH100,general,59,4.6317518200542081e-09,0.99999999685465057
llama33_70b_2xH100_fp8_TP2,70B / 2xH100,general,60,1.8956841916363035e-09,0.99999999875033474
llama33_70b_2xH100_fp8_TP2,70B / 2xH100,general,61,7.6180548496140285e-10,0.99999999951214025
llama33_70b_2xH100_fp8_TP2,70B / 2xH100,general,62,3.0067392987368863e-10,0.99999999981281418
llama33_70b_2xH100_fp8_TP2,70B / 2xH100,general,63,1.1658252621577942e-10,0.9999999999293967
llama33_70b_2xH100_fp8_TP2,70B / 2xH100,general,64,4.4418719721534718e-11,0.99999999997381539
llama33_70b_2xH100_fp8_TP2,70B / 2xH100,general,65,1.6634087564812272e-11,0.99999999999044953
llama33_70b_2xH100_fp8_TP2,70B / 2xH100,general,66,6.1239910591733173e-12,0.99999999999657352
llama33_70b_2xH100_fp8_TP2,70B / 2xH100,general,67,2.2170316083500607e-12,0.99999999999879052
llama33_70b_2xH100_fp8_TP2,70B / 2xH100,general,68,7.8941830747943163e-13,0.99999999999957989
llama33_70b_2xH100_fp8_TP2,70B / 2xH100,general,69,2.7652464890422583e-13,0.99999999999985645
llama33_70b_2xH100_fp8_TP2,70B / 2xH100,general,70,9.5310889608784367e-14,0.99999999999995171
llama33_70b_2xH100_fp8_TP2,70B / 2xH100,general,71,3.2331160818143169e-14,0.99999999999998401
llama33_70b_2xH100_fp8_TP2,70B / 2xH100,general,72,1.0795823533046008e-14,0.99999999999999478
llama33_70b_2xH100_fp8_TP2,70B / 2xH100,general,73,3.5491894948398885e-15,0.99999999999999833
llama33_70b_2xH100_fp8_TP2,70B / 2xH100,general,74,1.1490064734257519e-15,0.99999999999999944
llama33_70b_2xH100_fp8_TP2,70B / 2xH100,general,75,3.66365356235218e-16,0.99999999999999978
llama33_70b_2xH100_fp8_TP2,70B / 2xH100,general,76,1.1507516795848337e-16,0.99999999999999989
llama33_70b_2xH100_fp8_TP2,70B / 2xH100,general,77,3.5612196990884838e-17,0.99999999999999989
llama33_70b_2xH100_fp8_TP2,70B / 2xH100,general,78,1.0860218082587992e-17,0.99999999999999989
llama33_70b_2xH100_fp8_TP2,70B / 2xH100,general,79,3.2641626173377319e-18,0.99999999999999989
llama33_70b_2xH100_fp8_TP2,70B / 2xH100,general,80,9.6709140499410267e-19,0.99999999999999989
llama33_70b_2xH100_fp8_TP2,70B / 2xH100,general,81,2.8248348528065468e-19,0.99999999999999989
llama33_70b_2xH100_fp8_TP2,70B / 2xH100,general,82,8.136058182917412e-20,0.99999999999999989
llama33_70b_2xH100_fp8_TP2,70B / 2xH100,general,83,2.3109710641069672e-20,0.99999999999999989
llama33_70b_2xH100_fp8_TP2,70B / 2xH100,general,84,6.4743613913143177e-21,0.99999999999999989
llama33_70b_2xH100_fp8_TP2,70B / 2xH100,general,85,1.7892965793402002e-21,0.99999999999999989
llama33_70b_2xH100_fp8_TP2,70B / 2xH100,general,86,4.8787688970032606e-22,0.99999999999999989
llama33_70b_2xH100_fp8_TP2,70B / 2xH100,general,87,1.3126194895541968e-22,0.99999999999999989
llama33_70b_2xH100_fp8_TP2,70B / 2xH100,general,88,3.485177979141425e-23,0.99999999999999989
llama33_70b_2xH100_fp8_TP2,70B / 2xH100,general,89,9.1332240740046052e-24,0.99999999999999989
llama33_70b_2xH100_fp8_TP2,70B / 2xH100,general,90,2.3626020500093536e-24,0.99999999999999989
llama33_70b_2xH100_fp8_TP2,70B / 2xH100,general,91,6.0336124966409518e-25,0.99999999999999989
llama33_70b_2xH100_fp8_TP2,70B / 2xH100,general,92,1.5213758462974023e-25,0.99999999999999989
llama33_70b_2xH100_fp8_TP2,70B / 2xH100,general,93,3.7880756170408098e-26,0.99999999999999989
llama33_70b_2xH100_fp8_TP2,70B / 2xH100,general,94,9.3147979937156039e-27,0.99999999999999989
llama33_70b_2xH100_fp8_TP2,70B / 2xH100,general,95,2.2622964606735555e-27,0.99999999999999989
llama33_70b_2xH100_fp8_TP2,70B / 2xH100,general,96,5.427432500585568e-28,0.99999999999999989
llama33_70b_2xH100_fp8_TP2,70B / 2xH100,general,97,1.2863369773470247e-28,0.99999999999999989
llama33_70b_2xH100_fp8_TP2,70B / 2xH100,general,98,3.0121464775295145e-29,0.99999999999999989
llama33_70b_2xH100_fp8_TP2,70B / 2xH100,general,99,6.9695236299850495e-30,0.99999999999999989
llama33_70b_2xH100_fp8_TP2,70B / 2xH100,general,100,1.5936007745896007e-30,0.99999999999999989
llama33_70b_2xH100_fp8_TP2,70B / 2xH100,general,101,3.6012085499700045e-31,0.99999999999999989
llama33_70b_2xH100_fp8_TP2,70B / 2xH100,general,102,8.0436160798065553e-32,0.99999999999999989
llama33_70b_2xH100_fp8_TP2,70B / 2xH100,general,103,1.7759465959118521e-32,0.99999999999999989
llama33_70b_2xH100_fp8_TP2,70B / 2xH100,general,104,3.8763622708460267e-33,0.99999999999999989
llama33_70b_2xH100_fp8_TP2,70B / 2xH100,general,105,8.3651608733818622e-34,0.99999999999999989
llama33_70b_2xH100_fp8_TP2,70B / 2xH100,general,106,1.7849191783178157e-34,0.99999999999999989
llama33_70b_2xH100_fp8_TP2,70B / 2xH100,general,107,3.7661293191865886e-35,0.99999999999999989
llama33_70b_2xH100_fp8_TP2,70B / 2xH100,general,108,7.8585368001764038e-36,0.99999999999999989
llama33_70b_2xH100_fp8_TP2,70B / 2xH100,general,109,1.6217900097838588e-36,0.99999999999999989
llama33_70b_2xH100_fp8_TP2,70B / 2xH100,general,110,3.310472723122462e-37,0.99999999999999989
llama33_70b_2xH100_fp8_TP2,70B / 2xH100,general,111,6.6844119204512758e-38,0.99999999999999989
llama33_70b_2xH100_fp8_TP2,70B / 2xH100,general,112,1.3352078755968081e-38,0.99999999999999989
llama33_70b_2xH100_fp8_TP2,70B / 2xH100,general,113,2.6386459366900317e-39,0.99999999999999989
llama33_70b_2xH100_fp8_TP2,70B / 2xH100,general,114,5.1593306256392975e-40,0.99999999999999989
llama33_70b_2xH100_fp8_TP2,70B / 2xH100,general,115,9.9820207310143918e-41,0.99999999999999989
llama33_70b_2xH100_fp8_TP2,70B / 2xH100,general,116,1.9111233702702697e-41,0.99999999999999989
llama33_70b_2xH100_fp8_TP2,70B / 2xH100,general,117,3.6210610278982247e-42,0.99999999999999989
llama33_70b_2xH100_fp8_TP2,70B / 2xH100,general,118,6.7903318330620723e-43,0.99999999999999989
llama33_70b_2xH100_fp8_TP2,70B / 2xH100,general,119,1.2603315751765518e-43,0.99999999999999989
llama33_70b_2xH100_fp8_TP2,70B / 2xH100,general,120,2.3155139957904361e-44,0.99999999999999989
llama33_70b_2xH100_fp8_TP2,70B / 2xH100,general,121,4.2112243582112229e-45,0.99999999999999989
llama33_70b_2xH100_fp8_TP2,70B / 2xH100,general,122,7.5822278103523117e-46,0.99999999999999989
llama33_70b_2xH100_fp8_TP2,70B / 2xH100,general,123,1.3515788207337244e-46,0.99999999999999989
llama33_70b_2xH100_fp8_TP2,70B / 2xH100,general,124,2.3854492072364161e-47,0.99999999999999989
llama33_70b_2xH100_fp8_TP2,70B / 2xH100,general,125,4.1687984863577012e-48,0.99999999999999989
llama33_70b_2xH100_fp8_TP2,70B / 2xH100,general,126,7.2142435497993543e-49,0.99999999999999989
llama33_70b_2xH100_fp8_TP2,70B / 2xH100,general,127,1.2363364170338934e-49,0.99999999999999989
llama33_70b_2xH100_fp8_TP2,70B / 2xH100,general,128,2.0983351482900774e-50,0.99999999999999989
llama33_70b_2xH100_fp8_TP2,70B / 2xH100,general,129,3.5272100890829658e-51,0.99999999999999989
llama33_70b_2xH100_fp8_TP2,70B / 2xH100,general,130,5.8726161894897294e-52,0.99999999999999989
llama33_70b_2xH100_fp8_TP2,70B / 2xH100,general,131,9.6850276139692502e-53,0.99999999999999989
llama33_70b_2xH100_fp8_TP2,70B / 2xH100,general,132,1.5822088556695141e-53,0.99999999999999989
llama33_70b_2xH100_fp8_TP2,70B / 2xH100,general,133,2.5606181871581306e-54,0.99999999999999989
llama33_70b_2xH100_fp8_TP2,70B / 2xH100,general,134,4.105517420276748e-55,0.99999999999999989
llama33_70b_2xH100_fp8_TP2,70B / 2xH100,general,135,6.5216375319745983e-56,0.99999999999999989
llama33_70b_2xH100_fp8_TP2,70B / 2xH100,general,136,1.0264418934088485e-56,0.99999999999999989
llama33_70b_2xH100_fp8_TP2,70B / 2xH100,general,137,1.6007516352323517e-57,0.99999999999999989
llama33_70b_2xH100_fp8_TP2,70B / 2xH100,general,138,2.4737054757268242e-58,0.99999999999999989
llama33_70b_2xH100_fp8_TP2,70B / 2xH100,general,139,3.788163555309092e-59,0.99999999999999989
llama33_70b_2xH100_fp8_TP2,70B / 2xH100,general,140,5.7489438129993719e-60,0.99999999999999989
llama33_70b_2xH100_fp8_TP2,70B / 2xH100,general,141,8.6466447151922565e-61,0.99999999999999989
llama33_70b_2xH100_fp8_TP2,70B / 2xH100,general,142,1.2889279925616704e-61,0.99999999999999989
llama33_70b_2xH100_fp8_TP2,70B / 2xH100,general,143,1.9043736511825427e-62,0.99999999999999989
llama33_70b_2xH100_fp8_TP2,70B / 2xH100,general,144,2.7889377145266777e-63,0.99999999999999989
llama33_70b_2xH100_fp8_TP2,70B / 2xH100,general,145,4.0486384127201959e-64,0.99999999999999989
llama33_70b_2xH100_fp8_TP2,70B / 2xH100,general,146,5.826165078647073e-65,0.99999999999999989
llama33_70b_2xH100_fp8_TP2,70B / 2xH100,general,147,8.3115115010911392e-66,0.99999999999999989
llama33_70b_2xH100_fp8_TP2,70B / 2xH100,general,148,1.1754934121381274e-66,0.99999999999999989
llama33_70b_2xH100_fp8_TP2,70B / 2xH100,general,149,1.6482482298953871e-67,0.99999999999999989
llama33_70b_2xH100_fp8_TP2,70B / 2xH100,general,150,2.2914282568542455e-68,0.99999999999999989
llama33_70b_2xH100_fp8_TP2,70B / 2xH100,general,151,3.1585654240929411e-69,0.99999999999999989
llama33_70b_2xH100_fp8_TP2,70B / 2xH100,general,152,4.3170983184672846e-70,0.99999999999999989
llama33_70b_2xH100_fp8_TP2,70B / 2xH100,general,153,5.8510079114579515e-71,0.99999999999999989
llama33_70b_2xH100_fp8_TP2,70B / 2xH100,general,154,7.8636486870990999e-72,0.99999999999999989
llama33_70b_2xH100_fp8_TP2,70B / 2xH100,general,155,1.0480691559250402e-72,0.99999999999999989
llama33_70b_2xH100_fp8_TP2,70B / 2xH100,general,156,1.3853059808294816e-73,0.99999999999999989
llama33_70b_2xH100_fp8_TP2,70B / 2xH100,general,157,1.8159700897164715e-74,0.99999999999999989
llama33_70b_2xH100_fp8_TP2,70B / 2xH100,general,158,2.360999743575124e-75,0.99999999999999989
llama33_70b_2xH100_fp8_TP2,70B / 2xH100,general,159,3.0445582466812561e-76,0.99999999999999989
llama33_70b_2xH100_fp8_TP2,70B / 2xH100,general,160,3.894129104987522e-77,0.99999999999999989
llama33_70b_2xH100_fp8_TP2,70B / 2xH100,general,161,4.940495579623935e-78,0.99999999999999989
llama33_70b_2xH100_fp8_TP2,70B / 2xH100,general,162,6.2175742889969339e-79,0.99999999999999989
llama33_70b_2xH100_fp8_TP2,70B / 2xH100,general,163,7.7620731600667131e-80,0.99999999999999989
llama33_70b_2xH100_fp8_TP2,70B / 2xH100,general,164,9.6129468397937089e-81,0.99999999999999989
llama33_70b_2xH100_fp8_TP2,70B / 2xH100,general,165,1.1810627976130606e-81,0.99999999999999989
llama33_70b_2xH100_fp8_TP2,70B / 2xH100,general,166,1.4396020760215495e-82,0.99999999999999989
llama33_70b_2xH100_fp8_TP2,70B / 2xH100,general,167,1.7409253807063642e-83,0.99999999999999989
llama33_70b_2xH100_fp8_TP2,70B / 2xH100,general,168,2.0888202643006906e-84,0.99999999999999989
llama33_70b_2xH100_fp8_TP2,70B / 2xH100,general,169,2.4866807320197105e-85,0.99999999999999989
llama33_70b_2xH100_fp8_TP2,70B / 2xH100,general,170,2.9373227290770529e-86,0.99999999999999989
llama33_70b_2xH100_fp8_TP2,70B / 2xH100,general,171,3.4427892700336638e-87,0.99999999999999989
llama33_70b_2xH100_fp8_TP2,70B / 2xH100,general,172,4.00415275503249e-88,0.99999999999999989
llama33_70b_2xH100_fp8_TP2,70B / 2xH100,general,173,4.6213234437348148e-89,0.99999999999999989
llama33_70b_2xH100_fp8_TP2,70B / 2xH100,general,174,5.2928741457896839e-90,0.99999999999999989
llama33_70b_2xH100_fp8_TP2,70B / 2xH100,general,175,6.0158918076155561e-91,0.99999999999999989
llama33_70b_2xH100_fp8_TP2,70B / 2xH100,general,176,6.7858667173767104e-92,0.99999999999999989
llama33_70b_2xH100_fp8_TP2,70B / 2xH100,general,177,7.5966294309864269e-93,0.99999999999999989
llama33_70b_2xH100_fp8_TP2,70B / 2xH100,general,178,8.4403441998276002e-94,0.99999999999999989
llama33_70b_2xH100_fp8_TP2,70B / 2xH100,general,179,9.307565662637021e-95,0.99999999999999989
llama33_70b_2xH100_fp8_TP2,70B / 2xH100,general,180,1.0187362910637342e-95,0.99999999999999989
llama33_70b_2xH100_fp8_TP2,70B / 2xH100,general,181,1.106751186220188e-96,0.99999999999999989
llama33_70b_2xH100_fp8_TP2,70B / 2xH100,general,182,1.1934753357290424e-97,0.99999999999999989
llama33_70b_2xH100_fp8_TP2,70B / 2xH100,general,183,1.2775110710159187e-98,0.99999999999999989
llama33_70b_2xH100_fp8_TP2,70B / 2xH100,general,184,1.3574256876735174e-99,0.99999999999999989
llama33_70b_2xH100_fp8_TP2,70B / 2xH100,general,185,1.4317918146468424e-100,0.99999999999999989
llama33_70b_2xH100_fp8_TP2,70B / 2xH100,general,186,1.4992298594677202e-101,0.99999999999999989
llama33_70b_2xH100_fp8_TP2,70B / 2xH100,general,187,1.5584507639255667e-102,0.99999999999999989
llama33_70b_2xH100_fp8_TP2,70B / 2xH100,general,188,1.6082972097360861e-103,0.99999999999999989
llama33_70b_2xH100_fp8_TP2,70B / 2xH100,general,189,1.6477814233891923e-104,0.99999999999999989
llama33_70b_2xH100_fp8_TP2,70B / 2xH100,general,190,1.6761178462818419e-105,0.99999999999999989
llama33_70b_2xH100_fp8_TP2,70B / 2xH100,general,191,1.6927491556952009e-106,0.99999999999999989
llama33_70b_2xH100_fp8_TP2,70B / 2xH100,general,192,1.6973644319541433e-107,0.99999999999999989
llama33_70b_2xH100_fp8_TP2,70B / 2xH100,general,193,1.6899086484197087e-108,0.99999999999999989
llama33_70b_2xH100_fp8_TP2,70B / 2xH100,general,194,1.6705830898460777e-109,0.99999999999999989
llama33_70b_2xH100_fp8_TP2,70B / 2xH100,general,195,1.6398367537930968e-110,0.99999999999999989
llama33_70b_2xH100_fp8_TP2,70B / 2xH100,general,196,1.5983492307323654e-111,0.99999999999999989
llama33_70b_2xH100_fp8_TP2,70B / 2xH100,general,197,1.5470059637253001e-112,0.99999999999999989
llama33_70b_2xH100_fp8_TP2,70B / 2xH100,general,198,1.4868671336635971e-113,0.99999999999999989
llama33_70b_2xH100_fp8_TP2,70B / 2xH100,general,199,1.4191316814655182e-114,0.99999999999999989
llama33_70b_2xH100_fp8_TP2,70B / 2xH100,general,200,1.3450981508901206e-115,0.99999999999999989
llama33_70b_2xH100_fp8_TP2,70B / 2xH100,general,201,1.2661241082555506e-116,0.99999999999999989
llama33_70b_2xH100_fp8_TP2,70B / 2xH100,general,202,1.183585868893518e-117,0.99999999999999989
llama33_70b_2xH100_fp8_TP2,70B / 2xH100,general,203,1.0988401418639775e-118,0.99999999999999989
llama33_70b_2xH100_fp8_TP2,70B / 2xH100,general,204,1.0131890072411866e-119,0.99999999999999989
llama33_70b_2xH100_fp8_TP2,70B / 2xH100,general,205,9.2784938150814675e-121,0.99999999999999989
llama33_70b_2xH100_fp8_TP2,70B / 2xH100,general,206,8.4392782641135428e-122,0.99999999999999989
llama33_70b_2xH100_fp8_TP2,70B / 2xH100,general,207,7.624012363011438e-123,0.99999999999999989
llama33_70b_2xH100_fp8_TP2,70B / 2xH100,general,208,6.841036192676778e-124,0.99999999999999989
llama33_70b_2xH100_fp8_TP2,70B / 2xH100,general,209,6.0971888706693273e-125,0.99999999999999989
llama33_70b_2xH100_fp8_TP2,70B / 2xH100,general,210,5.3977930358184315e-126,0.99999999999999989
llama33_70b_2xH100_fp8_TP2,70B / 2xH100,general,211,4.7466902313132553e-127,0.99999999999999989
llama33_70b_2xH100_fp8_TP2,70B / 2xH100,general,212,4.1463198575101964e-128,0.99999999999999989
llama33_70b_2xH100_fp8_TP2,70B / 2xH100,general,213,3.5978332970047996e-129,0.99999999999999989
llama33_70b_2xH100_fp8_TP2,70B / 2xH100,general,214,3.101234309377859e-130,0.99999999999999989
llama33_70b_2xH100_fp8_TP2,70B / 2xH100,general,215,2.6555368071855432e-131,0.99999999999999989
llama33_70b_2xH100_fp8_TP2,70B / 2xH100,general,216,2.258931587022114e-132,0.99999999999999989
llama33_70b_2xH100_fp8_TP2,70B / 2xH100,general,217,1.9089544103553263e-133,0.99999999999999989
llama33_70b_2xH100_fp8_TP2,70B / 2xH100,general,218,1.6026489093484291e-134,0.99999999999999989
llama33_70b_2xH100_fp8_TP2,70B / 2xH100,general,219,1.3367190327955767e-135,0.99999999999999989
llama33_70b_2xH100_fp8_TP2,70B / 2xH100,general,220,1.1076670521398944e-136,0.99999999999999989
llama33_70b_2xH100_fp8_TP2,70B / 2xH100,general,221,9.1191443411935231e-138,0.99999999999999989
llama33_70b_2xH100_fp8_TP2,70B / 2xH100,general,222,7.4590408673578702e-139,0.99999999999999989
llama33_70b_2xH100_fp8_TP2,70B / 2xH100,general,223,6.0618354786410286e-140,0.99999999999999989
llama33_70b_2xH100_fp8_TP2,70B / 2xH100,general,224,4.8946957728400987e-141,0.99999999999999989
llama33_70b_2xH100_fp8_TP2,70B / 2xH100,general,225,3.926953161425662e-142,0.99999999999999989
llama33_70b_2xH100_fp8_TP2,70B / 2xH100,general,226,3.1304169034720199e-143,0.99999999999999989
llama33_70b_2xH100_fp8_TP2,70B / 2xH100,general,227,2.4795506560180209e-144,0.99999999999999989
llama33_70b_2xH100_fp8_TP2,70B / 2xH100,general,228,1.9515333016072912e-145,0.99999999999999989
llama33_70b_2xH100_fp8_TP2,70B / 2xH100,general,229,1.5262261126459432e-146,0.99999999999999989
llama33_70b_2xH100_fp8_TP2,70B / 2xH100,general,230,1.186067501398132e-147,0.99999999999999989
llama33_70b_2xH100_fp8_TP2,70B / 2xH100,general,231,9.1591496569648572e-149,0.99999999999999989
llama33_70b_2xH100_fp8_TP2,70B / 2xH100,general,232,7.0285164262211154e-150,0.99999999999999989
llama33_70b_2xH100_fp8_TP2,70B / 2xH100,general,233,5.3597236698418338e-151,0.99999999999999989
llama33_70b_2xH100_fp8_TP2,70B / 2xH100,general,234,4.0616150324278038e-152,0.99999999999999989
llama33_70b_2xH100_fp8_TP2,70B / 2xH100,general,235,3.058722421953981e-153,0.99999999999999989
llama33_70b_2xH100_fp8_TP2,70B / 2xH100,general,236,2.289146490493204e-154,0.99999999999999989
llama33_70b_2xH100_fp8_TP2,70B / 2xH100,general,237,1.7025759972532277e-155,0.99999999999999989
llama33_70b_2xH100_fp8_TP2,70B / 2xH100,general,238,1.2584789473688872e-156,0.99999999999999989
llama33_70b_2xH100_fp8_TP2,70B / 2xH100,general,239,9.2448312960457441e-158,0.99999999999999989
llama33_70b_2xH100_fp8_TP2,70B / 2xH100,general,240,6.7495156400166484e-159,0.99999999999999989
llama33_70b_2xH100_fp8_TP2,70B / 2xH100,general,241,4.8974920370551469e-160,0.99999999999999989
llama33_70b_2xH100_fp8_TP2,70B / 2xH100,general,242,3.5319069170707134e-161,0.99999999999999989
llama33_70b_2xH100_fp8_TP2,70B / 2xH100,general,243,2.5315467102198229e-162,0.99999999999999989
llama33_70b_2xH100_fp8_TP2,70B / 2xH100,general,244,1.8034768372817659e-163,0.99999999999999989
llama33_70b_2xH100_fp8_TP2,70B / 2xH100,general,245,1.2769967812088952e-164,0.99999999999999989
llama33_70b_2xH100_fp8_TP2,70B / 2xH100,general,246,8.987321289885641e-166,0.99999999999999989
llama33_70b_2xH100_fp8_TP2,70B / 2xH100,general,247,6.2869285683580541e-167,0.99999999999999989
llama33_70b_2xH100_fp8_TP2,70B / 2xH100,general,248,4.3714053587284685e-168,0.99999999999999989
llama33_70b_2xH100_fp8_TP2,70B / 2xH100,general,249,3.0212340825834375e-169,0.99999999999999989
llama33_70b_2xH100_fp8_TP2,70B / 2xH100,general,250,2.075557637068836e-170,0.99999999999999989
llama33_70b_2xH100_fp8_TP2,70B / 2xH100,general,251,1.4173551248093126e-171,0.99999999999999989
llama33_70b_2xH100_fp8_TP2,70B / 2xH100,general,252,9.621045979571084e-173,0.99999999999999989
llama33_70b_2xH100_fp8_TP2,70B / 2xH100,general,253,6.4919004512470046e-174,0.99999999999999989
llama33_70b_2xH100_fp8_TP2,70B / 2xH100,general,254,4.3544521823068529e-175,0.99999999999999989
llama33_70b_2xH100_fp8_TP2,70B / 2xH100,general,255,2.903443782385732e-176,0.99999999999999989
llama33_70b_2xH100_fp8_TP2,70B / 2xH100,general,256,1.9244985742062129e-177,0.99999999999999989
llama33_70b_2xH100_fp8_TP2,70B / 2xH100,general,257,1.2680957418930946e-178,0.99999999999999989
llama33_70b_2xH100_fp8_TP2,70B / 2xH100,general,258,8.3065889966758697e-180,0.99999999999999989
llama33_70b_2xH100_fp8_TP2,70B / 2xH100,general,259,5.4092309667391076e-181,0.99999999999999989
llama33_70b_2xH100_fp8_TP2,70B / 2xH100,general,260,3.501840003684231e-182,0.99999999999999989
llama33_70b_2xH100_fp8_TP2,70B / 2xH100,general,261,2.2537764654482987e-183,0.99999999999999989
llama33_70b_2xH100_fp8_TP2,70B / 2xH100,general,262,1.4420651788596495e-184,0.99999999999999989
llama33_70b_2xH100_fp8_TP2,70B / 2xH100,general,263,9.1732693695429158e-186,0.99999999999999989
llama33_70b_2xH100_fp8_TP2,70B / 2xH100,general,264,5.801419289313903e-187,0.99999999999999989
llama33_70b_2xH100_fp8_TP2,70B / 2xH100,general,265,3.6477142643931164e-188,0.99999999999999989
llama33_70b_2xH100_fp8_TP2,70B / 2xH100,general,266,2.2802862384849833e-189,0.99999999999999989
llama33_70b_2xH100_fp8_TP2,70B / 2xH100,general,267,1.4172465892232477e-190,0.99999999999999989
llama33_70b_2xH100_fp8_TP2,70B / 2xH100,general,268,8.7577880080031509e-192,0.99999999999999989
llama33_70b_2xH100_fp8_TP2,70B / 2xH100,general,269,5.3807374051829453e-193,0.99999999999999989
llama33_70b_2xH100_fp8_TP2,70B / 2xH100,general,270,3.2869484294868151e-194,0.99999999999999989
llama33_70b_2xH100_fp8_TP2,70B / 2xH100,general,271,1.9964251020937904e-195,0.99999999999999989
llama33_70b_2xH100_fp8_TP2,70B / 2xH100,general,272,1.2056672475944059e-196,0.99999999999999989
llama33_70b_2xH100_fp8_TP2,70B / 2xH100,general,273,7.2397145129038172e-198,0.99999999999999989
llama33_70b_2xH100_fp8_TP2,70B / 2xH100,general,274,4.3225511015231806e-199,0.99999999999999989
llama33_70b_2xH100_fp8_TP2,70B / 2xH100,general,275,2.566189287963219e-200,0.99999999999999989
llama33_70b_2xH100_fp8_TP2,70B / 2xH100,general,276,1.5148589258338244e-201,0.99999999999999989
llama33_70b_2xH100_fp8_TP2,70B / 2xH100,general,277,8.8919230458648e-203,0.99999999999999989
llama33_70b_2xH100_fp8_TP2,70B / 2xH100,general,278,5.189962419225913e-204,0.99999999999999989
llama33_70b_2xH100_fp8_TP2,70B / 2xH100,general,279,3.0121924147031173e-205,0.99999999999999989
llama33_70b_2xH100_fp8_TP2,70B / 2xH100,general,280,1.7384256196787726e-206,0.99999999999999989
llama33_70b_2xH100_fp8_TP2,70B / 2xH100,general,281,9.9767549971527809e-208,0.99999999999999989
llama33_70b_2xH100_fp8_TP2,70B / 2xH100,general,282,5.6936023896603386e-209,0.99999999999999989
llama33_70b_2xH100_fp8_TP2,70B / 2xH100,general,283,3.2311297714736762e-210,0.99999999999999989
llama33_70b_2xH100_fp8_TP2,70B / 2xH100,general,284,1.8234584349732217e-211,0.99999999999999989
llama33_70b_2xH100_fp8_TP2,70B / 2xH100,general,285,1.0233313075675684e-212,0.99999999999999989
llama33_70b_2xH100_fp8_TP2,70B / 2xH100,general,286,5.7111065705263263e-214,0.99999999999999989
llama33_70b_2xH100_fp8_TP2,70B / 2xH100,general,287,3.1696588664474447e-215,0.99999999999999989
llama33_70b_2xH100_fp8_TP2,70B / 2xH100,general,288,1.7494343418596805e-216,0.99999999999999989
llama33_70b_2xH100_fp8_TP2,70B / 2xH100,general,289,9.6024091030294362e-218,0.99999999999999989
llama33_70b_2xH100_fp8_TP2,70B / 2xH100,general,290,5.2416102786842934e-219,0.99999999999999989
llama33_70b_2xH100_fp8_TP2,70B / 2xH100,general,291,2.8454811296068151e-220,0.99999999999999989
llama33_70b_2xH100_fp8_TP2,70B / 2xH100,general,292,1.536234838178457e-221,0.99999999999999989
llama33_70b_2xH100_fp8_TP2,70B / 2xH100,general,293,8.2484975112926509e-223,0.99999999999999989
llama33_70b_2xH100_fp8_TP2,70B / 2xH100,general,294,4.4046540983810855e-224,0.99999999999999989
llama33_70b_2xH100_fp8_TP2,70B / 2xH100,general,295,2.3392295460920734e-225,0.99999999999999989
llama33_70b_2xH100_fp8_TP2,70B / 2xH100,general,296,1.2355554973207294e-226,0.99999999999999989
llama33_70b_2xH100_fp8_TP2,70B / 2xH100,general,297,6.4905923859008741e-228,0.99999999999999989
llama33_70b_2xH100_fp8_TP2,70B / 2xH100,general,298,3.3911212580616581e-229,0.99999999999999989
llama33_70b_2xH100_fp8_TP2,70B / 2xH100,general,299,1.7621521963493426e-230,0.99999999999999989
llama33_70b_2xH100_fp8_TP2,70B / 2xH100,general,300,9.107282290398937e-232,0.99999999999999989
llama33_70b_2xH100_fp8_TP2,70B / 2xH100,general,301,4.681484686643951e-233,0.99999999999999989
llama33_70b_2xH100_fp8_TP2,70B / 2xH100,general,302,2.3934918233544614e-234,0.99999999999999989
llama33_70b_2xH100_fp8_TP2,70B / 2xH100,general,303,1.2171325974875172e-235,0.99999999999999989
llama33_70b_2xH100_fp8_TP2,70B / 2xH100,general,304,6.1560974186442009e-237,0.99999999999999989
llama33_70b_2xH100_fp8_TP2,70B / 2xH100,general,305,3.0969823079245426e-238,0.99999999999999989
llama33_70b_2xH100_fp8_TP2,70B / 2xH100,general,306,1.5496784355373234e-239,0.99999999999999989
llama33_70b_2xH100_fp8_TP2,70B / 2xH100,general,307,7.7129056982879324e-241,0.99999999999999989
llama33_70b_2xH100_fp8_TP2,70B / 2xH100,general,308,3.8183165479618306e-242,0.99999999999999989
llama33_70b_2xH100_fp8_TP2,70B / 2xH100,general,309,1.8802136108802437e-243,0.99999999999999989
llama33_70b_2xH100_fp8_TP2,70B / 2xH100,general,310,9.2093219521705134e-245,0.99999999999999989
llama33_70b_2xH100_fp8_TP2,70B / 2xH100,general,311,4.4868043908499596e-246,0.99999999999999989
llama33_70b_2xH100_fp8_TP2,70B / 2xH100,general,312,2.1743998917733707e-247,0.99999999999999989
llama33_70b_2xH100_fp8_TP2,70B / 2xH100,general,313,1.0481857581555695e-248,0.99999999999999989
llama33_70b_2xH100_fp8_TP2,70B / 2xH100,general,314,5.0261722758056779e-250,0.99999999999999989
llama33_70b_2xH100_fp8_TP2,70B / 2xH100,general,315,2.3973997646201082e-251,0.99999999999999989
llama33_70b_2xH100_fp8_TP2,70B / 2xH100,general,316,1.1374994162289392e-252,0.99999999999999989
llama33_70b_2xH100_fp8_TP2,70B / 2xH100,general,317,5.3687499432009718e-254,0.99999999999999989
llama33_70b_2xH100_fp8_TP2,70B / 2xH100,general,318,2.5206354822269031e-255,0.99999999999999989
llama33_70b_2xH100_fp8_TP2,70B / 2xH100,general,319,1.1772409605763116e-256,0.99999999999999989
llama33_70b_2xH100_fp8_TP2,70B / 2xH100,general,320,5.469437704766279e-258,0.99999999999999989
llama33_70b_2xH100_fp8_TP2,70B / 2xH100,general,321,2.527816304730499e-259,0.99999999999999989
llama33_70b_2xH100_fp8_TP2,70B / 2xH100,general,322,1.1621905655524349e-260,0.99999999999999989
llama33_70b_2xH100_fp8_TP2,70B / 2xH100,general,323,5.3154696892779109e-262,0.99999999999999989
llama33_70b_2xH100_fp8_TP2,70B / 2xH100,general,324,2.4184763525473996e-263,0.99999999999999989
llama33_70b_2xH100_fp8_TP2,70B / 2xH100,general,325,1.0946652937921408e-264,0.99999999999999989
llama33_70b_2xH100_fp8_TP2,70B / 2xH100,general,326,4.9290535376123914e-266,0.99999999999999989
llama33_70b_2xH100_fp8_TP2,70B / 2xH100,general,327,2.2079628139105654e-267,0.99999999999999989
llama33_70b_2xH100_fp8_TP2,70B / 2xH100,general,328,9.8394161955847536e-269,0.99999999999999989
llama33_70b_2xH100_fp8_TP2,70B / 2xH100,general,329,4.3621396084243683e-270,0.99999999999999989
llama33_70b_2xH100_fp8_TP2,70B / 2xH100,general,330,1.923914262270477e-271,0.99999999999999989
llama33_70b_2xH100_fp8_TP2,70B / 2xH100,general,331,8.4417217742133078e-273,0.99999999999999989
llama33_70b_2xH100_fp8_TP2,70B / 2xH100,general,332,3.6850105779496174e-274,0.99999999999999989
llama33_70b_2xH100_fp8_TP2,70B / 2xH100,general,333,1.6003391090120247e-275,0.99999999999999989
llama33_70b_2xH100_fp8_TP2,70B / 2xH100,general,334,6.9143926599989775e-277,0.99999999999999989
llama33_70b_2xH100_fp8_TP2,70B / 2xH100,general,335,2.9721309441341263e-278,0.99999999999999989
llama33_70b_2xH100_fp8_TP2,70B / 2xH100,general,336,1.2710330219191336e-279,0.99999999999999989
llama33_70b_2xH100_fp8_TP2,70B / 2xH100,general,337,5.4078397170091237e-281,0.99999999999999989
llama33_70b_2xH100_fp8_TP2,70B / 2xH100,general,338,2.2891377882443687e-282,0.99999999999999989
llama33_70b_2xH100_fp8_TP2,70B / 2xH100,general,339,9.6406039776752068e-284,0.99999999999999989
llama33_70b_2xH100_fp8_TP2,70B / 2xH100,general,340,4.039464075628762e-285,0.99999999999999989
llama33_70b_2xH100_fp8_TP2,70B / 2xH100,general,341,1.6839664906127038e-286,0.99999999999999989
llama33_70b_2xH100_fp8_TP2,70B / 2xH100,general,342,6.9845156199005372e-288,0.99999999999999989
llama33_70b_2xH100_fp8_TP2,70B / 2xH100,general,343,2.8822737993849093e-289,0.99999999999999989
llama33_70b_2xH100_fp8_TP2,70B / 2xH100,general,344,1.1834044133628526e-290,0.99999999999999989
llama33_70b_2xH100_fp8_TP2,70B / 2xH100,general,345,4.8342937642428521e-292,0.99999999999999989
llama33_70b_2xH100_fp8_TP2,70B / 2xH100,general,346,1.9648873720430516e-293,0.99999999999999989
llama33_70b_2xH100_fp8_TP2,70B / 2xH100,general,347,7.946024537203132e-295,0.99999999999999989
llama33_70b_2xH100_fp8_TP2,70B / 2xH100,general,348,3.197220435759794e-296,0.99999999999999989
llama33_70b_2xH100_fp8_TP2,70B / 2xH100,general,349,1.2799956544309596e-297,0.99999999999999989
llama33_70b_2xH100_fp8_TP2,70B / 2xH100,general,350,5.0987113043622901e-299,0.99999999999999989
llama33_70b_2xH100_fp8_TP2,70B / 2xH100,general,351,2.0208362051352341e-300,0.99999999999999989
llama33_70b_2xH100_fp8_TP2,70B / 2xH100,general,352,7.9693573287719592e-302,0.99999999999999989
llama33_70b_2xH100_fp8_TP2,70B / 2xH100,general,353,3.1270850082689498e-303,0.99999999999999989
llama33_70b_2xH100_fp8_TP2,70B / 2xH100,general,354,1.2209080600839475e-304,0.99999999999999989
llama33_70b_2xH100_fp8_TP2,70B / 2xH100,general,355,4.7430290253058202e-306,0.99999999999999989
llama33_70b_2xH100_fp8_TP2,70B / 2xH100,general,356,1.8334150502392264e-307,0.99999999999999989
llama33_70b_2xH100_fp8_TP2,70B / 2xH100,general,357,7.0518100909981515e-309,0.99999999999999989
llama33_70b_2xH100_fp8_TP2,70B / 2xH100,general,358,2.6988442746070445e-310,0.99999999999999989
llama33_70b_2xH100_fp8_TP2,70B / 2xH100,general,359,1.0277678324640785e-311,0.99999999999999989
llama33_70b_2xH100_fp8_TP2,70B / 2xH100,general,360,3.8945272293148359e-313,0.99999999999999989
llama33_70b_2xH100_fp8_TP2,70B / 2xH100,general,361,1.4684512348226151e-314,0.99999999999999989
llama33_70b_2xH100_fp8_TP2,70B / 2xH100,general,362,5.5094962223907325e-316,0.99999999999999989
llama33_70b_2xH100_fp8_TP2,70B / 2xH100,general,363,2.0569044721448403e-317,0.99999999999999989
llama33_70b_2xH100_fp8_TP2,70B / 2xH100,general,364,7.6412192785807191e-319,0.99999999999999989
llama33_70b_2xH100_fp8_TP2,70B / 2xH100,general,365,2.823585165982724e-320,0.99999999999999989
llama33_70b_2xH100_fp8_TP2,70B / 2xH100,general,366,1.0375378562666177e-321,0.99999999999999989
llama33_70b_2xH100_fp8_TP2,70B / 2xH100,general,367,3.4584595208887258e-323,0.99999999999999989
llama33_70b_2xH100_fp8_TP2,70B / 2xH100,general,368,0,0.99999999999999989
llama33_70b_2xH100_fp8_TP2,70B / 2xH100,general,369,0,0.99999999999999989
llama33_70b_2xH100_fp8_TP2,70B / 2xH100,general,370,0,0.99999999999999989
llama33_70b_2xH100_fp8_TP2,70B / 2xH100,general,371,0,0.99999999999999989
llama33_70b_2xH100_fp8_TP2,70B / 2xH100,general,372,0,0.99999999999999989
llama33_70b_2xH100_fp8_TP2,70B / 2xH100,general,373,0,0.99999999999999989
llama33_70b_2xH100_fp8_TP2,70B / 2xH100,general,374,0,0.99999999999999989
llama33_70b_2xH100_fp8_TP2,70B / 2xH100,general,375,0,0.99999999999999989
llama33_70b_2xH100_fp8_TP2,70B / 2xH100,general,376,0,0.99999999999999989
llama33_70b_2xH100_fp8_TP2,70B / 2xH100,general,377,0,0.99999999999999989
llama33_70b_2xH100_fp8_TP2,70B / 2xH100,general,378,0,0.99999999999999989
llama33_70b_2xH100_fp8_TP2,70B / 2xH100,general,379,0,0.99999999999999989
llama33_70b_2xH100_fp8_TP2,70B / 2xH100,general,380,0,0.99999999999999989
llama33_70b_2xH100_fp8_TP2,70B / 2xH100,general,381,0,0.99999999999999989
llama33_70b_2xH100_fp8_TP2,70B / 2xH100,general,382,0,0.99999999999999989
llama33_70b_2xH100_fp8_TP2,70B / 2xH100,general,383,0,0.99999999999999989
llama33_70b_2xH100_fp8_TP2,70B / 2xH100,general,384,0,0.99999999999999989
llama33_70b_2xH100_fp8_TP2,70B / 2xH100,general,385,0,0.99999999999999989
llama33_70b_2xH100_fp8_TP2,70B / 2xH100,general,386,0,0.99999999999999989
llama33_70b_2xH100_fp8_TP2,70B / 2xH100,general,387,0,0.99999999999999989
llama33_70b_2xH100_fp8_TP2,70B / 2xH100,general,388,0,0.99999999999999989
llama33_70b_2xH100_fp8_TP2,70B / 2xH100,general,389,0,0.99999999999999989
llama33_70b_2xH100_fp8_TP2,70B / 2xH100,general,390,0,0.99999999999999989
llama33_70b_2xH100_fp8_TP2,70B / 2xH100,general,391,0,0.99999999999999989
llama33_70b_2xH100_fp8_TP2,70B / 2xH100,general,392,0,0.99999999999999989
llama33_70b_2xH100_fp8_TP2,70B / 2xH100,general,393,0,0.99999999999999989
llama33_70b_2xH100_fp8_TP2,70B / 2xH100,general,394,0,0.99999999999999989
llama33_70b_2xH100_fp8_TP2,70B / 2xH100,general,395,0,0.99999999999999989
llama33_70b_2xH100_fp8_TP2,70B / 2xH100,general,396,0,0.99999999999999989
llama33_70b_2xH100_fp8_TP2,70B / 2xH100,general,397,0,0.99999999999999989
llama33_70b_2xH100_fp8_TP2,70B / 2xH100,general,398,0,0.99999999999999989
llama33_70b_2xH100_fp8_TP2,70B / 2xH100,general,399,0,0.99999999999999989
llama33_70b_2xH100_fp8_TP2,70B / 2xH100,general,400,0,0.99999999999999989
llama33_70b_2xH100_fp8_TP2,70B / 2xH100,general,401,0,0.99999999999999989
llama33_70b_2xH100_fp8_TP2,70B / 2xH100,general,402,0,0.99999999999999989
llama33_70b_2xH100_fp8_TP2,70B / 2xH100,general,403,0,0.99999999999999989
llama33_70b_2xH100_fp8_TP2,70B / 2xH100,general,404,0,0.99999999999999989
llama33_70b_2xH100_fp8_TP2,70B / 2xH100,general,405,0,0.99999999999999989
llama33_70b_2xH100_fp8_TP2,70B / 2xH100,general,406,0,0.99999999999999989
llama33_70b_2xH100_fp8_TP2,70B / 2xH100,general,407,0,0.99999999999999989
llama33_70b_2xH100_fp8_TP2,70B / 2xH100,general,408,0,0.99999999999999989
llama33_70b_2xH100_fp8_TP2,70B / 2xH100,general,409,0,0.99999999999999989
llama33_70b_2xH100_fp8_TP2,70B / 2xH100,general,410,0,0.99999999999999989
llama33_70b_2xH100_fp8_TP2,70B / 2xH100,general,411,0,0.99999999999999989
llama33_70b_2xH100_fp8_TP2,70B / 2xH100,general,412,0,0.99999999999999989
llama33_70b_2xH100_fp8_TP2,70B / 2xH100,general,413,0,0.99999999999999989
llama33_70b_2xH100_fp8_TP2,70B / 2xH100,general,414,0,0.99999999999999989
llama33_70b_2xH100_fp8_TP2,70B / 2xH100,general,415,0,0.99999999999999989
llama33_70b_2xH100_fp8_TP2,70B / 2xH100,general,416,0,0.99999999999999989
llama33_70b_2xH100_fp8_TP2,70B / 2xH100,general,417,0,0.99999999999999989
llama33_70b_2xH100_fp8_TP2,70B / 2xH100,general,418,0,0.99999999999999989
llama33_70b_2xH100_fp8_TP2,70B / 2xH100,general,419,0,0.99999999999999989
llama33_70b_2xH100_fp8_TP2,70B / 2xH100,general,420,0,0.99999999999999989
llama33_70b_2xH100_fp8_TP2,70B / 2xH100,general,421,0,0.99999999999999989
llama33_70b_2xH100_fp8_TP2,70B / 2xH100,general,422,0,0.99999999999999989
llama33_70b_2xH100_fp8_TP2,70B / 2xH100,general,423,0,0.99999999999999989
llama33_70b_2xH100_fp8_TP2,70B / 2xH100,general,424,0,0.99999999999999989
llama33_70b_2xH100_fp8_TP2,70B / 2xH100,general,425,0,0.99999999999999989
llama33_70b_2xH100_fp8_TP2,70B / 2xH100,general,426,0,0.99999999999999989
llama33_70b_2xH100_fp8_TP2,70B / 2xH100,general,427,0,0.99999999999999989
llama33_70b_2xH100_fp8_TP2,70B / 2xH100,general,428,0,0.99999999999999989
llama33_70b_2xH100_fp8_TP2,70B / 2xH100,general,429,0,0.99999999999999989
llama33_70b_2xH100_fp8_TP2,70B / 2xH100,general,430,0,0.99999999999999989
llama33_70b_2xH100_fp8_TP2,70B / 2xH100,general,431,0,0.99999999999999989
llama33_70b_2xH100_fp8_TP2,70B / 2xH100,general,432,0,0.99999999999999989
llama33_70b_2xH100_fp8_TP2,70B / 2xH100,general,433,0,0.99999999999999989
llama33_70b_2xH100_fp8_TP2,70B / 2xH100,general,434,0,0.99999999999999989
llama33_70b_2xH100_fp8_TP2,70B / 2xH100,general,435,0,0.99999999999999989
llama33_70b_2xH100_fp8_TP2,70B / 2xH100,general,436,0,0.99999999999999989
llama33_70b_2xH100_fp8_TP2,70B / 2xH100,general,437,0,0.99999999999999989
llama33_70b_2xH100_fp8_TP2,70B / 2xH100,general,438,0,0.99999999999999989
llama33_70b_2xH100_fp8_TP2,70B / 2xH100,general,439,0,0.99999999999999989
llama33_70b_2xH100_fp8_TP2,70B / 2xH100,general,440,0,0.99999999999999989
llama33_70b_2xH100_fp8_TP2,70B / 2xH100,general,441,0,0.99999999999999989
llama33_70b_2xH100_fp8_TP2,70B / 2xH100,general,442,0,0.99999999999999989
llama33_70b_2xH100_fp8_TP2,70B / 2xH100,general,443,0,0.99999999999999989
llama33_70b_2xH100_fp8_TP2,70B / 2xH100,general,444,0,0.99999999999999989
llama33_70b_2xH100_fp8_TP2,70B / 2xH100,general,445,0,0.99999999999999989
llama33_70b_2xH100_fp8_TP2,70B / 2xH100,general,446,0,0.99999999999999989
llama33_70b_2xH100_fp8_TP2,70B / 2xH100,general,447,0,0.99999999999999989
llama33_70b_2xH100_fp8_TP2,70B / 2xH100,general,448,0,0.99999999999999989
llama33_70b_2xH100_fp8_TP2,70B / 2xH100,general,449,0,0.99999999999999989
llama33_70b_2xH100_fp8_TP2,70B / 2xH100,general,450,0,0.99999999999999989
llama33_70b_2xH100_fp8_TP2,70B / 2xH100,general,451,0,0.99999999999999989
llama33_70b_2xH100_fp8_TP2,70B / 2xH100,general,452,0,0.99999999999999989
llama33_70b_2xH100_fp8_TP2,70B / 2xH100,general,453,0,0.99999999999999989
llama33_70b_2xH100_fp8_TP2,70B / 2xH100,general,454,0,0.99999999999999989
llama33_70b_2xH100_fp8_TP2,70B / 2xH100,general,455,0,0.99999999999999989
llama33_70b_2xH100_fp8_TP2,70B / 2xH100,general,456,0,0.99999999999999989
llama33_70b_2xH100_fp8_TP2,70B / 2xH100,general,457,0,0.99999999999999989
llama33_70b_2xH100_fp8_TP2,70B / 2xH100,general,458,0,0.99999999999999989
llama33_70b_2xH100_fp8_TP2,70B / 2xH100,general,459,0,0.99999999999999989
llama33_70b_2xH100_fp8_TP2,70B / 2xH100,general,460,0,0.99999999999999989
llama33_70b_2xH100_fp8_TP2,70B / 2xH100,general,461,0,0.99999999999999989
llama33_70b_2xH100_fp8_TP2,70B / 2xH100,general,462,0,0.99999999999999989
llama33_70b_2xH100_fp8_TP2,70B / 2xH100,general,463,0,0.99999999999999989
llama33_70b_2xH100_fp8_TP2,70B / 2xH100,general,464,0,0.99999999999999989
llama33_70b_2xH100_fp8_TP2,70B / 2xH100,general,465,0,0.99999999999999989
llama33_70b_2xH100_fp8_TP2,70B / 2xH100,general,466,0,0.99999999999999989
llama33_70b_2xH100_fp8_TP2,70B / 2xH100,general,467,0,0.99999999999999989
llama33_70b_2xH100_fp8_TP2,70B / 2xH100,general,468,0,0.99999999999999989
llama33_70b_2xH100_fp8_TP2,70B / 2xH100,general,469,0,0.99999999999999989
llama33_70b_2xH100_fp8_TP2,70B / 2xH100,general,470,0,0.99999999999999989
llama33_70b_2xH100_fp8_TP2,70B / 2xH100,general,471,0,0.99999999999999989
llama33_70b_2xH100_fp8_TP2,70B / 2xH100,general,472,0,0.99999999999999989
llama33_70b_2xH100_fp8_TP2,70B / 2xH100,general,473,0,0.99999999999999989
llama33_70b_2xH100_fp8_TP2,70B / 2xH100,general,474,0,0.99999999999999989
llama33_70b_2xH100_fp8_TP2,70B / 2xH100,general,475,0,0.99999999999999989
llama33_70b_2xH100_fp8_TP2,70B / 2xH100,general,476,0,0.99999999999999989
llama33_70b_2xH100_fp8_TP2,70B / 2xH100,general,477,0,0.99999999999999989
llama33_70b_2xH100_fp8_TP2,70B / 2xH100,general,478,0,0.99999999999999989
llama33_70b_2xH100_fp8_TP2,70B / 2xH100,general,479,0,0.99999999999999989
llama33_70b_2xH100_fp8_TP2,70B / 2xH100,general,480,0,0.99999999999999989
llama33_70b_2xH100_fp8_TP2,70B / 2xH100,general,481,0,0.99999999999999989
llama33_70b_2xH100_fp8_TP2,70B / 2xH100,general,482,0,0.99999999999999989
llama33_70b_2xH100_fp8_TP2,70B / 2xH100,general,483,0,0.99999999999999989
llama33_70b_2xH100_fp8_TP2,70B / 2xH100,general,484,0,0.99999999999999989
llama33_70b_2xH100_fp8_TP2,70B / 2xH100,general,485,0,0.99999999999999989
llama33_70b_2xH100_fp8_TP2,70B / 2xH100,general,486,0,0.99999999999999989
llama33_70b_2xH100_fp8_TP2,70B / 2xH100,general,487,0,0.99999999999999989
llama33_70b_2xH100_fp8_TP2,70B / 2xH100,general,488,0,0.99999999999999989
llama33_70b_2xH100_fp8_TP2,70B / 2xH100,general,489,0,0.99999999999999989
llama33_70b_2xH100_fp8_TP2,70B / 2xH100,general,490,0,0.99999999999999989
llama33_70b_2xH100_fp8_TP2,70B / 2xH100,general,491,0,0.99999999999999989
llama33_70b_2xH100_fp8_TP2,70B / 2xH100,general,492,0,0.99999999999999989
llama33_70b_2xH100_fp8_TP2,70B / 2xH100,general,493,0,0.99999999999999989
llama33_70b_2xH100_fp8_TP2,70B / 2xH100,general,494,0,0.99999999999999989
llama33_70b_2xH100_fp8_TP2,70B / 2xH100,general,495,0,0.99999999999999989
llama33_70b_2xH100_fp8_TP2,70B / 2xH100,general,496,0,0.99999999999999989
llama33_70b_2xH100_fp8_TP2,70B / 2xH100,general,497,0,0.99999999999999989
llama33_70b_2xH100_fp8_TP2,70B / 2xH100,general,498,0,0.99999999999999989
llama33_70b_2xH100_fp8_TP2,70B / 2xH100,general,499,0,0.99999999999999989
llama33_70b_2xH100_fp8_TP2,70B / 2xH100,general,500,0,0.99999999999999989
llama33_70b_2xH100_fp8_TP2,70B / 2xH100,general,501,0,0.99999999999999989
llama33_70b_2xH100_fp8_TP2,70B / 2xH100,general,502,0,0.99999999999999989
llama33_70b_2xH100_fp8_TP2,70B / 2xH100,general,503,0,0.99999999999999989
llama33_70b_2xH100_fp8_TP2,70B / 2xH100,general,504,0,0.99999999999999989
llama33_70b_2xH100_fp8_TP2,70B / 2xH100,general,505,0,0.99999999999999989
llama33_70b_2xH100_fp8_TP2,70B / 2xH100,general,506,0,0.99999999999999989
llama33_70b_2xH100_fp8_TP2,70B / 2xH100,general,507,0,0.99999999999999989
llama33_70b_2xH100_fp8_TP2,70B / 2xH100,general,508,0,0.99999999999999989
llama33_70b_2xH100_fp8_TP2,70B / 2xH100,general,509,0,0.99999999999999989
llama33_70b_2xH100_fp8_TP2,70B / 2xH100,general,510,0,0.99999999999999989
llama33_70b_2xH100_fp8_TP2,70B / 2xH100,general,511,0,0.99999999999999989
llama33_70b_2xH100_fp8_TP2,70B / 2xH100,general,512,0,0.99999999999999989
llama33_70b_2xH100_fp8_TP2,70B / 2xH100,general,513,0,0.99999999999999989
llama33_70b_2xH100_fp8_TP2,70B / 2xH100,general,514,0,0.99999999999999989
llama33_70b_2xH100_fp8_TP2,70B / 2xH100,general,515,0,0.99999999999999989
llama33_70b_2xH100_fp8_TP2,70B / 2xH100,general,516,0,0.99999999999999989
llama33_70b_2xH100_fp8_TP2,70B / 2xH100,general,517,0,0.99999999999999989
llama33_70b_2xH100_fp8_TP2,70B / 2xH100,general,518,0,0.99999999999999989
llama33_70b_2xH100_fp8_TP2,70B / 2xH100,general,519,0,0.99999999999999989
llama33_70b_2xH100_fp8_TP2,70B / 2xH100,general,520,0,0.99999999999999989
llama33_70b_2xH100_fp8_TP2,70B / 2xH100,general,521,0,0.99999999999999989
llama33_70b_2xH100_fp8_TP2,70B / 2xH100,general,522,0,0.99999999999999989
llama33_70b_2xH100_fp8_TP2,70B / 2xH100,general,523,0,0.99999999999999989
llama33_70b_2xH100_fp8_TP2,70B / 2xH100,general,524,0,0.99999999999999989
llama33_70b_2xH100_fp8_TP2,70B / 2xH100,general,525,0,0.99999999999999989
llama33_70b_2xH100_fp8_TP2,70B / 2xH100,general,526,0,0.99999999999999989
llama33_70b_2xH100_fp8_TP2,70B / 2xH100,general,527,0,0.99999999999999989
llama33_70b_2xH100_fp8_TP2,70B / 2xH100,general,528,0,0.99999999999999989
llama33_70b_2xH100_fp8_TP2,70B / 2xH100,general,529,0,0.99999999999999989
llama33_70b_2xH100_fp8_TP2,70B / 2xH100,general,530,0,0.99999999999999989
llama33_70b_2xH100_fp8_TP2,70B / 2xH100,general,531,0,0.99999999999999989
llama33_70b_2xH100_fp8_TP2,70B / 2xH100,general,532,0,0.99999999999999989
llama33_70b_2xH100_fp8_TP2,70B / 2xH100,general,533,0,0.99999999999999989
llama33_70b_2xH100_fp8_TP2,70B / 2xH100,general,534,0,0.99999999999999989
llama33_70b_2xH100_fp8_TP2,70B / 2xH100,general,535,0,0.99999999999999989
llama33_70b_2xH100_fp8_TP2,70B / 2xH100,general,536,0,0.99999999999999989
llama33_70b_2xH100_fp8_TP2,70B / 2xH100,general,537,0,0.99999999999999989
llama33_70b_2xH100_fp8_TP2,70B / 2xH100,general,538,0,0.99999999999999989
llama33_70b_2xH100_fp8_TP2,70B / 2xH100,general,539,0,0.99999999999999989
llama33_70b_2xH100_fp8_TP2,70B / 2xH100,general,540,0,0.99999999999999989
llama33_70b_2xH100_fp8_TP2,70B / 2xH100,general,541,0,0.99999999999999989
llama33_70b_2xH100_fp8_TP2,70B / 2xH100,general,542,0,0.99999999999999989
llama33_70b_2xH100_fp8_TP2,70B / 2xH100,general,543,0,0.99999999999999989
llama33_70b_2xH100_fp8_TP2,70B / 2xH100,general,544,0,0.99999999999999989
llama33_70b_2xH100_fp8_TP2,70B / 2xH100,general,545,0,0.99999999999999989
llama33_70b_2xH100_fp8_TP2,70B / 2xH100,general,546,0,0.99999999999999989
llama33_70b_2xH100_fp8_TP2,70B / 2xH100,general,547,0,0.99999999999999989
llama33_70b_2xH100_fp8_TP2,70B / 2xH100,general,548,0,0.99999999999999989
llama33_70b_2xH100_fp8_TP2,70B / 2xH100,general,549,0,0.99999999999999989
llama33_70b_2xH100_fp8_TP2,70B / 2xH100,general,550,0,0.99999999999999989
llama33_70b_2xH100_fp8_TP2,70B / 2xH100,general,551,0,0.99999999999999989
llama33_70b_2xH100_fp8_TP2,70B / 2xH100,general,552,0,0.99999999999999989
llama33_70b_2xH100_fp8_TP2,70B / 2xH100,general,553,0,0.99999999999999989
llama33_70b_2xH100_fp8_TP2,70B / 2xH100,general,554,0,0.99999999999999989
llama33_70b_2xH100_fp8_TP2,70B / 2xH100,general,555,0,0.99999999999999989
llama33_70b_2xH100_fp8_TP2,70B / 2xH100,general,556,0,0.99999999999999989
llama33_70b_2xH100_fp8_TP2,70B / 2xH100,general,557,0,0.99999999999999989
llama33_70b_2xH100_fp8_TP2,70B / 2xH100,general,558,0,0.99999999999999989
llama33_70b_2xH100_fp8_TP2,70B / 2xH100,general,559,0,0.99999999999999989
llama33_70b_2xH100_fp8_TP2,70B / 2xH100,general,560,0,0.99999999999999989
llama33_70b_2xH100_fp8_TP2,70B / 2xH100,general,561,0,0.99999999999999989
llama33_70b_2xH100_fp8_TP2,70B / 2xH100,general,562,0,0.99999999999999989
llama33_70b_2xH100_fp8_TP2,70B / 2xH100,general,563,0,0.99999999999999989
llama33_70b_2xH100_fp8_TP2,70B / 2xH100,general,564,0,0.99999999999999989
llama33_70b_2xH100_fp8_TP2,70B / 2xH100,general,565,0,0.99999999999999989
llama33_70b_2xH100_fp8_TP2,70B / 2xH100,general,566,0,0.99999999999999989
llama33_70b_2xH100_fp8_TP2,70B / 2xH100,general,567,0,0.99999999999999989
llama33_70b_2xH100_fp8_TP2,70B / 2xH100,general,568,0,0.99999999999999989
llama33_70b_2xH100_fp8_TP2,70B / 2xH100,general,569,0,0.99999999999999989
llama33_70b_2xH100_fp8_TP2,70B / 2xH100,general,570,0,0.99999999999999989
llama33_70b_2xH100_fp8_TP2,70B / 2xH100,general,571,0,0.99999999999999989
llama33_70b_2xH100_fp8_TP2,70B / 2xH100,general,572,0,0.99999999999999989
llama33_70b_2xH100_fp8_TP2,70B / 2xH100,general,573,0,0.99999999999999989
llama33_70b_2xH100_fp8_TP2,70B / 2xH100,general,574,0,0.99999999999999989
llama33_70b_2xH100_fp8_TP2,70B / 2xH100,general,575,0,0.99999999999999989
llama33_70b_2xH100_fp8_TP2,70B / 2xH100,general,576,0,0.99999999999999989
llama33_70b_2xH100_fp8_TP2,70B / 2xH100,general,577,0,0.99999999999999989
llama33_70b_2xH100_fp8_TP2,70B / 2xH100,general,578,0,0.99999999999999989
llama33_70b_2xH100_fp8_TP2,70B / 2xH100,general,579,0,0.99999999999999989
llama33_70b_2xH100_fp8_TP2,70B / 2xH100,general,580,0,0.99999999999999989
llama33_70b_2xH100_fp8_TP2,70B / 2xH100,general,581,0,0.99999999999999989
llama33_70b_2xH100_fp8_TP2,70B / 2xH100,general,582,0,0.99999999999999989
llama33_70b_2xH100_fp8_TP2,70B / 2xH100,general,583,0,0.99999999999999989
llama33_70b_2xH100_fp8_TP2,70B / 2xH100,general,584,0,0.99999999999999989
llama33_70b_2xH100_fp8_TP2,70B / 2xH100,general,585,0,0.99999999999999989
llama33_70b_2xH100_fp8_TP2,70B / 2xH100,general,586,0,0.99999999999999989
llama33_70b_2xH100_fp8_TP2,70B / 2xH100,general,587,0,0.99999999999999989
llama33_70b_2xH100_fp8_TP2,70B / 2xH100,general,588,0,0.99999999999999989
llama33_70b_2xH100_fp8_TP2,70B / 2xH100,general,589,0,0.99999999999999989
llama33_70b_2xH100_fp8_TP2,70B / 2xH100,general,590,0,0.99999999999999989
llama33_70b_2xH100_fp8_TP2,70B / 2xH100,general,591,0,0.99999999999999989
llama33_70b_2xH100_fp8_TP2,70B / 2xH100,general,592,0,0.99999999999999989
llama33_70b_2xH100_fp8_TP2,70B / 2xH100,general,593,0,0.99999999999999989
llama33_70b_2xH100_fp8_TP2,70B / 2xH100,general,594,0,0.99999999999999989
llama33_70b_2xH100_fp8_TP2,70B / 2xH100,general,595,0,0.99999999999999989
llama33_70b_2xH100_fp8_TP2,70B / 2xH100,general,596,0,0.99999999999999989
llama33_70b_2xH100_fp8_TP2,70B / 2xH100,general,597,0,0.99999999999999989
llama33_70b_2xH100_fp8_TP2,70B / 2xH100,general,598,0,0.99999999999999989
llama33_70b_2xH100_fp8_TP2,70B / 2xH100,general,599,0,0.99999999999999989
llama33_70b_2xH100_fp8_TP2,70B / 2xH100,general,600,0,0.99999999999999989
llama33_70b_2xH100_fp8_TP2,70B / 2xH100,general,601,0,0.99999999999999989
llama33_70b_2xH100_fp8_TP2,70B / 2xH100,general,602,0,0.99999999999999989
llama33_70b_2xH100_fp8_TP2,70B / 2xH100,general,603,0,0.99999999999999989
llama33_70b_2xH100_fp8_TP2,70B / 2xH100,general,604,0,0.99999999999999989
llama33_70b_2xH100_fp8_TP2,70B / 2xH100,general,605,0,0.99999999999999989
llama33_70b_2xH100_fp8_TP2,70B / 2xH100,general,606,0,0.99999999999999989
llama33_70b_2xH100_fp8_TP2,70B / 2xH100,general,607,0,0.99999999999999989
llama33_70b_2xH100_fp8_TP2,70B / 2xH100,general,608,0,0.99999999999999989
llama33_70b_2xH100_fp8_TP2,70B / 2xH100,general,609,0,0.99999999999999989
llama33_70b_2xH100_fp8_TP2,70B / 2xH100,general,610,0,0.99999999999999989
llama33_70b_2xH100_fp8_TP2,70B / 2xH100,general,611,0,0.99999999999999989
llama33_70b_2xH100_fp8_TP2,70B / 2xH100,general,612,0,0.99999999999999989
llama33_70b_2xH100_fp8_TP2,70B / 2xH100,general,613,0,0.99999999999999989
llama33_70b_2xH100_fp8_TP2,70B / 2xH100,general,614,0,0.99999999999999989
llama33_70b_2xH100_fp8_TP2,70B / 2xH100,general,615,0,0.99999999999999989
llama33_70b_2xH100_fp8_TP2,70B / 2xH100,general,616,0,0.99999999999999989
llama33_70b_2xH100_fp8_TP2,70B / 2xH100,general,617,0,0.99999999999999989
llama33_70b_2xH100_fp8_TP2,70B / 2xH100,general,618,0,0.99999999999999989
llama33_70b_2xH100_fp8_TP2,70B / 2xH100,general,619,0,0.99999999999999989
llama33_70b_2xH100_fp8_TP2,70B / 2xH100,general,620,0,0.99999999999999989
llama33_70b_2xH100_fp8_TP2,70B / 2xH100,general,621,0,0.99999999999999989
llama33_70b_2xH100_fp8_TP2,70B / 2xH100,general,622,0,0.99999999999999989
llama33_70b_2xH100_fp8_TP2,70B / 2xH100,general,623,0,0.99999999999999989
llama33_70b_2xH100_fp8_TP2,70B / 2xH100,general,624,0,0.99999999999999989
llama33_70b_2xH100_fp8_TP2,70B / 2xH100,general,625,0,0.99999999999999989
llama33_70b_2xH100_fp8_TP2,70B / 2xH100,general,626,0,0.99999999999999989
llama33_70b_2xH100_fp8_TP2,70B / 2xH100,general,627,0,0.99999999999999989
llama33_70b_2xH100_fp8_TP2,70B / 2xH100,general,628,0,0.99999999999999989
llama33_70b_2xH100_fp8_TP2,70B / 2xH100,general,629,0,0.99999999999999989
llama33_70b_2xH100_fp8_TP2,70B / 2xH100,general,630,0,0.99999999999999989
llama33_70b_2xH100_fp8_TP2,70B / 2xH100,general,631,0,0.99999999999999989
llama33_70b_2xH100_fp8_TP2,70B / 2xH100,general,632,0,0.99999999999999989
llama33_70b_2xH100_fp8_TP2,70B / 2xH100,general,633,0,0.99999999999999989
llama33_70b_2xH100_fp8_TP2,70B / 2xH100,general,634,0,0.99999999999999989
llama33_70b_2xH100_fp8_TP2,70B / 2xH100,general,635,0,0.99999999999999989
llama33_70b_2xH100_fp8_TP2,70B / 2xH100,general,636,0,0.99999999999999989
llama33_70b_2xH100_fp8_TP2,70B / 2xH100,general,637,0,0.99999999999999989
llama33_70b_2xH100_fp8_TP2,70B / 2xH100,general,638,0,0.99999999999999989
llama33_70b_2xH100_fp8_TP2,70B / 2xH100,general,639,0,0.99999999999999989
llama33_70b_2xH100_fp8_TP2,70B / 2xH100,general,640,0,0.99999999999999989
llama33_70b_2xH100_fp8_TP2,70B / 2xH100,general,641,0,0.99999999999999989
llama33_70b_2xH100_fp8_TP2,70B / 2xH100,general,642,0,0.99999999999999989
llama33_70b_2xH100_fp8_TP2,70B / 2xH100,general,643,0,0.99999999999999989
llama33_70b_2xH100_fp8_TP2,70B / 2xH100,general,644,0,0.99999999999999989
llama33_70b_2xH100_fp8_TP2,70B / 2xH100,general,645,0,0.99999999999999989
llama33_70b_2xH100_fp8_TP2,70B / 2xH100,general,646,0,0.99999999999999989
llama33_70b_2xH100_fp8_TP2,70B / 2xH100,general,647,0,0.99999999999999989
llama33_70b_2xH100_fp8_TP2,70B / 2xH100,general,648,0,0.99999999999999989
llama33_70b_2xH100_fp8_TP2,70B / 2xH100,general,649,0,0.99999999999999989
llama33_70b_2xH100_fp8_TP2,70B / 2xH100,general,650,0,0.99999999999999989
llama33_70b_2xH100_fp8_TP2,70B / 2xH100,general,651,0,0.99999999999999989
llama33_70b_2xH100_fp8_TP2,70B / 2xH100,general,652,0,0.99999999999999989
llama33_70b_2xH100_fp8_TP2,70B / 2xH100,general,653,0,0.99999999999999989
llama33_70b_2xH100_fp8_TP2,70B / 2xH100,general,654,0,0.99999999999999989
llama33_70b_2xH100_fp8_TP2,70B / 2xH100,general,655,0,0.99999999999999989
llama33_70b_2xH100_fp8_TP2,70B / 2xH100,general,656,0,0.99999999999999989
llama33_70b_2xH100_fp8_TP2,70B / 2xH100,general,657,0,0.99999999999999989
llama33_70b_2xH100_fp8_TP2,70B / 2xH100,general,658,0,0.99999999999999989
llama33_70b_2xH100_fp8_TP2,70B / 2xH100,general,659,0,0.99999999999999989
llama33_70b_2xH100_fp8_TP2,70B / 2xH100,general,660,0,0.99999999999999989
llama33_70b_2xH100_fp8_TP2,70B / 2xH100,general,661,0,0.99999999999999989
llama33_70b_2xH100_fp8_TP2,70B / 2xH100,general,662,0,0.99999999999999989
llama33_70b_2xH100_fp8_TP2,70B / 2xH100,general,663,0,0.99999999999999989
llama33_70b_2xH100_fp8_TP2,70B / 2xH100,general,664,0,0.99999999999999989
llama33_70b_2xH100_fp8_TP2,70B / 2xH100,general,665,0,0.99999999999999989
llama33_70b_2xH100_fp8_TP2,70B / 2xH100,general,666,0,0.99999999999999989
llama33_70b_2xH100_fp8_TP2,70B / 2xH100,general,667,0,0.99999999999999989
llama33_70b_2xH100_fp8_TP2,70B / 2xH100,general,668,0,0.99999999999999989
llama33_70b_2xH100_fp8_TP2,70B / 2xH100,general,669,0,0.99999999999999989
llama33_70b_2xH100_fp8_TP2,70B / 2xH100,general,670,0,0.99999999999999989
llama33_70b_2xH100_fp8_TP2,70B / 2xH100,general,671,0,0.99999999999999989
llama33_70b_2xH100_fp8_TP2,70B / 2xH100,general,672,0,0.99999999999999989
llama33_70b_2xH100_fp8_TP2,70B / 2xH100,general,673,0,0.99999999999999989
llama33_70b_2xH100_fp8_TP2,70B / 2xH100,general,674,0,0.99999999999999989
llama33_70b_2xH100_fp8_TP2,70B / 2xH100,general,675,0,0.99999999999999989
llama33_70b_2xH100_fp8_TP2,70B / 2xH100,general,676,0,0.99999999999999989
llama33_70b_2xH100_fp8_TP2,70B / 2xH100,general,677,0,0.99999999999999989
llama33_70b_2xH100_fp8_TP2,70B / 2xH100,general,678,0,0.99999999999999989
llama33_70b_2xH100_fp8_TP2,70B / 2xH100,general,679,0,0.99999999999999989
llama33_70b_2xH100_fp8_TP2,70B / 2xH100,general,680,0,0.99999999999999989
llama33_70b_2xH100_fp8_TP2,70B / 2xH100,general,681,0,0.99999999999999989
llama33_70b_2xH100_fp8_TP2,70B / 2xH100,general,682,0,0.99999999999999989
llama33_70b_2xH100_fp8_TP2,70B / 2xH100,general,683,0,0.99999999999999989
llama33_70b_2xH100_fp8_TP2,70B / 2xH100,general,684,0,0.99999999999999989
llama33_70b_2xH100_fp8_TP2,70B / 2xH100,general,685,0,0.99999999999999989
llama33_70b_2xH100_fp8_TP2,70B / 2xH100,general,686,0,0.99999999999999989
llama33_70b_2xH100_fp8_TP2,70B / 2xH100,general,687,0,0.99999999999999989
llama33_70b_2xH100_fp8_TP2,70B / 2xH100,general,688,0,0.99999999999999989
llama33_70b_2xH100_fp8_TP2,70B / 2xH100,general,689,0,0.99999999999999989
llama33_70b_2xH100_fp8_TP2,70B / 2xH100,general,690,0,0.99999999999999989
llama33_70b_2xH100_fp8_TP2,70B / 2xH100,general,691,0,0.99999999999999989
llama33_70b_2xH100_fp8_TP2,70B / 2xH100,general,692,0,0.99999999999999989
llama33_70b_2xH100_fp8_TP2,70B / 2xH100,general,693,0,0.99999999999999989
llama33_70b_2xH100_fp8_TP2,70B / 2xH100,general,694,0,0.99999999999999989
llama33_70b_2xH100_fp8_TP2,70B / 2xH100,general,695,0,0.99999999999999989
llama33_70b_2xH100_fp8_TP2,70B / 2xH100,general,696,0,0.99999999999999989
llama33_70b_2xH100_fp8_TP2,70B / 2xH100,general,697,0,0.99999999999999989
llama33_70b_2xH100_fp8_TP2,70B / 2xH100,general,698,0,0.99999999999999989
llama33_70b_2xH100_fp8_TP2,70B / 2xH100,general,699,0,0.99999999999999989
llama33_70b_2xH100_fp8_TP2,70B / 2xH100,general,700,0,0.99999999999999989
llama33_70b_2xH100_fp8_TP2,70B / 2xH100,general,701,0,0.99999999999999989
llama33_70b_2xH100_fp8_TP2,70B / 2xH100,general,702,0,0.99999999999999989
llama33_70b_2xH100_fp8_TP2,70B / 2xH100,general,703,0,0.99999999999999989
llama33_70b_2xH100_fp8_TP2,70B / 2xH100,general,704,0,0.99999999999999989
llama33_70b_2xH100_fp8_TP2,70B / 2xH100,general,705,0,0.99999999999999989
llama33_70b_2xH100_fp8_TP2,70B / 2xH100,general,706,0,0.99999999999999989
llama33_70b_2xH100_fp8_TP2,70B / 2xH100,general,707,0,0.99999999999999989
llama33_70b_2xH100_fp8_TP2,70B / 2xH100,general,708,0,0.99999999999999989
llama33_70b_2xH100_fp8_TP2,70B / 2xH100,general,709,0,0.99999999999999989
llama33_70b_2xH100_fp8_TP2,70B / 2xH100,general,710,0,0.99999999999999989
llama33_70b_2xH100_fp8_TP2,70B / 2xH100,general,711,0,0.99999999999999989
llama33_70b_2xH100_fp8_TP2,70B / 2xH100,general,712,0,0.99999999999999989
llama33_70b_2xH100_fp8_TP2,70B / 2xH100,general,713,0,0.99999999999999989
llama33_70b_2xH100_fp8_TP2,70B / 2xH100,general,714,0,0.99999999999999989
llama33_70b_2xH100_fp8_TP2,70B / 2xH100,general,715,0,0.99999999999999989
llama33_70b_2xH100_fp8_TP2,70B / 2xH100,general,716,0,0.99999999999999989
llama33_70b_2xH100_fp8_TP2,70B / 2xH100,general,717,0,0.99999999999999989
llama33_70b_2xH100_fp8_TP2,70B / 2xH100,general,718,0,0.99999999999999989
llama33_70b_2xH100_fp8_TP2,70B / 2xH100,general,719,0,0.99999999999999989
llama33_70b_2xH100_fp8_TP2,70B / 2xH100,general,720,0,0.99999999999999989
llama33_70b_2xH100_fp8_TP2,70B / 2xH100,general,721,0,0.99999999999999989
llama33_70b_2xH100_fp8_TP2,70B / 2xH100,general,722,0,0.99999999999999989
llama33_70b_2xH100_fp8_TP2,70B / 2xH100,general,723,0,0.99999999999999989
llama33_70b_2xH100_fp8_TP2,70B / 2xH100,general,724,0,0.99999999999999989
llama33_70b_2xH100_fp8_TP2,70B / 2xH100,general,725,0,0.99999999999999989
llama33_70b_2xH100_fp8_TP2,70B / 2xH100,general,726,0,0.99999999999999989
llama33_70b_2xH100_fp8_TP2,70B / 2xH100,general,727,0,0.99999999999999989
llama33_70b_2xH100_fp8_TP2,70B / 2xH100,general,728,0,0.99999999999999989
llama33_70b_2xH100_fp8_TP2,70B / 2xH100,general,729,0,0.99999999999999989
llama33_70b_2xH100_fp8_TP2,70B / 2xH100,general,730,0,0.99999999999999989
llama33_70b_2xH100_fp8_TP2,70B / 2xH100,general,731,0,0.99999999999999989
llama33_70b_2xH100_fp8_TP2,70B / 2xH100,general,732,0,0.99999999999999989
llama33_70b_2xH100_fp8_TP2,70B / 2xH100,general,733,0,0.99999999999999989
llama33_70b_2xH100_fp8_TP2,70B / 2xH100,general,734,0,0.99999999999999989
llama33_70b_2xH100_fp8_TP2,70B / 2xH100,general,735,0,0.99999999999999989
llama33_70b_2xH100_fp8_TP2,70B / 2xH100,general,736,0,0.99999999999999989
llama33_70b_2xH100_fp8_TP2,70B / 2xH100,general,737,0,0.99999999999999989
llama33_70b_2xH100_fp8_TP2,70B / 2xH100,general,738,0,0.99999999999999989
llama33_70b_2xH100_fp8_TP2,70B / 2xH100,general,739,0,0.99999999999999989
llama33_70b_2xH100_fp8_TP2,70B / 2xH100,general,740,0,0.99999999999999989
llama33_70b_2xH100_fp8_TP2,70B / 2xH100,general,741,0,0.99999999999999989
llama33_70b_2xH100_fp8_TP2,70B / 2xH100,general,742,0,0.99999999999999989
llama33_70b_2xH100_fp8_TP2,70B / 2xH100,general,743,0,0.99999999999999989
llama33_70b_2xH100_fp8_TP2,70B / 2xH100,general,744,0,0.99999999999999989
llama33_70b_2xH100_fp8_TP2,70B / 2xH100,general,745,0,0.99999999999999989
llama33_70b_2xH100_fp8_TP2,70B / 2xH100,general,746,0,0.99999999999999989
llama33_70b_2xH100_fp8_TP2,70B / 2xH100,general,747,0,0.99999999999999989
llama33_70b_2xH100_fp8_TP2,70B / 2xH100,general,748,0,0.99999999999999989
llama33_70b_2xH100_fp8_TP2,70B / 2xH100,general,749,0,0.99999999999999989
llama33_70b_2xH100_fp8_TP2,70B / 2xH100,general,750,0,0.99999999999999989
llama33_70b_2xH100_fp8_TP2,70B / 2xH100,general,751,0,0.99999999999999989
llama33_70b_2xH100_fp8_TP2,70B / 2xH100,general,752,0,0.99999999999999989
llama33_70b_2xH100_fp8_TP2,70B / 2xH100,general,753,0,0.99999999999999989
llama33_70b_2xH100_fp8_TP2,70B / 2xH100,general,754,0,0.99999999999999989
llama33_70b_2xH100_fp8_TP2,70B / 2xH100,general,755,0,0.99999999999999989
llama33_70b_2xH100_fp8_TP2,70B / 2xH100,general,756,0,0.99999999999999989
llama33_70b_2xH100_fp8_TP2,70B / 2xH100,general,757,0,0.99999999999999989
llama33_70b_2xH100_fp8_TP2,70B / 2xH100,general,758,0,0.99999999999999989
llama33_70b_2xH100_fp8_TP2,70B / 2xH100,general,759,0,0.99999999999999989
llama33_70b_2xH100_fp8_TP2,70B / 2xH100,general,760,0,0.99999999999999989
llama33_70b_2xH100_fp8_TP2,70B / 2xH100,general,761,0,0.99999999999999989
llama33_70b_2xH100_fp8_TP2,70B / 2xH100,general,762,0,0.99999999999999989
llama33_70b_2xH100_fp8_TP2,70B / 2xH100,general,763,0,0.99999999999999989
llama33_70b_2xH100_fp8_TP2,70B / 2xH100,general,764,0,0.99999999999999989
llama33_70b_2xH100_fp8_TP2,70B / 2xH100,general,765,0,0.99999999999999989
llama33_70b_2xH100_fp8_TP2,70B / 2xH100,general,766,0,0.99999999999999989
llama33_70b_2xH100_fp8_TP2,70B / 2xH100,general,767,0,0.99999999999999989
llama33_70b_2xH100_fp8_TP2,70B / 2xH100,general,768,0,0.99999999999999989
llama33_70b_2xH100_fp8_TP2,70B / 2xH100,general,769,0,0.99999999999999989
llama33_70b_2xH100_fp8_TP2,70B / 2xH100,general,770,0,0.99999999999999989
llama33_70b_2xH100_fp8_TP2,70B / 2xH100,general,771,0,0.99999999999999989
llama33_70b_2xH100_fp8_TP2,70B / 2xH100,general,772,0,0.99999999999999989
llama33_70b_2xH100_fp8_TP2,70B / 2xH100,general,773,0,0.99999999999999989
llama33_70b_2xH100_fp8_TP2,70B / 2xH100,general,774,0,0.99999999999999989
llama33_70b_2xH100_fp8_TP2,70B / 2xH100,general,775,0,0.99999999999999989
llama33_70b_2xH100_fp8_TP2,70B / 2xH100,general,776,0,0.99999999999999989
llama33_70b_2xH100_fp8_TP2,70B / 2xH100,general,777,0,0.99999999999999989
llama33_70b_2xH100_fp8_TP2,70B / 2xH100,general,778,0,0.99999999999999989
llama33_70b_2xH100_fp8_TP2,70B / 2xH100,general,779,0,0.99999999999999989
llama33_70b_2xH100_fp8_TP2,70B / 2xH100,general,780,0,0.99999999999999989
llama33_70b_2xH100_fp8_TP2,70B / 2xH100,general,781,0,0.99999999999999989
llama33_70b_2xH100_fp8_TP2,70B / 2xH100,general,782,0,0.99999999999999989
llama33_70b_2xH100_fp8_TP2,70B / 2xH100,general,783,0,0.99999999999999989
llama33_70b_2xH100_fp8_TP2,70B / 2xH100,general,784,0,0.99999999999999989
llama33_70b_2xH100_fp8_TP2,70B / 2xH100,general,785,0,0.99999999999999989
llama33_70b_2xH100_fp8_TP2,70B / 2xH100,general,786,0,0.99999999999999989
llama33_70b_2xH100_fp8_TP2,70B / 2xH100,general,787,0,0.99999999999999989
llama33_70b_2xH100_fp8_TP2,70B / 2xH100,general,788,0,0.99999999999999989
llama33_70b_2xH100_fp8_TP2,70B / 2xH100,general,789,0,0.99999999999999989
llama33_70b_2xH100_fp8_TP2,70B / 2xH100,general,790,0,0.99999999999999989
llama33_70b_2xH100_fp8_TP2,70B / 2xH100,general,791,0,0.99999999999999989
llama33_70b_2xH100_fp8_TP2,70B / 2xH100,general,792,0,0.99999999999999989
llama33_70b_2xH100_fp8_TP2,70B / 2xH100,general,793,0,0.99999999999999989
llama33_70b_2xH100_fp8_TP2,70B / 2xH100,general,794,0,0.99999999999999989
llama33_70b_2xH100_fp8_TP2,70B / 2xH100,general,795,0,0.99999999999999989
llama33_70b_2xH100_fp8_TP2,70B / 2xH100,general,796,0,0.99999999999999989
llama33_70b_2xH100_fp8_TP2,70B / 2xH100,general,797,0,0.99999999999999989
llama33_70b_2xH100_fp8_TP2,70B / 2xH100,general,798,0,0.99999999999999989
llama33_70b_2xH100_fp8_TP2,70B / 2xH100,general,799,0,0.99999999999999989
llama33_70b_2xH100_fp8_TP2,70B / 2xH100,general,800,0,0.99999999999999989
llama33_70b_2xH100_fp8_TP2,70B / 2xH100,general,801,0,0.99999999999999989
llama33_70b_2xH100_fp8_TP2,70B / 2xH100,general,802,0,0.99999999999999989
llama33_70b_2xH100_fp8_TP2,70B / 2xH100,general,803,0,0.99999999999999989
llama33_70b_2xH100_fp8_TP2,70B / 2xH100,general,804,0,0.99999999999999989
llama33_70b_2xH100_fp8_TP2,70B / 2xH100,general,805,0,0.99999999999999989
llama33_70b_2xH100_fp8_TP2,70B / 2xH100,general,806,0,0.99999999999999989
llama33_70b_2xH100_fp8_TP2,70B / 2xH100,general,807,0,0.99999999999999989
llama33_70b_2xH100_fp8_TP2,70B / 2xH100,general,808,0,0.99999999999999989
llama33_70b_2xH100_fp8_TP2,70B / 2xH100,general,809,0,0.99999999999999989
llama33_70b_2xH100_fp8_TP2,70B / 2xH100,general,810,0,0.99999999999999989
llama33_70b_2xH100_fp8_TP2,70B / 2xH100,general,811,0,0.99999999999999989
llama33_70b_2xH100_fp8_TP2,70B / 2xH100,general,812,0,0.99999999999999989
llama33_70b_2xH100_fp8_TP2,70B / 2xH100,general,813,0,0.99999999999999989
llama33_70b_2xH100_fp8_TP2,70B / 2xH100,general,814,0,0.99999999999999989
llama33_70b_2xH100_fp8_TP2,70B / 2xH100,general,815,0,0.99999999999999989
llama33_70b_2xH100_fp8_TP2,70B / 2xH100,general,816,0,0.99999999999999989
llama33_70b_2xH100_fp8_TP2,70B / 2xH100,general,817,0,0.99999999999999989
llama33_70b_2xH100_fp8_TP2,70B / 2xH100,general,818,0,0.99999999999999989
llama33_70b_2xH100_fp8_TP2,70B / 2xH100,general,819,0,0.99999999999999989
llama33_70b_2xH100_fp8_TP2,70B / 2xH100,general,820,0,0.99999999999999989
llama33_70b_2xH100_fp8_TP2,70B / 2xH100,general,821,0,0.99999999999999989
llama33_70b_2xH100_fp8_TP2,70B / 2xH100,general,822,0,0.99999999999999989
llama33_70b_2xH100_fp8_TP2,70B / 2xH100,general,823,0,0.99999999999999989
llama33_70b_2xH100_fp8_TP2,70B / 2xH100,general,824,0,0.99999999999999989
llama33_70b_2xH100_fp8_TP2,70B / 2xH100,general,825,0,0.99999999999999989
llama33_70b_2xH100_fp8_TP2,70B / 2xH100,general,826,0,0.99999999999999989
llama33_70b_2xH100_fp8_TP2,70B / 2xH100,general,827,0,0.99999999999999989
llama33_70b_2xH100_fp8_TP2,70B / 2xH100,general,828,0,0.99999999999999989
llama33_70b_2xH100_fp8_TP2,70B / 2xH100,general,829,0,0.99999999999999989
llama33_70b_2xH100_fp8_TP2,70B / 2xH100,general,830,0,0.99999999999999989
llama33_70b_2xH100_fp8_TP2,70B / 2xH100,general,831,0,0.99999999999999989
llama33_70b_2xH100_fp8_TP2,70B / 2xH100,general,832,0,0.99999999999999989
llama33_70b_2xH100_fp8_TP2,70B / 2xH100,general,833,0,0.99999999999999989
llama33_70b_2xH100_fp8_TP2,70B / 2xH100,general,834,0,0.99999999999999989
llama33_70b_2xH100_fp8_TP2,70B / 2xH100,general,835,0,0.99999999999999989
llama33_70b_2xH100_fp8_TP2,70B / 2xH100,general,836,0,0.99999999999999989
llama33_70b_2xH100_fp8_TP2,70B / 2xH100,general,837,0,0.99999999999999989
llama33_70b_2xH100_fp8_TP2,70B / 2xH100,general,838,0,0.99999999999999989
llama33_70b_2xH100_fp8_TP2,70B / 2xH100,general,839,0,0.99999999999999989
llama33_70b_2xH100_fp8_TP2,70B / 2xH100,general,840,0,0.99999999999999989
llama33_70b_2xH100_fp8_TP2,70B / 2xH100,general,841,0,0.99999999999999989
llama33_70b_2xH100_fp8_TP2,70B / 2xH100,general,842,0,0.99999999999999989
llama33_70b_2xH100_fp8_TP2,70B / 2xH100,general,843,0,0.99999999999999989
llama33_70b_2xH100_fp8_TP2,70B / 2xH100,general,844,0,0.99999999999999989
llama33_70b_2xH100_fp8_TP2,70B / 2xH100,general,845,0,0.99999999999999989
llama33_70b_2xH100_fp8_TP2,70B / 2xH100,general,846,0,0.99999999999999989
llama33_70b_2xH100_fp8_TP2,70B / 2xH100,general,847,0,0.99999999999999989
llama33_70b_2xH100_fp8_TP2,70B / 2xH100,general,848,0,0.99999999999999989
llama33_70b_2xH100_fp8_TP2,70B / 2xH100,general,849,0,0.99999999999999989
llama33_70b_2xH100_fp8_TP2,70B / 2xH100,general,850,0,0.99999999999999989
llama33_70b_2xH100_fp8_TP2,70B / 2xH100,general,851,0,0.99999999999999989
llama33_70b_2xH100_fp8_TP2,70B / 2xH100,general,852,0,0.99999999999999989
llama33_70b_2xH100_fp8_TP2,70B / 2xH100,general,853,0,0.99999999999999989
llama33_70b_2xH100_fp8_TP2,70B / 2xH100,general,854,0,0.99999999999999989
llama33_70b_2xH100_fp8_TP2,70B / 2xH100,general,855,0,0.99999999999999989
llama33_70b_2xH100_fp8_TP2,70B / 2xH100,general,856,0,0.99999999999999989
llama33_70b_2xH100_fp8_TP2,70B / 2xH100,general,857,0,0.99999999999999989
llama33_70b_2xH100_fp8_TP2,70B / 2xH100,general,858,0,0.99999999999999989
llama33_70b_2xH100_fp8_TP2,70B / 2xH100,general,859,0,0.99999999999999989
llama33_70b_2xH100_fp8_TP2,70B / 2xH100,general,860,0,0.99999999999999989
llama33_70b_2xH100_fp8_TP2,70B / 2xH100,general,861,0,0.99999999999999989
llama33_70b_2xH100_fp8_TP2,70B / 2xH100,general,862,0,0.99999999999999989
llama33_70b_2xH100_fp8_TP2,70B / 2xH100,general,863,0,0.99999999999999989
llama33_70b_2xH100_fp8_TP2,70B / 2xH100,general,864,0,0.99999999999999989
llama33_70b_2xH100_fp8_TP2,70B / 2xH100,general,865,0,0.99999999999999989
llama33_70b_2xH100_fp8_TP2,70B / 2xH100,general,866,0,0.99999999999999989
llama33_70b_2xH100_fp8_TP2,70B / 2xH100,general,867,0,0.99999999999999989
llama33_70b_2xH100_fp8_TP2,70B / 2xH100,general,868,0,0.99999999999999989
llama33_70b_2xH100_fp8_TP2,70B / 2xH100,general,869,0,0.99999999999999989
llama33_70b_2xH100_fp8_TP2,70B / 2xH100,general,870,0,0.99999999999999989
llama33_70b_2xH100_fp8_TP2,70B / 2xH100,general,871,0,0.99999999999999989
llama33_70b_2xH100_fp8_TP2,70B / 2xH100,general,872,0,0.99999999999999989
llama33_70b_2xH100_fp8_TP2,70B / 2xH100,general,873,0,0.99999999999999989
llama33_70b_2xH100_fp8_TP2,70B / 2xH100,general,874,0,0.99999999999999989
llama33_70b_2xH100_fp8_TP2,70B / 2xH100,general,875,0,0.99999999999999989
llama33_70b_2xH100_fp8_TP2,70B / 2xH100,general,876,0,0.99999999999999989
llama33_70b_2xH100_fp8_TP2,70B / 2xH100,general,877,0,0.99999999999999989
llama33_70b_2xH100_fp8_TP2,70B / 2xH100,general,878,0,0.99999999999999989
llama33_70b_2xH100_fp8_TP2,70B / 2xH100,general,879,0,0.99999999999999989
llama33_70b_2xH100_fp8_TP2,70B / 2xH100,general,880,0,0.99999999999999989
llama33_70b_2xH100_fp8_TP2,70B / 2xH100,general,881,0,0.99999999999999989
llama33_70b_2xH100_fp8_TP2,70B / 2xH100,general,882,0,0.99999999999999989
llama33_70b_2xH100_fp8_TP2,70B / 2xH100,general,883,0,0.99999999999999989
llama33_70b_2xH100_fp8_TP2,70B / 2xH100,general,884,0,0.99999999999999989
llama33_70b_2xH100_fp8_TP2,70B / 2xH100,general,885,0,0.99999999999999989
llama33_70b_2xH100_fp8_TP2,70B / 2xH100,general,886,0,0.99999999999999989
llama33_70b_2xH100_fp8_TP2,70B / 2xH100,general,887,0,0.99999999999999989
llama33_70b_2xH100_fp8_TP2,70B / 2xH100,general,888,0,0.99999999999999989
llama33_70b_2xH100_fp8_TP2,70B / 2xH100,general,889,0,0.99999999999999989
llama33_70b_2xH100_fp8_TP2,70B / 2xH100,general,890,0,0.99999999999999989
llama33_70b_2xH100_fp8_TP2,70B / 2xH100,general,891,0,0.99999999999999989
llama33_70b_2xH100_fp8_TP2,70B / 2xH100,general,892,0,0.99999999999999989
llama33_70b_2xH100_fp8_TP2,70B / 2xH100,general,893,0,0.99999999999999989
llama33_70b_2xH100_fp8_TP2,70B / 2xH100,general,894,0,0.99999999999999989
llama33_70b_2xH100_fp8_TP2,70B / 2xH100,general,895,0,0.99999999999999989
llama33_70b_2xH100_fp8_TP2,70B / 2xH100,general,896,0,0.99999999999999989
llama33_70b_2xH100_fp8_TP2,70B / 2xH100,general,897,0,0.99999999999999989
llama33_70b_2xH100_fp8_TP2,70B / 2xH100,general,898,0,0.99999999999999989
llama33_70b_2xH100_fp8_TP2,70B / 2xH100,general,899,0,0.99999999999999989
llama33_70b_2xH100_fp8_TP2,70B / 2xH100,general,900,0,0.99999999999999989
llama33_70b_2xH100_fp8_TP2,70B / 2xH100,general,901,0,0.99999999999999989
llama33_70b_2xH100_fp8_TP2,70B / 2xH100,general,902,0,0.99999999999999989
llama33_70b_2xH100_fp8_TP2,70B / 2xH100,general,903,0,0.99999999999999989
llama33_70b_2xH100_fp8_TP2,70B / 2xH100,general,904,0,0.99999999999999989
llama33_70b_2xH100_fp8_TP2,70B / 2xH100,general,905,0,0.99999999999999989
llama33_70b_2xH100_fp8_TP2,70B / 2xH100,general,906,0,0.99999999999999989
llama33_70b_2xH100_fp8_TP2,70B / 2xH100,general,907,0,0.99999999999999989
llama33_70b_2xH100_fp8_TP2,70B / 2xH100,general,908,0,0.99999999999999989
llama33_70b_2xH100_fp8_TP2,70B / 2xH100,general,909,0,0.99999999999999989
llama33_70b_2xH100_fp8_TP2,70B / 2xH100,general,910,0,0.99999999999999989
llama33_70b_2xH100_fp8_TP2,70B / 2xH100,general,911,0,0.99999999999999989
llama33_70b_2xH100_fp8_TP2,70B / 2xH100,general,912,0,0.99999999999999989
llama33_70b_2xH100_fp8_TP2,70B / 2xH100,general,913,0,0.99999999999999989
llama33_70b_2xH100_fp8_TP2,70B / 2xH100,general,914,0,0.99999999999999989
llama33_70b_2xH100_fp8_TP2,70B / 2xH100,general,915,0,0.99999999999999989
llama33_70b_2xH100_fp8_TP2,70B / 2xH100,general,916,0,0.99999999999999989
llama33_70b_2xH100_fp8_TP2,70B / 2xH100,general,917,0,0.99999999999999989
llama33_70b_2xH100_fp8_TP2,70B / 2xH100,general,918,0,0.99999999999999989
llama33_70b_2xH100_fp8_TP2,70B / 2xH100,general,919,0,0.99999999999999989
llama33_70b_2xH100_fp8_TP2,70B / 2xH100,general,920,0,0.99999999999999989
llama33_70b_2xH100_fp8_TP2,70B / 2xH100,general,921,0,0.99999999999999989
llama33_70b_2xH100_fp8_TP2,70B / 2xH100,general,922,0,0.99999999999999989
llama33_70b_2xH100_fp8_TP2,70B / 2xH100,general,923,0,0.99999999999999989
llama33_70b_2xH100_fp8_TP2,70B / 2xH100,general,924,0,0.99999999999999989
llama33_70b_2xH100_fp8_TP2,70B / 2xH100,general,925,0,0.99999999999999989
llama33_70b_2xH100_fp8_TP2,70B / 2xH100,general,926,0,0.99999999999999989
llama33_70b_2xH100_fp8_TP2,70B / 2xH100,general,927,0,0.99999999999999989
llama33_70b_2xH100_fp8_TP2,70B / 2xH100,general,928,0,0.99999999999999989
llama33_70b_2xH100_fp8_TP2,70B / 2xH100,general,929,0,0.99999999999999989
llama33_70b_2xH100_fp8_TP2,70B / 2xH100,general,930,0,0.99999999999999989
llama33_70b_2xH100_fp8_TP2,70B / 2xH100,general,931,0,0.99999999999999989
llama33_70b_2xH100_fp8_TP2,70B / 2xH100,general,932,0,0.99999999999999989
llama33_70b_2xH100_fp8_TP2,70B / 2xH100,general,933,0,0.99999999999999989
llama33_70b_2xH100_fp8_TP2,70B / 2xH100,general,934,0,0.99999999999999989
llama33_70b_2xH100_fp8_TP2,70B / 2xH100,general,935,0,0.99999999999999989
llama33_70b_2xH100_fp8_TP2,70B / 2xH100,general,936,0,0.99999999999999989
llama33_70b_2xH100_fp8_TP2,70B / 2xH100,general,937,0,0.99999999999999989
llama33_70b_2xH100_fp8_TP2,70B / 2xH100,general,938,0,0.99999999999999989
llama33_70b_2xH100_fp8_TP2,70B / 2xH100,general,939,0,0.99999999999999989
llama33_70b_2xH100_fp8_TP2,70B / 2xH100,general,940,0,0.99999999999999989
llama33_70b_2xH100_fp8_TP2,70B / 2xH100,general,941,0,0.99999999999999989
llama33_70b_2xH100_fp8_TP2,70B / 2xH100,general,942,0,0.99999999999999989
llama33_70b_2xH100_fp8_TP2,70B / 2xH100,general,943,0,0.99999999999999989
llama33_70b_2xH100_fp8_TP2,70B / 2xH100,general,944,0,0.99999999999999989
llama33_70b_2xH100_fp8_TP2,70B / 2xH100,general,945,0,0.99999999999999989
llama33_70b_2xH100_fp8_TP2,70B / 2xH100,general,946,0,0.99999999999999989
llama33_70b_2xH100_fp8_TP2,70B / 2xH100,general,947,0,0.99999999999999989
llama33_70b_2xH100_fp8_TP2,70B / 2xH100,general,948,0,0.99999999999999989
llama33_70b_2xH100_fp8_TP2,70B / 2xH100,general,949,0,0.99999999999999989
llama33_70b_2xH100_fp8_TP2,70B / 2xH100,general,950,0,0.99999999999999989
llama33_70b_2xH100_fp8_TP2,70B / 2xH100,general,951,0,0.99999999999999989
llama33_70b_2xH100_fp8_TP2,70B / 2xH100,general,952,0,0.99999999999999989
llama33_70b_2xH100_fp8_TP2,70B / 2xH100,general,953,0,0.99999999999999989
llama33_70b_2xH100_fp8_TP2,70B / 2xH100,general,954,0,0.99999999999999989
llama33_70b_2xH100_fp8_TP2,70B / 2xH100,general,955,0,0.99999999999999989
llama33_70b_2xH100_fp8_TP2,70B / 2xH100,general,956,0,0.99999999999999989
llama33_70b_2xH100_fp8_TP2,70B / 2xH100,general,957,0,0.99999999999999989
llama33_70b_2xH100_fp8_TP2,70B / 2xH100,general,958,0,0.99999999999999989
llama33_70b_2xH100_fp8_TP2,70B / 2xH100,general,959,0,0.99999999999999989
llama33_70b_2xH100_fp8_TP2,70B / 2xH100,general,960,0,0.99999999999999989
llama33_70b_2xH100_fp8_TP2,70B / 2xH100,general,961,0,0.99999999999999989
llama33_70b_2xH100_fp8_TP2,70B / 2xH100,general,962,0,0.99999999999999989
llama33_70b_2xH100_fp8_TP2,70B / 2xH100,general,963,0,0.99999999999999989
llama33_70b_2xH100_fp8_TP2,70B / 2xH100,general,964,0,0.99999999999999989
llama33_70b_2xH100_fp8_TP2,70B / 2xH100,general,965,0,0.99999999999999989
llama33_70b_2xH100_fp8_TP2,70B / 2xH100,general,966,0,0.99999999999999989
llama33_70b_2xH100_fp8_TP2,70B / 2xH100,general,967,0,0.99999999999999989
llama33_70b_2xH100_fp8_TP2,70B / 2xH100,general,968,0,0.99999999999999989
llama33_70b_2xH100_fp8_TP2,70B / 2xH100,general,969,0,0.99999999999999989
llama33_70b_2xH100_fp8_TP2,70B / 2xH100,general,970,0,0.99999999999999989
llama33_70b_2xH100_fp8_TP2,70B / 2xH100,general,971,0,0.99999999999999989
llama33_70b_2xH100_fp8_TP2,70B / 2xH100,general,972,0,0.99999999999999989
llama33_70b_2xH100_fp8_TP2,70B / 2xH100,general,973,0,0.99999999999999989
llama33_70b_2xH100_fp8_TP2,70B / 2xH100,general,974,0,0.99999999999999989
llama33_70b_2xH100_fp8_TP2,70B / 2xH100,general,975,0,0.99999999999999989
llama33_70b_2xH100_fp8_TP2,70B / 2xH100,general,976,0,0.99999999999999989
llama33_70b_2xH100_fp8_TP2,70B / 2xH100,general,977,0,0.99999999999999989
llama33_70b_2xH100_fp8_TP2,70B / 2xH100,general,978,0,0.99999999999999989
llama33_70b_2xH100_fp8_TP2,70B / 2xH100,general,979,0,0.99999999999999989
llama33_70b_2xH100_fp8_TP2,70B / 2xH100,general,980,0,0.99999999999999989
llama33_70b_2xH100_fp8_TP2,70B / 2xH100,general,981,0,0.99999999999999989
llama33_70b_2xH100_fp8_TP2,70B / 2xH100,general,982,0,0.99999999999999989
llama33_70b_2xH100_fp8_TP2,70B / 2xH100,general,983,0,0.99999999999999989
llama33_70b_2xH100_fp8_TP2,70B / 2xH100,general,984,0,0.99999999999999989
llama33_70b_2xH100_fp8_TP2,70B / 2xH100,general,985,0,0.99999999999999989
llama33_70b_2xH100_fp8_TP2,70B / 2xH100,general,986,0,0.99999999999999989
llama33_70b_2xH100_fp8_TP2,70B / 2xH100,general,987,0,0.99999999999999989
llama33_70b_2xH100_fp8_TP2,70B / 2xH100,general,988,0,0.99999999999999989
llama33_70b_2xH100_fp8_TP2,70B / 2xH100,general,989,0,0.99999999999999989
llama33_70b_2xH100_fp8_TP2,70B / 2xH100,general,990,0,0.99999999999999989
llama33_70b_2xH100_fp8_TP2,70B / 2xH100,general,991,0,0.99999999999999989
