model_key,model_label,SLO_key,bytes_per_token,rate_stat,active_users_for_rate_stat,design_total_rate_Mbps,bandwidth_MHz,required_SE_bphz,link_scenario,scenario_class,shannon_SNR_dB,implementation_gap_dB,snr_floor_dB,unfloored_required_SNR_dB,used_required_SNR_dB,snr_floor_active,carrier_GHz,haps_altitude_km,slant_distance_km,approx_horizontal_radius_km,approx_elevation_deg,FSPL_dB,noise_dBm,haps_antenna_gain_dBi,ue_antenna_gain_dBi,misc_loss_dB,link_margin_dB,required_payload_Rx_dBm,payload_bearing_radiated_Tx_dBm,payload_bearing_radiated_Tx_W,Tx_interpretation
llama31_8b_1xH100_fp8_TP1,8B / 1xH100,general,4,mean,154.14145085127785,0.14797579281722673,20,0.0073987896408613365,shannon_baseline,lower_bound,-22.888997543885473,0,-inf,-22.888997543885473,-22.888997543885473,False,2,20,20,0,90,124.48898304844262,-93.989700043360187,20,0,3,5,-116.87869758724565,-4.3897145388030339,0.00036393895700125419,payload-bearing DL radiation only; control/reference radiation excluded
llama31_8b_1xH100_fp8_TP1,8B / 1xH100,general,4,mean,154.14145085127785,0.14797579281722673,20,0.0073987896408613365,shannon_baseline,lower_bound,-22.888997543885473,0,-inf,-22.888997543885473,-22.888997543885473,False,2,20,40,34.641016151377549,30.000000000000004,130.50958296172223,-93.989700043360187,20,0,3,5,-116.87869758724565,1.630885374476577,0.0014557558280050126,payload-bearing DL radiation only; control/reference radiation excluded
llama31_8b_1xH100_fp8_TP1,8B / 1xH100,general,4,mean,154.14145085127785,0.14797579281722673,20,0.0073987896408613365,shannon_baseline,lower_bound,-22.888997543885473,0,-inf,-22.888997543885473,-22.888997543885473,False,2,20,60,56.568542494923804,19.471220634490692,134.03140814283586,-93.989700043360187,20,0,3,5,-116.87869758724565,5.152710555590204,0.0032754506130112803,payload-bearing DL radiation only; control/reference radiation excluded
llama31_8b_1xH100_fp8_TP1,8B / 1xH100,general,4,mean,154.14145085127785,0.14797579281722673,20,0.0073987896408613365,impl_gap_3dB,implementation_gap,-22.888997543885473,3,-inf,-19.888997543885473,-19.888997543885473,False,2,20,20,0,90,124.48898304844262,-93.989700043360187,20,0,3,5,-113.87869758724565,-1.3897145388030339,0.00072615368585368244,payload-bearing DL radiation only; control/reference radiation excluded
llama31_8b_1xH100_fp8_TP1,8B / 1xH100,general,4,mean,154.14145085127785,0.14797579281722673,20,0.0073987896408613365,impl_gap_3dB,implementation_gap,-22.888997543885473,3,-inf,-19.888997543885473,-19.888997543885473,False,2,20,40,34.641016151377549,30.000000000000004,130.50958296172223,-93.989700043360187,20,0,3,5,-113.87869758724565,4.630885374476577,0.0029046147434147215,payload-bearing DL radiation only; control/reference radiation excluded
llama31_8b_1xH100_fp8_TP1,8B / 1xH100,general,4,mean,154.14145085127785,0.14797579281722673,20,0.0073987896408613365,impl_gap_3dB,implementation_gap,-22.888997543885473,3,-inf,-19.888997543885473,-19.888997543885473,False,2,20,60,56.568542494923804,19.471220634490692,134.03140814283586,-93.989700043360187,20,0,3,5,-113.87869758724565,8.152710555590204,0.006535383172683127,payload-bearing DL radiation only; control/reference radiation excluded
llama31_8b_1xH100_fp8_TP1,8B / 1xH100,general,4,mean,154.14145085127785,0.14797579281722673,20,0.0073987896408613365,impl_gap_6dB,implementation_gap,-22.888997543885473,6,-inf,-16.888997543885473,-16.888997543885473,False,2,20,20,0,90,124.48898304844262,-93.989700043360187,20,0,3,5,-110.87869758724565,1.6102854611969661,0.0014488670842596023,payload-bearing DL radiation only; control/reference radiation excluded
llama31_8b_1xH100_fp8_TP1,8B / 1xH100,general,4,mean,154.14145085127785,0.14797579281722673,20,0.0073987896408613365,impl_gap_6dB,implementation_gap,-22.888997543885473,6,-inf,-16.888997543885473,-16.888997543885473,False,2,20,40,34.641016151377549,30.000000000000004,130.50958296172223,-93.989700043360187,20,0,3,5,-110.87869758724565,7.630885374476577,0.0057954683370383935,payload-bearing DL radiation only; control/reference radiation excluded
llama31_8b_1xH100_fp8_TP1,8B / 1xH100,general,4,mean,154.14145085127785,0.14797579281722673,20,0.0073987896408613365,impl_gap_6dB,implementation_gap,-22.888997543885473,6,-inf,-16.888997543885473,-16.888997543885473,False,2,20,60,56.568542494923804,19.471220634490692,134.03140814283586,-93.989700043360187,20,0,3,5,-110.87869758724565,11.152710555590204,0.013039803758336391,payload-bearing DL radiation only; control/reference radiation excluded
llama31_8b_1xH100_fp8_TP1,8B / 1xH100,general,4,mean,154.14145085127785,0.14797579281722673,20,0.0073987896408613365,snr_floor_m10dB,snr_floor_stress_test,-22.888997543885473,0,-10,-22.888997543885473,-10,True,2,20,20,0,90,124.48898304844262,-93.989700043360187,20,0,3,5,-103.98970004336019,8.4992830050824324,0.0070782891630213323,payload-bearing DL radiation only; control/reference radiation excluded
llama31_8b_1xH100_fp8_TP1,8B / 1xH100,general,4,mean,154.14145085127785,0.14797579281722673,20,0.0073987896408613365,snr_floor_m10dB,snr_floor_stress_test,-22.888997543885473,0,-10,-22.888997543885473,-10,True,2,20,40,34.641016151377549,30.000000000000004,130.50958296172223,-93.989700043360187,20,0,3,5,-103.98970004336019,14.519882918362043,0.028313156652085236,payload-bearing DL radiation only; control/reference radiation excluded
llama31_8b_1xH100_fp8_TP1,8B / 1xH100,general,4,mean,154.14145085127785,0.14797579281722673,20,0.0073987896408613365,snr_floor_m10dB,snr_floor_stress_test,-22.888997543885473,0,-10,-22.888997543885473,-10,True,2,20,60,56.568542494923804,19.471220634490692,134.03140814283586,-93.989700043360187,20,0,3,5,-103.98970004336019,18.04170809947567,0.063704602467191812,payload-bearing DL radiation only; control/reference radiation excluded
llama31_8b_1xH100_fp8_TP1,8B / 1xH100,general,4,mean,154.14145085127785,0.14797579281722673,20,0.0073987896408613365,snr_floor_m5dB,snr_floor_stress_test,-22.888997543885473,0,-5,-22.888997543885473,-5,True,2,20,20,0,90,124.48898304844262,-93.989700043360187,20,0,3,5,-98.989700043360187,13.499283005082432,0.022383515692434283,payload-bearing DL radiation only; control/reference radiation excluded
llama31_8b_1xH100_fp8_TP1,8B / 1xH100,general,4,mean,154.14145085127785,0.14797579281722673,20,0.0073987896408613365,snr_floor_m5dB,snr_floor_stress_test,-22.888997543885473,0,-5,-22.888997543885473,-5,True,2,20,40,34.641016151377549,30.000000000000004,130.50958296172223,-93.989700043360187,20,0,3,5,-98.989700043360187,19.519882918362043,0.089534062769736883,payload-bearing DL radiation only; control/reference radiation excluded
llama31_8b_1xH100_fp8_TP1,8B / 1xH100,general,4,mean,154.14145085127785,0.14797579281722673,20,0.0073987896408613365,snr_floor_m5dB,snr_floor_stress_test,-22.888997543885473,0,-5,-22.888997543885473,-5,True,2,20,60,56.568542494923804,19.471220634490692,134.03140814283586,-93.989700043360187,20,0,3,5,-98.989700043360187,23.04170809947567,0.20145164123190809,payload-bearing DL radiation only; control/reference radiation excluded
llama31_8b_1xH100_fp8_TP1,8B / 1xH100,general,4,mean,154.14145085127785,0.14797579281722673,20,0.0073987896408613365,snr_floor_0dB,snr_floor_stress_test,-22.888997543885473,0,0,-22.888997543885473,0,True,2,20,20,0,90,124.48898304844262,-93.989700043360187,20,0,3,5,-93.989700043360187,18.499283005082432,0.070782891630213285,payload-bearing DL radiation only; control/reference radiation excluded
llama31_8b_1xH100_fp8_TP1,8B / 1xH100,general,4,mean,154.14145085127785,0.14797579281722673,20,0.0073987896408613365,snr_floor_0dB,snr_floor_stress_test,-22.888997543885473,0,0,-22.888997543885473,0,True,2,20,40,34.641016151377549,30.000000000000004,130.50958296172223,-93.989700043360187,20,0,3,5,-93.989700043360187,24.519882918362043,0.28313156652085236,payload-bearing DL radiation only; control/reference radiation excluded
llama31_8b_1xH100_fp8_TP1,8B / 1xH100,general,4,mean,154.14145085127785,0.14797579281722673,20,0.0073987896408613365,snr_floor_0dB,snr_floor_stress_test,-22.888997543885473,0,0,-22.888997543885473,0,True,2,20,60,56.568542494923804,19.471220634490692,134.03140814283586,-93.989700043360187,20,0,3,5,-93.989700043360187,28.04170809947567,0.63704602467191807,payload-bearing DL radiation only; control/reference radiation excluded
llama31_8b_1xH100_fp8_TP1,8B / 1xH100,general,4,p95,174,0.16703999999999999,20,0.008352,shannon_baseline,lower_bound,-22.361263455710393,0,-inf,-22.361263455710393,-22.361263455710393,False,2,20,20,0,90,124.48898304844262,-93.989700043360187,20,0,3,5,-116.35096349907059,-3.8619804506279678,0.00041096227315676735,payload-bearing DL radiation only; control/reference radiation excluded
llama31_8b_1xH100_fp8_TP1,8B / 1xH100,general,4,p95,174,0.16703999999999999,20,0.008352,shannon_baseline,lower_bound,-22.361263455710393,0,-inf,-22.361263455710393,-22.361263455710393,False,2,20,40,34.641016151377549,30.000000000000004,130.50958296172223,-93.989700043360187,20,0,3,5,-116.35096349907059,2.1586194626516431,0.0016438490926270648,payload-bearing DL radiation only; control/reference radiation excluded
llama31_8b_1xH100_fp8_TP1,8B / 1xH100,general,4,p95,174,0.16703999999999999,20,0.008352,shannon_baseline,lower_bound,-22.361263455710393,0,-inf,-22.361263455710393,-22.361263455710393,False,2,20,60,56.568542494923804,19.471220634490692,134.03140814283586,-93.989700043360187,20,0,3,5,-116.35096349907059,5.68044464376527,0.0036986604584108977,payload-bearing DL radiation only; control/reference radiation excluded
llama31_8b_1xH100_fp8_TP1,8B / 1xH100,general,4,p95,174,0.16703999999999999,20,0.008352,impl_gap_3dB,implementation_gap,-22.361263455710393,3,-inf,-19.361263455710393,-19.361263455710393,False,2,20,20,0,90,124.48898304844262,-93.989700043360187,20,0,3,5,-113.35096349907059,-0.8619804506279678,0.00081997753650364517,payload-bearing DL radiation only; control/reference radiation excluded
llama31_8b_1xH100_fp8_TP1,8B / 1xH100,general,4,p95,174,0.16703999999999999,20,0.008352,impl_gap_3dB,implementation_gap,-22.361263455710393,3,-inf,-19.361263455710393,-19.361263455710393,False,2,20,40,34.641016151377549,30.000000000000004,130.50958296172223,-93.989700043360187,20,0,3,5,-113.35096349907059,5.1586194626516431,0.0032799101460145681,payload-bearing DL radiation only; control/reference radiation excluded
llama31_8b_1xH100_fp8_TP1,8B / 1xH100,general,4,p95,174,0.16703999999999999,20,0.008352,impl_gap_3dB,implementation_gap,-22.361263455710393,3,-inf,-19.361263455710393,-19.361263455710393,False,2,20,60,56.568542494923804,19.471220634490692,134.03140814283586,-93.989700043360187,20,0,3,5,-113.35096349907059,8.68044464376527,0.0073797978285327819,payload-bearing DL radiation only; control/reference radiation excluded
llama31_8b_1xH100_fp8_TP1,8B / 1xH100,general,4,p95,174,0.16703999999999999,20,0.008352,impl_gap_6dB,implementation_gap,-22.361263455710393,6,-inf,-16.361263455710393,-16.361263455710393,False,2,20,20,0,90,124.48898304844262,-93.989700043360187,20,0,3,5,-110.35096349907059,2.1380195493720322,0.0016360702777067414,payload-bearing DL radiation only; control/reference radiation excluded
llama31_8b_1xH100_fp8_TP1,8B / 1xH100,general,4,p95,174,0.16703999999999999,20,0.008352,impl_gap_6dB,implementation_gap,-22.361263455710393,6,-inf,-16.361263455710393,-16.361263455710393,False,2,20,40,34.641016151377549,30.000000000000004,130.50958296172223,-93.989700043360187,20,0,3,5,-110.35096349907059,8.1586194626516431,0.0065442811108269473,payload-bearing DL radiation only; control/reference radiation excluded
llama31_8b_1xH100_fp8_TP1,8B / 1xH100,general,4,p95,174,0.16703999999999999,20,0.008352,impl_gap_6dB,implementation_gap,-22.361263455710393,6,-inf,-16.361263455710393,-16.361263455710393,False,2,20,60,56.568542494923804,19.471220634490692,134.03140814283586,-93.989700043360187,20,0,3,5,-110.35096349907059,11.68044464376527,0.014724632499360638,payload-bearing DL radiation only; control/reference radiation excluded
llama31_8b_1xH100_fp8_TP1,8B / 1xH100,general,4,p95,174,0.16703999999999999,20,0.008352,snr_floor_m10dB,snr_floor_stress_test,-22.361263455710393,0,-10,-22.361263455710393,-10,True,2,20,20,0,90,124.48898304844262,-93.989700043360187,20,0,3,5,-103.98970004336019,8.4992830050824324,0.0070782891630213323,payload-bearing DL radiation only; control/reference radiation excluded
llama31_8b_1xH100_fp8_TP1,8B / 1xH100,general,4,p95,174,0.16703999999999999,20,0.008352,snr_floor_m10dB,snr_floor_stress_test,-22.361263455710393,0,-10,-22.361263455710393,-10,True,2,20,40,34.641016151377549,30.000000000000004,130.50958296172223,-93.989700043360187,20,0,3,5,-103.98970004336019,14.519882918362043,0.028313156652085236,payload-bearing DL radiation only; control/reference radiation excluded
llama31_8b_1xH100_fp8_TP1,8B / 1xH100,general,4,p95,174,0.16703999999999999,20,0.008352,snr_floor_m10dB,snr_floor_stress_test,-22.361263455710393,0,-10,-22.361263455710393,-10,True,2,20,60,56.568542494923804,19.471220634490692,134.03140814283586,-93.989700043360187,20,0,3,5,-103.98970004336019,18.04170809947567,0.063704602467191812,payload-bearing DL radiation only; control/reference radiation excluded
llama31_8b_1xH100_fp8_TP1,8B / 1xH100,general,4,p95,174,0.16703999999999999,20,0.008352,snr_floor_m5dB,snr_floor_stress_test,-22.361263455710393,0,-5,-22.361263455710393,-5,True,2,20,20,0,90,124.48898304844262,-93.989700043360187,20,0,3,5,-98.989700043360187,13.499283005082432,0.022383515692434283,payload-bearing DL radiation only; control/reference radiation excluded
llama31_8b_1xH100_fp8_TP1,8B / 1xH100,general,4,p95,174,0.16703999999999999,20,0.008352,snr_floor_m5dB,snr_floor_stress_test,-22.361263455710393,0,-5,-22.361263455710393,-5,True,2,20,40,34.641016151377549,30.000000000000004,130.50958296172223,-93.989700043360187,20,0,3,5,-98.989700043360187,19.519882918362043,0.089534062769736883,payload-bearing DL radiation only; control/reference radiation excluded
llama31_8b_1xH100_fp8_TP1,8B / 1xH100,general,4,p95,174,0.16703999999999999,20,0.008352,snr_floor_m5dB,snr_floor_stress_test,-22.361263455710393,0,-5,-22.361263455710393,-5,True,2,20,60,56.568542494923804,19.471220634490692,134.03140814283586,-93.989700043360187,20,0,3,5,-98.989700043360187,23.04170809947567,0.20145164123190809,payload-bearing DL radiation only; control/reference radiation excluded
llama31_8b_1xH100_fp8_TP1,8B / 1xH100,general,4,p95,174,0.16703999999999999,20,0.008352,snr_floor_0dB,snr_floor_stress_test,-22.361263455710393,0,0,-22.361263455710393,0,True,2,20,20,0,90,124.48898304844262,-93.989700043360187,20,0,3,5,-93.989700043360187,18.499283005082432,0.070782891630213285,payload-bearing DL radiation only; control/reference radiation excluded
llama31_8b_1xH100_fp8_TP1,8B / 1xH100,general,4,p95,174,0.16703999999999999,20,0.008352,snr_floor_0dB,snr_floor_stress_test,-22.361263455710393,0,0,-22.361263455710393,0,True,2,20,40,34.641016151377549,30.000000000000004,130.50958296172223,-93.989700043360187,20,0,3,5,-93.989700043360187,24.519882918362043,0.28313156652085236,payload-bearing DL radiation only; control/reference radiation excluded
llama31_8b_1xH100_fp8_TP1,8B / 1xH100,general,4,p95,174,0.16703999999999999,20,0.008352,snr_floor_0dB,snr_floor_stress_test,-22.361263455710393,0,0,-22.361263455710393,0,True,2,20,60,56.568542494923804,19.471220634490692,134.03140814283586,-93.989700043360187,20,0,3,5,-93.989700043360187,28.04170809947567,0.63704602467191807,payload-bearing DL radiation only; control/reference radiation excluded
llama31_8b_1xH100_fp8_TP1,8B / 1xH100,general,4,p99,183,0.17568,20,0.0087840000000000001,shannon_baseline,lower_bound,-22.141594172840126,0,-inf,-22.141594172840126,-22.141594172840126,False,2,20,20,0,90,124.48898304844262,-93.989700043360187,20,0,3,5,-116.13129421620032,-3.6423111677576969,0.00043228372309441149,payload-bearing DL radiation only; control/reference radiation excluded
llama31_8b_1xH100_fp8_TP1,8B / 1xH100,general,4,p99,183,0.17568,20,0.0087840000000000001,shannon_baseline,lower_bound,-22.141594172840126,0,-inf,-22.141594172840126,-22.141594172840126,False,2,20,40,34.641016151377549,30.000000000000004,130.50958296172223,-93.989700043360187,20,0,3,5,-116.13129421620032,2.3782887455219139,0.0017291348923776412,payload-bearing DL radiation only; control/reference radiation excluded
llama31_8b_1xH100_fp8_TP1,8B / 1xH100,general,4,p99,183,0.17568,20,0.0087840000000000001,shannon_baseline,lower_bound,-22.141594172840126,0,-inf,-22.141594172840126,-22.141594172840126,False,2,20,60,56.568542494923804,19.471220634490692,134.03140814283586,-93.989700043360187,20,0,3,5,-116.13129421620032,5.9001139266355409,0.0038905535078496943,payload-bearing DL radiation only; control/reference radiation excluded
llama31_8b_1xH100_fp8_TP1,8B / 1xH100,general,4,p99,183,0.17568,20,0.0087840000000000001,impl_gap_3dB,implementation_gap,-22.141594172840126,3,-inf,-19.141594172840126,-19.141594172840126,False,2,20,20,0,90,124.48898304844262,-93.989700043360187,20,0,3,5,-113.13129421620032,-0.64231116775769692,0.00086251942206472124,payload-bearing DL radiation only; control/reference radiation excluded
llama31_8b_1xH100_fp8_TP1,8B / 1xH100,general,4,p99,183,0.17568,20,0.0087840000000000001,impl_gap_3dB,implementation_gap,-22.141594172840126,3,-inf,-19.141594172840126,-19.141594172840126,False,2,20,40,34.641016151377549,30.000000000000004,130.50958296172223,-93.989700043360187,20,0,3,5,-113.13129421620032,5.3782887455219139,0.0034500776882588754,payload-bearing DL radiation only; control/reference radiation excluded
llama31_8b_1xH100_fp8_TP1,8B / 1xH100,general,4,p99,183,0.17568,20,0.0087840000000000001,impl_gap_3dB,implementation_gap,-22.141594172840126,3,-inf,-19.141594172840126,-19.141594172840126,False,2,20,60,56.568542494923804,19.471220634490692,134.03140814283586,-93.989700043360187,20,0,3,5,-113.13129421620032,8.9001139266355409,0.0077626747985824734,payload-bearing DL radiation only; control/reference radiation excluded
llama31_8b_1xH100_fp8_TP1,8B / 1xH100,general,4,p99,183,0.17568,20,0.0087840000000000001,impl_gap_6dB,implementation_gap,-22.141594172840126,6,-inf,-16.141594172840126,-16.141594172840126,False,2,20,20,0,90,124.48898304844262,-93.989700043360187,20,0,3,5,-110.13129421620032,2.3576888322423031,0.0017209524987744768,payload-bearing DL radiation only; control/reference radiation excluded
llama31_8b_1xH100_fp8_TP1,8B / 1xH100,general,4,p99,183,0.17568,20,0.0087840000000000001,impl_gap_6dB,implementation_gap,-22.141594172840126,6,-inf,-16.141594172840126,-16.141594172840126,False,2,20,40,34.641016151377549,30.000000000000004,130.50958296172223,-93.989700043360187,20,0,3,5,-110.13129421620032,8.3782887455219139,0.0068838099950978881,payload-bearing DL radiation only; control/reference radiation excluded
llama31_8b_1xH100_fp8_TP1,8B / 1xH100,general,4,p99,183,0.17568,20,0.0087840000000000001,impl_gap_6dB,implementation_gap,-22.141594172840126,6,-inf,-16.141594172840126,-16.141594172840126,False,2,20,60,56.568542494923804,19.471220634490692,134.03140814283586,-93.989700043360187,20,0,3,5,-110.13129421620032,11.900113926635541,0.015488572488970249,payload-bearing DL radiation only; control/reference radiation excluded
llama31_8b_1xH100_fp8_TP1,8B / 1xH100,general,4,p99,183,0.17568,20,0.0087840000000000001,snr_floor_m10dB,snr_floor_stress_test,-22.141594172840126,0,-10,-22.141594172840126,-10,True,2,20,20,0,90,124.48898304844262,-93.989700043360187,20,0,3,5,-103.98970004336019,8.4992830050824324,0.0070782891630213323,payload-bearing DL radiation only; control/reference radiation excluded
llama31_8b_1xH100_fp8_TP1,8B / 1xH100,general,4,p99,183,0.17568,20,0.0087840000000000001,snr_floor_m10dB,snr_floor_stress_test,-22.141594172840126,0,-10,-22.141594172840126,-10,True,2,20,40,34.641016151377549,30.000000000000004,130.50958296172223,-93.989700043360187,20,0,3,5,-103.98970004336019,14.519882918362043,0.028313156652085236,payload-bearing DL radiation only; control/reference radiation excluded
llama31_8b_1xH100_fp8_TP1,8B / 1xH100,general,4,p99,183,0.17568,20,0.0087840000000000001,snr_floor_m10dB,snr_floor_stress_test,-22.141594172840126,0,-10,-22.141594172840126,-10,True,2,20,60,56.568542494923804,19.471220634490692,134.03140814283586,-93.989700043360187,20,0,3,5,-103.98970004336019,18.04170809947567,0.063704602467191812,payload-bearing DL radiation only; control/reference radiation excluded
llama31_8b_1xH100_fp8_TP1,8B / 1xH100,general,4,p99,183,0.17568,20,0.0087840000000000001,snr_floor_m5dB,snr_floor_stress_test,-22.141594172840126,0,-5,-22.141594172840126,-5,True,2,20,20,0,90,124.48898304844262,-93.989700043360187,20,0,3,5,-98.989700043360187,13.499283005082432,0.022383515692434283,payload-bearing DL radiation only; control/reference radiation excluded
llama31_8b_1xH100_fp8_TP1,8B / 1xH100,general,4,p99,183,0.17568,20,0.0087840000000000001,snr_floor_m5dB,snr_floor_stress_test,-22.141594172840126,0,-5,-22.141594172840126,-5,True,2,20,40,34.641016151377549,30.000000000000004,130.50958296172223,-93.989700043360187,20,0,3,5,-98.989700043360187,19.519882918362043,0.089534062769736883,payload-bearing DL radiation only; control/reference radiation excluded
llama31_8b_1xH100_fp8_TP1,8B / 1xH100,general,4,p99,183,0.17568,20,0.0087840000000000001,snr_floor_m5dB,snr_floor_stress_test,-22.141594172840126,0,-5,-22.141594172840126,-5,True,2,20,60,56.568542494923804,19.471220634490692,134.03140814283586,-93.989700043360187,20,0,3,5,-98.989700043360187,23.04170809947567,0.20145164123190809,payload-bearing DL radiation only; control/reference radiation excluded
llama31_8b_1xH100_fp8_TP1,8B / 1xH100,general,4,p99,183,0.17568,20,0.0087840000000000001,snr_floor_0dB,snr_floor_stress_test,-22.141594172840126,0,0,-22.141594172840126,0,True,2,20,20,0,90,124.48898304844262,-93.989700043360187,20,0,3,5,-93.989700043360187,18.499283005082432,0.070782891630213285,payload-bearing DL radiation only; control/reference radiation excluded
llama31_8b_1xH100_fp8_TP1,8B / 1xH100,general,4,p99,183,0.17568,20,0.0087840000000000001,snr_floor_0dB,snr_floor_stress_test,-22.141594172840126,0,0,-22.141594172840126,0,True,2,20,40,34.641016151377549,30.000000000000004,130.50958296172223,-93.989700043360187,20,0,3,5,-93.989700043360187,24.519882918362043,0.28313156652085236,payload-bearing DL radiation only; control/reference radiation excluded
llama31_8b_1xH100_fp8_TP1,8B / 1xH100,general,4,p99,183,0.17568,20,0.0087840000000000001,snr_floor_0dB,snr_floor_stress_test,-22.141594172840126,0,0,-22.141594172840126,0,True,2,20,60,56.568542494923804,19.471220634490692,134.03140814283586,-93.989700043360187,20,0,3,5,-93.989700043360187,28.04170809947567,0.63704602467191807,payload-bearing DL radiation only; control/reference radiation excluded
llama31_8b_1xH100_fp8_TP1,8B / 1xH100,general,4,all_active,5876,5.6409599999999998,20,0.28204800000000002,shannon_baseline,lower_bound,-6.6570765652770341,0,-inf,-6.6570765652770341,-6.6570765652770341,False,2,20,20,0,90,124.48898304844262,-93.989700043360187,20,0,3,5,-100.64677660863723,11.842206439805395,0.015283423377053899,payload-bearing DL radiation only; control/reference radiation excluded
llama31_8b_1xH100_fp8_TP1,8B / 1xH100,general,4,all_active,5876,5.6409599999999998,20,0.28204800000000002,shannon_baseline,lower_bound,-6.6570765652770341,0,-inf,-6.6570765652770341,-6.6570765652770341,False,2,20,40,34.641016151377549,30.000000000000004,130.50958296172223,-93.989700043360187,20,0,3,5,-100.64677660863723,17.862806353085006,0.061133693508215424,payload-bearing DL radiation only; control/reference radiation excluded
llama31_8b_1xH100_fp8_TP1,8B / 1xH100,general,4,all_active,5876,5.6409599999999998,20,0.28204800000000002,shannon_baseline,lower_bound,-6.6570765652770341,0,-inf,-6.6570765652770341,-6.6570765652770341,False,2,20,60,56.568542494923804,19.471220634490692,134.03140814283586,-93.989700043360187,20,0,3,5,-100.64677660863723,21.384631534198633,0.13755081039348477,payload-bearing DL radiation only; control/reference radiation excluded
llama31_8b_1xH100_fp8_TP1,8B / 1xH100,general,4,all_active,5876,5.6409599999999998,20,0.28204800000000002,impl_gap_3dB,implementation_gap,-6.6570765652770341,3,-inf,-3.6570765652770341,-3.6570765652770341,False,2,20,20,0,90,124.48898304844262,-93.989700043360187,20,0,3,5,-97.646776608637225,14.842206439805395,0.030494438707950058,payload-bearing DL radiation only; control/reference radiation excluded
llama31_8b_1xH100_fp8_TP1,8B / 1xH100,general,4,all_active,5876,5.6409599999999998,20,0.28204800000000002,impl_gap_3dB,implementation_gap,-6.6570765652770341,3,-inf,-3.6570765652770341,-3.6570765652770341,False,2,20,40,34.641016151377549,30.000000000000004,130.50958296172223,-93.989700043360187,20,0,3,5,-97.646776608637225,20.862806353085006,0.12197775483179989,payload-bearing DL radiation only; control/reference radiation excluded
llama31_8b_1xH100_fp8_TP1,8B / 1xH100,general,4,all_active,5876,5.6409599999999998,20,0.28204800000000002,impl_gap_3dB,implementation_gap,-6.6570765652770341,3,-inf,-3.6570765652770341,-3.6570765652770341,False,2,20,60,56.568542494923804,19.471220634490692,134.03140814283586,-93.989700043360187,20,0,3,5,-97.646776608637225,24.384631534198633,0.2744499483715499,payload-bearing DL radiation only; control/reference radiation excluded
llama31_8b_1xH100_fp8_TP1,8B / 1xH100,general,4,all_active,5876,5.6409599999999998,20,0.28204800000000002,impl_gap_6dB,implementation_gap,-6.6570765652770341,6,-inf,-0.65707656527703406,-0.65707656527703406,False,2,20,20,0,90,124.48898304844262,-93.989700043360187,20,0,3,5,-94.646776608637225,17.842206439805395,0.060844404370101052,payload-bearing DL radiation only; control/reference radiation excluded
llama31_8b_1xH100_fp8_TP1,8B / 1xH100,general,4,all_active,5876,5.6409599999999998,20,0.28204800000000002,impl_gap_6dB,implementation_gap,-6.6570765652770341,6,-inf,-0.65707656527703406,-0.65707656527703406,False,2,20,40,34.641016151377549,30.000000000000004,130.50958296172223,-93.989700043360187,20,0,3,5,-94.646776608637225,23.862806353085006,0.24337761748040346,payload-bearing DL radiation only; control/reference radiation excluded
llama31_8b_1xH100_fp8_TP1,8B / 1xH100,general,4,all_active,5876,5.6409599999999998,20,0.28204800000000002,impl_gap_6dB,implementation_gap,-6.6570765652770341,6,-inf,-0.65707656527703406,-0.65707656527703406,False,2,20,60,56.568542494923804,19.471220634490692,134.03140814283586,-93.989700043360187,20,0,3,5,-94.646776608637225,27.384631534198633,0.54759963933090805,payload-bearing DL radiation only; control/reference radiation excluded
llama31_8b_1xH100_fp8_TP1,8B / 1xH100,general,4,all_active,5876,5.6409599999999998,20,0.28204800000000002,snr_floor_m10dB,snr_floor_stress_test,-6.6570765652770341,0,-10,-6.6570765652770341,-6.6570765652770341,False,2,20,20,0,90,124.48898304844262,-93.989700043360187,20,0,3,5,-100.64677660863723,11.842206439805395,0.015283423377053899,payload-bearing DL radiation only; control/reference radiation excluded
llama31_8b_1xH100_fp8_TP1,8B / 1xH100,general,4,all_active,5876,5.6409599999999998,20,0.28204800000000002,snr_floor_m10dB,snr_floor_stress_test,-6.6570765652770341,0,-10,-6.6570765652770341,-6.6570765652770341,False,2,20,40,34.641016151377549,30.000000000000004,130.50958296172223,-93.989700043360187,20,0,3,5,-100.64677660863723,17.862806353085006,0.061133693508215424,payload-bearing DL radiation only; control/reference radiation excluded
llama31_8b_1xH100_fp8_TP1,8B / 1xH100,general,4,all_active,5876,5.6409599999999998,20,0.28204800000000002,snr_floor_m10dB,snr_floor_stress_test,-6.6570765652770341,0,-10,-6.6570765652770341,-6.6570765652770341,False,2,20,60,56.568542494923804,19.471220634490692,134.03140814283586,-93.989700043360187,20,0,3,5,-100.64677660863723,21.384631534198633,0.13755081039348477,payload-bearing DL radiation only; control/reference radiation excluded
llama31_8b_1xH100_fp8_TP1,8B / 1xH100,general,4,all_active,5876,5.6409599999999998,20,0.28204800000000002,snr_floor_m5dB,snr_floor_stress_test,-6.6570765652770341,0,-5,-6.6570765652770341,-5,True,2,20,20,0,90,124.48898304844262,-93.989700043360187,20,0,3,5,-98.989700043360187,13.499283005082432,0.022383515692434283,payload-bearing DL radiation only; control/reference radiation excluded
llama31_8b_1xH100_fp8_TP1,8B / 1xH100,general,4,all_active,5876,5.6409599999999998,20,0.28204800000000002,snr_floor_m5dB,snr_floor_stress_test,-6.6570765652770341,0,-5,-6.6570765652770341,-5,True,2,20,40,34.641016151377549,30.000000000000004,130.50958296172223,-93.989700043360187,20,0,3,5,-98.989700043360187,19.519882918362043,0.089534062769736883,payload-bearing DL radiation only; control/reference radiation excluded
llama31_8b_1xH100_fp8_TP1,8B / 1xH100,general,4,all_active,5876,5.6409599999999998,20,0.28204800000000002,snr_floor_m5dB,snr_floor_stress_test,-6.6570765652770341,0,-5,-6.6570765652770341,-5,True,2,20,60,56.568542494923804,19.471220634490692,134.03140814283586,-93.989700043360187,20,0,3,5,-98.989700043360187,23.04170809947567,0.20145164123190809,payload-bearing DL radiation only; control/reference radiation excluded
llama31_8b_1xH100_fp8_TP1,8B / 1xH100,general,4,all_active,5876,5.6409599999999998,20,0.28204800000000002,snr_floor_0dB,snr_floor_stress_test,-6.6570765652770341,0,0,-6.6570765652770341,0,True,2,20,20,0,90,124.48898304844262,-93.989700043360187,20,0,3,5,-93.989700043360187,18.499283005082432,0.070782891630213285,payload-bearing DL radiation only; control/reference radiation excluded
llama31_8b_1xH100_fp8_TP1,8B / 1xH100,general,4,all_active,5876,5.6409599999999998,20,0.28204800000000002,snr_floor_0dB,snr_floor_stress_test,-6.6570765652770341,0,0,-6.6570765652770341,0,True,2,20,40,34.641016151377549,30.000000000000004,130.50958296172223,-93.989700043360187,20,0,3,5,-93.989700043360187,24.519882918362043,0.28313156652085236,payload-bearing DL radiation only; control/reference radiation excluded
llama31_8b_1xH100_fp8_TP1,8B / 1xH100,general,4,all_active,5876,5.6409599999999998,20,0.28204800000000002,snr_floor_0dB,snr_floor_stress_test,-6.6570765652770341,0,0,-6.6570765652770341,0,True,2,20,60,56.568542494923804,19.471220634490692,134.03140814283586,-93.989700043360187,20,0,3,5,-93.989700043360187,28.04170809947567,0.63704602467191807,payload-bearing DL radiation only; control/reference radiation excluded
llama31_8b_1xH100_fp8_TP1,8B / 1xH100,general,6,mean,154.14145085127785,0.22196368922584009,20,0.011098184461292005,shannon_baseline,lower_bound,-21.122510860143034,0,-inf,-21.122510860143034,-21.122510860143034,False,2,20,20,0,90,124.48898304844262,-93.989700043360187,20,0,3,5,-115.11221090350323,-2.6232278550606054,0.00054660954920139496,payload-bearing DL radiation only; control/reference radiation excluded
llama31_8b_1xH100_fp8_TP1,8B / 1xH100,general,6,mean,154.14145085127785,0.22196368922584009,20,0.011098184461292005,shannon_baseline,lower_bound,-21.122510860143034,0,-inf,-21.122510860143034,-21.122510860143034,False,2,20,40,34.641016151377549,30.000000000000004,130.50958296172223,-93.989700043360187,20,0,3,5,-115.11221090350323,3.3973720582190055,0.0021864381968055712,payload-bearing DL radiation only; control/reference radiation excluded
llama31_8b_1xH100_fp8_TP1,8B / 1xH100,general,6,mean,154.14145085127785,0.22196368922584009,20,0.011098184461292005,shannon_baseline,lower_bound,-21.122510860143034,0,-inf,-21.122510860143034,-21.122510860143034,False,2,20,60,56.568542494923804,19.471220634490692,134.03140814283586,-93.989700043360187,20,0,3,5,-115.11221090350323,6.9191972393326324,0.0049194859428125376,payload-bearing DL radiation only; control/reference radiation excluded
llama31_8b_1xH100_fp8_TP1,8B / 1xH100,general,6,mean,154.14145085127785,0.22196368922584009,20,0.011098184461292005,impl_gap_3dB,implementation_gap,-21.122510860143034,3,-inf,-18.122510860143034,-18.122510860143034,False,2,20,20,0,90,124.48898304844262,-93.989700043360187,20,0,3,5,-112.11221090350323,0.37677214493939459,0.0010906294345236706,payload-bearing DL radiation only; control/reference radiation excluded
llama31_8b_1xH100_fp8_TP1,8B / 1xH100,general,6,mean,154.14145085127785,0.22196368922584009,20,0.011098184461292005,impl_gap_3dB,implementation_gap,-21.122510860143034,3,-inf,-18.122510860143034,-18.122510860143034,False,2,20,40,34.641016151377549,30.000000000000004,130.50958296172223,-93.989700043360187,20,0,3,5,-112.11221090350323,6.3973720582190055,0.0043625177380946694,payload-bearing DL radiation only; control/reference radiation excluded
llama31_8b_1xH100_fp8_TP1,8B / 1xH100,general,6,mean,154.14145085127785,0.22196368922584009,20,0.011098184461292005,impl_gap_3dB,implementation_gap,-21.122510860143034,3,-inf,-18.122510860143034,-18.122510860143034,False,2,20,60,56.568542494923804,19.471220634490692,134.03140814283586,-93.989700043360187,20,0,3,5,-112.11221090350323,9.9191972393326324,0.0098156649107130119,payload-bearing DL radiation only; control/reference radiation excluded
llama31_8b_1xH100_fp8_TP1,8B / 1xH100,general,6,mean,154.14145085127785,0.22196368922584009,20,0.011098184461292005,impl_gap_6dB,implementation_gap,-21.122510860143034,6,-inf,-15.122510860143034,-15.122510860143034,False,2,20,20,0,90,124.48898304844262,-93.989700043360187,20,0,3,5,-109.11221090350323,3.3767721449393946,0.0021760918103008978,payload-bearing DL radiation only; control/reference radiation excluded
llama31_8b_1xH100_fp8_TP1,8B / 1xH100,general,6,mean,154.14145085127785,0.22196368922584009,20,0.011098184461292005,impl_gap_6dB,implementation_gap,-21.122510860143034,6,-inf,-15.122510860143034,-15.122510860143034,False,2,20,40,34.641016151377549,30.000000000000004,130.50958296172223,-93.989700043360187,20,0,3,5,-109.11221090350323,9.3973720582190055,0.0087043672412035668,payload-bearing DL radiation only; control/reference radiation excluded
llama31_8b_1xH100_fp8_TP1,8B / 1xH100,general,6,mean,154.14145085127785,0.22196368922584009,20,0.011098184461292005,impl_gap_6dB,implementation_gap,-21.122510860143034,6,-inf,-15.122510860143034,-15.122510860143034,False,2,20,60,56.568542494923804,19.471220634490692,134.03140814283586,-93.989700043360187,20,0,3,5,-109.11221090350323,12.919197239332632,0.019584826292708038,payload-bearing DL radiation only; control/reference radiation excluded
llama31_8b_1xH100_fp8_TP1,8B / 1xH100,general,6,mean,154.14145085127785,0.22196368922584009,20,0.011098184461292005,snr_floor_m10dB,snr_floor_stress_test,-21.122510860143034,0,-10,-21.122510860143034,-10,True,2,20,20,0,90,124.48898304844262,-93.989700043360187,20,0,3,5,-103.98970004336019,8.4992830050824324,0.0070782891630213323,payload-bearing DL radiation only; control/reference radiation excluded
llama31_8b_1xH100_fp8_TP1,8B / 1xH100,general,6,mean,154.14145085127785,0.22196368922584009,20,0.011098184461292005,snr_floor_m10dB,snr_floor_stress_test,-21.122510860143034,0,-10,-21.122510860143034,-10,True,2,20,40,34.641016151377549,30.000000000000004,130.50958296172223,-93.989700043360187,20,0,3,5,-103.98970004336019,14.519882918362043,0.028313156652085236,payload-bearing DL radiation only; control/reference radiation excluded
llama31_8b_1xH100_fp8_TP1,8B / 1xH100,general,6,mean,154.14145085127785,0.22196368922584009,20,0.011098184461292005,snr_floor_m10dB,snr_floor_stress_test,-21.122510860143034,0,-10,-21.122510860143034,-10,True,2,20,60,56.568542494923804,19.471220634490692,134.03140814283586,-93.989700043360187,20,0,3,5,-103.98970004336019,18.04170809947567,0.063704602467191812,payload-bearing DL radiation only; control/reference radiation excluded
llama31_8b_1xH100_fp8_TP1,8B / 1xH100,general,6,mean,154.14145085127785,0.22196368922584009,20,0.011098184461292005,snr_floor_m5dB,snr_floor_stress_test,-21.122510860143034,0,-5,-21.122510860143034,-5,True,2,20,20,0,90,124.48898304844262,-93.989700043360187,20,0,3,5,-98.989700043360187,13.499283005082432,0.022383515692434283,payload-bearing DL radiation only; control/reference radiation excluded
llama31_8b_1xH100_fp8_TP1,8B / 1xH100,general,6,mean,154.14145085127785,0.22196368922584009,20,0.011098184461292005,snr_floor_m5dB,snr_floor_stress_test,-21.122510860143034,0,-5,-21.122510860143034,-5,True,2,20,40,34.641016151377549,30.000000000000004,130.50958296172223,-93.989700043360187,20,0,3,5,-98.989700043360187,19.519882918362043,0.089534062769736883,payload-bearing DL radiation only; control/reference radiation excluded
llama31_8b_1xH100_fp8_TP1,8B / 1xH100,general,6,mean,154.14145085127785,0.22196368922584009,20,0.011098184461292005,snr_floor_m5dB,snr_floor_stress_test,-21.122510860143034,0,-5,-21.122510860143034,-5,True,2,20,60,56.568542494923804,19.471220634490692,134.03140814283586,-93.989700043360187,20,0,3,5,-98.989700043360187,23.04170809947567,0.20145164123190809,payload-bearing DL radiation only; control/reference radiation excluded
llama31_8b_1xH100_fp8_TP1,8B / 1xH100,general,6,mean,154.14145085127785,0.22196368922584009,20,0.011098184461292005,snr_floor_0dB,snr_floor_stress_test,-21.122510860143034,0,0,-21.122510860143034,0,True,2,20,20,0,90,124.48898304844262,-93.989700043360187,20,0,3,5,-93.989700043360187,18.499283005082432,0.070782891630213285,payload-bearing DL radiation only; control/reference radiation excluded
llama31_8b_1xH100_fp8_TP1,8B / 1xH100,general,6,mean,154.14145085127785,0.22196368922584009,20,0.011098184461292005,snr_floor_0dB,snr_floor_stress_test,-21.122510860143034,0,0,-21.122510860143034,0,True,2,20,40,34.641016151377549,30.000000000000004,130.50958296172223,-93.989700043360187,20,0,3,5,-93.989700043360187,24.519882918362043,0.28313156652085236,payload-bearing DL radiation only; control/reference radiation excluded
llama31_8b_1xH100_fp8_TP1,8B / 1xH100,general,6,mean,154.14145085127785,0.22196368922584009,20,0.011098184461292005,snr_floor_0dB,snr_floor_stress_test,-21.122510860143034,0,0,-21.122510860143034,0,True,2,20,60,56.568542494923804,19.471220634490692,134.03140814283586,-93.989700043360187,20,0,3,5,-93.989700043360187,28.04170809947567,0.63704602467191807,payload-bearing DL radiation only; control/reference radiation excluded
llama31_8b_1xH100_fp8_TP1,8B / 1xH100,general,6,p95,174,0.25056,20,0.012527999999999999,shannon_baseline,lower_bound,-20.5940577780521,0,-inf,-20.5940577780521,-20.5940577780521,False,2,20,20,0,90,124.48898304844262,-93.989700043360187,20,0,3,5,-114.58375782141229,-2.0947747729696715,0.00061733730644303179,payload-bearing DL radiation only; control/reference radiation excluded
llama31_8b_1xH100_fp8_TP1,8B / 1xH100,general,6,p95,174,0.25056,20,0.012527999999999999,shannon_baseline,lower_bound,-20.5940577780521,0,-inf,-20.5940577780521,-20.5940577780521,False,2,20,40,34.641016151377549,30.000000000000004,130.50958296172223,-93.989700043360187,20,0,3,5,-114.58375782141229,3.9258251403099393,0.002469349225772118,payload-bearing DL radiation only; control/reference radiation excluded
llama31_8b_1xH100_fp8_TP1,8B / 1xH100,general,6,p95,174,0.25056,20,0.012527999999999999,shannon_baseline,lower_bound,-20.5940577780521,0,-inf,-20.5940577780521,-20.5940577780521,False,2,20,60,56.568542494923804,19.471220634490692,134.03140814283586,-93.989700043360187,20,0,3,5,-114.58375782141229,7.4476503214235663,0.0055560357579872675,payload-bearing DL radiation only; control/reference radiation excluded
llama31_8b_1xH100_fp8_TP1,8B / 1xH100,general,6,p95,174,0.25056,20,0.012527999999999999,impl_gap_3dB,implementation_gap,-20.5940577780521,3,-inf,-17.5940577780521,-17.5940577780521,False,2,20,20,0,90,124.48898304844262,-93.989700043360187,20,0,3,5,-111.58375782141229,0.90522522703032848,0.0012317498631701758,payload-bearing DL radiation only; control/reference radiation excluded
llama31_8b_1xH100_fp8_TP1,8B / 1xH100,general,6,p95,174,0.25056,20,0.012527999999999999,impl_gap_3dB,implementation_gap,-20.5940577780521,3,-inf,-17.5940577780521,-17.5940577780521,False,2,20,40,34.641016151377549,30.000000000000004,130.50958296172223,-93.989700043360187,20,0,3,5,-111.58375782141229,6.9258251403099393,0.0049269994526806894,payload-bearing DL radiation only; control/reference radiation excluded
llama31_8b_1xH100_fp8_TP1,8B / 1xH100,general,6,p95,174,0.25056,20,0.012527999999999999,impl_gap_3dB,implementation_gap,-20.5940577780521,3,-inf,-17.5940577780521,-17.5940577780521,False,2,20,60,56.568542494923804,19.471220634490692,134.03140814283586,-93.989700043360187,20,0,3,5,-111.58375782141229,10.447650321423566,0.011085748768531557,payload-bearing DL radiation only; control/reference radiation excluded
llama31_8b_1xH100_fp8_TP1,8B / 1xH100,general,6,p95,174,0.25056,20,0.012527999999999999,impl_gap_6dB,implementation_gap,-20.5940577780521,6,-inf,-14.5940577780521,-14.5940577780521,False,2,20,20,0,90,124.48898304844262,-93.989700043360187,20,0,3,5,-108.58375782141229,3.9052252270303285,0.0024576640834515248,payload-bearing DL radiation only; control/reference radiation excluded
llama31_8b_1xH100_fp8_TP1,8B / 1xH100,general,6,p95,174,0.25056,20,0.012527999999999999,impl_gap_6dB,implementation_gap,-20.5940577780521,6,-inf,-14.5940577780521,-14.5940577780521,False,2,20,40,34.641016151377549,30.000000000000004,130.50958296172223,-93.989700043360187,20,0,3,5,-108.58375782141229,9.9258251403099393,0.0098306563338060714,payload-bearing DL radiation only; control/reference radiation excluded
llama31_8b_1xH100_fp8_TP1,8B / 1xH100,general,6,p95,174,0.25056,20,0.012527999999999999,impl_gap_6dB,implementation_gap,-20.5940577780521,6,-inf,-14.5940577780521,-14.5940577780521,False,2,20,60,56.568542494923804,19.471220634490692,134.03140814283586,-93.989700043360187,20,0,3,5,-108.58375782141229,13.447650321423566,0.022118976751063672,payload-bearing DL radiation only; control/reference radiation excluded
llama31_8b_1xH100_fp8_TP1,8B / 1xH100,general,6,p95,174,0.25056,20,0.012527999999999999,snr_floor_m10dB,snr_floor_stress_test,-20.5940577780521,0,-10,-20.5940577780521,-10,True,2,20,20,0,90,124.48898304844262,-93.989700043360187,20,0,3,5,-103.98970004336019,8.4992830050824324,0.0070782891630213323,payload-bearing DL radiation only; control/reference radiation excluded
llama31_8b_1xH100_fp8_TP1,8B / 1xH100,general,6,p95,174,0.25056,20,0.012527999999999999,snr_floor_m10dB,snr_floor_stress_test,-20.5940577780521,0,-10,-20.5940577780521,-10,True,2,20,40,34.641016151377549,30.000000000000004,130.50958296172223,-93.989700043360187,20,0,3,5,-103.98970004336019,14.519882918362043,0.028313156652085236,payload-bearing DL radiation only; control/reference radiation excluded
llama31_8b_1xH100_fp8_TP1,8B / 1xH100,general,6,p95,174,0.25056,20,0.012527999999999999,snr_floor_m10dB,snr_floor_stress_test,-20.5940577780521,0,-10,-20.5940577780521,-10,True,2,20,60,56.568542494923804,19.471220634490692,134.03140814283586,-93.989700043360187,20,0,3,5,-103.98970004336019,18.04170809947567,0.063704602467191812,payload-bearing DL radiation only; control/reference radiation excluded
llama31_8b_1xH100_fp8_TP1,8B / 1xH100,general,6,p95,174,0.25056,20,0.012527999999999999,snr_floor_m5dB,snr_floor_stress_test,-20.5940577780521,0,-5,-20.5940577780521,-5,True,2,20,20,0,90,124.48898304844262,-93.989700043360187,20,0,3,5,-98.989700043360187,13.499283005082432,0.022383515692434283,payload-bearing DL radiation only; control/reference radiation excluded
llama31_8b_1xH100_fp8_TP1,8B / 1xH100,general,6,p95,174,0.25056,20,0.012527999999999999,snr_floor_m5dB,snr_floor_stress_test,-20.5940577780521,0,-5,-20.5940577780521,-5,True,2,20,40,34.641016151377549,30.000000000000004,130.50958296172223,-93.989700043360187,20,0,3,5,-98.989700043360187,19.519882918362043,0.089534062769736883,payload-bearing DL radiation only; control/reference radiation excluded
llama31_8b_1xH100_fp8_TP1,8B / 1xH100,general,6,p95,174,0.25056,20,0.012527999999999999,snr_floor_m5dB,snr_floor_stress_test,-20.5940577780521,0,-5,-20.5940577780521,-5,True,2,20,60,56.568542494923804,19.471220634490692,134.03140814283586,-93.989700043360187,20,0,3,5,-98.989700043360187,23.04170809947567,0.20145164123190809,payload-bearing DL radiation only; control/reference radiation excluded
llama31_8b_1xH100_fp8_TP1,8B / 1xH100,general,6,p95,174,0.25056,20,0.012527999999999999,snr_floor_0dB,snr_floor_stress_test,-20.5940577780521,0,0,-20.5940577780521,0,True,2,20,20,0,90,124.48898304844262,-93.989700043360187,20,0,3,5,-93.989700043360187,18.499283005082432,0.070782891630213285,payload-bearing DL radiation only; control/reference radiation excluded
llama31_8b_1xH100_fp8_TP1,8B / 1xH100,general,6,p95,174,0.25056,20,0.012527999999999999,snr_floor_0dB,snr_floor_stress_test,-20.5940577780521,0,0,-20.5940577780521,0,True,2,20,40,34.641016151377549,30.000000000000004,130.50958296172223,-93.989700043360187,20,0,3,5,-93.989700043360187,24.519882918362043,0.28313156652085236,payload-bearing DL radiation only; control/reference radiation excluded
llama31_8b_1xH100_fp8_TP1,8B / 1xH100,general,6,p95,174,0.25056,20,0.012527999999999999,snr_floor_0dB,snr_floor_stress_test,-20.5940577780521,0,0,-20.5940577780521,0,True,2,20,60,56.568542494923804,19.471220634490692,134.03140814283586,-93.989700043360187,20,0,3,5,-93.989700043360187,28.04170809947567,0.63704602467191807,payload-bearing DL radiation only; control/reference radiation excluded
llama31_8b_1xH100_fp8_TP1,8B / 1xH100,general,6,p99,183,0.26351999999999998,20,0.013176,shannon_baseline,lower_bound,-20.374062578285908,0,-inf,-20.374062578285908,-20.374062578285908,False,2,20,20,0,90,124.48898304844262,-93.989700043360187,20,0,3,5,-114.36376262164609,-1.8747795732034689,0.00064941459187190344,payload-bearing DL radiation only; control/reference radiation excluded
llama31_8b_1xH100_fp8_TP1,8B / 1xH100,general,6,p99,183,0.26351999999999998,20,0.013176,shannon_baseline,lower_bound,-20.374062578285908,0,-inf,-20.374062578285908,-20.374062578285908,False,2,20,40,34.641016151377549,30.000000000000004,130.50958296172223,-93.989700043360187,20,0,3,5,-114.36376262164609,4.145820340076142,0.0025976583674876064,payload-bearing DL radiation only; control/reference radiation excluded
llama31_8b_1xH100_fp8_TP1,8B / 1xH100,general,6,p99,183,0.26351999999999998,20,0.013176,shannon_baseline,lower_bound,-20.374062578285908,0,-inf,-20.374062578285908,-20.374062578285908,False,2,20,60,56.568542494923804,19.471220634490692,134.03140814283586,-93.989700043360187,20,0,3,5,-114.36376262164609,7.6676455211897689,0.0058447313268471177,payload-bearing DL radiation only; control/reference radiation excluded
llama31_8b_1xH100_fp8_TP1,8B / 1xH100,general,6,p99,183,0.26351999999999998,20,0.013176,impl_gap_3dB,implementation_gap,-20.374062578285908,3,-inf,-17.374062578285908,-17.374062578285908,False,2,20,20,0,90,124.48898304844262,-93.989700043360187,20,0,3,5,-111.36376262164609,1.1252204267965311,0.0012957524619529037,payload-bearing DL radiation only; control/reference radiation excluded
llama31_8b_1xH100_fp8_TP1,8B / 1xH100,general,6,p99,183,0.26351999999999998,20,0.013176,impl_gap_3dB,implementation_gap,-20.374062578285908,3,-inf,-17.374062578285908,-17.374062578285908,False,2,20,40,34.641016151377549,30.000000000000004,130.50958296172223,-93.989700043360187,20,0,3,5,-111.36376262164609,7.145820340076142,0.0051830098478116001,payload-bearing DL radiation only; control/reference radiation excluded
llama31_8b_1xH100_fp8_TP1,8B / 1xH100,general,6,p99,183,0.26351999999999998,20,0.013176,impl_gap_3dB,implementation_gap,-20.374062578285908,3,-inf,-17.374062578285908,-17.374062578285908,False,2,20,60,56.568542494923804,19.471220634490692,134.03140814283586,-93.989700043360187,20,0,3,5,-111.36376262164609,10.667645521189769,0.011661772157576106,payload-bearing DL radiation only; control/reference radiation excluded
llama31_8b_1xH100_fp8_TP1,8B / 1xH100,general,6,p99,183,0.26351999999999998,20,0.013176,impl_gap_6dB,implementation_gap,-20.374062578285908,6,-inf,-14.374062578285908,-14.374062578285908,False,2,20,20,0,90,124.48898304844262,-93.989700043360187,20,0,3,5,-108.36376262164609,4.1252204267965311,0.0025853660568627775,payload-bearing DL radiation only; control/reference radiation excluded
llama31_8b_1xH100_fp8_TP1,8B / 1xH100,general,6,p99,183,0.26351999999999998,20,0.013176,impl_gap_6dB,implementation_gap,-20.374062578285908,6,-inf,-14.374062578285908,-14.374062578285908,False,2,20,40,34.641016151377549,30.000000000000004,130.50958296172223,-93.989700043360187,20,0,3,5,-108.36376262164609,10.145820340076142,0.010341464227451075,payload-bearing DL radiation only; control/reference radiation excluded
llama31_8b_1xH100_fp8_TP1,8B / 1xH100,general,6,p99,183,0.26351999999999998,20,0.013176,impl_gap_6dB,implementation_gap,-20.374062578285908,6,-inf,-14.374062578285908,-14.374062578285908,False,2,20,60,56.568542494923804,19.471220634490692,134.03140814283586,-93.989700043360187,20,0,3,5,-108.36376262164609,13.667645521189769,0.023268294511764931,payload-bearing DL radiation only; control/reference radiation excluded
llama31_8b_1xH100_fp8_TP1,8B / 1xH100,general,6,p99,183,0.26351999999999998,20,0.013176,snr_floor_m10dB,snr_floor_stress_test,-20.374062578285908,0,-10,-20.374062578285908,-10,True,2,20,20,0,90,124.48898304844262,-93.989700043360187,20,0,3,5,-103.98970004336019,8.4992830050824324,0.0070782891630213323,payload-bearing DL radiation only; control/reference radiation excluded
llama31_8b_1xH100_fp8_TP1,8B / 1xH100,general,6,p99,183,0.26351999999999998,20,0.013176,snr_floor_m10dB,snr_floor_stress_test,-20.374062578285908,0,-10,-20.374062578285908,-10,True,2,20,40,34.641016151377549,30.000000000000004,130.50958296172223,-93.989700043360187,20,0,3,5,-103.98970004336019,14.519882918362043,0.028313156652085236,payload-bearing DL radiation only; control/reference radiation excluded
llama31_8b_1xH100_fp8_TP1,8B / 1xH100,general,6,p99,183,0.26351999999999998,20,0.013176,snr_floor_m10dB,snr_floor_stress_test,-20.374062578285908,0,-10,-20.374062578285908,-10,True,2,20,60,56.568542494923804,19.471220634490692,134.03140814283586,-93.989700043360187,20,0,3,5,-103.98970004336019,18.04170809947567,0.063704602467191812,payload-bearing DL radiation only; control/reference radiation excluded
llama31_8b_1xH100_fp8_TP1,8B / 1xH100,general,6,p99,183,0.26351999999999998,20,0.013176,snr_floor_m5dB,snr_floor_stress_test,-20.374062578285908,0,-5,-20.374062578285908,-5,True,2,20,20,0,90,124.48898304844262,-93.989700043360187,20,0,3,5,-98.989700043360187,13.499283005082432,0.022383515692434283,payload-bearing DL radiation only; control/reference radiation excluded
llama31_8b_1xH100_fp8_TP1,8B / 1xH100,general,6,p99,183,0.26351999999999998,20,0.013176,snr_floor_m5dB,snr_floor_stress_test,-20.374062578285908,0,-5,-20.374062578285908,-5,True,2,20,40,34.641016151377549,30.000000000000004,130.50958296172223,-93.989700043360187,20,0,3,5,-98.989700043360187,19.519882918362043,0.089534062769736883,payload-bearing DL radiation only; control/reference radiation excluded
llama31_8b_1xH100_fp8_TP1,8B / 1xH100,general,6,p99,183,0.26351999999999998,20,0.013176,snr_floor_m5dB,snr_floor_stress_test,-20.374062578285908,0,-5,-20.374062578285908,-5,True,2,20,60,56.568542494923804,19.471220634490692,134.03140814283586,-93.989700043360187,20,0,3,5,-98.989700043360187,23.04170809947567,0.20145164123190809,payload-bearing DL radiation only; control/reference radiation excluded
llama31_8b_1xH100_fp8_TP1,8B / 1xH100,general,6,p99,183,0.26351999999999998,20,0.013176,snr_floor_0dB,snr_floor_stress_test,-20.374062578285908,0,0,-20.374062578285908,0,True,2,20,20,0,90,124.48898304844262,-93.989700043360187,20,0,3,5,-93.989700043360187,18.499283005082432,0.070782891630213285,payload-bearing DL radiation only; control/reference radiation excluded
llama31_8b_1xH100_fp8_TP1,8B / 1xH100,general,6,p99,183,0.26351999999999998,20,0.013176,snr_floor_0dB,snr_floor_stress_test,-20.374062578285908,0,0,-20.374062578285908,0,True,2,20,40,34.641016151377549,30.000000000000004,130.50958296172223,-93.989700043360187,20,0,3,5,-93.989700043360187,24.519882918362043,0.28313156652085236,payload-bearing DL radiation only; control/reference radiation excluded
llama31_8b_1xH100_fp8_TP1,8B / 1xH100,general,6,p99,183,0.26351999999999998,20,0.013176,snr_floor_0dB,snr_floor_stress_test,-20.374062578285908,0,0,-20.374062578285908,0,True,2,20,60,56.568542494923804,19.471220634490692,134.03140814283586,-93.989700043360187,20,0,3,5,-93.989700043360187,28.04170809947567,0.63704602467191807,payload-bearing DL radiation only; control/reference radiation excluded
llama31_8b_1xH100_fp8_TP1,8B / 1xH100,general,6,all_active,5876,8.4614399999999996,20,0.423072,shannon_baseline,lower_bound,-4.6752653397014674,0,-inf,-4.6752653397014674,-4.6752653397014674,False,2,20,20,0,90,124.48898304844262,-93.989700043360187,20,0,3,5,-98.664965383061656,13.824017665380964,0.024121358676868154,payload-bearing DL radiation only; control/reference radiation excluded
llama31_8b_1xH100_fp8_TP1,8B / 1xH100,general,6,all_active,5876,8.4614399999999996,20,0.423072,shannon_baseline,lower_bound,-4.6752653397014674,0,-inf,-4.6752653397014674,-4.6752653397014674,False,2,20,40,34.641016151377549,30.000000000000004,130.50958296172223,-93.989700043360187,20,0,3,5,-98.664965383061656,19.844617578660575,0.09648543470747234,payload-bearing DL radiation only; control/reference radiation excluded
llama31_8b_1xH100_fp8_TP1,8B / 1xH100,general,6,all_active,5876,8.4614399999999996,20,0.423072,shannon_baseline,lower_bound,-4.6752653397014674,0,-inf,-4.6752653397014674,-4.6752653397014674,False,2,20,60,56.568542494923804,19.471220634490692,134.03140814283586,-93.989700043360187,20,0,3,5,-98.664965383061656,23.366442759774202,0.21709222809181289,payload-bearing DL radiation only; control/reference radiation excluded
llama31_8b_1xH100_fp8_TP1,8B / 1xH100,general,6,all_active,5876,8.4614399999999996,20,0.423072,impl_gap_3dB,implementation_gap,-4.6752653397014674,3,-inf,-1.6752653397014674,-1.6752653397014674,False,2,20,20,0,90,124.48898304844262,-93.989700043360187,20,0,3,5,-95.664965383061656,16.824017665380964,0.048128437953802623,payload-bearing DL radiation only; control/reference radiation excluded
llama31_8b_1xH100_fp8_TP1,8B / 1xH100,general,6,all_active,5876,8.4614399999999996,20,0.423072,impl_gap_3dB,implementation_gap,-4.6752653397014674,3,-inf,-1.6752653397014674,-1.6752653397014674,False,2,20,40,34.641016151377549,30.000000000000004,130.50958296172223,-93.989700043360187,20,0,3,5,-95.664965383061656,22.844617578660575,0.19251375181520997,payload-bearing DL radiation only; control/reference radiation excluded
llama31_8b_1xH100_fp8_TP1,8B / 1xH100,general,6,all_active,5876,8.4614399999999996,20,0.423072,impl_gap_3dB,implementation_gap,-4.6752653397014674,3,-inf,-1.6752653397014674,-1.6752653397014674,False,2,20,60,56.568542494923804,19.471220634490692,134.03140814283586,-93.989700043360187,20,0,3,5,-95.664965383061656,26.366442759774202,0.4331559415842226,payload-bearing DL radiation only; control/reference radiation excluded
llama31_8b_1xH100_fp8_TP1,8B / 1xH100,general,6,all_active,5876,8.4614399999999996,20,0.423072,impl_gap_6dB,implementation_gap,-4.6752653397014674,6,-inf,1.3247346602985326,1.3247346602985326,False,2,20,20,0,90,124.48898304844262,-93.989700043360187,20,0,3,5,-92.664965383061656,19.824017665380964,0.096028858527540326,payload-bearing DL radiation only; control/reference radiation excluded
llama31_8b_1xH100_fp8_TP1,8B / 1xH100,general,6,all_active,5876,8.4614399999999996,20,0.423072,impl_gap_6dB,implementation_gap,-4.6752653397014674,6,-inf,1.3247346602985326,1.3247346602985326,False,2,20,40,34.641016151377549,30.000000000000004,130.50958296172223,-93.989700043360187,20,0,3,5,-92.664965383061656,25.844617578660575,0.38411543411016014,payload-bearing DL radiation only; control/reference radiation excluded
llama31_8b_1xH100_fp8_TP1,8B / 1xH100,general,6,all_active,5876,8.4614399999999996,20,0.423072,impl_gap_6dB,implementation_gap,-4.6752653397014674,6,-inf,1.3247346602985326,1.3247346602985326,False,2,20,60,56.568542494923804,19.471220634490692,134.03140814283586,-93.989700043360187,20,0,3,5,-92.664965383061656,29.366442759774202,0.86425972674786078,payload-bearing DL radiation only; control/reference radiation excluded
llama31_8b_1xH100_fp8_TP1,8B / 1xH100,general,6,all_active,5876,8.4614399999999996,20,0.423072,snr_floor_m10dB,snr_floor_stress_test,-4.6752653397014674,0,-10,-4.6752653397014674,-4.6752653397014674,False,2,20,20,0,90,124.48898304844262,-93.989700043360187,20,0,3,5,-98.664965383061656,13.824017665380964,0.024121358676868154,payload-bearing DL radiation only; control/reference radiation excluded
llama31_8b_1xH100_fp8_TP1,8B / 1xH100,general,6,all_active,5876,8.4614399999999996,20,0.423072,snr_floor_m10dB,snr_floor_stress_test,-4.6752653397014674,0,-10,-4.6752653397014674,-4.6752653397014674,False,2,20,40,34.641016151377549,30.000000000000004,130.50958296172223,-93.989700043360187,20,0,3,5,-98.664965383061656,19.844617578660575,0.09648543470747234,payload-bearing DL radiation only; control/reference radiation excluded
llama31_8b_1xH100_fp8_TP1,8B / 1xH100,general,6,all_active,5876,8.4614399999999996,20,0.423072,snr_floor_m10dB,snr_floor_stress_test,-4.6752653397014674,0,-10,-4.6752653397014674,-4.6752653397014674,False,2,20,60,56.568542494923804,19.471220634490692,134.03140814283586,-93.989700043360187,20,0,3,5,-98.664965383061656,23.366442759774202,0.21709222809181289,payload-bearing DL radiation only; control/reference radiation excluded
llama31_8b_1xH100_fp8_TP1,8B / 1xH100,general,6,all_active,5876,8.4614399999999996,20,0.423072,snr_floor_m5dB,snr_floor_stress_test,-4.6752653397014674,0,-5,-4.6752653397014674,-4.6752653397014674,False,2,20,20,0,90,124.48898304844262,-93.989700043360187,20,0,3,5,-98.664965383061656,13.824017665380964,0.024121358676868154,payload-bearing DL radiation only; control/reference radiation excluded
llama31_8b_1xH100_fp8_TP1,8B / 1xH100,general,6,all_active,5876,8.4614399999999996,20,0.423072,snr_floor_m5dB,snr_floor_stress_test,-4.6752653397014674,0,-5,-4.6752653397014674,-4.6752653397014674,False,2,20,40,34.641016151377549,30.000000000000004,130.50958296172223,-93.989700043360187,20,0,3,5,-98.664965383061656,19.844617578660575,0.09648543470747234,payload-bearing DL radiation only; control/reference radiation excluded
llama31_8b_1xH100_fp8_TP1,8B / 1xH100,general,6,all_active,5876,8.4614399999999996,20,0.423072,snr_floor_m5dB,snr_floor_stress_test,-4.6752653397014674,0,-5,-4.6752653397014674,-4.6752653397014674,False,2,20,60,56.568542494923804,19.471220634490692,134.03140814283586,-93.989700043360187,20,0,3,5,-98.664965383061656,23.366442759774202,0.21709222809181289,payload-bearing DL radiation only; control/reference radiation excluded
llama31_8b_1xH100_fp8_TP1,8B / 1xH100,general,6,all_active,5876,8.4614399999999996,20,0.423072,snr_floor_0dB,snr_floor_stress_test,-4.6752653397014674,0,0,-4.6752653397014674,0,True,2,20,20,0,90,124.48898304844262,-93.989700043360187,20,0,3,5,-93.989700043360187,18.499283005082432,0.070782891630213285,payload-bearing DL radiation only; control/reference radiation excluded
llama31_8b_1xH100_fp8_TP1,8B / 1xH100,general,6,all_active,5876,8.4614399999999996,20,0.423072,snr_floor_0dB,snr_floor_stress_test,-4.6752653397014674,0,0,-4.6752653397014674,0,True,2,20,40,34.641016151377549,30.000000000000004,130.50958296172223,-93.989700043360187,20,0,3,5,-93.989700043360187,24.519882918362043,0.28313156652085236,payload-bearing DL radiation only; control/reference radiation excluded
llama31_8b_1xH100_fp8_TP1,8B / 1xH100,general,6,all_active,5876,8.4614399999999996,20,0.423072,snr_floor_0dB,snr_floor_stress_test,-4.6752653397014674,0,0,-4.6752653397014674,0,True,2,20,60,56.568542494923804,19.471220634490692,134.03140814283586,-93.989700043360187,20,0,3,5,-93.989700043360187,28.04170809947567,0.63704602467191807,payload-bearing DL radiation only; control/reference radiation excluded
llama33_70b_2xH100_fp8_TP2,70B / 2xH100,general,4,mean,26.006162756979897,0.024965916246700706,20,0.0012482958123350351,shannon_baseline,lower_bound,-30.626691245809603,0,-inf,-30.626691245809603,-30.626691245809603,False,2,20,20,0,90,124.48898304844262,-93.989700043360187,20,0,3,5,-124.6163912891698,-12.127408240727178,6.127159359640722e-05,payload-bearing DL radiation only; control/reference radiation excluded
llama33_70b_2xH100_fp8_TP2,70B / 2xH100,general,4,mean,26.006162756979897,0.024965916246700706,20,0.0012482958123350351,shannon_baseline,lower_bound,-30.626691245809603,0,-inf,-30.626691245809603,-30.626691245809603,False,2,20,40,34.641016151377549,30.000000000000004,130.50958296172223,-93.989700043360187,20,0,3,5,-124.6163912891698,-6.1068083274475669,0.00024508637438562818,payload-bearing DL radiation only; control/reference radiation excluded
llama33_70b_2xH100_fp8_TP2,70B / 2xH100,general,4,mean,26.006162756979897,0.024965916246700706,20,0.0012482958123350351,shannon_baseline,lower_bound,-30.626691245809603,0,-inf,-30.626691245809603,-30.626691245809603,False,2,20,60,56.568542494923804,19.471220634490692,134.03140814283586,-93.989700043360187,20,0,3,5,-124.6163912891698,-2.5849831463339399,0.00055144434236766373,payload-bearing DL radiation only; control/reference radiation excluded
llama33_70b_2xH100_fp8_TP2,70B / 2xH100,general,4,mean,26.006162756979897,0.024965916246700706,20,0.0012482958123350351,impl_gap_3dB,implementation_gap,-30.626691245809603,3,-inf,-27.626691245809603,-27.626691245809603,False,2,20,20,0,90,124.48898304844262,-93.989700043360187,20,0,3,5,-121.6163912891698,-9.1274082407271777,0.0001222529016809998,payload-bearing DL radiation only; control/reference radiation excluded
llama33_70b_2xH100_fp8_TP2,70B / 2xH100,general,4,mean,26.006162756979897,0.024965916246700706,20,0.0012482958123350351,impl_gap_3dB,implementation_gap,-30.626691245809603,3,-inf,-27.626691245809603,-27.626691245809603,False,2,20,40,34.641016151377549,30.000000000000004,130.50958296172223,-93.989700043360187,20,0,3,5,-121.6163912891698,-3.1068083274475669,0.00048901160672399778,payload-bearing DL radiation only; control/reference radiation excluded
llama33_70b_2xH100_fp8_TP2,70B / 2xH100,general,4,mean,26.006162756979897,0.024965916246700706,20,0.0012482958123350351,impl_gap_3dB,implementation_gap,-30.626691245809603,3,-inf,-27.626691245809603,-27.626691245809603,False,2,20,60,56.568542494923804,19.471220634490692,134.03140814283586,-93.989700043360187,20,0,3,5,-121.6163912891698,0.41501685366606011,0.0011002761151289956,payload-bearing DL radiation only; control/reference radiation excluded
llama33_70b_2xH100_fp8_TP2,70B / 2xH100,general,4,mean,26.006162756979897,0.024965916246700706,20,0.0012482958123350351,impl_gap_6dB,implementation_gap,-30.626691245809603,6,-inf,-24.626691245809603,-24.626691245809603,False,2,20,20,0,90,124.48898304844262,-93.989700043360187,20,0,3,5,-118.6163912891698,-6.1274082407271777,0.00024392660761969463,payload-bearing DL radiation only; control/reference radiation excluded
llama33_70b_2xH100_fp8_TP2,70B / 2xH100,general,4,mean,26.006162756979897,0.024965916246700706,20,0.0012482958123350351,impl_gap_6dB,implementation_gap,-30.626691245809603,6,-inf,-24.626691245809603,-24.626691245809603,False,2,20,40,34.641016151377549,30.000000000000004,130.50958296172223,-93.989700043360187,20,0,3,5,-118.6163912891698,-0.10680832744756685,0.00097570643047877579,payload-bearing DL radiation only; control/reference radiation excluded
llama33_70b_2xH100_fp8_TP2,70B / 2xH100,general,4,mean,26.006162756979897,0.024965916246700706,20,0.0012482958123350351,impl_gap_6dB,implementation_gap,-30.626691245809603,6,-inf,-24.626691245809603,-24.626691245809603,False,2,20,60,56.568542494923804,19.471220634490692,134.03140814283586,-93.989700043360187,20,0,3,5,-118.6163912891698,3.4150168536660601,0.0021953394685772466,payload-bearing DL radiation only; control/reference radiation excluded
llama33_70b_2xH100_fp8_TP2,70B / 2xH100,general,4,mean,26.006162756979897,0.024965916246700706,20,0.0012482958123350351,snr_floor_m10dB,snr_floor_stress_test,-30.626691245809603,0,-10,-30.626691245809603,-10,True,2,20,20,0,90,124.48898304844262,-93.989700043360187,20,0,3,5,-103.98970004336019,8.4992830050824324,0.0070782891630213323,payload-bearing DL radiation only; control/reference radiation excluded
llama33_70b_2xH100_fp8_TP2,70B / 2xH100,general,4,mean,26.006162756979897,0.024965916246700706,20,0.0012482958123350351,snr_floor_m10dB,snr_floor_stress_test,-30.626691245809603,0,-10,-30.626691245809603,-10,True,2,20,40,34.641016151377549,30.000000000000004,130.50958296172223,-93.989700043360187,20,0,3,5,-103.98970004336019,14.519882918362043,0.028313156652085236,payload-bearing DL radiation only; control/reference radiation excluded
llama33_70b_2xH100_fp8_TP2,70B / 2xH100,general,4,mean,26.006162756979897,0.024965916246700706,20,0.0012482958123350351,snr_floor_m10dB,snr_floor_stress_test,-30.626691245809603,0,-10,-30.626691245809603,-10,True,2,20,60,56.568542494923804,19.471220634490692,134.03140814283586,-93.989700043360187,20,0,3,5,-103.98970004336019,18.04170809947567,0.063704602467191812,payload-bearing DL radiation only; control/reference radiation excluded
llama33_70b_2xH100_fp8_TP2,70B / 2xH100,general,4,mean,26.006162756979897,0.024965916246700706,20,0.0012482958123350351,snr_floor_m5dB,snr_floor_stress_test,-30.626691245809603,0,-5,-30.626691245809603,-5,True,2,20,20,0,90,124.48898304844262,-93.989700043360187,20,0,3,5,-98.989700043360187,13.499283005082432,0.022383515692434283,payload-bearing DL radiation only; control/reference radiation excluded
llama33_70b_2xH100_fp8_TP2,70B / 2xH100,general,4,mean,26.006162756979897,0.024965916246700706,20,0.0012482958123350351,snr_floor_m5dB,snr_floor_stress_test,-30.626691245809603,0,-5,-30.626691245809603,-5,True,2,20,40,34.641016151377549,30.000000000000004,130.50958296172223,-93.989700043360187,20,0,3,5,-98.989700043360187,19.519882918362043,0.089534062769736883,payload-bearing DL radiation only; control/reference radiation excluded
llama33_70b_2xH100_fp8_TP2,70B / 2xH100,general,4,mean,26.006162756979897,0.024965916246700706,20,0.0012482958123350351,snr_floor_m5dB,snr_floor_stress_test,-30.626691245809603,0,-5,-30.626691245809603,-5,True,2,20,60,56.568542494923804,19.471220634490692,134.03140814283586,-93.989700043360187,20,0,3,5,-98.989700043360187,23.04170809947567,0.20145164123190809,payload-bearing DL radiation only; control/reference radiation excluded
llama33_70b_2xH100_fp8_TP2,70B / 2xH100,general,4,mean,26.006162756979897,0.024965916246700706,20,0.0012482958123350351,snr_floor_0dB,snr_floor_stress_test,-30.626691245809603,0,0,-30.626691245809603,0,True,2,20,20,0,90,124.48898304844262,-93.989700043360187,20,0,3,5,-93.989700043360187,18.499283005082432,0.070782891630213285,payload-bearing DL radiation only; control/reference radiation excluded
llama33_70b_2xH100_fp8_TP2,70B / 2xH100,general,4,mean,26.006162756979897,0.024965916246700706,20,0.0012482958123350351,snr_floor_0dB,snr_floor_stress_test,-30.626691245809603,0,0,-30.626691245809603,0,True,2,20,40,34.641016151377549,30.000000000000004,130.50958296172223,-93.989700043360187,20,0,3,5,-93.989700043360187,24.519882918362043,0.28313156652085236,payload-bearing DL radiation only; control/reference radiation excluded
llama33_70b_2xH100_fp8_TP2,70B / 2xH100,general,4,mean,26.006162756979897,0.024965916246700706,20,0.0012482958123350351,snr_floor_0dB,snr_floor_stress_test,-30.626691245809603,0,0,-30.626691245809603,0,True,2,20,60,56.568542494923804,19.471220634490692,134.03140814283586,-93.989700043360187,20,0,3,5,-93.989700043360187,28.04170809947567,0.63704602467191807,payload-bearing DL radiation only; control/reference radiation excluded
llama33_70b_2xH100_fp8_TP2,70B / 2xH100,general,4,p95,34,0.032640000000000002,20,0.0016320000000000002,shannon_baseline,lower_bound,-29.462087209045169,0,-inf,-29.462087209045169,-29.462087209045169,False,2,20,20,0,90,124.48898304844262,-93.989700043360187,20,0,3,5,-123.45178725240535,-10.962804203962733,8.0116059349750175e-05,payload-bearing DL radiation only; control/reference radiation excluded
llama33_70b_2xH100_fp8_TP2,70B / 2xH100,general,4,p95,34,0.032640000000000002,20,0.0016320000000000002,shannon_baseline,lower_bound,-29.462087209045169,0,-inf,-29.462087209045169,-29.462087209045169,False,2,20,40,34.641016151377549,30.000000000000004,130.50958296172223,-93.989700043360187,20,0,3,5,-123.45178725240535,-4.9422042906831223,0.00032046423739899978,payload-bearing DL radiation only; control/reference radiation excluded
llama33_70b_2xH100_fp8_TP2,70B / 2xH100,general,4,p95,34,0.032640000000000002,20,0.0016320000000000002,shannon_baseline,lower_bound,-29.462087209045169,0,-inf,-29.462087209045169,-29.462087209045169,False,2,20,60,56.568542494923804,19.471220634490692,134.03140814283586,-93.989700043360187,20,0,3,5,-123.45178725240535,-1.4203791095694953,0.00072104453414774991,payload-bearing DL radiation only; control/reference radiation excluded
llama33_70b_2xH100_fp8_TP2,70B / 2xH100,general,4,p95,34,0.032640000000000002,20,0.0016320000000000002,impl_gap_3dB,implementation_gap,-29.462087209045169,3,-inf,-26.462087209045169,-26.462087209045169,False,2,20,20,0,90,124.48898304844262,-93.989700043360187,20,0,3,5,-120.45178725240535,-7.9628042039627331,0.00015985255404436677,payload-bearing DL radiation only; control/reference radiation excluded
llama33_70b_2xH100_fp8_TP2,70B / 2xH100,general,4,p95,34,0.032640000000000002,20,0.0016320000000000002,impl_gap_3dB,implementation_gap,-29.462087209045169,3,-inf,-26.462087209045169,-26.462087209045169,False,2,20,40,34.641016151377549,30.000000000000004,130.50958296172223,-93.989700043360187,20,0,3,5,-120.45178725240535,-1.9422042906831223,0.00063941021617746534,payload-bearing DL radiation only; control/reference radiation excluded
llama33_70b_2xH100_fp8_TP2,70B / 2xH100,general,4,p95,34,0.032640000000000002,20,0.0016320000000000002,impl_gap_3dB,implementation_gap,-29.462087209045169,3,-inf,-26.462087209045169,-26.462087209045169,False,2,20,60,56.568542494923804,19.471220634490692,134.03140814283586,-93.989700043360187,20,0,3,5,-120.45178725240535,1.5796208904305047,0.0014386729863992977,payload-bearing DL radiation only; control/reference radiation excluded
llama33_70b_2xH100_fp8_TP2,70B / 2xH100,general,4,p95,34,0.032640000000000002,20,0.0016320000000000002,impl_gap_6dB,implementation_gap,-29.462087209045169,6,-inf,-23.462087209045169,-23.462087209045169,False,2,20,20,0,90,124.48898304844262,-93.989700043360187,20,0,3,5,-117.45178725240535,-4.9628042039627331,0.00031894777703625108,payload-bearing DL radiation only; control/reference radiation excluded
llama33_70b_2xH100_fp8_TP2,70B / 2xH100,general,4,p95,34,0.032640000000000002,20,0.0016320000000000002,impl_gap_6dB,implementation_gap,-29.462087209045169,6,-inf,-23.462087209045169,-23.462087209045169,False,2,20,40,34.641016151377549,30.000000000000004,130.50958296172223,-93.989700043360187,20,0,3,5,-117.45178725240535,1.0577957093168777,0.0012757911081450006,payload-bearing DL radiation only; control/reference radiation excluded
llama33_70b_2xH100_fp8_TP2,70B / 2xH100,general,4,p95,34,0.032640000000000002,20,0.0016320000000000002,impl_gap_6dB,implementation_gap,-29.462087209045169,6,-inf,-23.462087209045169,-23.462087209045169,False,2,20,60,56.568542494923804,19.471220634490692,134.03140814283586,-93.989700043360187,20,0,3,5,-117.45178725240535,4.5796208904305047,0.002870529993326253,payload-bearing DL radiation only; control/reference radiation excluded
llama33_70b_2xH100_fp8_TP2,70B / 2xH100,general,4,p95,34,0.032640000000000002,20,0.0016320000000000002,snr_floor_m10dB,snr_floor_stress_test,-29.462087209045169,0,-10,-29.462087209045169,-10,True,2,20,20,0,90,124.48898304844262,-93.989700043360187,20,0,3,5,-103.98970004336019,8.4992830050824324,0.0070782891630213323,payload-bearing DL radiation only; control/reference radiation excluded
llama33_70b_2xH100_fp8_TP2,70B / 2xH100,general,4,p95,34,0.032640000000000002,20,0.0016320000000000002,snr_floor_m10dB,snr_floor_stress_test,-29.462087209045169,0,-10,-29.462087209045169,-10,True,2,20,40,34.641016151377549,30.000000000000004,130.50958296172223,-93.989700043360187,20,0,3,5,-103.98970004336019,14.519882918362043,0.028313156652085236,payload-bearing DL radiation only; control/reference radiation excluded
llama33_70b_2xH100_fp8_TP2,70B / 2xH100,general,4,p95,34,0.032640000000000002,20,0.0016320000000000002,snr_floor_m10dB,snr_floor_stress_test,-29.462087209045169,0,-10,-29.462087209045169,-10,True,2,20,60,56.568542494923804,19.471220634490692,134.03140814283586,-93.989700043360187,20,0,3,5,-103.98970004336019,18.04170809947567,0.063704602467191812,payload-bearing DL radiation only; control/reference radiation excluded
llama33_70b_2xH100_fp8_TP2,70B / 2xH100,general,4,p95,34,0.032640000000000002,20,0.0016320000000000002,snr_floor_m5dB,snr_floor_stress_test,-29.462087209045169,0,-5,-29.462087209045169,-5,True,2,20,20,0,90,124.48898304844262,-93.989700043360187,20,0,3,5,-98.989700043360187,13.499283005082432,0.022383515692434283,payload-bearing DL radiation only; control/reference radiation excluded
llama33_70b_2xH100_fp8_TP2,70B / 2xH100,general,4,p95,34,0.032640000000000002,20,0.0016320000000000002,snr_floor_m5dB,snr_floor_stress_test,-29.462087209045169,0,-5,-29.462087209045169,-5,True,2,20,40,34.641016151377549,30.000000000000004,130.50958296172223,-93.989700043360187,20,0,3,5,-98.989700043360187,19.519882918362043,0.089534062769736883,payload-bearing DL radiation only; control/reference radiation excluded
llama33_70b_2xH100_fp8_TP2,70B / 2xH100,general,4,p95,34,0.032640000000000002,20,0.0016320000000000002,snr_floor_m5dB,snr_floor_stress_test,-29.462087209045169,0,-5,-29.462087209045169,-5,True,2,20,60,56.568542494923804,19.471220634490692,134.03140814283586,-93.989700043360187,20,0,3,5,-98.989700043360187,23.04170809947567,0.20145164123190809,payload-bearing DL radiation only; control/reference radiation excluded
llama33_70b_2xH100_fp8_TP2,70B / 2xH100,general,4,p95,34,0.032640000000000002,20,0.0016320000000000002,snr_floor_0dB,snr_floor_stress_test,-29.462087209045169,0,0,-29.462087209045169,0,True,2,20,20,0,90,124.48898304844262,-93.989700043360187,20,0,3,5,-93.989700043360187,18.499283005082432,0.070782891630213285,payload-bearing DL radiation only; control/reference radiation excluded
llama33_70b_2xH100_fp8_TP2,70B / 2xH100,general,4,p95,34,0.032640000000000002,20,0.0016320000000000002,snr_floor_0dB,snr_floor_stress_test,-29.462087209045169,0,0,-29.462087209045169,0,True,2,20,40,34.641016151377549,30.000000000000004,130.50958296172223,-93.989700043360187,20,0,3,5,-93.989700043360187,24.519882918362043,0.28313156652085236,payload-bearing DL radiation only; control/reference radiation excluded
llama33_70b_2xH100_fp8_TP2,70B / 2xH100,general,4,p95,34,0.032640000000000002,20,0.0016320000000000002,snr_floor_0dB,snr_floor_stress_test,-29.462087209045169,0,0,-29.462087209045169,0,True,2,20,60,56.568542494923804,19.471220634490692,134.03140814283586,-93.989700043360187,20,0,3,5,-93.989700043360187,28.04170809947567,0.63704602467191807,payload-bearing DL radiation only; control/reference radiation excluded
llama33_70b_2xH100_fp8_TP2,70B / 2xH100,general,4,p99,38,0.036479999999999999,20,0.0018240000000000001,shannon_baseline,lower_bound,-28.978751366813995,0,-inf,-28.978751366813995,-28.978751366813995,False,2,20,20,0,90,124.48898304844262,-93.989700043360187,20,0,3,5,-122.96845141017418,-10.479468361731563,8.9547437765147715e-05,payload-bearing DL radiation only; control/reference radiation excluded
llama33_70b_2xH100_fp8_TP2,70B / 2xH100,general,4,p99,38,0.036479999999999999,20,0.0018240000000000001,shannon_baseline,lower_bound,-28.978751366813995,0,-inf,-28.978751366813995,-28.978751366813995,False,2,20,40,34.641016151377549,30.000000000000004,130.50958296172223,-93.989700043360187,20,0,3,5,-122.96845141017418,-4.4588684484519518,0.0003581897510605895,payload-bearing DL radiation only; control/reference radiation excluded
llama33_70b_2xH100_fp8_TP2,70B / 2xH100,general,4,p99,38,0.036479999999999999,20,0.0018240000000000001,shannon_baseline,lower_bound,-28.978751366813995,0,-inf,-28.978751366813995,-28.978751366813995,False,2,20,60,56.568542494923804,19.471220634490692,134.03140814283586,-93.989700043360187,20,0,3,5,-122.96845141017418,-0.93704326733832488,0.00080592693988632675,payload-bearing DL radiation only; control/reference radiation excluded
llama33_70b_2xH100_fp8_TP2,70B / 2xH100,general,4,p99,38,0.036479999999999999,20,0.0018240000000000001,impl_gap_3dB,implementation_gap,-28.978751366813995,3,-inf,-25.978751366813995,-25.978751366813995,False,2,20,20,0,90,124.48898304844262,-93.989700043360187,20,0,3,5,-119.96845141017418,-7.4794683617315627,0.00017867062797482025,payload-bearing DL radiation only; control/reference radiation excluded
llama33_70b_2xH100_fp8_TP2,70B / 2xH100,general,4,p99,38,0.036479999999999999,20,0.0018240000000000001,impl_gap_3dB,implementation_gap,-28.978751366813995,3,-inf,-25.978751366813995,-25.978751366813995,False,2,20,40,34.641016151377549,30.000000000000004,130.50958296172223,-93.989700043360187,20,0,3,5,-119.96845141017418,-1.4588684484519518,0.00071468251189927895,payload-bearing DL radiation only; control/reference radiation excluded
llama33_70b_2xH100_fp8_TP2,70B / 2xH100,general,4,p99,38,0.036479999999999999,20,0.0018240000000000001,impl_gap_3dB,implementation_gap,-28.978751366813995,3,-inf,-25.978751366813995,-25.978751366813995,False,2,20,60,56.568542494923804,19.471220634490692,134.03140814283586,-93.989700043360187,20,0,3,5,-119.96845141017418,2.0629567326616751,0.0016080356517733784,payload-bearing DL radiation only; control/reference radiation excluded
llama33_70b_2xH100_fp8_TP2,70B / 2xH100,general,4,p99,38,0.036479999999999999,20,0.0018240000000000001,impl_gap_6dB,implementation_gap,-28.978751366813995,6,-inf,-22.978751366813995,-22.978751366813995,False,2,20,20,0,90,124.48898304844262,-93.989700043360187,20,0,3,5,-116.96845141017418,-4.4794683617315627,0.00035649477078998317,payload-bearing DL radiation only; control/reference radiation excluded
llama33_70b_2xH100_fp8_TP2,70B / 2xH100,general,4,p99,38,0.036479999999999999,20,0.0018240000000000001,impl_gap_6dB,implementation_gap,-28.978751366813995,6,-inf,-22.978751366813995,-22.978751366813995,False,2,20,40,34.641016151377549,30.000000000000004,130.50958296172223,-93.989700043360187,20,0,3,5,-116.96845141017418,1.5411315515480482,0.0014259790831599286,payload-bearing DL radiation only; control/reference radiation excluded
llama33_70b_2xH100_fp8_TP2,70B / 2xH100,general,4,p99,38,0.036479999999999999,20,0.0018240000000000001,impl_gap_6dB,implementation_gap,-28.978751366813995,6,-inf,-22.978751366813995,-22.978751366813995,False,2,20,60,56.568542494923804,19.471220634490692,134.03140814283586,-93.989700043360187,20,0,3,5,-116.96845141017418,5.0629567326616751,0.0032084529371098408,payload-bearing DL radiation only; control/reference radiation excluded
llama33_70b_2xH100_fp8_TP2,70B / 2xH100,general,4,p99,38,0.036479999999999999,20,0.0018240000000000001,snr_floor_m10dB,snr_floor_stress_test,-28.978751366813995,0,-10,-28.978751366813995,-10,True,2,20,20,0,90,124.48898304844262,-93.989700043360187,20,0,3,5,-103.98970004336019,8.4992830050824324,0.0070782891630213323,payload-bearing DL radiation only; control/reference radiation excluded
llama33_70b_2xH100_fp8_TP2,70B / 2xH100,general,4,p99,38,0.036479999999999999,20,0.0018240000000000001,snr_floor_m10dB,snr_floor_stress_test,-28.978751366813995,0,-10,-28.978751366813995,-10,True,2,20,40,34.641016151377549,30.000000000000004,130.50958296172223,-93.989700043360187,20,0,3,5,-103.98970004336019,14.519882918362043,0.028313156652085236,payload-bearing DL radiation only; control/reference radiation excluded
llama33_70b_2xH100_fp8_TP2,70B / 2xH100,general,4,p99,38,0.036479999999999999,20,0.0018240000000000001,snr_floor_m10dB,snr_floor_stress_test,-28.978751366813995,0,-10,-28.978751366813995,-10,True,2,20,60,56.568542494923804,19.471220634490692,134.03140814283586,-93.989700043360187,20,0,3,5,-103.98970004336019,18.04170809947567,0.063704602467191812,payload-bearing DL radiation only; control/reference radiation excluded
llama33_70b_2xH100_fp8_TP2,70B / 2xH100,general,4,p99,38,0.036479999999999999,20,0.0018240000000000001,snr_floor_m5dB,snr_floor_stress_test,-28.978751366813995,0,-5,-28.978751366813995,-5,True,2,20,20,0,90,124.48898304844262,-93.989700043360187,20,0,3,5,-98.989700043360187,13.499283005082432,0.022383515692434283,payload-bearing DL radiation only; control/reference radiation excluded
llama33_70b_2xH100_fp8_TP2,70B / 2xH100,general,4,p99,38,0.036479999999999999,20,0.0018240000000000001,snr_floor_m5dB,snr_floor_stress_test,-28.978751366813995,0,-5,-28.978751366813995,-5,True,2,20,40,34.641016151377549,30.000000000000004,130.50958296172223,-93.989700043360187,20,0,3,5,-98.989700043360187,19.519882918362043,0.089534062769736883,payload-bearing DL radiation only; control/reference radiation excluded
llama33_70b_2xH100_fp8_TP2,70B / 2xH100,general,4,p99,38,0.036479999999999999,20,0.0018240000000000001,snr_floor_m5dB,snr_floor_stress_test,-28.978751366813995,0,-5,-28.978751366813995,-5,True,2,20,60,56.568542494923804,19.471220634490692,134.03140814283586,-93.989700043360187,20,0,3,5,-98.989700043360187,23.04170809947567,0.20145164123190809,payload-bearing DL radiation only; control/reference radiation excluded
llama33_70b_2xH100_fp8_TP2,70B / 2xH100,general,4,p99,38,0.036479999999999999,20,0.0018240000000000001,snr_floor_0dB,snr_floor_stress_test,-28.978751366813995,0,0,-28.978751366813995,0,True,2,20,20,0,90,124.48898304844262,-93.989700043360187,20,0,3,5,-93.989700043360187,18.499283005082432,0.070782891630213285,payload-bearing DL radiation only; control/reference radiation excluded
llama33_70b_2xH100_fp8_TP2,70B / 2xH100,general,4,p99,38,0.036479999999999999,20,0.0018240000000000001,snr_floor_0dB,snr_floor_stress_test,-28.978751366813995,0,0,-28.978751366813995,0,True,2,20,40,34.641016151377549,30.000000000000004,130.50958296172223,-93.989700043360187,20,0,3,5,-93.989700043360187,24.519882918362043,0.28313156652085236,payload-bearing DL radiation only; control/reference radiation excluded
llama33_70b_2xH100_fp8_TP2,70B / 2xH100,general,4,p99,38,0.036479999999999999,20,0.0018240000000000001,snr_floor_0dB,snr_floor_stress_test,-28.978751366813995,0,0,-28.978751366813995,0,True,2,20,60,56.568542494923804,19.471220634490692,134.03140814283586,-93.989700043360187,20,0,3,5,-93.989700043360187,28.04170809947567,0.63704602467191807,payload-bearing DL radiation only; control/reference radiation excluded
llama33_70b_2xH100_fp8_TP2,70B / 2xH100,general,4,all_active,991,0.95135999999999998,20,0.047567999999999999,shannon_baseline,lower_bound,-14.746802776170966,0,-inf,-14.746802776170966,-14.746802776170966,False,2,20,20,0,90,124.48898304844262,-93.989700043360187,20,0,3,5,-108.73650281953115,3.752480228911466,0.0023727283692937941,payload-bearing DL radiation only; control/reference radiation excluded
llama33_70b_2xH100_fp8_TP2,70B / 2xH100,general,4,all_active,991,0.95135999999999998,20,0.047567999999999999,shannon_baseline,lower_bound,-14.746802776170966,0,-inf,-14.746802776170966,-14.746802776170966,False,2,20,40,34.641016151377549,30.000000000000004,130.50958296172223,-93.989700043360187,20,0,3,5,-108.73650281953115,9.7730801421910769,0.0094909134771751398,payload-bearing DL radiation only; control/reference radiation excluded
llama33_70b_2xH100_fp8_TP2,70B / 2xH100,general,4,all_active,991,0.95135999999999998,20,0.047567999999999999,shannon_baseline,lower_bound,-14.746802776170966,0,-inf,-14.746802776170966,-14.746802776170966,False,2,20,60,56.568542494923804,19.471220634490692,134.03140814283586,-93.989700043360187,20,0,3,5,-108.73650281953115,13.294905323304704,0.021354555323644088,payload-bearing DL radiation only; control/reference radiation excluded
llama33_70b_2xH100_fp8_TP2,70B / 2xH100,general,4,all_active,991,0.95135999999999998,20,0.047567999999999999,impl_gap_3dB,implementation_gap,-14.746802776170966,3,-inf,-11.746802776170966,-11.746802776170966,False,2,20,20,0,90,124.48898304844262,-93.989700043360187,20,0,3,5,-105.73650281953115,6.752480228911466,0.0047342154989094684,payload-bearing DL radiation only; control/reference radiation excluded
llama33_70b_2xH100_fp8_TP2,70B / 2xH100,general,4,all_active,991,0.95135999999999998,20,0.047567999999999999,impl_gap_3dB,implementation_gap,-14.746802776170966,3,-inf,-11.746802776170966,-11.746802776170966,False,2,20,40,34.641016151377549,30.000000000000004,130.50958296172223,-93.989700043360187,20,0,3,5,-105.73650281953115,12.773080142191077,0.018936861995637821,payload-bearing DL radiation only; control/reference radiation excluded
llama33_70b_2xH100_fp8_TP2,70B / 2xH100,general,4,all_active,991,0.95135999999999998,20,0.047567999999999999,impl_gap_3dB,implementation_gap,-14.746802776170966,3,-inf,-11.746802776170966,-11.746802776170966,False,2,20,60,56.568542494923804,19.471220634490692,134.03140814283586,-93.989700043360187,20,0,3,5,-105.73650281953115,16.294905323304704,0.042607939490185119,payload-bearing DL radiation only; control/reference radiation excluded
llama33_70b_2xH100_fp8_TP2,70B / 2xH100,general,4,all_active,991,0.95135999999999998,20,0.047567999999999999,impl_gap_6dB,implementation_gap,-14.746802776170966,6,-inf,-8.7468027761709664,-8.7468027761709664,False,2,20,20,0,90,124.48898304844262,-93.989700043360187,20,0,3,5,-102.73650281953115,9.752480228911466,0.0094460017759156519,payload-bearing DL radiation only; control/reference radiation excluded
llama33_70b_2xH100_fp8_TP2,70B / 2xH100,general,4,all_active,991,0.95135999999999998,20,0.047567999999999999,impl_gap_6dB,implementation_gap,-14.746802776170966,6,-inf,-8.7468027761709664,-8.7468027761709664,False,2,20,40,34.641016151377549,30.000000000000004,130.50958296172223,-93.989700043360187,20,0,3,5,-102.73650281953115,15.773080142191077,0.037784007103662497,payload-bearing DL radiation only; control/reference radiation excluded
llama33_70b_2xH100_fp8_TP2,70B / 2xH100,general,4,all_active,991,0.95135999999999998,20,0.047567999999999999,impl_gap_6dB,implementation_gap,-14.746802776170966,6,-inf,-8.7468027761709664,-8.7468027761709664,False,2,20,60,56.568542494923804,19.471220634490692,134.03140814283586,-93.989700043360187,20,0,3,5,-102.73650281953115,19.294905323304704,0.085014015983240668,payload-bearing DL radiation only; control/reference radiation excluded
llama33_70b_2xH100_fp8_TP2,70B / 2xH100,general,4,all_active,991,0.95135999999999998,20,0.047567999999999999,snr_floor_m10dB,snr_floor_stress_test,-14.746802776170966,0,-10,-14.746802776170966,-10,True,2,20,20,0,90,124.48898304844262,-93.989700043360187,20,0,3,5,-103.98970004336019,8.4992830050824324,0.0070782891630213323,payload-bearing DL radiation only; control/reference radiation excluded
llama33_70b_2xH100_fp8_TP2,70B / 2xH100,general,4,all_active,991,0.95135999999999998,20,0.047567999999999999,snr_floor_m10dB,snr_floor_stress_test,-14.746802776170966,0,-10,-14.746802776170966,-10,True,2,20,40,34.641016151377549,30.000000000000004,130.50958296172223,-93.989700043360187,20,0,3,5,-103.98970004336019,14.519882918362043,0.028313156652085236,payload-bearing DL radiation only; control/reference radiation excluded
llama33_70b_2xH100_fp8_TP2,70B / 2xH100,general,4,all_active,991,0.95135999999999998,20,0.047567999999999999,snr_floor_m10dB,snr_floor_stress_test,-14.746802776170966,0,-10,-14.746802776170966,-10,True,2,20,60,56.568542494923804,19.471220634490692,134.03140814283586,-93.989700043360187,20,0,3,5,-103.98970004336019,18.04170809947567,0.063704602467191812,payload-bearing DL radiation only; control/reference radiation excluded
llama33_70b_2xH100_fp8_TP2,70B / 2xH100,general,4,all_active,991,0.95135999999999998,20,0.047567999999999999,snr_floor_m5dB,snr_floor_stress_test,-14.746802776170966,0,-5,-14.746802776170966,-5,True,2,20,20,0,90,124.48898304844262,-93.989700043360187,20,0,3,5,-98.989700043360187,13.499283005082432,0.022383515692434283,payload-bearing DL radiation only; control/reference radiation excluded
llama33_70b_2xH100_fp8_TP2,70B / 2xH100,general,4,all_active,991,0.95135999999999998,20,0.047567999999999999,snr_floor_m5dB,snr_floor_stress_test,-14.746802776170966,0,-5,-14.746802776170966,-5,True,2,20,40,34.641016151377549,30.000000000000004,130.50958296172223,-93.989700043360187,20,0,3,5,-98.989700043360187,19.519882918362043,0.089534062769736883,payload-bearing DL radiation only; control/reference radiation excluded
llama33_70b_2xH100_fp8_TP2,70B / 2xH100,general,4,all_active,991,0.95135999999999998,20,0.047567999999999999,snr_floor_m5dB,snr_floor_stress_test,-14.746802776170966,0,-5,-14.746802776170966,-5,True,2,20,60,56.568542494923804,19.471220634490692,134.03140814283586,-93.989700043360187,20,0,3,5,-98.989700043360187,23.04170809947567,0.20145164123190809,payload-bearing DL radiation only; control/reference radiation excluded
llama33_70b_2xH100_fp8_TP2,70B / 2xH100,general,4,all_active,991,0.95135999999999998,20,0.047567999999999999,snr_floor_0dB,snr_floor_stress_test,-14.746802776170966,0,0,-14.746802776170966,0,True,2,20,20,0,90,124.48898304844262,-93.989700043360187,20,0,3,5,-93.989700043360187,18.499283005082432,0.070782891630213285,payload-bearing DL radiation only; control/reference radiation excluded
llama33_70b_2xH100_fp8_TP2,70B / 2xH100,general,4,all_active,991,0.95135999999999998,20,0.047567999999999999,snr_floor_0dB,snr_floor_stress_test,-14.746802776170966,0,0,-14.746802776170966,0,True,2,20,40,34.641016151377549,30.000000000000004,130.50958296172223,-93.989700043360187,20,0,3,5,-93.989700043360187,24.519882918362043,0.28313156652085236,payload-bearing DL radiation only; control/reference radiation excluded
llama33_70b_2xH100_fp8_TP2,70B / 2xH100,general,4,all_active,991,0.95135999999999998,20,0.047567999999999999,snr_floor_0dB,snr_floor_stress_test,-14.746802776170966,0,0,-14.746802776170966,0,True,2,20,60,56.568542494923804,19.471220634490692,134.03140814283586,-93.989700043360187,20,0,3,5,-93.989700043360187,28.04170809947567,0.63704602467191807,payload-bearing DL radiation only; control/reference radiation excluded
llama33_70b_2xH100_fp8_TP2,70B / 2xH100,general,6,mean,26.006162756979897,0.037448874370051052,20,0.0018724437185025527,shannon_baseline,lower_bound,-28.864839049701661,0,-inf,-28.864839049701661,-28.864839049701661,False,2,20,20,0,90,124.48898304844262,-93.989700043360187,20,0,3,5,-122.85453909306185,-10.365556044619225,9.1927276909454475e-05,payload-bearing DL radiation only; control/reference radiation excluded
llama33_70b_2xH100_fp8_TP2,70B / 2xH100,general,6,mean,26.006162756979897,0.037448874370051052,20,0.0018724437185025527,shannon_baseline,lower_bound,-28.864839049701661,0,-inf,-28.864839049701661,-28.864839049701661,False,2,20,40,34.641016151377549,30.000000000000004,130.50958296172223,-93.989700043360187,20,0,3,5,-122.85453909306185,-4.3449561313396146,0.00036770910763781649,payload-bearing DL radiation only; control/reference radiation excluded
llama33_70b_2xH100_fp8_TP2,70B / 2xH100,general,6,mean,26.006162756979897,0.037448874370051052,20,0.0018724437185025527,shannon_baseline,lower_bound,-28.864839049701661,0,-inf,-28.864839049701661,-28.864839049701661,False,2,20,60,56.568542494923804,19.471220634490692,134.03140814283586,-93.989700043360187,20,0,3,5,-122.85453909306185,-0.82313095022598759,0.00082734549218508755,payload-bearing DL radiation only; control/reference radiation excluded
llama33_70b_2xH100_fp8_TP2,70B / 2xH100,general,6,mean,26.006162756979897,0.037448874370051052,20,0.0018724437185025527,impl_gap_3dB,implementation_gap,-28.864839049701661,3,-inf,-25.864839049701661,-25.864839049701661,False,2,20,20,0,90,124.48898304844262,-93.989700043360187,20,0,3,5,-119.85453909306185,-7.3655560446192254,0.00018341903133514332,payload-bearing DL radiation only; control/reference radiation excluded
llama33_70b_2xH100_fp8_TP2,70B / 2xH100,general,6,mean,26.006162756979897,0.037448874370051052,20,0.0018724437185025527,impl_gap_3dB,implementation_gap,-28.864839049701661,3,-inf,-25.864839049701661,-25.864839049701661,False,2,20,40,34.641016151377549,30.000000000000004,130.50958296172223,-93.989700043360187,20,0,3,5,-119.85453909306185,-1.3449561313396146,0.00073367612534057044,payload-bearing DL radiation only; control/reference radiation excluded
llama33_70b_2xH100_fp8_TP2,70B / 2xH100,general,6,mean,26.006162756979897,0.037448874370051052,20,0.0018724437185025527,impl_gap_3dB,implementation_gap,-28.864839049701661,3,-inf,-25.864839049701661,-25.864839049701661,False,2,20,60,56.568542494923804,19.471220634490692,134.03140814283586,-93.989700043360187,20,0,3,5,-119.85453909306185,2.1768690497740124,0.0016507712820162843,payload-bearing DL radiation only; control/reference radiation excluded
llama33_70b_2xH100_fp8_TP2,70B / 2xH100,general,6,mean,26.006162756979897,0.037448874370051052,20,0.0018724437185025527,impl_gap_6dB,implementation_gap,-28.864839049701661,6,-inf,-22.864839049701661,-22.864839049701661,False,2,20,20,0,90,124.48898304844262,-93.989700043360187,20,0,3,5,-116.85453909306185,-4.3655560446192254,0.00036596908107110735,payload-bearing DL radiation only; control/reference radiation excluded
llama33_70b_2xH100_fp8_TP2,70B / 2xH100,general,6,mean,26.006162756979897,0.037448874370051052,20,0.0018724437185025527,impl_gap_6dB,implementation_gap,-28.864839049701661,6,-inf,-22.864839049701661,-22.864839049701661,False,2,20,40,34.641016151377549,30.000000000000004,130.50958296172223,-93.989700043360187,20,0,3,5,-116.85453909306185,1.6550438686603854,0.0014638763242844253,payload-bearing DL radiation only; control/reference radiation excluded
llama33_70b_2xH100_fp8_TP2,70B / 2xH100,general,6,mean,26.006162756979897,0.037448874370051052,20,0.0018724437185025527,impl_gap_6dB,implementation_gap,-28.864839049701661,6,-inf,-22.864839049701661,-22.864839049701661,False,2,20,60,56.568542494923804,19.471220634490692,134.03140814283586,-93.989700043360187,20,0,3,5,-116.85453909306185,5.1768690497740124,0.0032937217296399586,payload-bearing DL radiation only; control/reference radiation excluded
llama33_70b_2xH100_fp8_TP2,70B / 2xH100,general,6,mean,26.006162756979897,0.037448874370051052,20,0.0018724437185025527,snr_floor_m10dB,snr_floor_stress_test,-28.864839049701661,0,-10,-28.864839049701661,-10,True,2,20,20,0,90,124.48898304844262,-93.989700043360187,20,0,3,5,-103.98970004336019,8.4992830050824324,0.0070782891630213323,payload-bearing DL radiation only; control/reference radiation excluded
llama33_70b_2xH100_fp8_TP2,70B / 2xH100,general,6,mean,26.006162756979897,0.037448874370051052,20,0.0018724437185025527,snr_floor_m10dB,snr_floor_stress_test,-28.864839049701661,0,-10,-28.864839049701661,-10,True,2,20,40,34.641016151377549,30.000000000000004,130.50958296172223,-93.989700043360187,20,0,3,5,-103.98970004336019,14.519882918362043,0.028313156652085236,payload-bearing DL radiation only; control/reference radiation excluded
llama33_70b_2xH100_fp8_TP2,70B / 2xH100,general,6,mean,26.006162756979897,0.037448874370051052,20,0.0018724437185025527,snr_floor_m10dB,snr_floor_stress_test,-28.864839049701661,0,-10,-28.864839049701661,-10,True,2,20,60,56.568542494923804,19.471220634490692,134.03140814283586,-93.989700043360187,20,0,3,5,-103.98970004336019,18.04170809947567,0.063704602467191812,payload-bearing DL radiation only; control/reference radiation excluded
llama33_70b_2xH100_fp8_TP2,70B / 2xH100,general,6,mean,26.006162756979897,0.037448874370051052,20,0.0018724437185025527,snr_floor_m5dB,snr_floor_stress_test,-28.864839049701661,0,-5,-28.864839049701661,-5,True,2,20,20,0,90,124.48898304844262,-93.989700043360187,20,0,3,5,-98.989700043360187,13.499283005082432,0.022383515692434283,payload-bearing DL radiation only; control/reference radiation excluded
llama33_70b_2xH100_fp8_TP2,70B / 2xH100,general,6,mean,26.006162756979897,0.037448874370051052,20,0.0018724437185025527,snr_floor_m5dB,snr_floor_stress_test,-28.864839049701661,0,-5,-28.864839049701661,-5,True,2,20,40,34.641016151377549,30.000000000000004,130.50958296172223,-93.989700043360187,20,0,3,5,-98.989700043360187,19.519882918362043,0.089534062769736883,payload-bearing DL radiation only; control/reference radiation excluded
llama33_70b_2xH100_fp8_TP2,70B / 2xH100,general,6,mean,26.006162756979897,0.037448874370051052,20,0.0018724437185025527,snr_floor_m5dB,snr_floor_stress_test,-28.864839049701661,0,-5,-28.864839049701661,-5,True,2,20,60,56.568542494923804,19.471220634490692,134.03140814283586,-93.989700043360187,20,0,3,5,-98.989700043360187,23.04170809947567,0.20145164123190809,payload-bearing DL radiation only; control/reference radiation excluded
llama33_70b_2xH100_fp8_TP2,70B / 2xH100,general,6,mean,26.006162756979897,0.037448874370051052,20,0.0018724437185025527,snr_floor_0dB,snr_floor_stress_test,-28.864839049701661,0,0,-28.864839049701661,0,True,2,20,20,0,90,124.48898304844262,-93.989700043360187,20,0,3,5,-93.989700043360187,18.499283005082432,0.070782891630213285,payload-bearing DL radiation only; control/reference radiation excluded
llama33_70b_2xH100_fp8_TP2,70B / 2xH100,general,6,mean,26.006162756979897,0.037448874370051052,20,0.0018724437185025527,snr_floor_0dB,snr_floor_stress_test,-28.864839049701661,0,0,-28.864839049701661,0,True,2,20,40,34.641016151377549,30.000000000000004,130.50958296172223,-93.989700043360187,20,0,3,5,-93.989700043360187,24.519882918362043,0.28313156652085236,payload-bearing DL radiation only; control/reference radiation excluded
llama33_70b_2xH100_fp8_TP2,70B / 2xH100,general,6,mean,26.006162756979897,0.037448874370051052,20,0.0018724437185025527,snr_floor_0dB,snr_floor_stress_test,-28.864839049701661,0,0,-28.864839049701661,0,True,2,20,60,56.568542494923804,19.471220634490692,134.03140814283586,-93.989700043360187,20,0,3,5,-93.989700043360187,28.04170809947567,0.63704602467191807,payload-bearing DL radiation only; control/reference radiation excluded
llama33_70b_2xH100_fp8_TP2,70B / 2xH100,general,6,p95,34,0.048959999999999997,20,0.0024480000000000001,shannon_baseline,lower_bound,-27.699946126655554,0,-inf,-27.699946126655554,-27.699946126655554,False,2,20,20,0,90,124.48898304844262,-93.989700043360187,20,0,3,5,-121.68964617001575,-9.2006631215731289,0.00012020808756145013,payload-bearing DL radiation only; control/reference radiation excluded
llama33_70b_2xH100_fp8_TP2,70B / 2xH100,general,6,p95,34,0.048959999999999997,20,0.0024480000000000001,shannon_baseline,lower_bound,-27.699946126655554,0,-inf,-27.699946126655554,-27.699946126655554,False,2,20,40,34.641016151377549,30.000000000000004,130.50958296172223,-93.989700043360187,20,0,3,5,-121.68964617001575,-3.1800632082935181,0.00048083235024579867,payload-bearing DL radiation only; control/reference radiation excluded
llama33_70b_2xH100_fp8_TP2,70B / 2xH100,general,6,p95,34,0.048959999999999997,20,0.0024480000000000001,shannon_baseline,lower_bound,-27.699946126655554,0,-inf,-27.699946126655554,-27.699946126655554,False,2,20,60,56.568542494923804,19.471220634490692,134.03140814283586,-93.989700043360187,20,0,3,5,-121.68964617001575,0.34176197282010889,0.0010818727880530475,payload-bearing DL radiation only; control/reference radiation excluded
llama33_70b_2xH100_fp8_TP2,70B / 2xH100,general,6,p95,34,0.048959999999999997,20,0.0024480000000000001,impl_gap_3dB,implementation_gap,-27.699946126655554,3,-inf,-24.699946126655554,-24.699946126655554,False,2,20,20,0,90,124.48898304844262,-93.989700043360187,20,0,3,5,-118.68964617001575,-6.2006631215731289,0.00023984666706584066,payload-bearing DL radiation only; control/reference radiation excluded
llama33_70b_2xH100_fp8_TP2,70B / 2xH100,general,6,p95,34,0.048959999999999997,20,0.0024480000000000001,impl_gap_3dB,implementation_gap,-27.699946126655554,3,-inf,-24.699946126655554,-24.699946126655554,False,2,20,40,34.641016151377549,30.000000000000004,130.50958296172223,-93.989700043360187,20,0,3,5,-118.68964617001575,-0.18006320829351807,0.00095938666826335991,payload-bearing DL radiation only; control/reference radiation excluded
llama33_70b_2xH100_fp8_TP2,70B / 2xH100,general,6,p95,34,0.048959999999999997,20,0.0024480000000000001,impl_gap_3dB,implementation_gap,-27.699946126655554,3,-inf,-24.699946126655554,-24.699946126655554,False,2,20,60,56.568542494923804,19.471220634490692,134.03140814283586,-93.989700043360187,20,0,3,5,-118.68964617001575,3.3417619728201089,0.0021586200035925607,payload-bearing DL radiation only; control/reference radiation excluded
llama33_70b_2xH100_fp8_TP2,70B / 2xH100,general,6,p95,34,0.048959999999999997,20,0.0024480000000000001,impl_gap_6dB,implementation_gap,-27.699946126655554,6,-inf,-21.699946126655554,-21.699946126655554,False,2,20,20,0,90,124.48898304844262,-93.989700043360187,20,0,3,5,-115.68964617001575,-3.2006631215731289,0.00047855701616735918,payload-bearing DL radiation only; control/reference radiation excluded
llama33_70b_2xH100_fp8_TP2,70B / 2xH100,general,6,p95,34,0.048959999999999997,20,0.0024480000000000001,impl_gap_6dB,implementation_gap,-27.699946126655554,6,-inf,-21.699946126655554,-21.699946126655554,False,2,20,40,34.641016151377549,30.000000000000004,130.50958296172223,-93.989700043360187,20,0,3,5,-115.68964617001575,2.8199367917064819,0.0019142280646694313,payload-bearing DL radiation only; control/reference radiation excluded
llama33_70b_2xH100_fp8_TP2,70B / 2xH100,general,6,p95,34,0.048959999999999997,20,0.0024480000000000001,impl_gap_6dB,implementation_gap,-27.699946126655554,6,-inf,-21.699946126655554,-21.699946126655554,False,2,20,60,56.568542494923804,19.471220634490692,134.03140814283586,-93.989700043360187,20,0,3,5,-115.68964617001575,6.3417619728201089,0.0043070131455062227,payload-bearing DL radiation only; control/reference radiation excluded
llama33_70b_2xH100_fp8_TP2,70B / 2xH100,general,6,p95,34,0.048959999999999997,20,0.0024480000000000001,snr_floor_m10dB,snr_floor_stress_test,-27.699946126655554,0,-10,-27.699946126655554,-10,True,2,20,20,0,90,124.48898304844262,-93.989700043360187,20,0,3,5,-103.98970004336019,8.4992830050824324,0.0070782891630213323,payload-bearing DL radiation only; control/reference radiation excluded
llama33_70b_2xH100_fp8_TP2,70B / 2xH100,general,6,p95,34,0.048959999999999997,20,0.0024480000000000001,snr_floor_m10dB,snr_floor_stress_test,-27.699946126655554,0,-10,-27.699946126655554,-10,True,2,20,40,34.641016151377549,30.000000000000004,130.50958296172223,-93.989700043360187,20,0,3,5,-103.98970004336019,14.519882918362043,0.028313156652085236,payload-bearing DL radiation only; control/reference radiation excluded
llama33_70b_2xH100_fp8_TP2,70B / 2xH100,general,6,p95,34,0.048959999999999997,20,0.0024480000000000001,snr_floor_m10dB,snr_floor_stress_test,-27.699946126655554,0,-10,-27.699946126655554,-10,True,2,20,60,56.568542494923804,19.471220634490692,134.03140814283586,-93.989700043360187,20,0,3,5,-103.98970004336019,18.04170809947567,0.063704602467191812,payload-bearing DL radiation only; control/reference radiation excluded
llama33_70b_2xH100_fp8_TP2,70B / 2xH100,general,6,p95,34,0.048959999999999997,20,0.0024480000000000001,snr_floor_m5dB,snr_floor_stress_test,-27.699946126655554,0,-5,-27.699946126655554,-5,True,2,20,20,0,90,124.48898304844262,-93.989700043360187,20,0,3,5,-98.989700043360187,13.499283005082432,0.022383515692434283,payload-bearing DL radiation only; control/reference radiation excluded
llama33_70b_2xH100_fp8_TP2,70B / 2xH100,general,6,p95,34,0.048959999999999997,20,0.0024480000000000001,snr_floor_m5dB,snr_floor_stress_test,-27.699946126655554,0,-5,-27.699946126655554,-5,True,2,20,40,34.641016151377549,30.000000000000004,130.50958296172223,-93.989700043360187,20,0,3,5,-98.989700043360187,19.519882918362043,0.089534062769736883,payload-bearing DL radiation only; control/reference radiation excluded
llama33_70b_2xH100_fp8_TP2,70B / 2xH100,general,6,p95,34,0.048959999999999997,20,0.0024480000000000001,snr_floor_m5dB,snr_floor_stress_test,-27.699946126655554,0,-5,-27.699946126655554,-5,True,2,20,60,56.568542494923804,19.471220634490692,134.03140814283586,-93.989700043360187,20,0,3,5,-98.989700043360187,23.04170809947567,0.20145164123190809,payload-bearing DL radiation only; control/reference radiation excluded
llama33_70b_2xH100_fp8_TP2,70B / 2xH100,general,6,p95,34,0.048959999999999997,20,0.0024480000000000001,snr_floor_0dB,snr_floor_stress_test,-27.699946126655554,0,0,-27.699946126655554,0,True,2,20,20,0,90,124.48898304844262,-93.989700043360187,20,0,3,5,-93.989700043360187,18.499283005082432,0.070782891630213285,payload-bearing DL radiation only; control/reference radiation excluded
llama33_70b_2xH100_fp8_TP2,70B / 2xH100,general,6,p95,34,0.048959999999999997,20,0.0024480000000000001,snr_floor_0dB,snr_floor_stress_test,-27.699946126655554,0,0,-27.699946126655554,0,True,2,20,40,34.641016151377549,30.000000000000004,130.50958296172223,-93.989700043360187,20,0,3,5,-93.989700043360187,24.519882918362043,0.28313156652085236,payload-bearing DL radiation only; control/reference radiation excluded
llama33_70b_2xH100_fp8_TP2,70B / 2xH100,general,6,p95,34,0.048959999999999997,20,0.0024480000000000001,snr_floor_0dB,snr_floor_stress_test,-27.699946126655554,0,0,-27.699946126655554,0,True,2,20,60,56.568542494923804,19.471220634490692,134.03140814283586,-93.989700043360187,20,0,3,5,-93.989700043360187,28.04170809947567,0.63704602467191807,payload-bearing DL radiation only; control/reference radiation excluded
llama33_70b_2xH100_fp8_TP2,70B / 2xH100,general,6,p99,38,0.054719999999999998,20,0.0027360000000000002,shannon_baseline,lower_bound,-27.216465717914229,0,-inf,-27.216465717914229,-27.216465717914229,False,2,20,20,0,90,124.48898304844262,-93.989700043360187,20,0,3,5,-121.20616576127442,-8.7171827128318,0.00013436363011910948,payload-bearing DL radiation only; control/reference radiation excluded
llama33_70b_2xH100_fp8_TP2,70B / 2xH100,general,6,p99,38,0.054719999999999998,20,0.0027360000000000002,shannon_baseline,lower_bound,-27.216465717914229,0,-inf,-27.216465717914229,-27.216465717914229,False,2,20,40,34.641016151377549,30.000000000000004,130.50958296172223,-93.989700043360187,20,0,3,5,-121.20616576127442,-2.6965827995521892,0.0005374545204764364,payload-bearing DL radiation only; control/reference radiation excluded
llama33_70b_2xH100_fp8_TP2,70B / 2xH100,general,6,p99,38,0.054719999999999998,20,0.0027360000000000002,shannon_baseline,lower_bound,-27.216465717914229,0,-inf,-27.216465717914229,-27.216465717914229,False,2,20,60,56.568542494923804,19.471220634490692,134.03140814283586,-93.989700043360187,20,0,3,5,-121.20616576127442,0.82524238156143781,0.0012092726710719824,payload-bearing DL radiation only; control/reference radiation excluded
llama33_70b_2xH100_fp8_TP2,70B / 2xH100,general,6,p99,38,0.054719999999999998,20,0.0027360000000000002,impl_gap_3dB,implementation_gap,-27.216465717914229,3,-inf,-24.216465717914229,-24.216465717914229,False,2,20,20,0,90,124.48898304844262,-93.989700043360187,20,0,3,5,-118.20616576127442,-5.7171827128318,0.00026809068767907657,payload-bearing DL radiation only; control/reference radiation excluded
llama33_70b_2xH100_fp8_TP2,70B / 2xH100,general,6,p99,38,0.054719999999999998,20,0.0027360000000000002,impl_gap_3dB,implementation_gap,-27.216465717914229,3,-inf,-24.216465717914229,-24.216465717914229,False,2,20,40,34.641016151377549,30.000000000000004,130.50958296172223,-93.989700043360187,20,0,3,5,-118.20616576127442,0.30341720044781084,0.0010723627507163032,payload-bearing DL radiation only; control/reference radiation excluded
llama33_70b_2xH100_fp8_TP2,70B / 2xH100,general,6,p99,38,0.054719999999999998,20,0.0027360000000000002,impl_gap_3dB,implementation_gap,-27.216465717914229,3,-inf,-24.216465717914229,-24.216465717914229,False,2,20,60,56.568542494923804,19.471220634490692,134.03140814283586,-93.989700043360187,20,0,3,5,-118.20616576127442,3.8252423815614378,0.0024128161891116833,payload-bearing DL radiation only; control/reference radiation excluded
llama33_70b_2xH100_fp8_TP2,70B / 2xH100,general,6,p99,38,0.054719999999999998,20,0.0027360000000000002,impl_gap_6dB,implementation_gap,-27.216465717914229,6,-inf,-21.216465717914229,-21.216465717914229,False,2,20,20,0,90,124.48898304844262,-93.989700043360187,20,0,3,5,-115.20616576127442,-2.7171827128318,0.00053491124612015345,payload-bearing DL radiation only; control/reference radiation excluded
llama33_70b_2xH100_fp8_TP2,70B / 2xH100,general,6,p99,38,0.054719999999999998,20,0.0027360000000000002,impl_gap_6dB,implementation_gap,-27.216465717914229,6,-inf,-21.216465717914229,-21.216465717914229,False,2,20,40,34.641016151377549,30.000000000000004,130.50958296172223,-93.989700043360187,20,0,3,5,-115.20616576127442,3.3034172004478108,0.0021396449844806056,payload-bearing DL radiation only; control/reference radiation excluded
llama33_70b_2xH100_fp8_TP2,70B / 2xH100,general,6,p99,38,0.054719999999999998,20,0.0027360000000000002,impl_gap_6dB,implementation_gap,-27.216465717914229,6,-inf,-21.216465717914229,-21.216465717914229,False,2,20,60,56.568542494923804,19.471220634490692,134.03140814283586,-93.989700043360187,20,0,3,5,-115.20616576127442,6.8252423815614378,0.0048142012150813656,payload-bearing DL radiation only; control/reference radiation excluded
llama33_70b_2xH100_fp8_TP2,70B / 2xH100,general,6,p99,38,0.054719999999999998,20,0.0027360000000000002,snr_floor_m10dB,snr_floor_stress_test,-27.216465717914229,0,-10,-27.216465717914229,-10,True,2,20,20,0,90,124.48898304844262,-93.989700043360187,20,0,3,5,-103.98970004336019,8.4992830050824324,0.0070782891630213323,payload-bearing DL radiation only; control/reference radiation excluded
llama33_70b_2xH100_fp8_TP2,70B / 2xH100,general,6,p99,38,0.054719999999999998,20,0.0027360000000000002,snr_floor_m10dB,snr_floor_stress_test,-27.216465717914229,0,-10,-27.216465717914229,-10,True,2,20,40,34.641016151377549,30.000000000000004,130.50958296172223,-93.989700043360187,20,0,3,5,-103.98970004336019,14.519882918362043,0.028313156652085236,payload-bearing DL radiation only; control/reference radiation excluded
llama33_70b_2xH100_fp8_TP2,70B / 2xH100,general,6,p99,38,0.054719999999999998,20,0.0027360000000000002,snr_floor_m10dB,snr_floor_stress_test,-27.216465717914229,0,-10,-27.216465717914229,-10,True,2,20,60,56.568542494923804,19.471220634490692,134.03140814283586,-93.989700043360187,20,0,3,5,-103.98970004336019,18.04170809947567,0.063704602467191812,payload-bearing DL radiation only; control/reference radiation excluded
llama33_70b_2xH100_fp8_TP2,70B / 2xH100,general,6,p99,38,0.054719999999999998,20,0.0027360000000000002,snr_floor_m5dB,snr_floor_stress_test,-27.216465717914229,0,-5,-27.216465717914229,-5,True,2,20,20,0,90,124.48898304844262,-93.989700043360187,20,0,3,5,-98.989700043360187,13.499283005082432,0.022383515692434283,payload-bearing DL radiation only; control/reference radiation excluded
llama33_70b_2xH100_fp8_TP2,70B / 2xH100,general,6,p99,38,0.054719999999999998,20,0.0027360000000000002,snr_floor_m5dB,snr_floor_stress_test,-27.216465717914229,0,-5,-27.216465717914229,-5,True,2,20,40,34.641016151377549,30.000000000000004,130.50958296172223,-93.989700043360187,20,0,3,5,-98.989700043360187,19.519882918362043,0.089534062769736883,payload-bearing DL radiation only; control/reference radiation excluded
llama33_70b_2xH100_fp8_TP2,70B / 2xH100,general,6,p99,38,0.054719999999999998,20,0.0027360000000000002,snr_floor_m5dB,snr_floor_stress_test,-27.216465717914229,0,-5,-27.216465717914229,-5,True,2,20,60,56.568542494923804,19.471220634490692,134.03140814283586,-93.989700043360187,20,0,3,5,-98.989700043360187,23.04170809947567,0.20145164123190809,payload-bearing DL radiation only; control/reference radiation excluded
llama33_70b_2xH100_fp8_TP2,70B / 2xH100,general,6,p99,38,0.054719999999999998,20,0.0027360000000000002,snr_floor_0dB,snr_floor_stress_test,-27.216465717914229,0,0,-27.216465717914229,0,True,2,20,20,0,90,124.48898304844262,-93.989700043360187,20,0,3,5,-93.989700043360187,18.499283005082432,0.070782891630213285,payload-bearing DL radiation only; control/reference radiation excluded
llama33_70b_2xH100_fp8_TP2,70B / 2xH100,general,6,p99,38,0.054719999999999998,20,0.0027360000000000002,snr_floor_0dB,snr_floor_stress_test,-27.216465717914229,0,0,-27.216465717914229,0,True,2,20,40,34.641016151377549,30.000000000000004,130.50958296172223,-93.989700043360187,20,0,3,5,-93.989700043360187,24.519882918362043,0.28313156652085236,payload-bearing DL radiation only; control/reference radiation excluded
llama33_70b_2xH100_fp8_TP2,70B / 2xH100,general,6,p99,38,0.054719999999999998,20,0.0027360000000000002,snr_floor_0dB,snr_floor_stress_test,-27.216465717914229,0,0,-27.216465717914229,0,True,2,20,60,56.568542494923804,19.471220634490692,134.03140814283586,-93.989700043360187,20,0,3,5,-93.989700043360187,28.04170809947567,0.63704602467191807,payload-bearing DL radiation only; control/reference radiation excluded
llama33_70b_2xH100_fp8_TP2,70B / 2xH100,general,6,all_active,991,1.4270400000000001,20,0.071351999999999999,shannon_baseline,lower_bound,-12.949845802791536,0,-inf,-12.949845802791536,-12.949845802791536,False,2,20,20,0,90,124.48898304844262,-93.989700043360187,20,0,3,5,-106.93954584615173,5.5494372022908891,0.0035887542533783331,payload-bearing DL radiation only; control/reference radiation excluded
llama33_70b_2xH100_fp8_TP2,70B / 2xH100,general,6,all_active,991,1.4270400000000001,20,0.071351999999999999,shannon_baseline,lower_bound,-12.949845802791536,0,-inf,-12.949845802791536,-12.949845802791536,False,2,20,40,34.641016151377549,30.000000000000004,130.50958296172223,-93.989700043360187,20,0,3,5,-106.93954584615173,11.5700371155705,0.014355017013513284,payload-bearing DL radiation only; control/reference radiation excluded
llama33_70b_2xH100_fp8_TP2,70B / 2xH100,general,6,all_active,991,1.4270400000000001,20,0.071351999999999999,shannon_baseline,lower_bound,-12.949845802791536,0,-inf,-12.949845802791536,-12.949845802791536,False,2,20,60,56.568542494923804,19.471220634490692,134.03140814283586,-93.989700043360187,20,0,3,5,-106.93954584615173,15.091862296684127,0.032298788280404903,payload-bearing DL radiation only; control/reference radiation excluded
llama33_70b_2xH100_fp8_TP2,70B / 2xH100,general,6,all_active,991,1.4270400000000001,20,0.071351999999999999,impl_gap_3dB,implementation_gap,-12.949845802791536,3,-inf,-9.9498458027915362,-9.9498458027915362,False,2,20,20,0,90,124.48898304844262,-93.989700043360187,20,0,3,5,-103.93954584615173,8.5494372022908891,0.0071605061194500623,payload-bearing DL radiation only; control/reference radiation excluded
llama33_70b_2xH100_fp8_TP2,70B / 2xH100,general,6,all_active,991,1.4270400000000001,20,0.071351999999999999,impl_gap_3dB,implementation_gap,-12.949845802791536,3,-inf,-9.9498458027915362,-9.9498458027915362,False,2,20,40,34.641016151377549,30.000000000000004,130.50958296172223,-93.989700043360187,20,0,3,5,-103.93954584615173,14.5700371155705,0.02864202447780017,payload-bearing DL radiation only; control/reference radiation excluded
llama33_70b_2xH100_fp8_TP2,70B / 2xH100,general,6,all_active,991,1.4270400000000001,20,0.071351999999999999,impl_gap_3dB,implementation_gap,-12.949845802791536,3,-inf,-9.9498458027915362,-9.9498458027915362,False,2,20,60,56.568542494923804,19.471220634490692,134.03140814283586,-93.989700043360187,20,0,3,5,-103.93954584615173,18.091862296684127,0.064444555075050411,payload-bearing DL radiation only; control/reference radiation excluded
llama33_70b_2xH100_fp8_TP2,70B / 2xH100,general,6,all_active,991,1.4270400000000001,20,0.071351999999999999,impl_gap_6dB,implementation_gap,-12.949845802791536,6,-inf,-6.9498458027915362,-6.9498458027915362,False,2,20,20,0,90,124.48898304844262,-93.989700043360187,20,0,3,5,-100.93954584615173,11.549437202290889,0.014287088016242762,payload-bearing DL radiation only; control/reference radiation excluded
llama33_70b_2xH100_fp8_TP2,70B / 2xH100,general,6,all_active,991,1.4270400000000001,20,0.071351999999999999,impl_gap_6dB,implementation_gap,-12.949845802791536,6,-inf,-6.9498458027915362,-6.9498458027915362,False,2,20,40,34.641016151377549,30.000000000000004,130.50958296172223,-93.989700043360187,20,0,3,5,-100.93954584615173,17.5700371155705,0.057148352064970889,payload-bearing DL radiation only; control/reference radiation excluded
llama33_70b_2xH100_fp8_TP2,70B / 2xH100,general,6,all_active,991,1.4270400000000001,20,0.071351999999999999,impl_gap_6dB,implementation_gap,-12.949845802791536,6,-inf,-6.9498458027915362,-6.9498458027915362,False,2,20,60,56.568542494923804,19.471220634490692,134.03140814283586,-93.989700043360187,20,0,3,5,-100.93954584615173,21.091862296684127,0.12858379214618457,payload-bearing DL radiation only; control/reference radiation excluded
llama33_70b_2xH100_fp8_TP2,70B / 2xH100,general,6,all_active,991,1.4270400000000001,20,0.071351999999999999,snr_floor_m10dB,snr_floor_stress_test,-12.949845802791536,0,-10,-12.949845802791536,-10,True,2,20,20,0,90,124.48898304844262,-93.989700043360187,20,0,3,5,-103.98970004336019,8.4992830050824324,0.0070782891630213323,payload-bearing DL radiation only; control/reference radiation excluded
llama33_70b_2xH100_fp8_TP2,70B / 2xH100,general,6,all_active,991,1.4270400000000001,20,0.071351999999999999,snr_floor_m10dB,snr_floor_stress_test,-12.949845802791536,0,-10,-12.949845802791536,-10,True,2,20,40,34.641016151377549,30.000000000000004,130.50958296172223,-93.989700043360187,20,0,3,5,-103.98970004336019,14.519882918362043,0.028313156652085236,payload-bearing DL radiation only; control/reference radiation excluded
llama33_70b_2xH100_fp8_TP2,70B / 2xH100,general,6,all_active,991,1.4270400000000001,20,0.071351999999999999,snr_floor_m10dB,snr_floor_stress_test,-12.949845802791536,0,-10,-12.949845802791536,-10,True,2,20,60,56.568542494923804,19.471220634490692,134.03140814283586,-93.989700043360187,20,0,3,5,-103.98970004336019,18.04170809947567,0.063704602467191812,payload-bearing DL radiation only; control/reference radiation excluded
llama33_70b_2xH100_fp8_TP2,70B / 2xH100,general,6,all_active,991,1.4270400000000001,20,0.071351999999999999,snr_floor_m5dB,snr_floor_stress_test,-12.949845802791536,0,-5,-12.949845802791536,-5,True,2,20,20,0,90,124.48898304844262,-93.989700043360187,20,0,3,5,-98.989700043360187,13.499283005082432,0.022383515692434283,payload-bearing DL radiation only; control/reference radiation excluded
llama33_70b_2xH100_fp8_TP2,70B / 2xH100,general,6,all_active,991,1.4270400000000001,20,0.071351999999999999,snr_floor_m5dB,snr_floor_stress_test,-12.949845802791536,0,-5,-12.949845802791536,-5,True,2,20,40,34.641016151377549,30.000000000000004,130.50958296172223,-93.989700043360187,20,0,3,5,-98.989700043360187,19.519882918362043,0.089534062769736883,payload-bearing DL radiation only; control/reference radiation excluded
llama33_70b_2xH100_fp8_TP2,70B / 2xH100,general,6,all_active,991,1.4270400000000001,20,0.071351999999999999,snr_floor_m5dB,snr_floor_stress_test,-12.949845802791536,0,-5,-12.949845802791536,-5,True,2,20,60,56.568542494923804,19.471220634490692,134.03140814283586,-93.989700043360187,20,0,3,5,-98.989700043360187,23.04170809947567,0.20145164123190809,payload-bearing DL radiation only; control/reference radiation excluded
llama33_70b_2xH100_fp8_TP2,70B / 2xH100,general,6,all_active,991,1.4270400000000001,20,0.071351999999999999,snr_floor_0dB,snr_floor_stress_test,-12.949845802791536,0,0,-12.949845802791536,0,True,2,20,20,0,90,124.48898304844262,-93.989700043360187,20,0,3,5,-93.989700043360187,18.499283005082432,0.070782891630213285,payload-bearing DL radiation only; control/reference radiation excluded
llama33_70b_2xH100_fp8_TP2,70B / 2xH100,general,6,all_active,991,1.4270400000000001,20,0.071351999999999999,snr_floor_0dB,snr_floor_stress_test,-12.949845802791536,0,0,-12.949845802791536,0,True,2,20,40,34.641016151377549,30.000000000000004,130.50958296172223,-93.989700043360187,20,0,3,5,-93.989700043360187,24.519882918362043,0.28313156652085236,payload-bearing DL radiation only; control/reference radiation excluded
llama33_70b_2xH100_fp8_TP2,70B / 2xH100,general,6,all_active,991,1.4270400000000001,20,0.071351999999999999,snr_floor_0dB,snr_floor_stress_test,-12.949845802791536,0,0,-12.949845802791536,0,True,2,20,60,56.568542494923804,19.471220634490692,134.03140814283586,-93.989700043360187,20,0,3,5,-93.989700043360187,28.04170809947567,0.63704602467191807,payload-bearing DL radiation only; control/reference radiation excluded
