case_id,UA_external_W_K,G_wall_W_K,A2_m2,h2_W_m2K,Q_server_W,Q_solar_W,epsilon_rad,T_ambient_K,P_air_internal_Pa,num_simulations,num_successful,has_feasible_temperature,min_feasible_rpm,best_rpm_by_power,min_fan_elec_power_W,fan_overhead_percent,best_server_T_K,best_chamber_T_K,best_radiator_T_K,server_margin_K,chamber_margin_K,high_rpm_model_extrapolation,design_feasible_within_preferred_rpm,left_censored_at_rpm_min,reached_hard_rpm_cap,search_status
1,25,20,0.5,50,1100,500,1e-15,223.15,101325,10,10,0,NaN,NaN,NaN,NaN,NaN,NaN,NaN,NaN,NaN,0,0,0,1,not_feasible_by_hard_rpm_cap
2,31.25,20,0.625,50,1100,500,1e-15,223.15,101325,10,10,0,NaN,NaN,NaN,NaN,NaN,NaN,NaN,NaN,NaN,0,0,0,1,not_feasible_by_hard_rpm_cap
3,37.5,20,0.75,50,1100,500,1e-15,223.15,101325,10,10,0,NaN,NaN,NaN,NaN,NaN,NaN,NaN,NaN,NaN,0,0,0,1,not_feasible_by_hard_rpm_cap
4,43.75,20,0.875,50,1100,500,1e-15,223.15,101325,10,10,0,NaN,NaN,NaN,NaN,NaN,NaN,NaN,NaN,NaN,0,0,0,1,not_feasible_by_hard_rpm_cap
5,50,20,1,50,1100,500,1e-15,223.15,101325,10,10,0,NaN,NaN,NaN,NaN,NaN,NaN,NaN,NaN,NaN,0,0,0,1,not_feasible_by_hard_rpm_cap
6,56.25,20,1.125,50,1100,500,1e-15,223.15,101325,10,10,0,NaN,NaN,NaN,NaN,NaN,NaN,NaN,NaN,NaN,0,0,0,1,not_feasible_by_hard_rpm_cap
7,62.5,20,1.25,50,1100,500,1e-15,223.15,101325,10,10,0,NaN,NaN,NaN,NaN,NaN,NaN,NaN,NaN,NaN,0,0,0,1,not_feasible_by_hard_rpm_cap
8,68.75,20,1.375,50,1100,500,1e-15,223.15,101325,10,10,0,NaN,NaN,NaN,NaN,NaN,NaN,NaN,NaN,NaN,0,0,0,1,not_feasible_by_hard_rpm_cap
9,75,20,1.5,50,1100,500,1e-15,223.15,101325,10,10,0,NaN,NaN,NaN,NaN,NaN,NaN,NaN,NaN,NaN,0,0,0,1,not_feasible_by_hard_rpm_cap
10,81.25,20,1.625,50,1100,500,1e-15,223.15,101325,10,10,0,NaN,NaN,NaN,NaN,NaN,NaN,NaN,NaN,NaN,0,0,0,1,not_feasible_by_hard_rpm_cap
11,87.5,20,1.75,50,1100,500,1e-15,223.15,101325,10,10,0,NaN,NaN,NaN,NaN,NaN,NaN,NaN,NaN,NaN,0,0,0,1,not_feasible_by_hard_rpm_cap
12,93.75,20,1.875,50,1100,500,1e-15,223.15,101325,10,10,0,NaN,NaN,NaN,NaN,NaN,NaN,NaN,NaN,NaN,0,0,0,1,not_feasible_by_hard_rpm_cap
13,100,20,2,50,1100,500,1e-15,223.15,101325,10,10,0,NaN,NaN,NaN,NaN,NaN,NaN,NaN,NaN,NaN,0,0,0,1,not_feasible_by_hard_rpm_cap
14,112.5,20,2.25,50,1100,500,1e-15,223.15,101325,10,10,0,NaN,NaN,NaN,NaN,NaN,NaN,NaN,NaN,NaN,0,0,0,1,not_feasible_by_hard_rpm_cap
15,125,20,2.5,50,1100,500,1e-15,223.15,101325,10,10,0,NaN,NaN,NaN,NaN,NaN,NaN,NaN,NaN,NaN,0,0,0,1,not_feasible_by_hard_rpm_cap
16,137.5,20,2.75,50,1100,500,1e-15,223.15,101325,10,10,0,NaN,NaN,NaN,NaN,NaN,NaN,NaN,NaN,NaN,0,0,0,1,not_feasible_by_hard_rpm_cap
17,150,20,3,50,1100,500,1e-15,223.15,101325,10,10,0,NaN,NaN,NaN,NaN,NaN,NaN,NaN,NaN,NaN,0,0,0,1,not_feasible_by_hard_rpm_cap
18,162.5,20,3.25,50,1100,500,1e-15,223.15,101325,10,10,0,NaN,NaN,NaN,NaN,NaN,NaN,NaN,NaN,NaN,0,0,0,1,not_feasible_by_hard_rpm_cap
19,175,20,3.5,50,1100,500,1e-15,223.15,101325,10,10,0,NaN,NaN,NaN,NaN,NaN,NaN,NaN,NaN,NaN,0,0,0,1,not_feasible_by_hard_rpm_cap
20,187.5,20,3.75,50,1100,500,1e-15,223.15,101325,10,10,0,NaN,NaN,NaN,NaN,NaN,NaN,NaN,NaN,NaN,0,0,0,1,not_feasible_by_hard_rpm_cap
21,200,20,4,50,1100,500,1e-15,223.15,101325,10,10,0,NaN,NaN,NaN,NaN,NaN,NaN,NaN,NaN,NaN,0,0,0,1,not_feasible_by_hard_rpm_cap
22,212.5,20,4.25,50,1100,500,1e-15,223.15,101325,10,10,0,NaN,NaN,NaN,NaN,NaN,NaN,NaN,NaN,NaN,0,0,0,1,not_feasible_by_hard_rpm_cap
23,225,20,4.5,50,1100,500,1e-15,223.15,101325,10,10,0,NaN,NaN,NaN,NaN,NaN,NaN,NaN,NaN,NaN,0,0,0,1,not_feasible_by_hard_rpm_cap
24,237.5,20,4.75,50,1100,500,1e-15,223.15,101325,10,10,0,NaN,NaN,NaN,NaN,NaN,NaN,NaN,NaN,NaN,0,0,0,1,not_feasible_by_hard_rpm_cap
25,250,20,5,50,1100,500,1e-15,223.15,101325,10,10,0,NaN,NaN,NaN,NaN,NaN,NaN,NaN,NaN,NaN,0,0,0,1,not_feasible_by_hard_rpm_cap
26,262.5,20,5.25,50,1100,500,1e-15,223.15,101325,10,10,0,NaN,NaN,NaN,NaN,NaN,NaN,NaN,NaN,NaN,0,0,0,1,not_feasible_by_hard_rpm_cap
27,275,20,5.5,50,1100,500,1e-15,223.15,101325,10,10,0,NaN,NaN,NaN,NaN,NaN,NaN,NaN,NaN,NaN,0,0,0,1,not_feasible_by_hard_rpm_cap
28,287.5,20,5.75,50,1100,500,1e-15,223.15,101325,10,10,0,NaN,NaN,NaN,NaN,NaN,NaN,NaN,NaN,NaN,0,0,0,1,not_feasible_by_hard_rpm_cap
29,300,20,6,50,1100,500,1e-15,223.15,101325,10,10,0,NaN,NaN,NaN,NaN,NaN,NaN,NaN,NaN,NaN,0,0,0,1,not_feasible_by_hard_rpm_cap
30,25,25.1486685936587,0.5,50,1100,500,1e-15,223.15,101325,10,10,0,NaN,NaN,NaN,NaN,NaN,NaN,NaN,NaN,NaN,0,0,0,1,not_feasible_by_hard_rpm_cap
31,31.25,25.1486685936587,0.625,50,1100,500,1e-15,223.15,101325,10,10,0,NaN,NaN,NaN,NaN,NaN,NaN,NaN,NaN,NaN,0,0,0,1,not_feasible_by_hard_rpm_cap
32,37.5,25.1486685936587,0.75,50,1100,500,1e-15,223.15,101325,10,10,0,NaN,NaN,NaN,NaN,NaN,NaN,NaN,NaN,NaN,0,0,0,1,not_feasible_by_hard_rpm_cap
33,43.75,25.1486685936587,0.875,50,1100,500,1e-15,223.15,101325,10,10,0,NaN,NaN,NaN,NaN,NaN,NaN,NaN,NaN,NaN,0,0,0,1,not_feasible_by_hard_rpm_cap
34,50,25.1486685936587,1,50,1100,500,1e-15,223.15,101325,10,10,0,NaN,NaN,NaN,NaN,NaN,NaN,NaN,NaN,NaN,0,0,0,1,not_feasible_by_hard_rpm_cap
35,56.25,25.1486685936587,1.125,50,1100,500,1e-15,223.15,101325,10,10,0,NaN,NaN,NaN,NaN,NaN,NaN,NaN,NaN,NaN,0,0,0,1,not_feasible_by_hard_rpm_cap
36,62.5,25.1486685936587,1.25,50,1100,500,1e-15,223.15,101325,10,10,0,NaN,NaN,NaN,NaN,NaN,NaN,NaN,NaN,NaN,0,0,0,1,not_feasible_by_hard_rpm_cap
37,68.75,25.1486685936587,1.375,50,1100,500,1e-15,223.15,101325,10,10,0,NaN,NaN,NaN,NaN,NaN,NaN,NaN,NaN,NaN,0,0,0,1,not_feasible_by_hard_rpm_cap
38,75,25.1486685936587,1.5,50,1100,500,1e-15,223.15,101325,10,10,0,NaN,NaN,NaN,NaN,NaN,NaN,NaN,NaN,NaN,0,0,0,1,not_feasible_by_hard_rpm_cap
39,81.25,25.1486685936587,1.625,50,1100,500,1e-15,223.15,101325,10,10,0,NaN,NaN,NaN,NaN,NaN,NaN,NaN,NaN,NaN,0,0,0,1,not_feasible_by_hard_rpm_cap
40,87.5,25.1486685936587,1.75,50,1100,500,1e-15,223.15,101325,10,10,0,NaN,NaN,NaN,NaN,NaN,NaN,NaN,NaN,NaN,0,0,0,1,not_feasible_by_hard_rpm_cap
41,93.75,25.1486685936587,1.875,50,1100,500,1e-15,223.15,101325,10,10,0,NaN,NaN,NaN,NaN,NaN,NaN,NaN,NaN,NaN,0,0,0,1,not_feasible_by_hard_rpm_cap
42,100,25.1486685936587,2,50,1100,500,1e-15,223.15,101325,10,10,0,NaN,NaN,NaN,NaN,NaN,NaN,NaN,NaN,NaN,0,0,0,1,not_feasible_by_hard_rpm_cap
43,112.5,25.1486685936587,2.25,50,1100,500,1e-15,223.15,101325,10,10,0,NaN,NaN,NaN,NaN,NaN,NaN,NaN,NaN,NaN,0,0,0,1,not_feasible_by_hard_rpm_cap
44,125,25.1486685936587,2.5,50,1100,500,1e-15,223.15,101325,10,10,0,NaN,NaN,NaN,NaN,NaN,NaN,NaN,NaN,NaN,0,0,0,1,not_feasible_by_hard_rpm_cap
45,137.5,25.1486685936587,2.75,50,1100,500,1e-15,223.15,101325,10,10,0,NaN,NaN,NaN,NaN,NaN,NaN,NaN,NaN,NaN,0,0,0,1,not_feasible_by_hard_rpm_cap
46,150,25.1486685936587,3,50,1100,500,1e-15,223.15,101325,10,10,0,NaN,NaN,NaN,NaN,NaN,NaN,NaN,NaN,NaN,0,0,0,1,not_feasible_by_hard_rpm_cap
47,162.5,25.1486685936587,3.25,50,1100,500,1e-15,223.15,101325,10,10,0,NaN,NaN,NaN,NaN,NaN,NaN,NaN,NaN,NaN,0,0,0,1,not_feasible_by_hard_rpm_cap
48,175,25.1486685936587,3.5,50,1100,500,1e-15,223.15,101325,10,10,0,NaN,NaN,NaN,NaN,NaN,NaN,NaN,NaN,NaN,0,0,0,1,not_feasible_by_hard_rpm_cap
49,187.5,25.1486685936587,3.75,50,1100,500,1e-15,223.15,101325,10,10,0,NaN,NaN,NaN,NaN,NaN,NaN,NaN,NaN,NaN,0,0,0,1,not_feasible_by_hard_rpm_cap
50,200,25.1486685936587,4,50,1100,500,1e-15,223.15,101325,10,10,0,NaN,NaN,NaN,NaN,NaN,NaN,NaN,NaN,NaN,0,0,0,1,not_feasible_by_hard_rpm_cap
51,212.5,25.1486685936587,4.25,50,1100,500,1e-15,223.15,101325,10,10,0,NaN,NaN,NaN,NaN,NaN,NaN,NaN,NaN,NaN,0,0,0,1,not_feasible_by_hard_rpm_cap
52,225,25.1486685936587,4.5,50,1100,500,1e-15,223.15,101325,10,10,0,NaN,NaN,NaN,NaN,NaN,NaN,NaN,NaN,NaN,0,0,0,1,not_feasible_by_hard_rpm_cap
53,237.5,25.1486685936587,4.75,50,1100,500,1e-15,223.15,101325,10,10,0,NaN,NaN,NaN,NaN,NaN,NaN,NaN,NaN,NaN,0,0,0,1,not_feasible_by_hard_rpm_cap
54,250,25.1486685936587,5,50,1100,500,1e-15,223.15,101325,10,10,0,NaN,NaN,NaN,NaN,NaN,NaN,NaN,NaN,NaN,0,0,0,1,not_feasible_by_hard_rpm_cap
55,262.5,25.1486685936587,5.25,50,1100,500,1e-15,223.15,101325,10,10,0,NaN,NaN,NaN,NaN,NaN,NaN,NaN,NaN,NaN,0,0,0,1,not_feasible_by_hard_rpm_cap
56,275,25.1486685936587,5.5,50,1100,500,1e-15,223.15,101325,10,10,0,NaN,NaN,NaN,NaN,NaN,NaN,NaN,NaN,NaN,0,0,0,1,not_feasible_by_hard_rpm_cap
57,287.5,25.1486685936587,5.75,50,1100,500,1e-15,223.15,101325,10,10,0,NaN,NaN,NaN,NaN,NaN,NaN,NaN,NaN,NaN,0,0,0,1,not_feasible_by_hard_rpm_cap
58,300,25.1486685936587,6,50,1100,500,1e-15,223.15,101325,10,10,0,NaN,NaN,NaN,NaN,NaN,NaN,NaN,NaN,NaN,0,0,0,1,not_feasible_by_hard_rpm_cap
59,25,31.6227766016838,0.5,50,1100,500,1e-15,223.15,101325,10,10,0,NaN,NaN,NaN,NaN,NaN,NaN,NaN,NaN,NaN,0,0,0,1,not_feasible_by_hard_rpm_cap
60,31.25,31.6227766016838,0.625,50,1100,500,1e-15,223.15,101325,10,10,0,NaN,NaN,NaN,NaN,NaN,NaN,NaN,NaN,NaN,0,0,0,1,not_feasible_by_hard_rpm_cap
61,37.5,31.6227766016838,0.75,50,1100,500,1e-15,223.15,101325,10,10,0,NaN,NaN,NaN,NaN,NaN,NaN,NaN,NaN,NaN,0,0,0,1,not_feasible_by_hard_rpm_cap
62,43.75,31.6227766016838,0.875,50,1100,500,1e-15,223.15,101325,10,10,0,NaN,NaN,NaN,NaN,NaN,NaN,NaN,NaN,NaN,0,0,0,1,not_feasible_by_hard_rpm_cap
63,50,31.6227766016838,1,50,1100,500,1e-15,223.15,101325,10,10,0,NaN,NaN,NaN,NaN,NaN,NaN,NaN,NaN,NaN,0,0,0,1,not_feasible_by_hard_rpm_cap
64,56.25,31.6227766016838,1.125,50,1100,500,1e-15,223.15,101325,10,10,0,NaN,NaN,NaN,NaN,NaN,NaN,NaN,NaN,NaN,0,0,0,1,not_feasible_by_hard_rpm_cap
65,62.5,31.6227766016838,1.25,50,1100,500,1e-15,223.15,101325,10,10,0,NaN,NaN,NaN,NaN,NaN,NaN,NaN,NaN,NaN,0,0,0,1,not_feasible_by_hard_rpm_cap
66,68.75,31.6227766016838,1.375,50,1100,500,1e-15,223.15,101325,10,10,0,NaN,NaN,NaN,NaN,NaN,NaN,NaN,NaN,NaN,0,0,0,1,not_feasible_by_hard_rpm_cap
67,75,31.6227766016838,1.5,50,1100,500,1e-15,223.15,101325,10,10,0,NaN,NaN,NaN,NaN,NaN,NaN,NaN,NaN,NaN,0,0,0,1,not_feasible_by_hard_rpm_cap
68,81.25,31.6227766016838,1.625,50,1100,500,1e-15,223.15,101325,10,10,0,NaN,NaN,NaN,NaN,NaN,NaN,NaN,NaN,NaN,0,0,0,1,not_feasible_by_hard_rpm_cap
69,87.5,31.6227766016838,1.75,50,1100,500,1e-15,223.15,101325,10,10,0,NaN,NaN,NaN,NaN,NaN,NaN,NaN,NaN,NaN,0,0,0,1,not_feasible_by_hard_rpm_cap
70,93.75,31.6227766016838,1.875,50,1100,500,1e-15,223.15,101325,10,10,0,NaN,NaN,NaN,NaN,NaN,NaN,NaN,NaN,NaN,0,0,0,1,not_feasible_by_hard_rpm_cap
71,100,31.6227766016838,2,50,1100,500,1e-15,223.15,101325,10,10,0,NaN,NaN,NaN,NaN,NaN,NaN,NaN,NaN,NaN,0,0,0,1,not_feasible_by_hard_rpm_cap
72,112.5,31.6227766016838,2.25,50,1100,500,1e-15,223.15,101325,10,10,0,NaN,NaN,NaN,NaN,NaN,NaN,NaN,NaN,NaN,0,0,0,1,not_feasible_by_hard_rpm_cap
73,125,31.6227766016838,2.5,50,1100,500,1e-15,223.15,101325,15,15,1,6725,6725,134.302477794731,12.2093161631573,322.846856962614,299.998590575264,236.467969116085,7.15314303738643,0.00140942473609584,1,0,0,0,feasible_only_above_preferred_rpm_model_extrapolation
74,137.5,31.6227766016838,2.75,50,1100,500,1e-15,223.15,101325,14,14,1,6150,6150,102.626929515546,9.32972086504962,322.832983903318,299.986605800794,235.139387432018,7.16701609668218,0.013394199205834,1,0,0,0,feasible_only_above_preferred_rpm_model_extrapolation
75,150,31.6227766016838,3,50,1100,500,1e-15,223.15,101325,14,14,1,5800,5800,86.0298288725671,7.82089353386973,322.81565652972,299.971474755791,234.083295086484,7.18434347028045,0.0285252442093338,1,0,0,0,feasible_only_above_preferred_rpm_model_extrapolation
76,162.5,31.6227766016838,3.25,50,1100,500,1e-15,223.15,101325,14,14,1,5550,5550,75.3401062596388,6.84910056905808,322.788916358171,299.951661690048,233.206675430855,7.21108364182925,0.0483383099522712,1,0,0,0,feasible_only_above_preferred_rpm_model_extrapolation
77,175,31.6227766016838,3.5,50,1100,500,1e-15,223.15,101325,14,14,1,5350,5350,67.4555141579475,6.13231946890432,322.833345696224,299.996204159497,232.465450950411,7.16665430377594,0.00379584050278936,1,0,0,0,feasible_only_above_preferred_rpm_model_extrapolation
78,187.5,31.6227766016838,3.75,50,1100,500,1e-15,223.15,101325,14,14,1,5225,5225,62.8188343822194,5.7108031256563,322.736044109547,299.898613868815,231.831972783188,7.26395589045291,0.101386131185393,1,0,0,0,feasible_only_above_preferred_rpm_model_extrapolation
79,200,31.6227766016838,4,50,1100,500,1e-15,223.15,101325,14,14,1,5100,5100,58.3993312318696,5.30903011198815,322.748501947565,299.911486042516,231.278046091663,7.2514980524349,0.0885139574837126,1,0,0,0,feasible_only_above_preferred_rpm_model_extrapolation
80,212.5,31.6227766016838,4.25,50,1100,500,1e-15,223.15,101325,13,13,1,5000,5000,55.0168618698112,5.00153289725557,322.723387922974,299.891093809065,230.79073230325,7.2766120770263,0.108906190935329,0,1,0,0,feasible_within_preferred_rpm
81,225,31.6227766016838,4.5,50,1100,500,1e-15,223.15,101325,12,12,1,4900,4900,51.7674019189399,4.70612744717636,322.804412049318,299.970082086098,230.359394461262,7.19558795068218,0.0299179139015564,0,1,0,0,feasible_within_preferred_rpm
82,237.5,31.6227766016838,4.75,50,1100,500,1e-15,223.15,101325,12,12,1,4825,4825,49.4162145603165,4.49238314184696,322.795134845554,299.965683968662,229.973900696743,7.20486515444577,0.0343160313377666,0,1,0,0,feasible_within_preferred_rpm
83,250,31.6227766016838,5,50,1100,500,1e-15,223.15,101325,12,12,1,4775,4775,47.8891602789562,4.35356002535965,322.740337918054,299.90706164674,229.630399766952,7.25966208194626,0.0929383532600809,0,1,0,0,feasible_within_preferred_rpm
84,262.5,31.6227766016838,5.25,50,1100,500,1e-15,223.15,101325,13,13,1,4725,4725,46.3938123733165,4.21761930666514,322.691386134428,299.862179343478,229.318146915653,7.30861386557189,0.137820656522479,0,1,0,0,feasible_within_preferred_rpm
85,275,31.6227766016838,5.5,50,1100,500,1e-15,223.15,101325,12,12,1,4675,4675,44.9298109513921,4.08452826830837,322.715694175005,299.881504112216,229.036004385593,7.28430582499544,0.118495887784491,0,1,0,0,feasible_within_preferred_rpm
86,287.5,31.6227766016838,5.75,50,1100,500,1e-15,223.15,101325,13,13,1,4625,4625,43.496411689589,3.95421924450809,322.73526726911,299.904905277204,228.776897587825,7.26473273088999,0.0950947227959205,0,1,0,0,feasible_within_preferred_rpm
87,300,31.6227766016838,6,50,1100,500,1e-15,223.15,101325,12,12,1,4575,4575,42.0927426547195,3.82661296861087,322.800563170911,299.970572660932,228.54001471179,7.19943682908905,0.0294273390678086,0,1,0,0,feasible_within_preferred_rpm
88,25,39.7635364383525,0.5,50,1100,500,1e-15,223.15,101325,10,10,0,NaN,NaN,NaN,NaN,NaN,NaN,NaN,NaN,NaN,0,0,0,1,not_feasible_by_hard_rpm_cap
89,31.25,39.7635364383525,0.625,50,1100,500,1e-15,223.15,101325,10,10,0,NaN,NaN,NaN,NaN,NaN,NaN,NaN,NaN,NaN,0,0,0,1,not_feasible_by_hard_rpm_cap
90,37.5,39.7635364383525,0.75,50,1100,500,1e-15,223.15,101325,10,10,0,NaN,NaN,NaN,NaN,NaN,NaN,NaN,NaN,NaN,0,0,0,1,not_feasible_by_hard_rpm_cap
91,43.75,39.7635364383525,0.875,50,1100,500,1e-15,223.15,101325,10,10,0,NaN,NaN,NaN,NaN,NaN,NaN,NaN,NaN,NaN,0,0,0,1,not_feasible_by_hard_rpm_cap
92,50,39.7635364383525,1,50,1100,500,1e-15,223.15,101325,10,10,0,NaN,NaN,NaN,NaN,NaN,NaN,NaN,NaN,NaN,0,0,0,1,not_feasible_by_hard_rpm_cap
93,56.25,39.7635364383525,1.125,50,1100,500,1e-15,223.15,101325,10,10,0,NaN,NaN,NaN,NaN,NaN,NaN,NaN,NaN,NaN,0,0,0,1,not_feasible_by_hard_rpm_cap
94,62.5,39.7635364383525,1.25,50,1100,500,1e-15,223.15,101325,10,10,0,NaN,NaN,NaN,NaN,NaN,NaN,NaN,NaN,NaN,0,0,0,1,not_feasible_by_hard_rpm_cap
95,68.75,39.7635364383525,1.375,50,1100,500,1e-15,223.15,101325,10,10,0,NaN,NaN,NaN,NaN,NaN,NaN,NaN,NaN,NaN,0,0,0,1,not_feasible_by_hard_rpm_cap
96,75,39.7635364383525,1.5,50,1100,500,1e-15,223.15,101325,10,10,0,NaN,NaN,NaN,NaN,NaN,NaN,NaN,NaN,NaN,0,0,0,1,not_feasible_by_hard_rpm_cap
97,81.25,39.7635364383525,1.625,50,1100,500,1e-15,223.15,101325,14,14,1,6550,6550,124.058823492058,11.2780748629144,322.826770396306,299.971586160742,243.578266367264,7.17322960369353,0.0284138392584055,1,0,0,0,feasible_only_above_preferred_rpm_model_extrapolation
98,87.5,39.7635364383525,1.75,50,1100,500,1e-15,223.15,101325,14,14,1,5950,5950,92.9045922398363,8.4458720218033,322.822544694324,299.969587913946,241.936746175833,7.17745530567618,0.0304120860535022,1,0,0,0,feasible_only_above_preferred_rpm_model_extrapolation
99,93.75,39.7635364383525,1.875,50,1100,500,1e-15,223.15,101325,14,14,1,5575,5575,76.3669912484896,6.94245374986269,322.773250394745,299.925096166161,240.591995175267,7.22674960525478,0.0749038338386185,1,0,0,0,feasible_only_above_preferred_rpm_model_extrapolation
100,100,39.7635364383525,2,50,1100,500,1e-15,223.15,101325,14,14,1,5300,5300,65.5746456098357,5.96133141907597,322.753390519699,299.905344757682,239.447068677681,7.24660948030146,0.0946552423181402,1,0,0,0,feasible_only_above_preferred_rpm_model_extrapolation
101,112.5,39.7635364383525,2.25,50,1100,500,1e-15,223.15,101325,12,12,1,4900,4900,51.7675319083193,4.70613926439266,322.803636878005,299.955894318659,237.573955720039,7.1963631219952,0.0441056813409091,0,1,0,0,feasible_within_preferred_rpm
102,125,39.7635364383525,2.5,50,1100,500,1e-15,223.15,101325,12,12,1,4650,4650,44.209443969093,4.01904036082664,322.719413598225,299.876055928249,236.099160472062,7.28058640177466,0.123944071750714,0,1,0,0,feasible_within_preferred_rpm
103,137.5,39.7635364383525,2.75,50,1100,500,1e-15,223.15,101325,12,12,1,4450,4450,38.7100422063033,3.51909474602757,322.791203802154,299.951822567256,234.900256410419,7.20879619784608,0.0481774327435573,0,1,0,0,feasible_within_preferred_rpm
104,150,39.7635364383525,3,50,1100,500,1e-15,223.15,101325,12,12,1,4325,4325,35.50171631985,3.22742875635,322.705621921054,299.869552049078,233.909141103808,7.29437807894641,0.130447950921791,0,1,0,0,feasible_within_preferred_rpm
105,162.5,39.7635364383525,3.25,50,1100,500,1e-15,223.15,101325,13,13,1,4225,4225,33.0573795683955,3.00521632439959,322.687586016302,299.849749587039,233.07448300462,7.31241398369804,0.150250412960986,0,1,0,0,feasible_within_preferred_rpm
106,175,39.7635364383525,3.5,50,1100,500,1e-15,223.15,101325,12,12,1,4150,4150,31.2947897186534,2.84498088351394,322.629747884023,299.791877277322,232.360522036948,7.37025211597739,0.208122722677899,0,1,0,0,feasible_within_preferred_rpm
107,187.5,39.7635364383525,3.75,50,1100,500,1e-15,223.15,101325,12,12,1,4075,4075,29.5915407344349,2.69014006676681,322.700800031424,299.865139969303,231.741293378763,7.29919996857615,0.134860030697098,0,1,0,0,feasible_within_preferred_rpm
108,200,39.7635364383525,4,50,1100,500,1e-15,223.15,101325,12,12,1,4025,4025,28.4895577072115,2.58995979156468,322.640816698899,299.808117144367,231.200809496755,7.35918330110076,0.191882855633196,0,1,0,0,feasible_within_preferred_rpm
109,212.5,39.7635364383525,4.25,50,1100,500,1e-15,223.15,101325,12,12,1,3975,3975,27.413449425619,2.49213176596536,322.6840902478,299.849904199011,230.725031020225,7.31590975219996,0.150095800988993,0,1,0,0,feasible_within_preferred_rpm
110,225,39.7635364383525,4.5,50,1100,500,1e-15,223.15,101325,11,11,1,3925,3925,26.3632031207344,2.39665482915768,322.774695846168,299.945479068886,230.300716161095,7.22530415383159,0.0545209311137,0,1,0,0,feasible_within_preferred_rpm
111,237.5,39.7635364383525,4.75,50,1100,500,1e-15,223.15,101325,11,11,1,3900,3900,25.848498106584,2.34986346423491,322.687227028165,299.854858602669,229.923950046609,7.31277297183527,0.145141397331315,0,1,0,0,feasible_within_preferred_rpm
112,250,39.7635364383525,5,50,1100,500,1e-15,223.15,101325,12,12,1,3875,3875,25.3401246793996,2.30364769812723,322.620828433483,299.790532733764,229.583814220384,7.37917156651662,0.209467266235777,0,1,0,0,feasible_within_preferred_rpm
113,262.5,39.7635364383525,5.25,50,1100,500,1e-15,223.15,101325,12,12,1,3850,3850,24.8380098835828,2.25800089850753,322.600613205599,299.770503073364,229.276445071085,7.39938679440127,0.229496926635704,0,1,0,0,feasible_within_preferred_rpm
114,275,39.7635364383525,5.5,50,1100,500,1e-15,223.15,101325,11,11,1,3825,3825,24.3421825795418,2.21292568904925,322.608727264511,299.780100981903,228.996790573185,7.39127273548939,0.219899018096896,0,1,0,0,feasible_within_preferred_rpm
115,287.5,39.7635364383525,5.75,50,1100,500,1e-15,223.15,101325,11,11,1,3800,3800,23.8526404087661,2.16842185534237,322.639662418947,299.814285185941,228.741155179496,7.3603375810527,0.185714814059111,0,1,0,0,feasible_within_preferred_rpm
116,300,39.7635364383525,6,50,1100,500,1e-15,223.15,101325,11,11,1,3775,3775,23.3693411224373,2.12448555658521,322.703385590072,299.880019436918,228.507040014536,7.29661440992817,0.119980563082152,0,1,0,0,feasible_within_preferred_rpm
117,25,50,0.5,50,1100,500,1e-15,223.15,101325,10,10,0,NaN,NaN,NaN,NaN,NaN,NaN,NaN,NaN,NaN,0,0,0,1,not_feasible_by_hard_rpm_cap
118,31.25,50,0.625,50,1100,500,1e-15,223.15,101325,10,10,0,NaN,NaN,NaN,NaN,NaN,NaN,NaN,NaN,NaN,0,0,0,1,not_feasible_by_hard_rpm_cap
119,37.5,50,0.75,50,1100,500,1e-15,223.15,101325,10,10,0,NaN,NaN,NaN,NaN,NaN,NaN,NaN,NaN,NaN,0,0,0,1,not_feasible_by_hard_rpm_cap
120,43.75,50,0.875,50,1100,500,1e-15,223.15,101325,10,10,0,NaN,NaN,NaN,NaN,NaN,NaN,NaN,NaN,NaN,0,0,0,1,not_feasible_by_hard_rpm_cap
121,50,50,1,50,1100,500,1e-15,223.15,101325,10,10,0,NaN,NaN,NaN,NaN,NaN,NaN,NaN,NaN,NaN,0,0,0,1,not_feasible_by_hard_rpm_cap
122,56.25,50,1.125,50,1100,500,1e-15,223.15,101325,10,10,0,NaN,NaN,NaN,NaN,NaN,NaN,NaN,NaN,NaN,0,0,0,1,not_feasible_by_hard_rpm_cap
123,62.5,50,1.25,50,1100,500,1e-15,223.15,101325,14,14,1,6625,6625,128.382795562938,11.6711632329944,322.86126816316,299.999206964759,249.74662334819,7.13873183684046,0.000793035241429152,1,0,0,0,feasible_only_above_preferred_rpm_model_extrapolation
124,68.75,50,1.375,50,1100,500,1e-15,223.15,101325,14,14,1,5725,5725,82.7236914426896,7.52033558569905,322.791585076287,299.931984527429,246.989219417976,7.20841492371284,0.0680154725714033,1,0,0,0,feasible_only_above_preferred_rpm_model_extrapolation
125,75,50,1.5,50,1100,500,1e-15,223.15,101325,14,14,1,5200,5200,61.9176612631571,5.62887829665065,322.826632808031,299.971653289609,244.858493488726,7.17336719196851,0.028346710391304,1,0,0,0,feasible_only_above_preferred_rpm_model_extrapolation
126,81.25,50,1.625,50,1100,500,1e-15,223.15,101325,13,13,1,4850,4850,50.1919389080546,4.56290353709588,322.842072764686,299.991478252644,243.112609036719,7.15792723531365,0.0085217473559851,0,1,0,0,feasible_within_preferred_rpm
127,87.5,50,1.75,50,1100,500,1e-15,223.15,101325,13,13,1,4600,4600,42.7909256859434,3.89008415326758,322.829961003096,299.980786790398,241.64308474456,7.17003899690422,0.0192132096020714,0,1,0,0,feasible_within_preferred_rpm
128,93.75,50,1.875,50,1100,500,1e-15,223.15,101325,12,12,1,4425,4425,38.0547969627698,3.45952699661544,322.74372706996,299.894603393319,240.384679550904,7.25627293004021,0.105396606680813,0,1,0,0,feasible_within_preferred_rpm
129,100,50,2,50,1100,500,1e-15,223.15,101325,12,12,1,4275,4275,34.2658290697869,3.11507536998063,322.779174615333,299.933870747562,239.28635367949,7.22082538466748,0.0661292524384294,0,1,0,0,feasible_within_preferred_rpm
130,112.5,50,2.25,50,1100,500,1e-15,223.15,101325,12,12,1,4075,4075,29.5914633100969,2.69013302819063,322.730526168818,299.889302544965,237.470557635202,7.26947383118153,0.110697455034995,0,1,0,0,feasible_within_preferred_rpm
131,125,50,2.5,50,1100,500,1e-15,223.15,101325,11,11,1,3925,3925,26.3630666158916,2.39664241962651,322.823260381446,299.984806433291,236.024314627524,7.17673961855394,0.0151935667087741,0,1,0,0,feasible_within_preferred_rpm
132,137.5,50,2.75,50,1100,500,1e-15,223.15,101325,11,11,1,3825,3825,24.3414213729585,2.21285648845077,322.794049872546,299.954985228,234.84674999993,7.2059501274536,0.0450147720000587,0,1,0,0,feasible_within_preferred_rpm
133,150,50,3,50,1100,500,1e-15,223.15,101325,12,12,1,3750,3750,22.8927006723512,2.08115460657738,322.735623826946,299.897079820612,233.866988704782,7.26437617305356,0.102920179387581,0,1,0,0,feasible_within_preferred_rpm
134,162.5,50,3.25,50,1100,500,1e-15,223.15,101325,11,11,1,3700,3700,21.9592520126793,1.9962956375163,322.545623224498,299.7095288156,233.038966671161,7.454376775502,0.290471184399621,0,1,0,0,feasible_within_preferred_rpm
135,175,50,3.5,50,1100,500,1e-15,223.15,101325,11,11,1,3650,3650,21.0502194098456,1.91365630998597,322.505613925538,299.670793153912,232.329637726509,7.4943860744624,0.329206846087857,0,1,0,0,feasible_within_preferred_rpm
136,187.5,50,3.75,50,1100,500,1e-15,223.15,101325,12,12,1,3600,3600,20.1654841750376,1.83322583409433,322.594929000673,299.759851044506,231.715357635028,7.40507099932694,0.240148955494249,0,1,0,0,feasible_within_preferred_rpm
137,200,50,4,50,1100,500,1e-15,223.15,101325,11,11,1,3550,3550,19.3049593161212,1.75499630146556,322.771895921665,299.94099451577,231.176794151298,7.22810407833532,0.0590054842298287,0,1,0,0,feasible_within_preferred_rpm
138,212.5,50,4.25,50,1100,500,1e-15,223.15,101325,11,11,1,3525,3525,18.8847174355361,1.71679249413965,322.660863685075,299.833434758754,230.702825664197,7.33913631492459,0.166565241245735,0,1,0,0,feasible_within_preferred_rpm
139,225,50,4.5,50,1100,500,1e-15,223.15,101325,12,12,1,3500,3500,18.4702335951431,1.67911214501301,322.62351296118,299.796478386445,230.282221003302,7.37648703882007,0.203521613554528,0,1,0,0,feasible_within_preferred_rpm
140,237.5,50,4.75,50,1100,500,1e-15,223.15,101325,12,12,1,3475,3475,18.0615438619639,1.64195853290581,322.640314203442,299.813276300739,229.905983570112,7.35968579655764,0.186723699260767,0,1,0,0,feasible_within_preferred_rpm
141,250,50,5,50,1100,500,1e-15,223.15,101325,11,11,1,3450,3450,17.6586519520546,1.60533199564133,322.70302061414,299.876009002649,229.567372562622,7.29697938585986,0.123990997350802,0,1,0,0,feasible_within_preferred_rpm
142,262.5,50,5.25,50,1100,500,1e-15,223.15,101325,11,11,1,3425,3425,17.2615731042733,1.5692339185703,322.797092913556,299.972318479242,229.260596456874,7.20290708644387,0.0276815207581649,0,1,0,0,feasible_within_preferred_rpm
143,275,50,5.5,50,1100,500,1e-15,223.15,101325,11,11,1,3425,3425,17.2627212890921,1.56933829900837,322.525232870554,299.698766524214,228.983172759299,7.47476712944587,0.301233475786034,0,1,0,0,feasible_within_preferred_rpm
144,287.5,50,5.75,50,1100,500,1e-15,223.15,101325,11,11,1,3400,3400,16.8713029764363,1.53375481603967,322.682183805989,299.857493902095,228.728560317149,7.31781619401085,0.142506097904686,0,1,0,0,feasible_within_preferred_rpm
145,300,50,6,50,1100,500,1e-15,223.15,101325,11,11,1,3400,3400,16.8722718034404,1.53384289122185,322.446385579294,299.622185673799,228.496055881117,7.55361442070563,0.377814326201303,0,1,0,0,feasible_within_preferred_rpm
146,25,59.460355750136,0.5,50,1100,500,1e-15,223.15,101325,10,10,0,NaN,NaN,NaN,NaN,NaN,NaN,NaN,NaN,NaN,0,0,0,1,not_feasible_by_hard_rpm_cap
147,31.25,59.460355750136,0.625,50,1100,500,1e-15,223.15,101325,10,10,0,NaN,NaN,NaN,NaN,NaN,NaN,NaN,NaN,NaN,0,0,0,1,not_feasible_by_hard_rpm_cap
148,37.5,59.460355750136,0.75,50,1100,500,1e-15,223.15,101325,10,10,0,NaN,NaN,NaN,NaN,NaN,NaN,NaN,NaN,NaN,0,0,0,1,not_feasible_by_hard_rpm_cap
149,43.75,59.460355750136,0.875,50,1100,500,1e-15,223.15,101325,10,10,0,NaN,NaN,NaN,NaN,NaN,NaN,NaN,NaN,NaN,0,0,0,1,not_feasible_by_hard_rpm_cap
150,50,59.460355750136,1,50,1100,500,1e-15,223.15,101325,10,10,0,NaN,NaN,NaN,NaN,NaN,NaN,NaN,NaN,NaN,0,0,0,1,not_feasible_by_hard_rpm_cap
151,56.25,59.460355750136,1.125,50,1100,500,1e-15,223.15,101325,15,15,1,6300,6300,110.347861038354,10.0316237307594,322.826808732044,299.964185430765,252.538447074173,7.17319126795593,0.0358145692349012,1,0,0,0,feasible_only_above_preferred_rpm_model_extrapolation
152,62.5,59.460355750136,1.25,50,1100,500,1e-15,223.15,101325,14,14,1,5375,5375,68.4096659525293,6.21906054113903,322.847964241342,299.989153987545,249.255385372457,7.15203575865809,0.0108460124554881,1,0,0,0,feasible_only_above_preferred_rpm_model_extrapolation
153,68.75,59.460355750136,1.375,50,1100,500,1e-15,223.15,101325,13,13,1,4875,4875,50.9758154375085,4.6341650397735,322.790738764765,299.934709773598,246.751457142434,7.20926123523475,0.0652902264018849,0,1,0,0,feasible_within_preferred_rpm
154,75,59.460355750136,1.5,50,1100,500,1e-15,223.15,101325,12,12,1,4525,4525,40.7184034649251,3.70167304226592,322.847193158681,299.992492996081,244.714547333368,7.15280684131943,0.00750700391898818,0,1,0,0,feasible_within_preferred_rpm
155,81.25,59.460355750136,1.625,50,1100,500,1e-15,223.15,101325,12,12,1,4300,4300,34.8803420997601,3.17094019088729,322.78452264625,299.933017693431,243.017332426258,7.21547735374998,0.0669823065694004,0,1,0,0,feasible_within_preferred_rpm
156,87.5,59.460355750136,1.75,50,1100,500,1e-15,223.15,101325,12,12,1,4150,4150,31.2949362566612,2.84499420515102,322.618107118145,299.769867984396,241.575579298011,7.38189288185492,0.230132015604397,0,1,0,0,feasible_within_preferred_rpm
157,93.75,59.460355750136,1.875,50,1100,500,1e-15,223.15,101325,12,12,1,4000,4000,27.9476292859179,2.54069357144709,322.820665222274,299.974925828384,240.327739818798,7.17933477772641,0.0250741716161542,0,1,0,0,feasible_within_preferred_rpm
158,100,59.460355750136,2,50,1100,500,1e-15,223.15,101325,11,11,1,3900,3900,25.8480283454498,2.34982075867726,322.815302948373,299.970025835795,239.243298679985,7.18469705162744,0.0299741642052709,0,1,0,0,feasible_within_preferred_rpm
159,112.5,59.460355750136,2.25,50,1100,500,1e-15,223.15,101325,12,12,1,3750,3750,22.8924768767704,2.08113426152458,322.785575631329,299.946329483019,237.439131754395,7.21442436867056,0.0536705169806169,0,1,0,0,feasible_within_preferred_rpm
160,125,59.460355750136,2.5,50,1100,500,1e-15,223.15,101325,11,11,1,3650,3650,21.04948162314,1.91358923846727,322.679749367933,299.839275691471,236.003337809874,7.32025063206692,0.1607243085287,0,1,0,0,feasible_within_preferred_rpm
161,137.5,59.460355750136,2.75,50,1100,500,1e-15,223.15,101325,11,11,1,3575,3575,19.7327489378805,1.79388626708004,322.555983187527,299.719625987981,234.828526691174,7.44401681247285,0.280374012018854,0,1,0,0,feasible_within_preferred_rpm
162,150,59.460355750136,3,50,1100,500,1e-15,223.15,101325,12,12,1,3500,3500,18.4699415135812,1.67908559214374,322.705834347778,299.87121055354,233.850499632467,7.29416565222175,0.128789446459621,0,1,0,0,feasible_within_preferred_rpm
163,162.5,59.460355750136,3.25,50,1100,500,1e-15,223.15,101325,11,11,1,3450,3450,17.6588481650669,1.6053498331879,322.667162805585,299.834580943496,233.024260301404,7.33283719441499,0.165419056504106,0,1,0,0,feasible_within_preferred_rpm
164,175,59.460355750136,3.5,50,1100,500,1e-15,223.15,101325,11,11,1,3400,3400,16.8709272613438,1.53372066012217,322.787592067513,299.955425563906,232.316584609045,7.21240793248654,0.0445744360940239,0,1,0,0,feasible_within_preferred_rpm
165,187.5,59.460355750136,3.75,50,1100,500,1e-15,223.15,101325,12,12,1,3375,3375,16.4868246141114,1.49880223764649,322.601413012216,299.769390591219,231.704442149225,7.39858698778386,0.230609408780936,0,1,0,0,feasible_within_preferred_rpm
166,200,59.460355750136,4,50,1100,500,1e-15,223.15,101325,12,12,1,3350,3350,16.1082229144626,1.46438390131478,322.493239471748,299.663205059835,231.168358967644,7.50676052825173,0.336794940165021,0,1,0,0,feasible_within_preferred_rpm
167,212.5,59.460355750136,4.25,50,1100,500,1e-15,223.15,101325,11,11,1,3325,3325,15.7351080859518,1.43046437145016,322.468848134976,299.638185436189,230.695973823454,7.53115186502396,0.361814563811265,0,1,0,0,feasible_within_preferred_rpm
168,225,59.460355750136,4.5,50,1100,500,1e-15,223.15,101325,11,11,1,3300,3300,15.3675651545038,1.39705137768217,322.485557187617,299.659233016184,230.274973695426,7.5144428123827,0.340766983815797,0,1,0,0,feasible_within_preferred_rpm
169,237.5,59.460355750136,4.75,50,1100,500,1e-15,223.15,101325,11,11,1,3275,3275,15.0055179567571,1.36413799606883,322.571951507236,299.746370744763,229.89906020552,7.42804849276416,0.253629255236547,0,1,0,0,feasible_within_preferred_rpm
170,250,59.460355750136,5,50,1100,500,1e-15,223.15,101325,12,12,1,3250,3250,14.6490073423007,1.33172794020916,322.700507438644,299.877014460951,229.560477252202,7.29949256135632,0.122985539049239,0,1,0,0,feasible_within_preferred_rpm
171,262.5,59.460355750136,5.25,50,1100,500,1e-15,223.15,101325,12,12,1,3250,3250,14.650164073555,1.33183309759591,322.39947606905,299.574422364011,229.255540023156,7.60052393095026,0.42557763598893,0,1,0,0,feasible_within_preferred_rpm
172,275,59.460355750136,5.5,50,1100,500,1e-15,223.15,101325,12,12,1,3225,3225,14.2990227906764,1.29991116278876,322.609175249421,299.78379383062,228.977433728599,7.3908247505787,0.216206169379973,0,1,0,0,feasible_within_preferred_rpm
173,287.5,59.460355750136,5.75,50,1100,500,1e-15,223.15,101325,12,12,1,3225,3225,14.2999693644808,1.2999972149528,322.359018255419,299.532385223904,228.724303773293,7.64098174458121,0.467614776096241,0,1,0,0,feasible_within_preferred_rpm
174,300,59.460355750136,6,50,1100,500,1e-15,223.15,101325,11,11,1,3200,3200,13.9542805389606,1.26857095808732,322.60930236521,299.785999943527,228.490905408833,7.3906976347904,0.214000056472685,0,1,0,0,feasible_within_preferred_rpm
175,25,70.7106781186548,0.5,50,1100,500,1e-15,223.15,101325,10,10,0,NaN,NaN,NaN,NaN,NaN,NaN,NaN,NaN,NaN,0,0,0,1,not_feasible_by_hard_rpm_cap
176,31.25,70.7106781186548,0.625,50,1100,500,1e-15,223.15,101325,10,10,0,NaN,NaN,NaN,NaN,NaN,NaN,NaN,NaN,NaN,0,0,0,1,not_feasible_by_hard_rpm_cap
177,37.5,70.7106781186548,0.75,50,1100,500,1e-15,223.15,101325,10,10,0,NaN,NaN,NaN,NaN,NaN,NaN,NaN,NaN,NaN,0,0,0,1,not_feasible_by_hard_rpm_cap
178,43.75,70.7106781186548,0.875,50,1100,500,1e-15,223.15,101325,10,10,0,NaN,NaN,NaN,NaN,NaN,NaN,NaN,NaN,NaN,0,0,0,1,not_feasible_by_hard_rpm_cap
179,50,70.7106781186548,1,50,1100,500,1e-15,223.15,101325,14,14,1,6575,6575,125.489435161965,11.4081304692696,322.818642436191,299.951586531413,256.370179364768,7.18135756380917,0.0484134685868298,1,0,0,0,feasible_only_above_preferred_rpm_model_extrapolation
180,56.25,70.7106781186548,1.125,50,1100,500,1e-15,223.15,101325,14,14,1,5350,5350,67.4557913866337,6.13234467151215,322.826536278587,299.966634394596,252.147696547835,7.1734637214127,0.0333656054044127,1,0,0,0,feasible_only_above_preferred_rpm_model_extrapolation
181,62.5,70.7106781186548,1.25,50,1100,500,1e-15,223.15,101325,13,13,1,4750,4750,47.1375193992471,4.28522903629519,322.842235954932,299.982051113637,249.083477594705,7.15776404506789,0.0179488863630013,0,1,0,0,feasible_within_preferred_rpm
182,68.75,70.7106781186548,1.375,50,1100,500,1e-15,223.15,101325,12,12,1,4400,4400,37.4064989375975,3.40059081250886,322.685983953703,299.828420923352,246.652282781058,7.31401604629735,0.171579076647731,0,1,0,0,feasible_within_preferred_rpm
183,75,70.7106781186548,1.5,50,1100,500,1e-15,223.15,101325,12,12,1,4150,4150,31.2944945453323,2.84495404957567,322.739729115408,299.884450100342,244.650911977843,7.26027088459165,0.115549899658333,0,1,0,0,feasible_within_preferred_rpm
184,81.25,70.7106781186548,1.625,50,1100,500,1e-15,223.15,101325,12,12,1,3975,3975,27.4132098350778,2.49210998500707,322.771136265014,299.920403646881,242.969861243647,7.22886373498568,0.0795963531188022,0,1,0,0,feasible_within_preferred_rpm
185,87.5,70.7106781186548,1.75,50,1100,500,1e-15,223.15,101325,12,12,1,3850,3850,24.8376020413594,2.25796382194177,322.722596881927,299.875576960292,241.537064065217,7.27740311807264,0.124423039708233,0,1,0,0,feasible_within_preferred_rpm
186,93.75,70.7106781186548,1.875,50,1100,500,1e-15,223.15,101325,12,12,1,3750,3750,22.8929044637585,2.08117313306895,322.705053154018,299.8595137876,240.29998461369,7.29494684598188,0.140486212399708,0,1,0,0,feasible_within_preferred_rpm
187,100,70.7106781186548,2,50,1100,500,1e-15,223.15,101325,11,11,1,3675,3675,21.5012995499797,1.9546635954527,322.615956460404,299.769497754781,239.221609058224,7.38404353959589,0.230502245219157,0,1,0,0,feasible_within_preferred_rpm
188,112.5,70.7106781186548,2.25,50,1100,500,1e-15,223.15,101325,11,11,1,3550,3550,19.3058593059421,1.75507811872201,322.591661603062,299.747860700515,237.424852551612,7.4083383969384,0.252139299485123,0,1,0,0,feasible_within_preferred_rpm
189,125,70.7106781186548,2.5,50,1100,500,1e-15,223.15,101325,11,11,1,3450,3450,17.658775980133,1.60534327092118,322.693559346635,299.856120285522,235.988138312252,7.3064406533652,0.143879714478373,0,1,0,0,feasible_within_preferred_rpm
190,137.5,70.7106781186548,2.75,50,1100,500,1e-15,223.15,101325,12,12,1,3375,3375,16.4861664270868,1.49874240246244,322.766671345501,299.932687422915,234.8154963176,7.23332865449942,0.067312577085147,0,1,0,0,feasible_within_preferred_rpm
191,150,70.7106781186548,3,50,1100,500,1e-15,223.15,101325,11,11,1,3325,3325,15.7343269276887,1.43039335706261,322.669401858696,299.836727554892,233.840456834973,7.33059814130365,0.163272445107793,0,1,0,0,feasible_within_preferred_rpm
192,162.5,70.7106781186548,3.25,50,1100,500,1e-15,223.15,101325,11,11,1,3275,3275,15.0047974811353,1.36407249828503,322.776859572262,299.941789973831,233.016636323933,7.22314042773831,0.0582100261694904,0,1,0,0,feasible_within_preferred_rpm
193,175,70.7106781186548,3.5,50,1100,500,1e-15,223.15,101325,12,12,1,3250,3250,14.6496893130022,1.33178993754566,322.542666011152,299.708049395374,232.310769152045,7.45733398884835,0.291950604625583,0,1,0,0,feasible_within_preferred_rpm
194,187.5,70.7106781186548,3.75,50,1100,500,1e-15,223.15,101325,12,12,1,3225,3225,14.2998455820103,1.29998596200094,322.400775484571,299.569579177695,231.698224218753,7.59922451542911,0.430420822304654,0,1,0,0,feasible_within_preferred_rpm
195,200,70.7106781186548,4,50,1100,500,1e-15,223.15,101325,11,11,1,3200,3200,13.9552457299986,1.26865870272715,322.364476790678,299.532469132467,231.163323352382,7.63552320932206,0.467530867533412,0,1,0,0,feasible_within_preferred_rpm
196,212.5,70.7106781186548,4.25,50,1100,500,1e-15,223.15,101325,11,11,1,3175,3175,13.6159492761961,1.23781357056328,322.403284285466,299.570287505986,230.691400132407,7.59671571453356,0.429712494013643,0,1,0,0,feasible_within_preferred_rpm
197,225,70.7106781186548,4.5,50,1100,500,1e-15,223.15,101325,11,11,1,3150,3150,13.2820025430691,1.20745477664265,322.488206152151,299.658425617785,230.270982006076,7.51179384784899,0.341574382215015,0,1,0,0,feasible_within_preferred_rpm
198,237.5,70.7106781186548,4.75,50,1100,500,1e-15,223.15,101325,12,12,1,3125,3125,12.9533483821888,1.17757712565353,322.63985688827,299.81081539937,229.89535086493,7.36014311173,0.189184600630085,0,1,0,0,feasible_within_preferred_rpm
199,250,70.7106781186548,5,50,1100,500,1e-15,223.15,101325,12,12,1,3100,3100,12.630042280126,1.14818566182964,322.818576077102,299.995545132964,229.55623702934,7.18142392289815,0.00445486703637243,0,1,0,0,feasible_within_preferred_rpm
200,262.5,70.7106781186548,5.25,50,1100,500,1e-15,223.15,101325,12,12,1,3100,3100,12.6310642933134,1.1482785721194,322.532350507201,299.704166347045,229.25218431103,7.46764949279861,0.295833652955196,0,1,0,0,feasible_within_preferred_rpm
201,275,70.7106781186548,5.5,50,1100,500,1e-15,223.15,101325,11,11,1,3075,3075,12.3129233953394,1.11935667230358,322.789629433219,299.96609753618,228.97338839114,7.21037056678119,0.0339024638196292,0,1,0,0,feasible_within_preferred_rpm
202,287.5,70.7106781186548,5.75,50,1100,500,1e-15,223.15,101325,11,11,1,3075,3075,12.3137876368788,1.11943523971626,322.53538960715,299.711425021689,228.720292108439,7.46461039285015,0.288574978310919,0,1,0,0,feasible_within_preferred_rpm
203,300,70.7106781186548,6,50,1100,500,1e-15,223.15,101325,11,11,1,3075,3075,12.3145776567064,1.11950705970058,322.303770582577,299.479075388454,228.48833493688,7.69622941742256,0.520924611546036,0,1,0,0,feasible_within_preferred_rpm
204,25,84.0896415253714,0.5,50,1100,500,1e-15,223.15,101325,10,10,0,NaN,NaN,NaN,NaN,NaN,NaN,NaN,NaN,NaN,0,0,0,1,not_feasible_by_hard_rpm_cap
205,31.25,84.0896415253714,0.625,50,1100,500,1e-15,223.15,101325,10,10,0,NaN,NaN,NaN,NaN,NaN,NaN,NaN,NaN,NaN,0,0,0,1,not_feasible_by_hard_rpm_cap
206,37.5,84.0896415253714,0.75,50,1100,500,1e-15,223.15,101325,10,10,0,NaN,NaN,NaN,NaN,NaN,NaN,NaN,NaN,NaN,0,0,0,1,not_feasible_by_hard_rpm_cap
207,43.75,84.0896415253714,0.875,50,1100,500,1e-15,223.15,101325,10,10,0,NaN,NaN,NaN,NaN,NaN,NaN,NaN,NaN,NaN,0,0,0,1,not_feasible_by_hard_rpm_cap
208,50,84.0896415253714,1,50,1100,500,1e-15,223.15,101325,15,15,1,5625,5625,78.4482263660277,7.13165694236615,322.859201801224,299.995148379216,255.887925108851,7.14079819877594,0.00485162078433632,1,0,0,0,feasible_only_above_preferred_rpm_model_extrapolation
209,56.25,84.0896415253714,1.125,50,1100,500,1e-15,223.15,101325,12,12,1,4825,4825,49.4165167950236,4.49241061772941,322.787920883294,299.927586005081,251.985003053264,7.21207911670626,0.0724139949186338,0,1,0,0,feasible_within_preferred_rpm
210,62.5,84.0896415253714,1.25,50,1100,500,1e-15,223.15,101325,13,13,1,4375,4375,36.7647523230665,3.34225021118786,322.713560255582,299.854321697439,248.99821493087,7.28643974441775,0.14567830256118,0,1,0,0,feasible_within_preferred_rpm
211,68.75,84.0896415253714,1.375,50,1100,500,1e-15,223.15,101325,13,13,1,4100,4100,30.152963663772,2.74117851488837,322.646327486341,299.792345854458,246.595620693713,7.35367251365943,0.20765414554171,0,1,0,0,feasible_within_preferred_rpm
212,75,84.0896415253714,1.5,50,1100,500,1e-15,223.15,101325,11,11,1,3900,3900,25.8484215021509,2.34985650019554,322.746038841349,299.892831524793,244.612263257379,7.25396115865078,0.10716847520689,0,1,0,0,feasible_within_preferred_rpm
213,81.25,84.0896415253714,1.625,50,1100,500,1e-15,223.15,101325,11,11,1,3775,3775,23.3702520437679,2.12456836761527,322.561415729378,299.709927580093,242.944840138139,7.43858427062156,0.29007241990746,0,1,0,0,feasible_within_preferred_rpm
214,87.5,84.0896415253714,1.75,50,1100,500,1e-15,223.15,101325,11,11,1,3650,3650,21.0491709649251,1.91356099681137,322.75997173045,299.913527695139,241.514486341872,7.24002826955029,0.0864723048610472,0,1,0,0,feasible_within_preferred_rpm
215,93.75,84.0896415253714,1.875,50,1100,500,1e-15,223.15,101325,11,11,1,3575,3575,19.7326378414845,1.79387616740769,322.601722184377,299.754650720862,240.283520681777,7.39827781562263,0.245349279137884,0,1,0,0,feasible_within_preferred_rpm
216,100,84.0896415253714,2,50,1100,500,1e-15,223.15,101325,12,12,1,3500,3500,18.4702356954532,1.67911233595029,322.660477703006,299.81391578127,239.20607572074,7.33952229699361,0.186084218729718,0,1,0,0,feasible_within_preferred_rpm
217,112.5,84.0896415253714,2.25,50,1100,500,1e-15,223.15,101325,11,11,1,3400,3400,16.8722527931609,1.53384116301463,322.490077102715,299.6454658029,237.414096362918,7.50992289728487,0.354534197100008,0,1,0,0,feasible_within_preferred_rpm
218,125,84.0896415253714,2.5,50,1100,500,1e-15,223.15,101325,11,11,1,3300,3300,15.3664198400258,1.39694725818416,322.799400222287,299.961936139165,235.978713163012,7.20059977771251,0.0380638608350523,0,1,0,0,feasible_within_preferred_rpm
219,137.5,84.0896415253714,2.75,50,1100,500,1e-15,223.15,101325,12,12,1,3250,3250,14.649607423121,1.331782493011,322.568848539633,299.731778581514,234.809777666343,7.43115146036683,0.268221418486121,0,1,0,0,feasible_within_preferred_rpm
220,150,84.0896415253714,3,50,1100,500,1e-15,223.15,101325,11,11,1,3200,3200,13.9545361675239,1.26859419704762,322.557550038367,299.725102535141,233.834281366851,7.44244996163303,0.274897464859293,0,1,0,0,feasible_within_preferred_rpm
221,162.5,84.0896415253714,3.25,50,1100,500,1e-15,223.15,101325,11,11,1,3150,3150,13.2810430189194,1.20736754717449,322.763394306491,299.930255129721,233.010580868051,7.23660569350858,0.0697448702788392,0,1,0,0,feasible_within_preferred_rpm
222,175,84.0896415253714,3.5,50,1100,500,1e-15,223.15,101325,12,12,1,3125,3125,12.9535762458648,1.17759784053317,322.58056024992,299.748595902333,232.305021159294,7.41943975008013,0.25140409766675,0,1,0,0,feasible_within_preferred_rpm
223,187.5,84.0896415253714,3.75,50,1100,500,1e-15,223.15,101325,12,12,1,3100,3100,12.631167498737,1.14828795443064,322.510071592368,299.677939734112,231.69390278908,7.48992840763225,0.322060265888297,0,1,0,0,feasible_within_preferred_rpm
224,200,84.0896415253714,4,50,1100,500,1e-15,223.15,101325,11,11,1,3075,3075,12.3138635672554,1.11944214247776,322.529588964108,299.697115828257,231.15922331596,7.47041103589214,0.30288417174296,0,1,0,0,feasible_within_preferred_rpm
225,212.5,84.0896415253714,4.25,50,1100,500,1e-15,223.15,101325,11,11,1,3050,3050,12.0017454650217,1.09106776954743,322.591316337767,299.766392480782,230.685590974447,7.40868366223282,0.233607519217742,0,1,0,0,feasible_within_preferred_rpm
226,225,84.0896415253714,4.5,50,1100,500,1e-15,223.15,101325,11,11,1,3025,3025,11.6946985705903,1.06315441550821,322.751450828481,299.926489592147,230.266286199486,7.24854917151885,0.0735104078534619,0,1,0,0,feasible_within_preferred_rpm
227,237.5,84.0896415253714,4.75,50,1100,500,1e-15,223.15,101325,11,11,1,3025,3025,11.6958953553806,1.06326321412551,322.3958307284,299.565370842396,229.892936781309,7.60416927160026,0.43462915760432,0,1,0,0,feasible_within_preferred_rpm
228,250,84.0896415253714,5,50,1100,500,1e-15,223.15,101325,11,11,1,3000,3000,11.3938632785928,1.03580575259935,322.632885422528,299.806781763411,229.554319666037,7.36711457747208,0.193218236588734,0,1,0,0,feasible_within_preferred_rpm
229,262.5,84.0896415253714,5.25,50,1100,500,1e-15,223.15,101325,11,11,1,3000,3000,11.3948716536369,1.0358974230579,322.313306253196,299.489673264369,229.248908052732,7.68669374680405,0.51032673563094,0,1,0,0,feasible_within_preferred_rpm
230,275,84.0896415253714,5.5,50,1100,500,1e-15,223.15,101325,11,11,1,2975,2975,11.097851472268,1.008895588388,322.633625666197,299.812241859235,228.970738524826,7.36637433380287,0.187758140765027,0,1,0,0,feasible_within_preferred_rpm
231,287.5,84.0896415253714,5.75,50,1100,500,1e-15,223.15,101325,11,11,1,2975,2975,11.0986301392176,1.0089663762925,322.393217845968,299.568098870268,228.718328863618,7.60678215403181,0.431901129732466,0,1,0,0,feasible_within_preferred_rpm
232,300,84.0896415253714,6,50,1100,500,1e-15,223.15,101325,10,10,1,2950,2950,10.8066791581269,0.982425378011535,322.760558127655,299.940685783345,228.484957243983,7.23944187234531,0.0593142166551388,0,1,0,0,feasible_within_preferred_rpm
233,25,100,0.5,50,1100,500,1e-15,223.15,101325,10,10,0,NaN,NaN,NaN,NaN,NaN,NaN,NaN,NaN,NaN,0,0,0,1,not_feasible_by_hard_rpm_cap
234,31.25,100,0.625,50,1100,500,1e-15,223.15,101325,10,10,0,NaN,NaN,NaN,NaN,NaN,NaN,NaN,NaN,NaN,0,0,0,1,not_feasible_by_hard_rpm_cap
235,37.5,100,0.75,50,1100,500,1e-15,223.15,101325,10,10,0,NaN,NaN,NaN,NaN,NaN,NaN,NaN,NaN,NaN,0,0,0,1,not_feasible_by_hard_rpm_cap
236,43.75,100,0.875,50,1100,500,1e-15,223.15,101325,15,15,1,6525,6525,122.63942452765,11.1490385934227,322.866633445817,299.997180603769,261.084524127393,7.13336655418345,0.0028193962309615,1,0,0,0,feasible_only_above_preferred_rpm_model_extrapolation
237,50,100,1,50,1100,500,1e-15,223.15,101325,14,14,1,5125,5125,59.2662916910794,5.38784469918904,322.771793751185,299.908377376518,255.692015107843,7.22820624881473,0.0916226234815554,1,0,0,0,feasible_only_above_preferred_rpm_model_extrapolation
238,56.25,100,1.125,50,1100,500,1e-15,223.15,101325,13,13,1,4475,4475,39.3727204115263,3.57933821922966,322.768538957269,299.908516147973,251.893894484622,7.2314610427315,0.0914838520268972,0,1,0,0,feasible_within_preferred_rpm
239,62.5,100,1.25,50,1100,500,1e-15,223.15,101325,13,13,1,4125,4125,30.7205495165913,2.79277722878103,322.663776298903,299.807105505194,248.946615282486,7.33622370109669,0.192894494805671,0,1,0,0,feasible_within_preferred_rpm
240,68.75,100,1.375,50,1100,500,1e-15,223.15,101325,11,11,1,3900,3900,25.8490949830725,2.34991772573387,322.602539694203,299.748004601229,246.564005867813,7.3974603057971,0.251995398771214,0,1,0,0,feasible_within_preferred_rpm
241,75,100,1.5,50,1100,500,1e-15,223.15,101325,12,12,1,3725,3725,22.4224852102758,2.03840774638871,322.739301898522,299.889505537278,244.586387071033,7.26069810147823,0.11049446272159,0,1,0,0,feasible_within_preferred_rpm
242,81.25,100,1.625,50,1100,500,1e-15,223.15,101325,12,12,1,3600,3600,20.1647128030854,1.8331557093714,322.798599214856,299.947550786731,242.924278766277,7.20140078514424,0.0524492132692558,0,1,0,0,feasible_within_preferred_rpm
243,87.5,100,1.75,50,1100,500,1e-15,223.15,101325,11,11,1,3525,3525,18.8856604593886,1.71687822358078,322.485053924423,299.636282990114,241.503175981209,7.51494607557714,0.363717009885988,0,1,0,0,feasible_within_preferred_rpm
244,93.75,100,1.875,50,1100,500,1e-15,223.15,101325,11,11,1,3425,3425,17.261562900457,1.56923299095064,322.839192314727,299.99367592267,240.269087965145,7.16080768527286,0.00632407732990714,0,1,0,0,feasible_within_preferred_rpm
245,100,100,2,50,1100,500,1e-15,223.15,101325,12,12,1,3375,3375,16.4868720307461,1.49880654824965,322.617056834177,299.770773368855,239.195723426821,7.38294316582329,0.22922663114548,0,1,0,0,feasible_within_preferred_rpm
246,112.5,100,2.25,50,1100,500,1e-15,223.15,101325,11,11,1,3275,3275,15.0054942877867,1.36413584434425,322.602128194123,299.763984845545,237.402583802203,7.39787180587678,0.236015154454606,0,1,0,0,feasible_within_preferred_rpm
247,125,100,2.5,50,1100,500,1e-15,223.15,101325,11,11,1,3200,3200,13.9542938629671,1.26857216936065,322.636089389907,299.796990407249,235.973577327475,7.36391061009317,0.20300959275113,0,1,0,0,feasible_within_preferred_rpm
248,137.5,100,2.75,50,1100,500,1e-15,223.15,101325,11,11,1,3150,3150,13.2820506335369,1.20745914850335,322.493108940511,299.653815165233,234.805491611592,7.50689105948874,0.346184834767143,0,1,0,0,feasible_within_preferred_rpm
249,150,100,3,50,1100,500,1e-15,223.15,101325,12,12,1,3100,3100,12.6309805504097,1.14827095912815,322.566785940536,299.733316352363,233.830095915315,7.43321405946375,0.266683647637478,0,1,0,0,feasible_within_preferred_rpm
250,162.5,100,3.25,50,1100,500,1e-15,223.15,101325,11,11,1,3075,3075,12.3146815728407,1.11951650662188,322.286715763176,299.455002921918,233.007090471793,7.71328423682371,0.544997078081963,0,1,0,0,feasible_within_preferred_rpm
251,175,100,3.5,50,1100,500,1e-15,223.15,101325,11,11,1,3025,3025,11.6948181253298,1.06316528412089,322.727264888267,299.895965692843,232.301137087001,7.27273511173308,0.104034307157235,0,1,0,0,feasible_within_preferred_rpm
252,187.5,100,3.75,50,1100,500,1e-15,223.15,101325,11,11,1,3000,3000,11.3936960738463,1.03579055216785,322.68529269049,299.859033079113,231.688939619889,7.31470730951003,0.140966920886967,0,1,0,0,feasible_within_preferred_rpm
253,200,100,4,50,1100,500,1e-15,223.15,101325,11,11,1,2975,2975,11.0974814391978,1.00886194901798,322.765608806283,299.937054318379,231.155118794776,7.2343911937175,0.0629456816207039,0,1,0,0,feasible_within_preferred_rpm
254,212.5,100,4.25,50,1100,500,1e-15,223.15,101325,11,11,1,2975,2975,11.0989844976083,1.00899859069166,322.286226130474,299.458160277851,230.684161271364,7.71377386952616,0.541839722149291,0,1,0,0,feasible_within_preferred_rpm
255,225,100,4.5,50,1100,500,1e-15,223.15,101325,10,10,1,2950,2950,10.8075833308162,0.982507575528741,322.479496436344,299.653238070486,230.26456091949,7.52050356365572,0.346761929513832,0,1,0,0,feasible_within_preferred_rpm
256,237.5,100,4.75,50,1100,500,1e-15,223.15,101325,10,10,1,2925,2925,10.5211964114327,0.956472401039334,322.729626437844,299.905724428589,229.889022086648,7.2703735621559,0.0942755714112877,0,1,0,0,feasible_within_preferred_rpm
257,250,100,5,50,1100,500,1e-15,223.15,101325,10,10,1,2925,2925,10.5221945922801,0.956563144752733,322.408395444099,299.579691503539,229.553057974046,7.59160455590063,0.420308496461473,0,1,0,0,feasible_within_preferred_rpm
258,262.5,100,5.25,50,1100,500,1e-15,223.15,101325,10,10,1,2900,2900,10.2406954056934,0.930972309608487,322.738793726639,299.913665506669,229.246939307324,7.26120627336132,0.0863344933305257,0,1,0,0,feasible_within_preferred_rpm
259,275,100,5.5,50,1100,500,1e-15,223.15,101325,10,10,1,2900,2900,10.2415285101246,0.931048046374965,322.456213980146,299.63136771168,228.969776574815,7.54378601985354,0.368632288320214,0,1,0,0,feasible_within_preferred_rpm
260,287.5,100,5.75,50,1100,500,1e-15,223.15,101325,10,10,1,2900,2900,10.242288509864,0.931117137260366,322.198972071077,299.37420688384,228.716747962618,7.80102792892308,0.625793116160082,0,1,0,0,feasible_within_preferred_rpm
261,300,100,6,50,1100,500,1e-15,223.15,101325,11,11,1,2875,2875,9.96560116246645,0.905963742042404,322.628573619721,299.805096237487,228.484124741528,7.37142638027927,0.194903762513377,0,1,0,0,feasible_within_preferred_rpm
262,25,118.920711500272,0.5,50,1100,500,1e-15,223.15,101325,10,10,0,NaN,NaN,NaN,NaN,NaN,NaN,NaN,NaN,NaN,0,0,0,1,not_feasible_by_hard_rpm_cap
263,31.25,118.920711500272,0.625,50,1100,500,1e-15,223.15,101325,10,10,0,NaN,NaN,NaN,NaN,NaN,NaN,NaN,NaN,NaN,0,0,0,1,not_feasible_by_hard_rpm_cap
264,37.5,118.920711500272,0.75,50,1100,500,1e-15,223.15,101325,10,10,0,NaN,NaN,NaN,NaN,NaN,NaN,NaN,NaN,NaN,0,0,0,1,not_feasible_by_hard_rpm_cap
265,43.75,118.920711500272,0.875,50,1100,500,1e-15,223.15,101325,15,15,1,5850,5850,88.2826126667511,8.02569206061374,322.826786970577,299.957944354517,260.684015841355,7.17321302942332,0.0420556454830603,1,0,0,0,feasible_only_above_preferred_rpm_model_extrapolation
266,50,118.920711500272,1,50,1100,500,1e-15,223.15,101325,12,12,1,4775,4775,47.8893688151067,4.35357898319152,322.776851012746,299.91173589891,255.578215570271,7.22314898725409,0.0882641010898624,0,1,0,0,feasible_within_preferred_rpm
267,56.25,118.920711500272,1.125,50,1100,500,1e-15,223.15,101325,13,13,1,4250,4250,33.6586117522061,3.0598737956551,322.681000933309,299.820845083887,251.842261088412,7.31899906669128,0.179154916112566,0,1,0,0,feasible_within_preferred_rpm
268,62.5,118.920711500272,1.25,50,1100,500,1e-15,223.15,101325,11,11,1,3950,3950,26.8857006323581,2.44415460294164,322.646634842164,299.787934558189,248.916991271811,7.35336515783587,0.212065441810694,0,1,0,0,feasible_within_preferred_rpm
269,68.75,118.920711500272,1.375,50,1100,500,1e-15,223.15,101325,12,12,1,3750,3750,22.8933740095433,2.08121581904939,322.617360162104,299.764505086326,246.540626911637,7.38263983789619,0.235494913674017,0,1,0,0,feasible_within_preferred_rpm
270,75,118.920711500272,1.5,50,1100,500,1e-15,223.15,101325,12,12,1,3600,3600,20.1652377798032,1.83320343452757,322.677440647591,299.828161666354,244.570551375289,7.32255935240948,0.17183833364578,0,1,0,0,feasible_within_preferred_rpm
271,81.25,118.920711500272,1.625,50,1100,500,1e-15,223.15,101325,12,12,1,3500,3500,18.470856709282,1.67916879175291,322.519343943098,299.671189871445,242.911666586787,7.48065605690232,0.328810128554608,0,1,0,0,feasible_within_preferred_rpm
272,87.5,118.920711500272,1.75,50,1100,500,1e-15,223.15,101325,11,11,1,3400,3400,16.8712947233821,1.53375406576201,322.726306832889,299.879590517938,241.490090695424,7.27369316711088,0.120409482061916,0,1,0,0,feasible_within_preferred_rpm
273,93.75,118.920711500272,1.875,50,1100,500,1e-15,223.15,101325,11,11,1,3325,3325,15.7339035844938,1.43035487131762,322.793615838887,299.95174982159,240.258665277605,7.20638416111296,0.0482501784096598,0,1,0,0,feasible_within_preferred_rpm
274,100,118.920711500272,2,50,1100,500,1e-15,223.15,101325,11,11,1,3275,3275,15.0053735743791,1.3641248703981,322.638226373436,299.797567331814,239.185170566538,7.361773626564,0.202432668185565,0,1,0,0,feasible_within_preferred_rpm
275,112.5,118.920711500272,2.25,50,1100,500,1e-15,223.15,101325,11,11,1,3175,3175,13.6144969835903,1.23768154396276,322.816397255827,299.976595167762,237.396984654541,7.18360274417336,0.0234048322378158,0,1,0,0,feasible_within_preferred_rpm
276,125,118.920711500272,2.5,50,1100,500,1e-15,223.15,101325,12,12,1,3125,3125,12.9541407959852,1.17764916327139,322.43576167005,299.595527729262,235.969933564305,7.56423832994977,0.404472270738154,0,1,0,0,feasible_within_preferred_rpm
277,137.5,118.920711500272,2.75,50,1100,500,1e-15,223.15,101325,11,11,1,3075,3075,12.3144914814285,1.11949922558441,322.35718062838,299.518082130452,234.801806620742,7.64281937162002,0.481917869548283,0,1,0,0,feasible_within_preferred_rpm
278,150,118.920711500272,3,50,1100,500,1e-15,223.15,101325,11,11,1,3025,3025,11.6955663651965,1.06323330592696,322.499150456223,299.667284405177,233.82635568886,7.50084954377667,0.332715594822673,0,1,0,0,feasible_within_preferred_rpm
279,162.5,118.920711500272,3.25,50,1100,500,1e-15,223.15,101325,11,11,1,3000,3000,11.3950705307884,1.03591550279895,322.269615780249,299.436636065433,233.004584277269,7.73038421975099,0.563363934567121,0,1,0,0,feasible_within_preferred_rpm
280,175,118.920711500272,3.5,50,1100,500,1e-15,223.15,101325,10,10,1,2950,2950,10.8066876838784,0.982426153079857,322.775450541124,299.94663013953,232.297824057844,7.22454945887631,0.0533698604696724,0,1,0,0,feasible_within_preferred_rpm
281,187.5,118.920711500272,3.75,50,1100,500,1e-15,223.15,101325,10,10,1,2925,2925,10.521036972068,0.956457906551636,322.78800095133,299.961321770639,231.686670851245,7.21199904866972,0.0386782293605847,0,1,0,0,feasible_within_preferred_rpm
282,200,118.920711500272,4,50,1100,500,1e-15,223.15,101325,10,10,1,2925,2925,10.5226539113371,0.956604901030642,322.256912438954,299.427828885775,231.153789186203,7.74308756104637,0.572171114225341,0,1,0,0,feasible_within_preferred_rpm
283,212.5,118.920711500272,4.25,50,1100,500,1e-15,223.15,101325,10,10,1,2900,2900,10.2416158487478,0.931055986249803,322.435668158376,299.606283453456,230.682407656255,7.56433184162432,0.393716546543942,0,1,0,0,feasible_within_preferred_rpm
284,225,118.920711500272,4.5,50,1100,500,1e-15,223.15,101325,11,11,1,2875,2875,9.96552393146106,0.905956721041914,322.654198457912,299.831199336871,230.261924187414,7.34580154208766,0.168800663128934,0,1,0,0,feasible_within_preferred_rpm
285,237.5,118.920711500272,4.75,50,1100,500,1e-15,223.15,101325,11,11,1,2875,2875,9.9665913482604,0.906053758932764,322.295160072387,299.467229593447,229.888682505841,7.70483992761291,0.532770406552686,0,1,0,0,feasible_within_preferred_rpm
286,250,118.920711500272,5,50,1100,500,1e-15,223.15,101325,11,11,1,2850,2850,9.69526113810364,0.88138737619124,322.611414342623,299.790056318437,229.549904140705,7.38858565737667,0.209943681562606,0,1,0,0,feasible_within_preferred_rpm
287,262.5,118.920711500272,5.25,50,1100,500,1e-15,223.15,101325,11,11,1,2850,2850,9.6960995203416,0.881463592758327,322.327276472792,299.499972647961,229.246298889455,7.67272352720772,0.500027352038671,0,1,0,0,feasible_within_preferred_rpm
288,275,118.920711500272,5.5,50,1100,500,1e-15,223.15,101325,10,10,1,2825,2825,9.42954986165814,0.857231805605286,322.733293179712,299.909644377026,228.968052308553,7.26670682028839,0.0903556229737319,0,1,0,0,feasible_within_preferred_rpm
289,287.5,118.920711500272,5.75,50,1100,500,1e-15,223.15,101325,10,10,1,2825,2825,9.43035160083247,0.85730469098477,322.479547311358,299.655534113751,228.715175964318,7.52045268864231,0.344465886248884,0,1,0,0,feasible_within_preferred_rpm
290,300,118.920711500272,6,50,1100,500,1e-15,223.15,101325,10,10,1,2825,2825,9.43110847061367,0.857373497328515,322.237474956917,299.41535783442,228.482997668365,7.76252504308331,0.584642165580192,0,1,0,0,feasible_within_preferred_rpm
291,25,141.42135623731,0.5,50,1100,500,1e-15,223.15,101325,10,10,0,NaN,NaN,NaN,NaN,NaN,NaN,NaN,NaN,NaN,0,0,0,1,not_feasible_by_hard_rpm_cap
292,31.25,141.42135623731,0.625,50,1100,500,1e-15,223.15,101325,10,10,0,NaN,NaN,NaN,NaN,NaN,NaN,NaN,NaN,NaN,0,0,0,1,not_feasible_by_hard_rpm_cap
293,37.5,141.42135623731,0.75,50,1100,500,1e-15,223.15,101325,10,10,0,NaN,NaN,NaN,NaN,NaN,NaN,NaN,NaN,NaN,0,0,0,1,not_feasible_by_hard_rpm_cap
294,43.75,141.42135623731,0.875,50,1100,500,1e-15,223.15,101325,15,15,1,5425,5425,70.344595379568,6.39496321632436,322.833704854515,299.965599676556,260.474401759393,7.16629514548487,0.0344003234444017,1,0,0,0,feasible_only_above_preferred_rpm_model_extrapolation
295,50,141.42135623731,1,50,1100,500,1e-15,223.15,101325,12,12,1,4525,4525,40.7186784239474,3.70169803854067,322.765552470647,299.903105443277,255.502272279928,7.23444752935262,0.0968945567234414,0,1,0,0,feasible_within_preferred_rpm
296,56.25,141.42135623731,1.125,50,1100,500,1e-15,223.15,101325,12,12,1,4075,4075,29.5915401452937,2.69014001320852,322.751208423108,299.892270571281,251.804124782779,7.24879157689179,0.107729428718869,0,1,0,0,feasible_within_preferred_rpm
297,62.5,141.42135623731,1.25,50,1100,500,1e-15,223.15,101325,11,11,1,3825,3825,24.3426308451188,2.21296644046535,322.567676137248,299.710892551573,248.894451164171,7.43232386275162,0.289107448426819,0,1,0,0,feasible_within_preferred_rpm
298,68.75,141.42135623731,1.375,50,1100,500,1e-15,223.15,101325,12,12,1,3625,3625,20.6037676226847,1.87306978388043,322.806268859561,299.952783453489,246.524009557474,7.19373114043907,0.0472165465112653,0,1,0,0,feasible_within_preferred_rpm
299,75,141.42135623731,1.5,50,1100,500,1e-15,223.15,101325,12,12,1,3500,3500,18.4700859642505,1.67909872402278,322.708018737281,299.854740700771,244.561772112389,7.29198126271859,0.145259299228769,0,1,0,0,feasible_within_preferred_rpm
300,81.25,141.42135623731,1.625,50,1100,500,1e-15,223.15,101325,11,11,1,3400,3400,16.8715774630133,1.53377976936484,322.65734023421,299.810793503513,242.900489443719,7.34265976578968,0.189206496487088,0,1,0,0,feasible_within_preferred_rpm
301,87.5,141.42135623731,1.75,50,1100,500,1e-15,223.15,101325,11,11,1,3325,3325,15.7348539759878,1.43044127054434,322.569457887192,299.719645307602,241.485267971999,7.43054211280764,0.280354692398475,0,1,0,0,feasible_within_preferred_rpm
302,93.75,141.42135623731,1.875,50,1100,500,1e-15,223.15,101325,12,12,1,3250,3250,14.6490869517835,1.33173517743487,322.718368397822,299.874669677288,240.253735093028,7.28163160217775,0.125330322712273,0,1,0,0,feasible_within_preferred_rpm
303,100,141.42135623731,2,50,1100,500,1e-15,223.15,101325,11,11,1,3200,3200,13.9543715032836,1.26857922757124,322.619047297116,299.777842253111,239.180049901666,7.3809527028842,0.222157746889025,0,1,0,0,feasible_within_preferred_rpm
304,112.5,141.42135623731,2.25,50,1100,500,1e-15,223.15,101325,12,12,1,3125,3125,12.9542943571921,1.1776631233811,322.398716632819,299.555025744116,237.395757203921,7.60128336718145,0.444974255884063,0,1,0,0,feasible_within_preferred_rpm
305,125,141.42135623731,2.5,50,1100,500,1e-15,223.15,101325,11,11,1,3050,3050,12.0017618439775,1.09106925854341,322.613400755083,299.774675672795,235.965400511359,7.38659924491657,0.225324327205328,0,1,0,0,feasible_within_preferred_rpm
306,137.5,141.42135623731,2.75,50,1100,500,1e-15,223.15,101325,11,11,1,3000,3000,11.3940039517886,1.03581854107169,322.611790231834,299.774055206387,234.797863433472,7.38820976816595,0.225944793612712,0,1,0,0,feasible_within_preferred_rpm
307,150,141.42135623731,3,50,1100,500,1e-15,223.15,101325,11,11,1,2975,2975,11.0992152973866,1.00901957248969,322.224857961203,299.390645858907,233.825117177441,7.77514203879747,0.609354141092808,0,1,0,0,feasible_within_preferred_rpm
308,162.5,141.42135623731,3.25,50,1100,500,1e-15,223.15,101325,10,10,1,2925,2925,10.5214916677955,0.956499242526861,322.646786815135,299.815272523355,233.001371988226,7.3532131848653,0.184727476645037,0,1,0,0,feasible_within_preferred_rpm
309,175,141.42135623731,3.5,50,1100,500,1e-15,223.15,101325,10,10,1,2900,2900,10.2411740667104,0.931015824246401,322.59037105823,299.758345843186,232.297098128999,7.40962894176971,0.241654156813865,0,1,0,0,feasible_within_preferred_rpm
310,187.5,141.42135623731,3.75,50,1100,500,1e-15,223.15,101325,11,11,1,2875,2875,9.96561706482633,0.905965187711484,322.638139915842,299.807082467079,231.686334027282,7.36186008415825,0.192917532920887,0,1,0,0,feasible_within_preferred_rpm
311,200,141.42135623731,4,50,1100,500,1e-15,223.15,101325,11,11,1,2850,2850,9.69487265668003,0.881352059698184,322.754925103832,299.930462016839,231.150512685947,7.24507489616815,0.0695379831606715,0,1,0,0,feasible_within_preferred_rpm
312,212.5,141.42135623731,4.25,50,1100,500,1e-15,223.15,101325,11,11,1,2850,2850,9.69618823978469,0.881471658162244,322.302237676168,299.471795264232,230.681349079757,7.69776232383225,0.528204735767815,0,1,0,0,feasible_within_preferred_rpm
313,225,141.42135623731,4.5,50,1100,500,1e-15,223.15,101325,10,10,1,2825,2825,9.43002754422094,0.857275231292813,322.568862043697,299.741130718598,230.261763284926,7.43113795630325,0.258869281402269,0,1,0,0,feasible_within_preferred_rpm
314,237.5,141.42135623731,4.75,50,1100,500,1e-15,223.15,101325,10,10,1,2825,2825,9.43108893567747,0.857371721425224,322.183208054886,299.356638994268,229.887249527861,7.81679194511395,0.643361005732459,0,1,0,0,feasible_within_preferred_rpm
315,250,141.42135623731,5,50,1100,500,1e-15,223.15,101325,10,10,1,2800,2800,9.1696273082559,0.833602482568719,322.540154560209,299.718446750828,229.548905731763,7.45984543979108,0.281553249171566,0,1,0,0,feasible_within_preferred_rpm
316,262.5,141.42135623731,5.25,50,1100,500,1e-15,223.15,101325,10,10,1,2800,2800,9.17049145589711,0.833681041445192,322.253630128216,299.426741616236,229.245202240338,7.74636987178366,0.573258383763516,0,1,0,0,feasible_within_preferred_rpm
317,275,141.42135623731,5.5,50,1100,500,1e-15,223.15,101325,10,10,1,2775,2775,8.913876949071,0.810352449915546,322.691570358361,299.869571975625,228.966802839973,7.3084296416389,0.130428024375078,0,1,0,0,feasible_within_preferred_rpm
318,287.5,141.42135623731,5.75,50,1100,500,1e-15,223.15,101325,10,10,1,2775,2775,8.91465609766403,0.810423281605821,322.440778690276,299.617766315962,228.714092988782,7.55922130972436,0.382233684038454,0,1,0,0,feasible_within_preferred_rpm
319,300,141.42135623731,6,50,1100,500,1e-15,223.15,101325,10,10,1,2775,2775,8.91532237343463,0.810483852130421,322.223537758413,299.396508063606,228.482935853994,7.77646224158718,0.603491936394107,0,1,0,0,feasible_within_preferred_rpm
320,25,168.179283050743,0.5,50,1100,500,1e-15,223.15,101325,10,10,0,NaN,NaN,NaN,NaN,NaN,NaN,NaN,NaN,NaN,0,0,0,1,not_feasible_by_hard_rpm_cap
321,31.25,168.179283050743,0.625,50,1100,500,1e-15,223.15,101325,10,10,0,NaN,NaN,NaN,NaN,NaN,NaN,NaN,NaN,NaN,0,0,0,1,not_feasible_by_hard_rpm_cap
322,37.5,168.179283050743,0.75,50,1100,500,1e-15,223.15,101325,15,15,1,7650,7650,197.893922951855,17.9903566319868,322.868500203358,299.995595347295,268.431844102541,7.13149979664229,0.00440465270463619,1,0,0,0,feasible_only_above_preferred_rpm_model_extrapolation
323,43.75,168.179283050743,0.875,50,1100,500,1e-15,223.15,101325,14,14,1,5125,5125,59.2661015800484,5.38782741636804,322.85727392223,299.991349278087,260.342690772623,7.14272607777008,0.00865072191260197,1,0,0,0,feasible_only_above_preferred_rpm_model_extrapolation
324,50,168.179283050743,1,50,1100,500,1e-15,223.15,101325,13,13,1,4350,4350,36.1298520578464,3.28453200525876,322.748820052277,299.883932202625,255.458304174228,7.25117994772251,0.116067797375138,0,1,0,0,feasible_within_preferred_rpm
325,56.25,168.179283050743,1.125,50,1100,500,1e-15,223.15,101325,11,11,1,3950,3950,26.8850995901181,2.44409996273801,322.783636289721,299.922241652227,251.781912654841,7.21636371027921,0.0777583477729422,0,1,0,0,feasible_within_preferred_rpm
326,62.5,168.179283050743,1.25,50,1100,500,1e-15,223.15,101325,12,12,1,3725,3725,22.4233383573826,2.0384853052166,322.571409147134,299.712362227234,248.880659044139,7.42859085286631,0.287637772765777,0,1,0,0,feasible_within_preferred_rpm
327,68.75,168.179283050743,1.375,50,1100,500,1e-15,223.15,101325,11,11,1,3550,3550,19.3056756225285,1.75506142022987,322.656055912735,299.800489419177,246.515928220914,7.34394408726541,0.199510580823301,0,1,0,0,feasible_within_preferred_rpm
328,75,168.179283050743,1.5,50,1100,500,1e-15,223.15,101325,11,11,1,3425,3425,17.2623751285103,1.56930682986458,322.651103190908,299.802121285818,244.550428525294,7.34889680909163,0.197878714181797,0,1,0,0,feasible_within_preferred_rpm
329,81.25,168.179283050743,1.625,50,1100,500,1e-15,223.15,101325,11,11,1,3325,3325,15.7341923482636,1.43038112256941,322.73430910426,299.885400112473,242.894822589127,7.26569089574014,0.114599887527334,0,1,0,0,feasible_within_preferred_rpm
330,87.5,168.179283050743,1.75,50,1100,500,1e-15,223.15,101325,12,12,1,3250,3250,14.6491460977134,1.33174055433758,322.706943192495,299.861089009092,241.47650345641,7.29305680750468,0.138910990907732,0,1,0,0,feasible_within_preferred_rpm
331,93.75,168.179283050743,1.875,50,1100,500,1e-15,223.15,101325,11,11,1,3200,3200,13.9549922894977,1.26863566268161,322.455813389683,299.611961346993,240.250015455965,7.54418661031724,0.388038653006959,0,1,0,0,feasible_within_preferred_rpm
332,100,168.179283050743,2,50,1100,500,1e-15,223.15,101325,11,11,1,3150,3150,13.2823588555239,1.20748716868399,322.419925124139,299.573834166747,239.179136500345,7.58007487586104,0.426165833252696,0,1,0,0,feasible_within_preferred_rpm
333,112.5,168.179283050743,2.25,50,1100,500,1e-15,223.15,101325,11,11,1,3050,3050,12.0011322493479,1.09101202266799,322.805262131679,299.965159895174,237.38975668227,7.19473786832106,0.0348401048260598,0,1,0,0,feasible_within_preferred_rpm
334,125,168.179283050743,2.5,50,1100,500,1e-15,223.15,101325,11,11,1,3000,3000,11.394254771417,1.03584134285609,322.531132896596,299.694532370862,235.962040002724,7.46886710340442,0.305467629137922,0,1,0,0,feasible_within_preferred_rpm
335,137.5,168.179283050743,2.75,50,1100,500,1e-15,223.15,101325,10,10,1,2950,2950,10.8073072819459,0.982482480176898,322.590624096771,299.753459649107,234.795467229765,7.40937590322886,0.246540350893326,0,1,0,0,feasible_within_preferred_rpm
336,150,168.179283050743,3,50,1100,500,1e-15,223.15,101325,10,10,1,2925,2925,10.5227283639392,0.956611669449021,322.249611932656,299.411782150163,233.824372639096,7.75038806734398,0.588217849837406,0,1,0,0,feasible_within_preferred_rpm
337,162.5,168.179283050743,3.25,50,1100,500,1e-15,223.15,101325,11,11,1,2875,2875,9.96538219076265,0.905943835523877,322.723907910862,299.890572357231,233.000188954288,7.27609208913793,0.109427642768878,0,1,0,0,feasible_within_preferred_rpm
338,175,168.179283050743,3.5,50,1100,500,1e-15,223.15,101325,11,11,1,2850,2850,9.69512337172002,0.881374851974547,322.673216055743,299.84529033499,232.294326300426,7.3267839442571,0.154709665009818,0,1,0,0,feasible_within_preferred_rpm
339,187.5,168.179283050743,3.75,50,1100,500,1e-15,223.15,101325,10,10,1,2825,2825,9.42951345100098,0.857228495545543,322.752884539473,299.925972575487,231.683765810444,7.24711546052686,0.0740274245133037,0,1,0,0,feasible_within_preferred_rpm
340,200,168.179283050743,4,50,1100,500,1e-15,223.15,101325,10,10,1,2825,2825,9.43097862228707,0.857361692935188,322.235506804769,299.402745370084,231.151926092073,7.76449319523084,0.59725462991571,0,1,0,0,feasible_within_preferred_rpm
341,212.5,168.179283050743,4.25,50,1100,500,1e-15,223.15,101325,10,10,1,2800,2800,9.16988320555259,0.833625745959326,322.459464070089,299.630905830208,230.679642912801,7.54053592991062,0.36909416979222,0,1,0,0,feasible_within_preferred_rpm
342,225,168.179283050743,4.5,50,1100,500,1e-15,223.15,101325,10,10,1,2775,2775,8.91351640514356,0.810319673194869,322.764976205011,299.938080496387,230.260408444146,7.23502379498922,0.0619195036128417,0,1,0,0,feasible_within_preferred_rpm
343,237.5,168.179283050743,4.75,50,1100,500,1e-15,223.15,101325,10,10,1,2775,2775,8.91460320519516,0.81041847319956,322.36978992594,299.546479551402,229.885458900704,7.63021007406019,0.453520448597544,0,1,0,0,feasible_within_preferred_rpm
344,250,168.179283050743,5,50,1100,500,1e-15,223.15,101325,11,11,1,2750,2750,8.66288793295167,0.78753526663197,322.784828256843,299.961438915414,229.548209050344,7.21517174315704,0.0385610845864903,0,1,0,0,feasible_within_preferred_rpm
345,262.5,168.179283050743,5.25,50,1100,500,1e-15,223.15,101325,11,11,1,2750,2750,8.6638559364268,0.787623266947891,322.47774338964,299.654466145809,229.243537302862,7.52225661035976,0.345533854191103,0,1,0,0,feasible_within_preferred_rpm
346,275,168.179283050743,5.5,50,1100,500,1e-15,223.15,101325,11,11,1,2750,2750,8.66466794420487,0.787697085836807,322.212222974101,299.385624818705,228.967179331506,7.78777702589889,0.614375181294633,0,1,0,0,feasible_within_preferred_rpm
347,287.5,168.179283050743,5.75,50,1100,500,1e-15,223.15,101325,11,11,1,2725,2725,8.41746771771068,0.765224337973698,322.712883776667,299.89012724599,228.713169627217,7.28711622333299,0.109872754010041,0,1,0,0,feasible_within_preferred_rpm
348,300,168.179283050743,6,50,1100,500,1e-15,223.15,101325,11,11,1,2725,2725,8.41813159677239,0.765284690615672,322.472798301114,299.651249616078,228.481188900921,7.5272016988863,0.348750383921526,0,1,0,0,feasible_within_preferred_rpm
349,25,200,0.5,50,1100,500,1e-15,223.15,101325,10,10,0,NaN,NaN,NaN,NaN,NaN,NaN,NaN,NaN,NaN,0,0,0,1,not_feasible_by_hard_rpm_cap
350,31.25,200,0.625,50,1100,500,1e-15,223.15,101325,10,10,0,NaN,NaN,NaN,NaN,NaN,NaN,NaN,NaN,NaN,0,0,0,1,not_feasible_by_hard_rpm_cap
351,37.5,200,0.75,50,1100,500,1e-15,223.15,101325,15,15,1,6800,6800,138.860141024272,12.6236491840248,322.845392723474,299.974336269154,267.62748293151,7.15460727652561,0.0256637308456789,1,0,0,0,feasible_only_above_preferred_rpm_model_extrapolation
352,43.75,200,0.875,50,1100,500,1e-15,223.15,101325,12,12,1,4925,4925,52.5677441939737,4.77888583581579,322.786318604045,299.918791462211,260.266932445312,7.21368139595512,0.0812085377886547,0,1,0,0,feasible_within_preferred_rpm
353,50,200,1,50,1100,500,1e-15,223.15,101325,13,13,1,4225,4225,33.0575992799901,3.00523629818091,322.695417077341,299.830763133578,255.426697083515,7.30458292265871,0.169236866422295,0,1,0,0,feasible_within_preferred_rpm
354,56.25,200,1.125,50,1100,500,1e-15,223.15,101325,12,12,1,3850,3850,24.8371562047006,2.25792329133642,322.842161085938,299.983486834933,251.760572136556,7.1578389140621,0.0165131650666694,0,1,0,0,feasible_within_preferred_rpm
355,62.5,200,1.25,50,1100,500,1e-15,223.15,101325,11,11,1,3650,3650,21.0503589886451,1.91366899896773,322.51879089937,299.661124708387,248.868163716289,7.48120910062954,0.338875291612624,0,1,0,0,feasible_within_preferred_rpm
356,68.75,200,1.375,50,1100,500,1e-15,223.15,101325,12,12,1,3475,3475,18.061256485606,1.64193240778236,322.758491299965,299.904835066203,246.505117485835,7.2415087000349,0.095164933796525,0,1,0,0,feasible_within_preferred_rpm
357,75,200,1.5,50,1100,500,1e-15,223.15,101325,12,12,1,3375,3375,16.4875641683478,1.4988694698498,322.45373086458,299.603998619379,244.545645301179,7.54626913541995,0.396001380621044,0,1,0,0,feasible_within_preferred_rpm
358,81.25,200,1.625,50,1100,500,1e-15,223.15,101325,11,11,1,3275,3275,15.0055455714661,1.36414050649692,322.60986358015,299.760745383515,242.890343738048,7.39013641985031,0.239254616485084,0,1,0,0,feasible_within_preferred_rpm
359,87.5,200,1.75,50,1100,500,1e-15,223.15,101325,11,11,1,3200,3200,13.9542924483574,1.26857204075977,322.654693183253,299.806074788066,241.474076874774,7.34530681674664,0.193925211933959,0,1,0,0,feasible_within_preferred_rpm
360,93.75,200,1.875,50,1100,500,1e-15,223.15,101325,11,11,1,3150,3150,13.2822751562056,1.20747955965506,322.441758311497,299.596445299339,240.247139653292,7.55824168850296,0.403554700660777,0,1,0,0,feasible_within_preferred_rpm
361,100,200,2,50,1100,500,1e-15,223.15,101325,12,12,1,3100,3100,12.6314985264957,1.14831804786325,322.436922078784,299.59298848147,239.174670939062,7.56307792121567,0.407011518529828,0,1,0,0,feasible_within_preferred_rpm
362,112.5,200,2.25,50,1100,500,1e-15,223.15,101325,11,11,1,3025,3025,11.6961543830413,1.06328676209467,322.336192974448,299.495601542706,237.388596832249,7.66380702555153,0.504398457294258,0,1,0,0,feasible_within_preferred_rpm
363,125,200,2.5,50,1100,500,1e-15,223.15,101325,10,10,1,2950,2950,10.8069394964861,0.982449045135101,322.705930121955,299.870852318145,235.959008832224,7.29406987804532,0.1291476818555,0,1,0,0,feasible_within_preferred_rpm
364,137.5,200,2.75,50,1100,500,1e-15,223.15,101325,10,10,1,2900,2900,10.2405228544199,0.93095662312908,322.813026779024,299.979825025406,234.791890528059,7.18697322097609,0.0201749745938855,0,1,0,0,feasible_within_preferred_rpm
365,150,200,3,50,1100,500,1e-15,223.15,101325,11,11,1,2875,2875,9.96602062166282,0.90600187469662,322.506035271808,299.671224510153,233.821452902242,7.49396472819234,0.328775489846976,0,1,0,0,feasible_within_preferred_rpm
366,162.5,200,3.25,50,1100,500,1e-15,223.15,101325,11,11,1,2850,2850,9.69604603830786,0.88145873075526,322.362734280789,299.527120360662,233.000056358094,7.63726571921092,0.472879639337691,0,1,0,0,feasible_within_preferred_rpm
367,175,200,3.5,50,1100,500,1e-15,223.15,101325,10,10,1,2825,2825,9.43071426062579,0.85733766005689,322.323265604524,299.494223380662,232.293883327908,7.67673439547639,0.505776619338178,0,1,0,0,feasible_within_preferred_rpm
368,187.5,200,3.75,50,1100,500,1e-15,223.15,101325,10,10,1,2800,2800,9.16997602208101,0.833634183825546,322.428108594875,299.598095744811,231.683896122512,7.5718914051252,0.401904255189095,0,1,0,0,feasible_within_preferred_rpm
369,200,200,4,50,1100,500,1e-15,223.15,101325,10,10,1,2775,2775,8.91393440480845,0.810357673164405,322.603447406212,299.778151159429,231.14873862,7.39655259378833,0.221848840570829,0,1,0,0,feasible_within_preferred_rpm
370,212.5,200,4.25,50,1100,500,1e-15,223.15,101325,10,10,1,2775,2775,8.91516397290617,0.81046945208238,322.151754272427,299.320068584376,230.67977295473,7.8482457275727,0.679931415623798,0,1,0,0,feasible_within_preferred_rpm
371,225,200,4.5,50,1100,500,1e-15,223.15,101325,11,11,1,2750,2750,8.66369123506522,0.787608294096838,322.446709872632,299.623541518121,230.259024368873,7.55329012736757,0.376458481878558,0,1,0,0,feasible_within_preferred_rpm
372,237.5,200,4.75,50,1100,500,1e-15,223.15,101325,11,11,1,2750,2750,8.66482576435553,0.78771143312323,322.103890405648,299.272827933353,229.886553741905,7.89610959435225,0.727172066647483,0,1,0,0,feasible_within_preferred_rpm
373,250,200,5,50,1100,500,1e-15,223.15,101325,11,11,1,2725,2725,8.41797262569884,0.765270238699894,322.500351079169,299.678088743342,229.547493625707,7.49964892083068,0.321911256657529,0,1,0,0,feasible_within_preferred_rpm
374,262.5,200,5.25,50,1100,500,1e-15,223.15,101325,11,11,1,2725,2725,8.41884108941579,0.76534918994689,322.201907065925,299.377370853424,229.243306656379,7.7980929340751,0.622629146576003,0,1,0,0,feasible_within_preferred_rpm
375,275,200,5.5,50,1100,500,1e-15,223.15,101325,10,10,1,2700,2700,8.17649316767262,0.743317560697511,322.7143810892,299.890090351651,228.965859055875,7.28561891079994,0.109909648348605,0,1,0,0,feasible_within_preferred_rpm
376,287.5,200,5.75,50,1100,500,1e-15,223.15,101325,10,10,1,2700,2700,8.17723014269191,0.743384558426538,322.451916546707,299.629200057723,228.712744054319,7.54808345329343,0.370799942276562,0,1,0,0,feasible_within_preferred_rpm
377,300,200,6,50,1100,500,1e-15,223.15,101325,10,10,1,2700,2700,8.17789651231132,0.743445137482848,322.218729146455,299.395747117675,228.481024033805,7.78127085354498,0.604252882325227,0,1,0,0,feasible_within_preferred_rpm
378,25,251.486685936587,0.5,50,1100,500,1e-15,223.15,101325,10,10,0,NaN,NaN,NaN,NaN,NaN,NaN,NaN,NaN,NaN,0,0,0,1,not_feasible_by_hard_rpm_cap
379,31.25,251.486685936587,0.625,50,1100,500,1e-15,223.15,101325,10,10,0,NaN,NaN,NaN,NaN,NaN,NaN,NaN,NaN,NaN,0,0,0,1,not_feasible_by_hard_rpm_cap
380,37.5,251.486685936587,0.75,50,1100,500,1e-15,223.15,101325,14,14,1,6250,6250,107.732789420268,9.79388994729713,322.851812569236,299.983896446205,267.199956213382,7.14818743076415,0.0161035537954035,1,0,0,0,feasible_only_above_preferred_rpm_model_extrapolation
381,43.75,251.486685936587,0.875,50,1100,500,1e-15,223.15,101325,12,12,1,4700,4700,45.657876884709,4.1507160804281,322.865509928483,299.999476054615,260.184646721772,7.13449007151672,0.000523945384827584,0,1,0,0,feasible_within_preferred_rpm
382,50,251.486685936587,1,50,1100,500,1e-15,223.15,101325,13,13,1,4100,4100,30.1529511360536,2.74117737600487,322.66940370394,299.806138447367,255.395450035776,7.3305962960597,0.193861552633336,0,1,0,0,feasible_within_preferred_rpm
383,56.25,251.486685936587,1.125,50,1100,500,1e-15,223.15,101325,11,11,1,3775,3775,23.3700735079373,2.12455213708521,322.61721760367,299.756909842601,251.74878593253,7.38278239633013,0.243090157399195,0,1,0,0,feasible_within_preferred_rpm
384,62.5,251.486685936587,1.25,50,1100,500,1e-15,223.15,101325,11,11,1,3550,3550,19.3049885494268,1.7549989590388,322.812188701948,299.956748088088,248.851864869583,7.18781129805188,0.0432519119121366,0,1,0,0,feasible_within_preferred_rpm
385,68.75,251.486685936587,1.375,50,1100,500,1e-15,223.15,101325,11,11,1,3425,3425,17.2633044069294,1.56939130972086,322.437528839893,299.583751346112,246.499237360082,7.56247116010718,0.416248653888374,0,1,0,0,feasible_within_preferred_rpm
386,75,251.486685936587,1.5,50,1100,500,1e-15,223.15,101325,11,11,1,3300,3300,15.3670375598118,1.39700341452834,322.667432025838,299.816411649451,244.538869027267,7.33256797416158,0.183588350548632,0,1,0,0,feasible_within_preferred_rpm
387,81.25,251.486685936587,1.625,50,1100,500,1e-15,223.15,101325,12,12,1,3225,3225,14.2998264549191,1.29998422317446,322.4416704856,299.591825096856,242.886347939202,7.55832951440033,0.408174903143902,0,1,0,0,feasible_within_preferred_rpm
388,87.5,251.486685936587,1.75,50,1100,500,1e-15,223.15,101325,11,11,1,3150,3150,13.2819505411403,1.20745004919457,322.530820669103,299.686393350048,241.4676139853,7.46917933089668,0.313606649951623,0,1,0,0,feasible_within_preferred_rpm
389,93.75,251.486685936587,1.875,50,1100,500,1e-15,223.15,101325,12,12,1,3100,3100,12.6316814719075,1.14833467926431,322.390962807341,299.543350530791,240.244852613111,7.60903719265923,0.456649469208514,0,1,0,0,feasible_within_preferred_rpm
390,100,251.486685936587,2,50,1100,500,1e-15,223.15,101325,11,11,1,3050,3050,12.0024234028929,1.09112940026299,322.42385375639,299.580263906947,239.17126260832,7.57614624361014,0.419736093053416,0,1,0,0,feasible_within_preferred_rpm
391,112.5,251.486685936587,2.25,50,1100,500,1e-15,223.15,101325,11,11,1,2975,2975,11.0987100608882,1.00897364189892,322.393747379042,299.555348315798,237.384871721563,7.60625262095783,0.444651684201801,0,1,0,0,feasible_within_preferred_rpm
392,125,251.486685936587,2.5,50,1100,500,1e-15,223.15,101325,10,10,1,2925,2925,10.5228148301181,0.956619530010736,322.226468379517,299.385792960918,235.960142055612,7.77353162048297,0.614207039081919,0,1,0,0,feasible_within_preferred_rpm
393,137.5,251.486685936587,2.75,50,1100,500,1e-15,223.15,101325,11,11,1,2875,2875,9.96647711482494,0.906043374074994,322.349511206567,299.514023676645,234.791725380825,7.65048879343317,0.485976323355146,0,1,0,0,feasible_within_preferred_rpm
394,150,251.486685936587,3,50,1100,500,1e-15,223.15,101325,10,10,1,2825,2825,9.42956425684368,0.857233114258517,322.748957337763,299.914896012721,233.819372779254,7.25104266223735,0.0851039872793535,0,1,0,0,feasible_within_preferred_rpm
395,162.5,251.486685936587,3.25,50,1100,500,1e-15,223.15,101325,10,10,1,2800,2800,9.16944559931856,0.833585963574415,322.629554951935,299.796821563501,232.997507891194,7.37044504806465,0.203178436499456,0,1,0,0,feasible_within_preferred_rpm
396,175,251.486685936587,3.5,50,1100,500,1e-15,223.15,101325,10,10,1,2775,2775,8.9138828298565,0.810352984532409,322.625132193405,299.798738498193,232.291617130261,7.37486780659452,0.201261501806528,0,1,0,0,feasible_within_preferred_rpm
397,187.5,251.486685936587,3.75,50,1100,500,1e-15,223.15,101325,11,11,1,2750,2750,8.66285683225169,0.787532439295608,322.754884199026,299.929948726475,231.681161191029,7.24511580097368,0.0700512735252801,0,1,0,0,feasible_within_preferred_rpm
398,200,251.486685936587,4,50,1100,500,1e-15,223.15,101325,11,11,1,2750,2750,8.66422523713805,0.787656839739823,322.237595762342,299.406606239514,231.149533871855,7.76240423765813,0.593393760485753,0,1,0,0,feasible_within_preferred_rpm
399,212.5,251.486685936587,4.25,50,1100,500,1e-15,223.15,101325,11,11,1,2725,2725,8.41769257185275,0.765244779259341,322.509960635739,299.684865835418,230.677033394037,7.49003936426112,0.315134164582048,0,1,0,0,feasible_within_preferred_rpm
400,225,251.486685936587,4.5,50,1100,500,1e-15,223.15,101325,11,11,1,2725,2725,8.4189869903774,0.765362453670673,322.091684750502,299.265949134625,230.259047886776,7.90831524949766,0.734050865374684,0,1,0,0,feasible_within_preferred_rpm
401,237.5,251.486685936587,4.75,50,1100,500,1e-15,223.15,101325,10,10,1,2700,2700,8.17684956228388,0.743349960207625,322.505158732879,299.679480281976,229.884380907823,7.4948412671211,0.320519718023547,0,1,0,0,feasible_within_preferred_rpm
402,250,251.486685936587,5,50,1100,500,1e-15,223.15,101325,10,10,1,2700,2700,8.17786478510993,0.743442253191811,322.158231654009,299.334263574025,229.547351934936,7.84176834599117,0.66573642597524,0,1,0,0,feasible_within_preferred_rpm
403,262.5,251.486685936587,5.25,50,1100,500,1e-15,223.15,101325,10,10,1,2675,2675,7.94021351387067,0.721837592170061,322.646339646364,299.825797141572,229.241625691797,7.35366035363614,0.174202858427805,0,1,0,0,feasible_within_preferred_rpm
404,275,251.486685936587,5.5,50,1100,500,1e-15,223.15,101325,10,10,1,2675,2675,7.94107737850932,0.721916125319029,322.375224497444,299.553148582122,228.965032827189,7.62477550255579,0.446851417877895,0,1,0,0,feasible_within_preferred_rpm
405,287.5,251.486685936587,5.75,50,1100,500,1e-15,223.15,101325,10,10,1,2675,2675,7.94172649673391,0.721975136066719,322.130342404896,299.305470091618,228.712705670217,7.8696575951036,0.694529908381696,0,1,0,0,feasible_within_preferred_rpm
406,300,251.486685936587,6,50,1100,500,1e-15,223.15,101325,10,10,1,2650,2650,7.70862498770088,0.700784089790989,322.706375544302,299.886900295271,228.479652120658,7.29362445569762,0.11309970472945,0,1,0,0,feasible_within_preferred_rpm
407,25,316.227766016838,0.5,50,1100,500,1e-15,223.15,101325,10,10,0,NaN,NaN,NaN,NaN,NaN,NaN,NaN,NaN,NaN,0,0,0,1,not_feasible_by_hard_rpm_cap
408,31.25,316.227766016838,0.625,50,1100,500,1e-15,223.15,101325,10,10,0,NaN,NaN,NaN,NaN,NaN,NaN,NaN,NaN,NaN,0,0,0,1,not_feasible_by_hard_rpm_cap
409,37.5,316.227766016838,0.75,50,1100,500,1e-15,223.15,101325,14,14,1,5925,5925,91.7344296557934,8.33949360507213,322.852422024115,299.982223780458,266.986481165981,7.1475779758847,0.0177762195423838,1,0,0,0,feasible_only_above_preferred_rpm_model_extrapolation
410,43.75,316.227766016838,0.875,50,1100,500,1e-15,223.15,101325,12,12,1,4575,4575,42.0932660792233,3.82666055265667,322.706034766048,299.841115672174,260.141736007712,7.29396523395229,0.158884327826001,0,1,0,0,feasible_within_preferred_rpm
411,50,316.227766016838,1,50,1100,500,1e-15,223.15,101325,12,12,1,4000,4000,27.9481011903084,2.54073647184621,322.754270794227,299.890160956692,255.373840206002,7.24572920577288,0.109839043308341,0,1,0,0,feasible_within_preferred_rpm
412,56.25,316.227766016838,1.125,50,1100,500,1e-15,223.15,101325,11,11,1,3700,3700,21.9588995649853,1.99626359681684,322.663526013849,299.806333492219,251.732841710016,7.33647398615136,0.193666507780563,0,1,0,0,feasible_within_preferred_rpm
413,62.5,316.227766016838,1.25,50,1100,500,1e-15,223.15,101325,12,12,1,3500,3500,18.470265027248,1.67911500247709,322.666967761265,299.813316303582,248.843434451519,7.3330322387348,0.186683696418413,0,1,0,0,feasible_within_preferred_rpm
414,68.75,316.227766016838,1.375,50,1100,500,1e-15,223.15,101325,12,12,1,3350,3350,16.1071132506915,1.46428302279013,322.80636381028,299.956688818123,246.487373970996,7.1936361897196,0.0433111818773,0,1,0,0,feasible_within_preferred_rpm
415,75,316.227766016838,1.5,50,1100,500,1e-15,223.15,101325,12,12,1,3250,3250,14.6491696319374,1.33174269381249,322.711810920584,299.86015400392,244.534393693364,7.28818907941616,0.139845996080112,0,1,0,0,feasible_within_preferred_rpm
416,81.25,316.227766016838,1.625,50,1100,500,1e-15,223.15,101325,11,11,1,3175,3175,13.6155664795105,1.23777877086459,322.535915958903,299.688627471928,242.880353633161,7.46408404109701,0.311372528072297,0,1,0,0,feasible_within_preferred_rpm
417,87.5,316.227766016838,1.75,50,1100,500,1e-15,223.15,101325,12,12,1,3100,3100,12.6305778179087,1.14823434708261,322.704628922414,299.860116991142,241.463837937331,7.29537107758648,0.139883008858476,0,1,0,0,feasible_within_preferred_rpm
418,93.75,316.227766016838,1.875,50,1100,500,1e-15,223.15,101325,11,11,1,3050,3050,12.0018589770099,1.09107808881908,322.590937852521,299.748659998032,240.238434947942,7.40906214747855,0.251340001967549,0,1,0,0,feasible_within_preferred_rpm
419,100,316.227766016838,2,50,1100,500,1e-15,223.15,101325,11,11,1,3000,3000,11.3937930874176,1.03579937158342,322.680729890219,299.841225135256,239.166019989504,7.31927010978092,0.158774864744316,0,1,0,0,feasible_within_preferred_rpm
420,112.5,316.227766016838,2.25,50,1100,500,1e-15,223.15,101325,10,10,1,2925,2925,10.5212086484157,0.956473513492333,322.756598986805,299.916902452108,237.382831953142,7.24340101319461,0.0830975478923506,0,1,0,0,feasible_within_preferred_rpm
421,125,316.227766016838,2.5,50,1100,500,1e-15,223.15,101325,11,11,1,2875,2875,9.96567051252234,0.90597004659294,322.634471463298,299.795940040299,235.956981559448,7.36552853670213,0.204059959700544,0,1,0,0,feasible_within_preferred_rpm
422,137.5,316.227766016838,2.75,50,1100,500,1e-15,223.15,101325,10,10,1,2825,2825,9.42938336506743,0.857216669551584,322.805245956522,299.975605265852,234.787567659628,7.1947540434777,0.024394734148018,0,1,0,0,feasible_within_preferred_rpm
423,150,316.227766016838,3,50,1100,500,1e-15,223.15,101325,10,10,1,2800,2800,9.16964955371078,0.833604504882798,322.555077509465,299.721850124434,233.818212850541,7.44492249053457,0.278149875566328,0,1,0,0,feasible_within_preferred_rpm
424,162.5,316.227766016838,3.25,50,1100,500,1e-15,223.15,101325,10,10,1,2775,2775,8.91437034018621,0.810397303653292,322.451296427806,299.619755239715,232.996343265363,7.54870357219357,0.380244760285393,0,1,0,0,feasible_within_preferred_rpm
425,175,316.227766016838,3.5,50,1100,500,1e-15,223.15,101325,11,11,1,2750,2750,8.6635659659189,0.787596905992627,322.495611977034,299.663181386963,232.292625684051,7.50438802296634,0.336818613036769,0,1,0,0,feasible_within_preferred_rpm
426,187.5,316.227766016838,3.75,50,1100,500,1e-15,223.15,101325,11,11,1,2725,2725,8.41732938470099,0.765211762245544,322.624748900352,299.798222547743,231.680925013219,7.37525109964849,0.20177745225709,0,1,0,0,feasible_within_preferred_rpm
427,200,316.227766016838,4,50,1100,500,1e-15,223.15,101325,11,11,1,2725,2725,8.41879143132971,0.765344675575428,322.09492168054,299.265774269488,231.14845411915,7.90507831945996,0.73422573051181,0,1,0,0,feasible_within_preferred_rpm
428,212.5,316.227766016838,4.25,50,1100,500,1e-15,223.15,101325,10,10,1,2700,2700,8.17703034055102,0.743366394595548,322.396357155803,299.57111779564,230.676496938199,7.60364284419705,0.428882204360093,0,1,0,0,feasible_within_preferred_rpm
429,225,316.227766016838,4.5,50,1100,500,1e-15,223.15,101325,10,10,1,2675,2675,7.93981752771788,0.721801593428898,322.779757943739,299.95628461347,230.257462045967,7.22024205626121,0.0437153865304936,0,1,0,0,feasible_within_preferred_rpm
430,237.5,316.227766016838,4.75,50,1100,500,1e-15,223.15,101325,10,10,1,2675,2675,7.94083068926796,0.72189369902436,322.419949083638,299.592073013811,229.884340408705,7.58005091636187,0.407926986188613,0,1,0,0,feasible_within_preferred_rpm
431,250,316.227766016838,5,50,1100,500,1e-15,223.15,101325,10,10,1,2675,2675,7.94166166128625,0.721969241935114,322.062612234251,299.237841853014,229.547035426024,7.93738776574884,0.762158146985939,0,1,0,0,feasible_within_preferred_rpm
432,262.5,316.227766016838,5.25,50,1100,500,1e-15,223.15,101325,10,10,1,2650,2650,7.70887507935574,0.700806825395976,322.5817968342,299.759320688823,229.241548271715,7.41820316580021,0.240679311177303,0,1,0,0,feasible_within_preferred_rpm
433,275,316.227766016838,5.5,50,1100,500,1e-15,223.15,101325,10,10,1,2650,2650,7.70961602105128,0.700874183731934,322.315758075738,299.489980212056,228.965275924092,7.68424192426187,0.510019787943918,0,1,0,0,feasible_within_preferred_rpm
434,287.5,316.227766016838,5.75,50,1100,500,1e-15,223.15,101325,10,10,1,2650,2650,7.710332921967,0.700939356542455,322.049613885182,299.226268695794,228.712038864126,7.95038611481817,0.773731304206024,0,1,0,0,feasible_within_preferred_rpm
435,300,316.227766016838,6,50,1100,500,1e-15,223.15,101325,11,11,1,2625,2625,7.48180424885986,0.680164022623624,322.646435841585,299.828379135543,228.479039804632,7.35356415841505,0.171620864457168,0,1,0,0,feasible_within_preferred_rpm
436,25,397.635364383525,0.5,50,1100,500,1e-15,223.15,101325,10,10,0,NaN,NaN,NaN,NaN,NaN,NaN,NaN,NaN,NaN,0,0,0,1,not_feasible_by_hard_rpm_cap
437,31.25,397.635364383525,0.625,50,1100,500,1e-15,223.15,101325,10,10,0,NaN,NaN,NaN,NaN,NaN,NaN,NaN,NaN,NaN,0,0,0,1,not_feasible_by_hard_rpm_cap
438,37.5,397.635364383525,0.75,50,1100,500,1e-15,223.15,101325,14,14,1,5700,5700,81.6405908141395,7.4218718921945,322.846823977301,299.979704744392,266.844593154488,7.15317602269869,0.0202952556078344,1,0,0,0,feasible_only_above_preferred_rpm_model_extrapolation
439,43.75,397.635364383525,0.875,50,1100,500,1e-15,223.15,101325,12,12,1,4450,4450,38.7102193947521,3.51911085406837,322.810713305843,299.9449519251,260.103517421075,7.18928669415686,0.0550480748997302,0,1,0,0,feasible_within_preferred_rpm
440,50,397.635364383525,1,50,1100,500,1e-15,223.15,101325,11,11,1,3925,3925,26.3632681373245,2.39666073975678,322.830303125189,299.966714965328,255.357017029654,7.16969687481111,0.033285034671735,0,1,0,0,feasible_within_preferred_rpm
441,56.25,397.635364383525,1.125,50,1100,500,1e-15,223.15,101325,11,11,1,3650,3650,21.0498696715721,1.91362451559746,322.630564350036,299.771029822998,251.726832846853,7.36943564996449,0.228970177001827,0,1,0,0,feasible_within_preferred_rpm
442,62.5,397.635364383525,1.25,50,1100,500,1e-15,223.15,101325,11,11,1,3450,3450,17.6586463855957,1.60533148959961,322.762011003719,299.904664776202,248.839964841017,7.23798899628088,0.0953352237980312,0,1,0,0,feasible_within_preferred_rpm
443,68.75,397.635364383525,1.375,50,1100,500,1e-15,223.15,101325,11,11,1,3325,3325,15.7349360892554,1.43044873538686,322.559309598807,299.703824256394,246.489126393463,7.44069040119285,0.296175743606398,0,1,0,0,feasible_within_preferred_rpm
444,75,397.635364383525,1.5,50,1100,500,1e-15,223.15,101325,12,12,1,3225,3225,14.2996763187311,1.2999705744301,322.488717518398,299.635080645881,244.533400529019,7.51128248160188,0.364919354118683,0,1,0,0,feasible_within_preferred_rpm
445,81.25,397.635364383525,1.625,50,1100,500,1e-15,223.15,101325,11,11,1,3150,3150,13.2826535763274,1.20751396148431,322.341035629878,299.49284174546,242.878836334652,7.65896437012196,0.507158254540229,0,1,0,0,feasible_within_preferred_rpm
446,87.5,397.635364383525,1.75,50,1100,500,1e-15,223.15,101325,11,11,1,3075,3075,12.3139056964874,1.11944597240795,322.539113943618,299.695176677924,241.461637107857,7.46088605638164,0.304823322075606,0,1,0,0,feasible_within_preferred_rpm
447,93.75,397.635364383525,1.875,50,1100,500,1e-15,223.15,101325,11,11,1,3025,3025,11.6957748737492,1.06325226124993,322.457621067042,299.614260911647,240.237362925506,7.54237893295755,0.385739088352523,0,1,0,0,feasible_within_preferred_rpm
448,100,397.635364383525,2,50,1100,500,1e-15,223.15,101325,11,11,1,2975,2975,11.098150364802,1.00892276043655,322.577293966689,299.735989123688,239.16543941133,7.42270603331059,0.264010876312,0,1,0,0,feasible_within_preferred_rpm
449,112.5,397.635364383525,2.25,50,1100,500,1e-15,223.15,101325,10,10,1,2900,2900,10.2409496439464,0.930995422176948,322.674579999987,299.838268463182,237.380014225307,7.32542000001325,0.161731536817797,0,1,0,0,feasible_within_preferred_rpm
450,125,397.635364383525,2.5,50,1100,500,1e-15,223.15,101325,11,11,1,2850,2850,9.69541508900964,0.881401371728149,322.585127673104,299.749573864572,235.9546635764,7.41487232689605,0.250426135427745,0,1,0,0,feasible_within_preferred_rpm
451,137.5,397.635364383525,2.75,50,1100,500,1e-15,223.15,101325,10,10,1,2800,2800,9.16895161344236,0.833541055767487,322.809569108636,299.978070011899,234.787290225307,7.1904308913638,0.0219299881014194,0,1,0,0,feasible_within_preferred_rpm
452,150,397.635364383525,3,50,1100,500,1e-15,223.15,101325,10,10,1,2775,2775,8.91406586606159,0.810369624187417,322.570823528292,299.737082217767,233.817519551258,7.4291764717081,0.262917782233217,0,1,0,0,feasible_within_preferred_rpm
453,162.5,397.635364383525,3.25,50,1100,500,1e-15,223.15,101325,11,11,1,2750,2750,8.66358717255951,0.787598833869046,322.488241933904,299.655387871034,232.995966028177,7.51175806609604,0.344612128966276,0,1,0,0,feasible_within_preferred_rpm
454,175,397.635364383525,3.5,50,1100,500,1e-15,223.15,101325,11,11,1,2725,2725,8.41756600304659,0.765233273004235,322.541000187228,299.709593646079,232.291618603644,7.45899981277188,0.290406353921014,0,1,0,0,feasible_within_preferred_rpm
455,187.5,397.635364383525,3.75,50,1100,500,1e-15,223.15,101325,10,10,1,2700,2700,8.1760695374456,0.743279048858691,322.687165850614,299.86217200396,231.679864413632,7.31283414938594,0.137827996039846,0,1,0,0,feasible_within_preferred_rpm
456,200,397.635364383525,4,50,1100,500,1e-15,223.15,101325,10,10,1,2700,2700,8.17758860170316,0.743417145609378,322.165559827717,299.336535489615,231.147812489268,7.83444017228277,0.663464510384586,0,1,0,0,feasible_within_preferred_rpm
457,212.5,397.635364383525,4.25,50,1100,500,1e-15,223.15,101325,10,10,1,2675,2675,7.94043445941753,0.721857678128866,322.476558312253,299.653279627951,230.675474056482,7.52344168774692,0.346720372049447,0,1,0,0,feasible_within_preferred_rpm
458,225,397.635364383525,4.5,50,1100,500,1e-15,223.15,101325,10,10,1,2675,2675,7.94166147210197,0.721969224736542,322.065375079164,299.239732550401,230.257956266494,7.93462492083637,0.760267449599212,0,1,0,0,feasible_within_preferred_rpm
459,237.5,397.635364383525,4.75,50,1100,500,1e-15,223.15,101325,10,10,1,2650,2650,7.70895951821492,0.700814501655902,322.501487388886,299.680400996778,229.882427902057,7.49851261111439,0.319599003222208,0,1,0,0,feasible_within_preferred_rpm
460,250,397.635364383525,5,50,1100,500,1e-15,223.15,101325,10,10,1,2650,2650,7.70984577510313,0.700895070463921,322.189501079791,299.361725398717,229.547163050815,7.81049892020911,0.638274601282546,0,1,0,0,feasible_within_preferred_rpm
461,262.5,397.635364383525,5.25,50,1100,500,1e-15,223.15,101325,11,11,1,2625,2625,7.48155636380287,0.680141487618443,322.708132758848,299.886884371894,229.240879838032,7.29186724115169,0.113115628105902,0,1,0,0,feasible_within_preferred_rpm
462,275,397.635364383525,5.5,50,1100,500,1e-15,223.15,101325,11,11,1,2625,2625,7.48229597054443,0.680208724594948,322.427671214059,299.606430378815,228.96404288935,7.57232878594061,0.39356962118535,0,1,0,0,feasible_within_preferred_rpm
463,287.5,397.635364383525,5.75,50,1100,500,1e-15,223.15,101325,11,11,1,2625,2625,7.48298343187801,0.680271221079819,322.177633052891,299.355115524632,228.711497535926,7.8223669471094,0.644884475368428,0,1,0,0,feasible_within_preferred_rpm
464,300,397.635364383525,6,50,1100,500,1e-15,223.15,101325,11,11,1,2600,2600,7.25904919200791,0.65991356290981,322.79842429993,299.980860992046,228.478584786538,7.20157570006955,0.019139007953811,0,1,0,0,feasible_within_preferred_rpm
465,25,500,0.5,50,1100,500,1e-15,223.15,101325,10,10,0,NaN,NaN,NaN,NaN,NaN,NaN,NaN,NaN,NaN,0,0,0,1,not_feasible_by_hard_rpm_cap
466,31.25,500,0.625,50,1100,500,1e-15,223.15,101325,10,10,0,NaN,NaN,NaN,NaN,NaN,NaN,NaN,NaN,NaN,0,0,0,1,not_feasible_by_hard_rpm_cap
467,37.5,500,0.75,50,1100,500,1e-15,223.15,101325,14,14,1,5550,5550,75.34040518122,6.84912774374728,322.811516867596,299.944163335247,266.759478112658,7.18848313240358,0.0558366647531443,1,0,0,0,feasible_only_above_preferred_rpm_model_extrapolation
468,43.75,500,0.875,50,1100,500,1e-15,223.15,101325,13,13,1,4375,4375,36.764614584145,3.34223768946773,322.768022612248,299.904106379485,260.078434744997,7.23197738775235,0.0958936205154259,0,1,0,0,feasible_within_preferred_rpm
469,50,500,1,50,1100,500,1e-15,223.15,101325,12,12,1,3875,3875,25.3395350358965,2.30359409417241,322.811091769094,299.949506681619,255.344266123153,7.18890823090641,0.0504933183808021,0,1,0,0,feasible_within_preferred_rpm
470,56.25,500,1.125,50,1100,500,1e-15,223.15,101325,12,12,1,3600,3600,20.1649678642109,1.83317889674644,322.751419968374,299.894925896686,251.715764415813,7.24858003162552,0.105074103313711,0,1,0,0,feasible_within_preferred_rpm
471,62.5,500,1.25,50,1100,500,1e-15,223.15,101325,11,11,1,3425,3425,17.2626590208402,1.5693326382582,322.595589140206,299.73987724394,248.835280884496,7.40441085979404,0.260122756060127,0,1,0,0,feasible_within_preferred_rpm
472,68.75,500,1.375,50,1100,500,1e-15,223.15,101325,11,11,1,3300,3300,15.367958657513,1.397087150683,322.436309112548,299.583001552152,246.484677094739,7.56369088745248,0.416998447848357,0,1,0,0,feasible_within_preferred_rpm
473,75,500,1.5,50,1100,500,1e-15,223.15,101325,11,11,1,3200,3200,13.9552089583012,1.26865535984556,322.416027921736,299.562296675028,244.531103914079,7.58397207826363,0.437703324971892,0,1,0,0,feasible_within_preferred_rpm
474,81.25,500,1.625,50,1100,500,1e-15,223.15,101325,12,12,1,3100,3100,12.6301119871199,1.14819199882908,322.845461988071,299.997925511207,242.874277629679,7.15453801192865,0.00207448879251615,0,1,0,0,feasible_within_preferred_rpm
475,87.5,500,1.75,50,1100,500,1e-15,223.15,101325,11,11,1,3050,3050,12.0020414420964,1.09109467655422,322.54132580032,299.696188694289,241.460525616747,7.45867419968033,0.303811305710894,0,1,0,0,feasible_within_preferred_rpm
476,93.75,500,1.875,50,1100,500,1e-15,223.15,101325,11,11,1,3000,3000,11.3944628007775,1.03586025461614,322.477353371657,299.634850498173,240.235238655168,7.52264662834301,0.365149501827318,0,1,0,0,feasible_within_preferred_rpm
477,100,500,2,50,1100,500,1e-15,223.15,101325,10,10,1,2950,2950,10.8072295132879,0.982475410298898,322.61973321696,299.780483439309,239.162885149971,7.38026678304044,0.219516560691375,0,1,0,0,feasible_within_preferred_rpm
478,112.5,500,2.25,50,1100,500,1e-15,223.15,101325,11,11,1,2875,2875,9.96524443467912,0.905931312243557,322.783393771857,299.944013447077,237.380161688601,7.21660622814301,0.0559865529228887,0,1,0,0,feasible_within_preferred_rpm
479,125,500,2.5,50,1100,500,1e-15,223.15,101325,10,10,1,2825,2825,9.42966035112047,0.85724185010186,322.720196917788,299.882959877659,235.954264764815,7.27980308221157,0.117040122340995,0,1,0,0,feasible_within_preferred_rpm
480,137.5,500,2.75,50,1100,500,1e-15,223.15,101325,10,10,1,2800,2800,9.17048129778745,0.833680117980677,322.254295830101,299.417780312217,234.789156019086,7.74570416989906,0.582219687782526,0,1,0,0,feasible_within_preferred_rpm
481,150,500,3,50,1100,500,1e-15,223.15,101325,11,11,1,2750,2750,8.66292633939778,0.787538758127071,322.741290033959,299.909779602648,233.815915655323,7.25870996604084,0.0902203973520841,0,1,0,0,feasible_within_preferred_rpm
482,162.5,500,3.25,50,1100,500,1e-15,223.15,101325,11,11,1,2725,2725,8.41722349840932,0.765202136219029,322.673266142338,299.843545088929,232.994224352736,7.32673385766168,0.156454911071478,0,1,0,0,feasible_within_preferred_rpm
483,175,500,3.5,50,1100,500,1e-15,223.15,101325,10,10,1,2700,2700,8.17593262267738,0.74326660206158,322.748528732092,299.919455789237,232.290247658981,7.2514712679079,0.0805442107634349,0,1,0,0,feasible_within_preferred_rpm
484,187.5,500,3.75,50,1100,500,1e-15,223.15,101325,10,10,1,2700,2700,8.17748194987874,0.743407449988976,322.138106650516,299.306607805367,231.681612581854,7.86189334948443,0.693392194633418,0,1,0,0,feasible_within_preferred_rpm
485,200,500,4,50,1100,500,1e-15,223.15,101325,10,10,1,2675,2675,7.94067816540387,0.721879833218533,322.388762408371,299.563304008349,231.146321147542,7.61123759162876,0.436695991650765,0,1,0,0,feasible_within_preferred_rpm
486,212.5,500,4.25,50,1100,500,1e-15,223.15,101325,10,10,1,2650,2650,7.70822105958326,0.700747369053024,322.752348521452,299.925636901541,230.675724464995,7.24765147854845,0.0743630984590027,0,1,0,0,feasible_within_preferred_rpm
487,225,500,4.5,50,1100,500,1e-15,223.15,101325,10,10,1,2650,2650,7.70936274545789,0.70085115867799,322.328578732118,299.501965403296,230.25764684221,7.67142126788212,0.498034596704429,0,1,0,0,feasible_within_preferred_rpm
488,237.5,500,4.75,50,1100,500,1e-15,223.15,101325,11,11,1,2625,2625,7.48127676023257,0.680116069112051,322.772260204255,299.95325252705,229.881508096141,7.22773979574509,0.0467474729496189,0,1,0,0,feasible_within_preferred_rpm
489,250,500,5,50,1100,500,1e-15,223.15,101325,11,11,1,2625,2625,7.48210598125611,0.680191452841465,322.458563370143,299.633027764996,229.546256864276,7.54143662985706,0.3669722350038,0,1,0,0,feasible_within_preferred_rpm
490,262.5,500,5.25,50,1100,500,1e-15,223.15,101325,11,11,1,2625,2625,7.48296140040543,0.680269218218675,322.145799658708,299.32146967018,229.241471253148,7.85420034129226,0.678530329820489,0,1,0,0,feasible_within_preferred_rpm
491,275,500,5.5,50,1100,500,1e-15,223.15,101325,11,11,1,2600,2600,7.25915420047619,0.659923109134199,322.733135207922,299.911094266802,228.963775852245,7.26686479207791,0.0889057331977483,0,1,0,0,feasible_within_preferred_rpm
492,287.5,500,5.75,50,1100,500,1e-15,223.15,101325,11,11,1,2600,2600,7.25979060632018,0.659980964210925,322.487950928468,299.66331334199,228.711468247287,7.51204907153192,0.33668665800991,0,1,0,0,feasible_within_preferred_rpm
493,300,500,6,50,1100,500,1e-15,223.15,101325,11,11,1,2600,2600,7.26039297826634,0.66003572529694,322.258076275951,299.432313576346,228.479942119884,7.74192372404895,0.567686423654493,0,1,0,0,feasible_within_preferred_rpm
494,25,594.60355750136,0.5,50,1100,500,1e-15,223.15,101325,10,10,0,NaN,NaN,NaN,NaN,NaN,NaN,NaN,NaN,NaN,0,0,0,1,not_feasible_by_hard_rpm_cap
495,31.25,594.60355750136,0.625,50,1100,500,1e-15,223.15,101325,10,10,0,NaN,NaN,NaN,NaN,NaN,NaN,NaN,NaN,NaN,0,0,0,1,not_feasible_by_hard_rpm_cap
496,37.5,594.60355750136,0.75,50,1100,500,1e-15,223.15,101325,14,14,1,5450,5450,71.3254854387302,6.48413503988456,322.846015862455,299.977242634959,266.707271370609,7.15398413754485,0.0227573650410022,1,0,0,0,feasible_only_above_preferred_rpm_model_extrapolation
497,43.75,594.60355750136,0.875,50,1100,500,1e-15,223.15,101325,12,12,1,4325,4325,35.5016625365805,3.22742386696187,322.795594011965,299.930876988438,260.064782563645,7.20440598803515,0.0691230115622261,0,1,0,0,feasible_within_preferred_rpm
498,50,594.60355750136,1,50,1100,500,1e-15,223.15,101325,12,12,1,3850,3850,24.8376041651218,2.25796401501107,322.754390770848,299.891037291444,255.341102525859,7.24560922915231,0.108962708555566,0,1,0,0,feasible_within_preferred_rpm
499,56.25,594.60355750136,1.125,50,1100,500,1e-15,223.15,101325,11,11,1,3575,3575,19.7320090921841,1.79381900838037,322.760969070142,299.904677910262,251.711607022843,7.23903092985756,0.0953220897379765,0,1,0,0,feasible_within_preferred_rpm
500,62.5,594.60355750136,1.25,50,1100,500,1e-15,223.15,101325,11,11,1,3400,3400,16.8716094822195,1.53378268020178,322.669820511924,299.812488115421,248.833468311845,7.33017948807588,0.18751188457918,0,1,0,0,feasible_within_preferred_rpm
501,68.75,594.60355750136,1.375,50,1100,500,1e-15,223.15,101325,11,11,1,3275,3275,15.0058120889667,1.36416473536061,322.546097830959,299.693979338767,246.481037160402,7.45390216904133,0.306020661233049,0,1,0,0,feasible_within_preferred_rpm
502,75,594.60355750136,1.5,50,1100,500,1e-15,223.15,101325,11,11,1,3175,3175,13.6155011765539,1.23777283423217,322.560323133865,299.709658927332,244.526599000647,7.43967686613513,0.290341072668355,0,1,0,0,feasible_within_preferred_rpm
503,81.25,594.60355750136,1.625,50,1100,500,1e-15,223.15,101325,12,12,1,3100,3100,12.6313380124721,1.14830345567928,322.489435245823,299.642181220949,242.874105149194,7.5105647541771,0.357818779050888,0,1,0,0,feasible_within_preferred_rpm
504,87.5,594.60355750136,1.75,50,1100,500,1e-15,223.15,101325,11,11,1,3025,3025,11.6947588872622,1.06315989884202,322.772686668052,299.927139142171,241.458966574204,7.22731333194827,0.072860857829312,0,1,0,0,feasible_within_preferred_rpm
505,93.75,594.60355750136,1.875,50,1100,500,1e-15,223.15,101325,11,11,1,2975,2975,11.0976707604061,1.00887916003691,322.730653532925,299.888952893975,240.23316810409,7.26934646707502,0.111047106025126,0,1,0,0,feasible_within_preferred_rpm
506,100,594.60355750136,2,50,1100,500,1e-15,223.15,101325,10,10,1,2950,2950,10.8082905425236,0.982571867502149,322.28486349805,299.440682067443,239.165448639275,7.71513650195033,0.559317932556723,0,1,0,0,feasible_within_preferred_rpm
507,112.5,594.60355750136,2.25,50,1100,500,1e-15,223.15,101325,11,11,1,2875,2875,9.966272002029,0.906024727457182,322.428139985079,299.588589737453,237.38024934679,7.57186001492141,0.411410262547065,0,1,0,0,feasible_within_preferred_rpm
508,125,594.60355750136,2.5,50,1100,500,1e-15,223.15,101325,10,10,1,2825,2825,9.43065656759996,0.85733241523636,322.356789255532,299.521244715216,235.953584182318,7.64321074446775,0.478755284784029,0,1,0,0,feasible_within_preferred_rpm
509,137.5,594.60355750136,2.75,50,1100,500,1e-15,223.15,101325,10,10,1,2775,2775,8.91392993377467,0.810357266706788,322.619478137104,299.786991871981,234.786715078583,7.3805218628957,0.213008128019339,0,1,0,0,feasible_within_preferred_rpm
510,150,594.60355750136,3,50,1100,500,1e-15,223.15,101325,11,11,1,2750,2750,8.66382751798696,0.78762068345336,322.398979389289,299.564096385847,233.817059604747,7.60102061071149,0.435903614153062,0,1,0,0,feasible_within_preferred_rpm
511,162.5,594.60355750136,3.25,50,1100,500,1e-15,223.15,101325,11,11,1,2725,2725,8.41809991666065,0.765281810605513,322.333905733592,299.500091703394,232.995499710466,7.66609426640838,0.499908296606407,0,1,0,0,feasible_within_preferred_rpm
512,175,594.60355750136,3.5,50,1100,500,1e-15,223.15,101325,10,10,1,2700,2700,8.17679365162553,0.743344877420502,322.404832784726,299.572651637576,232.291146249195,7.59516721527433,0.427348362424254,0,1,0,0,feasible_within_preferred_rpm
513,187.5,594.60355750136,3.75,50,1100,500,1e-15,223.15,101325,10,10,1,2675,2675,7.94007396538649,0.721824905944226,322.586831790952,299.757997440385,231.680255532314,7.41316820904791,0.242002559614946,0,1,0,0,feasible_within_preferred_rpm
514,200,594.60355750136,4,50,1100,500,1e-15,223.15,101325,10,10,1,2675,2675,7.94160354774424,0.72196395888584,322.043535912652,299.215770060448,231.146904738685,7.95646408734825,0.784229939551608,0,1,0,0,feasible_within_preferred_rpm
515,212.5,594.60355750136,4.25,50,1100,500,1e-15,223.15,101325,10,10,1,2650,2650,7.70905249099308,0.700822953726643,322.38728936038,299.562292662613,230.675329876117,7.61271063961982,0.437707337386712,0,1,0,0,feasible_within_preferred_rpm
516,225,594.60355750136,4.5,50,1100,500,1e-15,223.15,101325,11,11,1,2625,2625,7.48106037710634,0.680096397918758,322.808327454423,299.985838327842,230.256218331143,7.19167254557686,0.0141616721577407,0,1,0,0,feasible_within_preferred_rpm
517,237.5,594.60355750136,4.75,50,1100,500,1e-15,223.15,101325,11,11,1,2625,2625,7.48213358458256,0.680193962234778,322.448512023906,299.622198675984,229.883040994991,7.55148797609394,0.377801324015934,0,1,0,0,feasible_within_preferred_rpm
518,250,594.60355750136,5,50,1100,500,1e-15,223.15,101325,11,11,1,2625,2625,7.48296847293432,0.680269861175847,322.109994151798,299.282728626478,229.546606260287,7.89000584820229,0.717271373522237,0,1,0,0,feasible_within_preferred_rpm
519,262.5,594.60355750136,5.25,50,1100,500,1e-15,223.15,101325,11,11,1,2600,2600,7.2593094392046,0.659937221745873,322.64578098626,299.82654835669,229.240076356163,7.35421901373996,0.173451643309534,0,1,0,0,feasible_within_preferred_rpm
520,275,594.60355750136,5.5,50,1100,500,1e-15,223.15,101325,11,11,1,2600,2600,7.25992434048979,0.659993121862708,322.389450574857,299.564127298115,228.964371422141,7.61054942514323,0.435872701884819,0,1,0,0,feasible_within_preferred_rpm
521,287.5,594.60355750136,5.75,50,1100,500,1e-15,223.15,101325,11,11,1,2600,2600,7.26064305976858,0.660058459978962,322.136176634592,299.310567993144,228.711640916962,7.86382336540811,0.689432006856123,0,1,0,0,feasible_within_preferred_rpm
522,300,594.60355750136,6,50,1100,500,1e-15,223.15,101325,10,10,1,2575,2575,7.04121800503578,0.640110727730525,322.77592391086,299.95606303107,228.47859967632,7.22407608914017,0.0439369689298132,0,1,0,0,feasible_within_preferred_rpm
523,25,707.106781186547,0.5,50,1100,500,1e-15,223.15,101325,10,10,0,NaN,NaN,NaN,NaN,NaN,NaN,NaN,NaN,NaN,0,0,0,1,not_feasible_by_hard_rpm_cap
524,31.25,707.106781186547,0.625,50,1100,500,1e-15,223.15,101325,10,10,0,NaN,NaN,NaN,NaN,NaN,NaN,NaN,NaN,NaN,0,0,0,1,not_feasible_by_hard_rpm_cap
525,37.5,707.106781186547,0.75,50,1100,500,1e-15,223.15,101325,14,14,1,5375,5375,68.4097751508307,6.21907046825734,322.85332782755,299.983447701299,266.669477365313,7.14667217245022,0.0165522987012992,1,0,0,0,feasible_only_above_preferred_rpm_model_extrapolation
526,43.75,707.106781186547,0.875,50,1100,500,1e-15,223.15,101325,12,12,1,4300,4300,34.8807799117246,3.17097999197497,322.700396688476,299.834209566041,260.059478171948,7.29960331152353,0.165790433958819,0,1,0,0,feasible_within_preferred_rpm
527,50,707.106781186547,1,50,1100,500,1e-15,223.15,101325,11,11,1,3825,3825,24.3418372496294,2.21289429542085,322.751211017743,299.888229856137,255.335596026173,7.24878898225734,0.111770143862543,0,1,0,0,feasible_within_preferred_rpm
528,56.25,707.106781186547,1.125,50,1100,500,1e-15,223.15,101325,11,11,1,3550,3550,19.3048959579691,1.75499054163356,322.83390829219,299.977933367198,251.707392686391,7.16609170781004,0.0220666328024777,0,1,0,0,feasible_within_preferred_rpm
529,62.5,707.106781186547,1.25,50,1100,500,1e-15,223.15,101325,12,12,1,3375,3375,16.4862392168029,1.49874901970936,322.78452418367,299.931619983642,248.826447502218,7.21547581633024,0.0683800163579917,0,1,0,0,feasible_within_preferred_rpm
530,68.75,707.106781186547,1.375,50,1100,500,1e-15,223.15,101325,12,12,1,3250,3250,14.6491075560789,1.33173705055263,322.729685484545,299.877006219712,246.478804283675,7.27031451545497,0.122993780288084,0,1,0,0,feasible_within_preferred_rpm
531,75,707.106781186547,1.5,50,1100,500,1e-15,223.15,101325,11,11,1,3150,3150,13.2810886962324,1.20737169965749,322.783277657236,299.933052043585,244.523993948859,7.21672234276383,0.0669479564148219,0,1,0,0,feasible_within_preferred_rpm
532,81.25,707.106781186547,1.625,50,1100,500,1e-15,223.15,101325,11,11,1,3075,3075,12.3132140920563,1.11938309927784,322.748934543832,299.90193569715,242.871926302018,7.25106545616842,0.098064302850446,0,1,0,0,feasible_within_preferred_rpm
533,87.5,707.106781186547,1.75,50,1100,500,1e-15,223.15,101325,11,11,1,3025,3025,11.6957369722802,1.06324881566183,322.472455151898,299.627278204265,241.458753951847,7.52754484810185,0.372721795735458,0,1,0,0,feasible_within_preferred_rpm
534,93.75,707.106781186547,1.875,50,1100,500,1e-15,223.15,101325,11,11,1,2975,2975,11.0985792189851,1.00896174718046,322.449824813292,299.603810532839,240.235570427666,7.55017518670752,0.396189467161207,0,1,0,0,feasible_within_preferred_rpm
535,100,707.106781186547,2,50,1100,500,1e-15,223.15,101325,10,10,1,2925,2925,10.521639400226,0.956512672747815,322.618521109196,299.776300584154,239.162961734954,7.38147889080437,0.223699415845829,0,1,0,0,feasible_within_preferred_rpm
536,112.5,707.106781186547,2.25,50,1100,500,1e-15,223.15,101325,11,11,1,2850,2850,9.6947918477747,0.881344713434064,322.810110843095,299.972063436575,237.378326476212,7.18988915690505,0.027936563425385,0,1,0,0,feasible_within_preferred_rpm
537,125,707.106781186547,2.5,50,1100,500,1e-15,223.15,101325,10,10,1,2800,2800,9.16904769401044,0.833549790364585,322.785259409281,299.948106049081,235.953168006658,7.21474059071892,0.0518939509188954,0,1,0,0,feasible_within_preferred_rpm
538,137.5,707.106781186547,2.75,50,1100,500,1e-15,223.15,101325,10,10,1,2775,2775,8.91469233126889,0.810426575569899,322.341506398406,299.503879038051,234.788618532948,7.65849360159439,0.496120961949316,0,1,0,0,feasible_within_preferred_rpm
539,150,707.106781186547,3,50,1100,500,1e-15,223.15,101325,11,11,1,2750,2750,8.66458709416552,0.787689735833229,322.111072236583,299.273350483854,233.818022389799,7.88892776341669,0.726649516146438,0,1,0,0,feasible_within_preferred_rpm
540,162.5,707.106781186547,3.25,50,1100,500,1e-15,223.15,101325,10,10,1,2700,2700,8.17580431440505,0.743254937673186,322.792443927757,299.967122462622,232.992109277447,7.20755607224299,0.0328775373782833,0,1,0,0,feasible_within_preferred_rpm
541,175,707.106781186547,3.5,50,1100,500,1e-15,223.15,101325,10,10,1,2700,2700,8.17757498291279,0.743415907537526,322.101627147592,299.270355717736,232.290892734993,7.89837285240782,0.72964428226436,0,1,0,0,feasible_within_preferred_rpm
542,187.5,707.106781186547,3.75,50,1100,500,1e-15,223.15,101325,10,10,1,2675,2675,7.94086238314476,0.721896580285887,322.295223489388,299.46479538738,231.680687489021,7.70477651061196,0.535204612620248,0,1,0,0,feasible_within_preferred_rpm
543,200,707.106781186547,4,50,1100,500,1e-15,223.15,101325,10,10,1,2650,2650,7.70850600747097,0.700773273406452,322.555365014923,299.732305247323,231.145135230408,7.44463498507702,0.267694752676903,0,1,0,0,feasible_within_preferred_rpm
544,212.5,707.106781186547,4.25,50,1100,500,1e-15,223.15,101325,10,10,1,2650,2650,7.70987867166944,0.700898061060858,322.111497999474,299.281646278889,230.676473897892,7.88850200052559,0.718353721110986,0,1,0,0,feasible_within_preferred_rpm
545,225,707.106781186547,4.5,50,1100,500,1e-15,223.15,101325,11,11,1,2625,2625,7.48187508879758,0.680170462617962,322.517906775605,299.693915463398,230.256556562649,7.48209322439465,0.306084536601759,0,1,0,0,feasible_within_preferred_rpm
546,237.5,707.106781186547,4.75,50,1100,500,1e-15,223.15,101325,11,11,1,2625,2625,7.48282959974697,0.680257236340634,322.162372386368,299.332852134165,229.883716337528,7.83762761363204,0.667147865834693,0,1,0,0,feasible_within_preferred_rpm
547,250,707.106781186547,5,50,1100,500,1e-15,223.15,101325,11,11,1,2600,2600,7.25921810528564,0.65992891866233,322.668174303505,299.845909789424,229.545158619679,7.33182569649546,0.154090210576328,0,1,0,0,feasible_within_preferred_rpm
548,262.5,707.106781186547,5.25,50,1100,500,1e-15,223.15,101325,11,11,1,2600,2600,7.25999563281963,0.659999602983603,322.36661377424,299.542662455779,229.240970750869,7.63338622576009,0.457337544220763,0,1,0,0,feasible_within_preferred_rpm
549,275,707.106781186547,5.5,50,1100,500,1e-15,223.15,101325,11,11,1,2600,2600,7.26070183504233,0.660063803185667,322.09904813524,299.272070490774,228.964674079415,7.90095186475997,0.727929509226271,0,1,0,0,feasible_within_preferred_rpm
550,287.5,707.106781186547,5.75,50,1100,500,1e-15,223.15,101325,10,10,1,2575,2575,7.04134642699414,0.640122402454013,322.72054772946,299.898751641234,228.71059704653,7.27945227054045,0.10124835876627,0,1,0,0,feasible_within_preferred_rpm
551,300,707.106781186547,6,50,1100,500,1e-15,223.15,101325,10,10,1,2575,2575,7.04194309915098,0.640176645377362,322.490741712389,299.667849176974,228.479102818478,7.50925828761069,0.332150823025586,0,1,0,0,feasible_within_preferred_rpm
552,25,840.896415253715,0.5,50,1100,500,1e-15,223.15,101325,10,10,0,NaN,NaN,NaN,NaN,NaN,NaN,NaN,NaN,NaN,0,0,0,1,not_feasible_by_hard_rpm_cap
553,31.25,840.896415253715,0.625,50,1100,500,1e-15,223.15,101325,10,10,0,NaN,NaN,NaN,NaN,NaN,NaN,NaN,NaN,NaN,0,0,0,1,not_feasible_by_hard_rpm_cap
554,37.5,840.896415253715,0.75,50,1100,500,1e-15,223.15,101325,14,14,1,5325,5325,66.510907607573,6.046446146143,322.808315683748,299.938845216702,266.643058052254,7.19168431625212,0.061154783297809,1,0,0,0,feasible_only_above_preferred_rpm_model_extrapolation
555,43.75,840.896415253715,0.875,50,1100,500,1e-15,223.15,101325,13,13,1,4250,4250,33.6580201000507,3.05982000909552,322.842789161004,299.979365704757,260.041590589846,7.1572108389957,0.0206342952425871,0,1,0,0,feasible_within_preferred_rpm
556,50,840.896415253715,1,50,1100,500,1e-15,223.15,101325,11,11,1,3800,3800,23.8522372662235,2.16838520602031,322.79879985833,299.936845340222,255.329418295582,7.20120014166974,0.0631546597784904,0,1,0,0,feasible_within_preferred_rpm
557,56.25,840.896415253715,1.125,50,1100,500,1e-15,223.15,101325,11,11,1,3550,3550,19.3059772284927,1.75508883895388,322.590976609863,299.733328655234,251.709037002258,7.40902339013735,0.266671344765996,0,1,0,0,feasible_within_preferred_rpm
558,62.5,840.896415253715,1.25,50,1100,500,1e-15,223.15,101325,12,12,1,3375,3375,16.4872319305512,1.49883926641374,322.546635672854,299.690740507104,248.829052084654,7.45336432714606,0.309259492896444,0,1,0,0,feasible_within_preferred_rpm
559,68.75,840.896415253715,1.375,50,1100,500,1e-15,223.15,101325,12,12,1,3250,3250,14.6500449076916,1.3318222643356,322.487257020389,299.63261972582,246.48033940386,7.51274297961089,0.367380274180107,0,1,0,0,feasible_within_preferred_rpm
560,75,840.896415253715,1.5,50,1100,500,1e-15,223.15,101325,11,11,1,3150,3150,13.2819693522013,1.20745175929103,322.539687308994,299.687722707944,244.525232978967,7.46031269100558,0.31227729205574,0,1,0,0,feasible_within_preferred_rpm
561,81.25,840.896415253715,1.625,50,1100,500,1e-15,223.15,101325,11,11,1,3075,3075,12.3140526066254,1.11945932787504,322.504551028622,299.655959589044,242.872966440555,7.49544897137838,0.344040410955643,0,1,0,0,feasible_within_preferred_rpm
562,87.5,840.896415253715,1.75,50,1100,500,1e-15,223.15,101325,11,11,1,3000,3000,11.3933842095455,1.03576220086777,322.819059797677,299.973992584044,241.456912366134,7.1809402023228,0.0260074159564851,0,1,0,0,feasible_within_preferred_rpm
563,93.75,840.896415253715,1.875,50,1100,500,1e-15,223.15,101325,10,10,1,2950,2950,10.8066598333302,0.982423621211837,322.811794797041,299.968888082725,240.232246647216,7.18820520295884,0.0311119172748135,0,1,0,0,feasible_within_preferred_rpm
564,100,840.896415253715,2,50,1100,500,1e-15,223.15,101325,10,10,1,2925,2925,10.5224019003758,0.956581990943251,322.364585917009,299.522940652071,239.162671461576,7.63541408299056,0.477059347928559,0,1,0,0,feasible_within_preferred_rpm
565,112.5,840.896415253715,2.25,50,1100,500,1e-15,223.15,101325,11,11,1,2850,2850,9.69549115330892,0.881408286664447,322.567370880862,299.727178489882,237.379311689901,7.43262911913808,0.272821510118035,0,1,0,0,feasible_within_preferred_rpm
566,125,840.896415253715,2.5,50,1100,500,1e-15,223.15,101325,10,10,1,2800,2800,9.16971970771816,0.833610882519833,322.539632101112,299.700968145482,235.953790653345,7.46036789888785,0.299031854517636,0,1,0,0,feasible_within_preferred_rpm
567,137.5,840.896415253715,2.75,50,1100,500,1e-15,223.15,101325,11,11,1,2750,2750,8.66271975610614,0.787519977827831,322.821307088837,299.989569156789,234.785508619308,7.17869291116341,0.0104308432105995,0,1,0,0,feasible_within_preferred_rpm
568,150,840.896415253715,3,50,1100,500,1e-15,223.15,101325,11,11,1,2725,2725,8.41739939843062,0.765218127130056,322.605445317584,299.774535107487,233.814886323252,7.39455468241607,0.22546489251306,0,1,0,0,feasible_within_preferred_rpm
569,162.5,840.896415253715,3.25,50,1100,500,1e-15,223.15,101325,10,10,1,2700,2700,8.17639396725336,0.743308542477578,322.564797805517,299.733694871854,232.993903880636,7.43520219448277,0.266305128146314,0,1,0,0,feasible_within_preferred_rpm
570,175,840.896415253715,3.5,50,1100,500,1e-15,223.15,101325,10,10,1,2675,2675,7.93981964141318,0.721801785583016,322.647186187217,299.819804749776,232.289083366985,7.3528138127827,0.180195250223676,0,1,0,0,feasible_within_preferred_rpm
571,187.5,840.896415253715,3.75,50,1100,500,1e-15,223.15,101325,10,10,1,2675,2675,7.94146380027157,0.721951254570143,322.048901641846,299.217020558992,231.681079587619,7.95109835815373,0.782979441007626,0,1,0,0,feasible_within_preferred_rpm
572,200,840.896415253715,4,50,1100,500,1e-15,223.15,101325,10,10,1,2650,2650,7.70922310919605,0.700838464472368,322.33331310836,299.504086636491,231.146678938388,7.6666868916405,0.495913363509487,0,1,0,0,feasible_within_preferred_rpm
573,212.5,840.896415253715,4.25,50,1100,500,1e-15,223.15,101325,11,11,1,2625,2625,7.48134041603434,0.680121856003122,322.674119949804,299.853403657381,230.673784440002,7.32588005019636,0.146596342618807,0,1,0,0,feasible_within_preferred_rpm
574,225,840.896415253715,4.5,50,1100,500,1e-15,223.15,101325,11,11,1,2625,2625,7.48250647032975,0.680227860939068,322.263228059718,299.439996613828,230.256394024086,7.7367719402817,0.560003386172127,0,1,0,0,feasible_within_preferred_rpm
575,237.5,840.896415253715,4.75,50,1100,500,1e-15,223.15,101325,11,11,1,2600,2600,7.25890090171387,0.659900081973988,322.765000877192,299.940797045488,229.882124058498,7.23499912280795,0.0592029545115906,0,1,0,0,feasible_within_preferred_rpm
576,250,840.896415253715,5,50,1100,500,1e-15,223.15,101325,11,11,1,2600,2600,7.25977922810314,0.659979929827558,322.419479071796,299.596265688817,229.545351083041,7.58052092820384,0.403734311182973,0,1,0,0,feasible_within_preferred_rpm
577,262.5,840.896415253715,5.25,50,1100,500,1e-15,223.15,101325,11,11,1,2600,2600,7.26058747326723,0.660053406660657,322.128048068371,299.301052574974,229.241548736239,7.87195193162876,0.698947425025551,0,1,0,0,feasible_within_preferred_rpm
578,275,840.896415253715,5.5,50,1100,500,1e-15,223.15,101325,10,10,1,2575,2575,7.04124555936383,0.640113232669439,322.722919719723,299.901282649819,228.963306715944,7.27708028027655,0.0987173501810616,0,1,0,0,feasible_within_preferred_rpm
579,287.5,840.896415253715,5.75,50,1100,500,1e-15,223.15,101325,10,10,1,2575,2575,7.04193212080406,0.640175647345824,322.454858402905,299.636136700453,228.710073730189,7.54514159709544,0.363863299546665,0,1,0,0,feasible_within_preferred_rpm
580,300,840.896415253715,6,50,1100,500,1e-15,223.15,101325,10,10,1,2575,2575,7.04252462777435,0.64022951161585,322.238788128509,299.415866674588,228.479111626044,7.76121187149107,0.584133325412097,0,1,0,0,feasible_within_preferred_rpm
581,25,1000,0.5,50,1100,500,1e-15,223.15,101325,10,10,0,NaN,NaN,NaN,NaN,NaN,NaN,NaN,NaN,NaN,0,0,0,1,not_feasible_by_hard_rpm_cap
582,31.25,1000,0.625,50,1100,500,1e-15,223.15,101325,10,10,0,NaN,NaN,NaN,NaN,NaN,NaN,NaN,NaN,NaN,0,0,0,1,not_feasible_by_hard_rpm_cap
583,37.5,1000,0.75,50,1100,500,1e-15,223.15,101325,14,14,1,5275,5275,64.6473769800884,5.87703427091713,322.804380147191,299.936429378909,266.615356517696,7.19561985280876,0.0635706210914009,1,0,0,0,feasible_only_above_preferred_rpm_model_extrapolation
584,43.75,1000,0.875,50,1100,500,1e-15,223.15,101325,13,13,1,4225,4225,33.0570015567855,3.00518195970777,322.848111561924,299.983106295677,260.036663708356,7.15188843807556,0.0168937043229107,0,1,0,0,feasible_within_preferred_rpm
585,50,1000,1,50,1100,500,1e-15,223.15,101325,11,11,1,3800,3800,23.85321202409,2.16847382037182,322.586743050201,299.725392356522,255.328742276565,7.41325694979895,0.274607643477793,0,1,0,0,feasible_within_preferred_rpm
586,56.25,1000,1.125,50,1100,500,1e-15,223.15,101325,11,11,1,3525,3525,18.884551129099,1.71677737537263,322.753450625943,299.897412940931,251.703607937054,7.24654937405671,0.102587059069378,0,1,0,0,feasible_within_preferred_rpm
587,62.5,1000,1.25,50,1100,500,1e-15,223.15,101325,12,12,1,3350,3350,16.1072877927065,1.46429889024605,322.773563816361,299.918235641203,248.825431074367,7.22643618363878,0.0817643587966472,0,1,0,0,feasible_within_preferred_rpm
588,68.75,1000,1.375,50,1100,500,1e-15,223.15,101325,12,12,1,3225,3225,14.2986655341277,1.2998786849207,322.754897081081,299.903016572061,246.475557853067,7.24510291891903,0.0969834279393922,0,1,0,0,feasible_within_preferred_rpm
589,75,1000,1.5,50,1100,500,1e-15,223.15,101325,12,12,1,3125,3125,12.9527549721414,1.17752317928558,322.843262236694,299.996169538993,244.519524938972,7.15673776330635,0.00383046100711226,0,1,0,0,feasible_within_preferred_rpm
590,81.25,1000,1.625,50,1100,500,1e-15,223.15,101325,11,11,1,3075,3075,12.3147746088797,1.11952496444361,322.289960849524,299.442216839477,242.872423306549,7.71003915047584,0.557783160523002,0,1,0,0,feasible_within_preferred_rpm
591,87.5,1000,1.75,50,1100,500,1e-15,223.15,101325,11,11,1,3000,3000,11.3940652607549,1.03582411461408,322.604964779437,299.760570512034,241.456516412296,7.39503522056253,0.239429487965651,0,1,0,0,feasible_within_preferred_rpm
592,93.75,1000,1.875,50,1100,500,1e-15,223.15,101325,10,10,1,2950,2950,10.8072981196218,0.982481647238342,322.60798120018,299.763257538513,240.233260562319,7.39201879982039,0.236742461487154,0,1,0,0,feasible_within_preferred_rpm
593,100,1000,2,50,1100,500,1e-15,223.15,101325,10,10,1,2900,2900,10.2405859217374,0.93096235652158,322.806807878477,299.96572374431,239.160934031836,7.19319212152317,0.0342762556895764,0,1,0,0,feasible_within_preferred_rpm
594,112.5,1000,2.25,50,1100,500,1e-15,223.15,101325,11,11,1,2850,2850,9.69608450749486,0.881462227954078,322.359632184146,299.518485529136,237.379752813607,7.64036781585395,0.481514470863601,0,1,0,0,feasible_within_preferred_rpm
595,125,1000,2.5,50,1100,500,1e-15,223.15,101325,10,10,1,2800,2800,9.17028361999892,0.833662147272629,322.334938042477,299.494562469436,235.954494157175,7.66506195752328,0.505437530563711,0,1,0,0,feasible_within_preferred_rpm
596,137.5,1000,2.75,50,1100,500,1e-15,223.15,101325,11,11,1,2750,2750,8.66325225921357,0.787568387201234,322.620686659092,299.786258921926,234.786505431106,7.37931334090808,0.213741078074463,0,1,0,0,feasible_within_preferred_rpm
597,150,1000,3,50,1100,500,1e-15,223.15,101325,11,11,1,2725,2725,8.41792190320361,0.765265627563964,322.403181628039,299.569945763403,233.815673882283,7.59681837196058,0.4300542365973,0,1,0,0,feasible_within_preferred_rpm
598,162.5,1000,3.25,50,1100,500,1e-15,223.15,101325,10,10,1,2700,2700,8.17692483301656,0.743356803001505,322.345446357195,299.515995326895,232.993397917934,7.65455364280456,0.484004673104721,0,1,0,0,feasible_within_preferred_rpm
599,175,1000,3.5,50,1100,500,1e-15,223.15,101325,10,10,1,2675,2675,7.94026698859036,0.721842453508214,322.450651565813,299.619329211952,232.290215082148,7.54934843418692,0.380670788048008,0,1,0,0,feasible_within_preferred_rpm
600,187.5,1000,3.75,50,1100,500,1e-15,223.15,101325,10,10,1,2650,2650,7.70832267352228,0.700756606683844,322.641728476655,299.81709982871,231.678510745092,7.35827152334451,0.182900171289646,0,1,0,0,feasible_within_preferred_rpm
601,200,1000,4,50,1100,500,1e-15,223.15,101325,10,10,1,2650,2650,7.70975635569891,0.700886941427173,322.125618084969,299.295516033391,231.146901873215,7.87438191503082,0.704483966609359,0,1,0,0,feasible_within_preferred_rpm
602,212.5,1000,4.25,50,1100,500,1e-15,223.15,101325,11,11,1,2625,2625,7.48190673114932,0.680173339195393,322.488189122843,299.661981099667,230.675075030087,7.51181087715719,0.338018900333111,0,1,0,0,feasible_within_preferred_rpm
603,225,1000,4.5,50,1100,500,1e-15,223.15,101325,11,11,1,2625,2625,7.48301131361713,0.680273755783375,322.067937177872,299.240927452621,230.257232306992,7.93206282212833,0.759072547378935,0,1,0,0,feasible_within_preferred_rpm
604,237.5,1000,4.75,50,1100,500,1e-15,223.15,101325,11,11,1,2600,2600,7.25943151446932,0.659948319497211,322.557891217914,299.732801376921,229.882313254253,7.44210878208577,0.267198623079082,0,1,0,0,feasible_within_preferred_rpm
605,250,1000,5,50,1100,500,1e-15,223.15,101325,11,11,1,2600,2600,7.26029863060618,0.660027148236925,322.229956927047,299.401830236824,229.546328153375,7.77004307295329,0.598169763175804,0,1,0,0,feasible_within_preferred_rpm
606,262.5,1000,5.25,50,1100,500,1e-15,223.15,101325,10,10,1,2575,2575,7.04104535638169,0.640095032398335,322.797794461882,299.974883456497,229.240351226153,7.20220553811845,0.0251165435033727,0,1,0,0,feasible_within_preferred_rpm
607,275,1000,5.5,50,1100,500,1e-15,223.15,101325,10,10,1,2575,2575,7.0417834347476,0.6401621304316,322.52312091458,299.699080528205,228.963742161677,7.47687908542042,0.300919471795453,0,1,0,0,feasible_within_preferred_rpm
608,287.5,1000,5.75,50,1100,500,1e-15,223.15,101325,10,10,1,2575,2575,7.04239135769856,0.640217396154415,322.273667512239,299.447865126062,228.711292087083,7.72633248776094,0.552134873937916,0,1,0,0,feasible_within_preferred_rpm
609,300,1000,6,50,1100,500,1e-15,223.15,101325,10,10,1,2575,2575,7.04301022594012,0.640273656903647,322.044216774934,299.217364789838,228.47976071079,7.95578322506623,0.782635210162312,0,1,0,0,feasible_within_preferred_rpm
610,25,1189.20711500272,0.5,50,1100,500,1e-15,223.15,101325,10,10,0,NaN,NaN,NaN,NaN,NaN,NaN,NaN,NaN,NaN,0,0,0,1,not_feasible_by_hard_rpm_cap
611,31.25,1189.20711500272,0.625,50,1100,500,1e-15,223.15,101325,10,10,0,NaN,NaN,NaN,NaN,NaN,NaN,NaN,NaN,NaN,0,0,0,1,not_feasible_by_hard_rpm_cap
612,37.5,1189.20711500272,0.75,50,1100,500,1e-15,223.15,101325,14,14,1,5225,5225,62.8188750099666,5.71080681908787,322.8534720996,299.983552152463,266.593692095904,7.14652790040049,0.0164478475365399,1,0,0,0,feasible_only_above_preferred_rpm_model_extrapolation
613,43.75,1189.20711500272,0.875,50,1100,500,1e-15,223.15,101325,13,13,1,4225,4225,33.0576775360858,3.00524341237144,322.681219050944,299.814026709717,260.039541053014,7.31878094905613,0.185973290282902,0,1,0,0,feasible_within_preferred_rpm
614,50,1189.20711500272,1,50,1100,500,1e-15,223.15,101325,11,11,1,3775,3775,23.369595997554,2.12450872705036,322.726853458003,299.863284228096,255.32627341425,7.27314654199722,0.136715771904449,0,1,0,0,feasible_within_preferred_rpm
615,56.25,1189.20711500272,1.125,50,1100,500,1e-15,223.15,101325,11,11,1,3525,3525,18.8852726520838,1.71684296837125,322.597353716551,299.73627606227,251.708548143804,7.40264628344875,0.263723937729822,0,1,0,0,feasible_within_preferred_rpm
616,62.5,1189.20711500272,1.25,50,1100,500,1e-15,223.15,101325,12,12,1,3350,3350,16.1079890557699,1.46436264143363,322.601627759696,299.745077671408,248.826496866935,7.39837224030379,0.254922328591533,0,1,0,0,feasible_within_preferred_rpm
617,68.75,1189.20711500272,1.375,50,1100,500,1e-15,223.15,101325,12,12,1,3225,3225,14.2993281575391,1.29993892341265,322.578265115184,299.726252630373,246.475665835556,7.42173488481575,0.27374736962679,0,1,0,0,feasible_within_preferred_rpm
618,75,1189.20711500272,1.5,50,1100,500,1e-15,223.15,101325,12,12,1,3125,3125,12.9533536744803,1.17757760677094,322.678625297502,299.828464035797,244.521702230681,7.32137470249802,0.171535964203258,0,1,0,0,feasible_within_preferred_rpm
619,81.25,1189.20711500272,1.625,50,1100,500,1e-15,223.15,101325,11,11,1,3050,3050,12.0015989709791,1.09105445190719,322.674979665682,299.829439956167,242.869012003289,7.32502033431774,0.170560043832552,0,1,0,0,feasible_within_preferred_rpm
620,87.5,1189.20711500272,1.75,50,1100,500,1e-15,223.15,101325,11,11,1,3000,3000,11.3946369219052,1.03587608380956,322.425901642573,299.581844584709,241.456320114469,7.5740983574272,0.418155415290755,0,1,0,0,feasible_within_preferred_rpm
621,93.75,1189.20711500272,1.875,50,1100,500,1e-15,223.15,101325,10,10,1,2950,2950,10.8078302165768,0.982530019688802,322.439795583068,299.592773356617,240.234540646166,7.56020441693164,0.407226643383183,0,1,0,0,feasible_within_preferred_rpm
622,100,1189.20711500272,2,50,1100,500,1e-15,223.15,101325,10,10,1,2900,2900,10.241110628528,0.93101005713891,322.629506730297,299.78827590153,239.161015083038,7.37049326970265,0.211724098470484,0,1,0,0,feasible_within_preferred_rpm
623,112.5,1189.20711500272,2.25,50,1100,500,1e-15,223.15,101325,11,11,1,2850,2850,9.69660208428974,0.881509280389976,322.172494197227,299.333503139581,237.378774924266,7.82750580277315,0.666496860419272,0,1,0,0,feasible_within_preferred_rpm
624,125,1189.20711500272,2.5,50,1100,500,1e-15,223.15,101325,10,10,1,2800,2800,9.17077674797865,0.833706977088968,322.149143732234,299.310559367698,235.95376878415,7.85085626776561,0.689440632301569,0,1,0,0,feasible_within_preferred_rpm
625,137.5,1189.20711500272,2.75,50,1100,500,1e-15,223.15,101325,11,11,1,2750,2750,8.66370064093825,0.787609149176204,322.451348155132,299.614797828826,234.78729228271,7.54865184486823,0.38520217117383,0,1,0,0,feasible_within_preferred_rpm
626,150,1189.20711500272,3,50,1100,500,1e-15,223.15,101325,11,11,1,2725,2725,8.41836233100408,0.765305666454916,322.232123637026,299.397152028166,233.816262131883,7.76787636297428,0.602847971834024,0,1,0,0,feasible_within_preferred_rpm
627,162.5,1189.20711500272,3.25,50,1100,500,1e-15,223.15,101325,10,10,1,2700,2700,8.17733174780485,0.743393795254987,322.192837766951,299.357312076226,232.995281239738,7.80716223304887,0.642687923773622,0,1,0,0,feasible_within_preferred_rpm
628,175,1189.20711500272,3.5,50,1100,500,1e-15,223.15,101325,10,10,1,2675,2675,7.94080666652295,0.72189151513845,322.28004986013,299.44754679866,232.290559201556,7.71995013987043,0.552453201340313,0,1,0,0,feasible_within_preferred_rpm
629,187.5,1189.20711500272,3.75,50,1100,500,1e-15,223.15,101325,10,10,1,2650,2650,7.70863621121702,0.700785110110639,322.473661813097,299.646026931987,231.679315129065,7.52633818690288,0.353973068012522,0,1,0,0,feasible_within_preferred_rpm
630,200,1189.20711500272,4,50,1100,500,1e-15,223.15,101325,11,11,1,2625,2625,7.48106752382197,0.68009704762018,322.789421903316,299.962458837892,231.145533565287,7.21057809668406,0.0375411621083117,0,1,0,0,feasible_within_preferred_rpm
631,212.5,1189.20711500272,4.25,50,1100,500,1e-15,223.15,101325,11,11,1,2625,2625,7.48234422931198,0.680213111755635,322.314824284241,299.487578498468,230.67532173901,7.6851757157587,0.512421501532401,0,1,0,0,feasible_within_preferred_rpm
632,225,1189.20711500272,4.5,50,1100,500,1e-15,223.15,101325,11,11,1,2600,2600,7.25891151027205,0.659901046388368,322.759480888887,299.934435959617,230.256288525042,7.24051911111263,0.0655640403826396,0,1,0,0,feasible_within_preferred_rpm
633,237.5,1189.20711500272,4.75,50,1100,500,1e-15,223.15,101325,11,11,1,2600,2600,7.25985548998676,0.659986862726069,322.391334390067,299.56364642683,229.882859011852,7.60866560993315,0.436353573170493,0,1,0,0,feasible_within_preferred_rpm
634,250,1189.20711500272,5,50,1100,500,1e-15,223.15,101325,11,11,1,2600,2600,7.26072628766819,0.660066026151654,322.052430198319,299.22418506483,229.546354902353,7.94756980168114,0.775814935169819,0,1,0,0,feasible_within_preferred_rpm
635,262.5,1189.20711500272,5.25,50,1100,500,1e-15,223.15,101325,10,10,1,2575,2575,7.04150820220663,0.640137109291512,322.616056537924,299.79425813384,229.240145145689,7.38394346207622,0.205741866160054,0,1,0,0,feasible_within_preferred_rpm
636,275,1189.20711500272,5.5,50,1100,500,1e-15,223.15,101325,10,10,1,2575,2575,7.04222677453195,0.640202434048359,322.325201378963,299.505772685627,228.96291734321,7.67479862103744,0.494227314373006,0,1,0,0,feasible_within_preferred_rpm
637,287.5,1189.20711500272,5.75,50,1100,500,1e-15,223.15,101325,10,10,1,2575,2575,7.04283565998316,0.640257787271196,322.10023481075,299.273557274307,228.711445315576,7.89976518924954,0.726442725693005,0,1,0,0,feasible_within_preferred_rpm
638,300,1189.20711500272,6,50,1100,500,1e-15,223.15,101325,10,10,1,2550,2550,6.82783480691539,0.620712255174126,322.754894268897,299.935551784444,228.47815967155,7.24510573110314,0.0644482155564106,0,1,0,0,feasible_within_preferred_rpm
639,25,1414.2135623731,0.5,50,1100,500,1e-15,223.15,101325,10,10,0,NaN,NaN,NaN,NaN,NaN,NaN,NaN,NaN,NaN,0,0,0,1,not_feasible_by_hard_rpm_cap
640,31.25,1414.2135623731,0.625,50,1100,500,1e-15,223.15,101325,10,10,0,NaN,NaN,NaN,NaN,NaN,NaN,NaN,NaN,NaN,0,0,0,1,not_feasible_by_hard_rpm_cap
641,37.5,1414.2135623731,0.75,50,1100,500,1e-15,223.15,101325,14,14,1,5200,5200,61.9178465343049,5.62889513948226,322.811743094568,299.942849544247,266.579830599974,7.18825690543196,0.0571504557530602,1,0,0,0,feasible_only_above_preferred_rpm_model_extrapolation
642,43.75,1414.2135623731,0.875,50,1100,500,1e-15,223.15,101325,12,12,1,4200,4200,32.463134496691,2.95119404515373,322.740201536428,299.874471169615,260.030681316194,7.25979846357188,0.125528830385463,0,1,0,0,feasible_within_preferred_rpm
643,50,1414.2135623731,1,50,1100,500,1e-15,223.15,101325,11,11,1,3775,3775,23.3702935539753,2.12457214127049,322.57303421486,299.71083899553,255.324732029357,7.42696578513971,0.289161004470031,0,1,0,0,feasible_within_preferred_rpm
644,56.25,1414.2135623731,1.125,50,1100,500,1e-15,223.15,101325,12,12,1,3500,3500,18.4696221754451,1.6790565614041,322.824963354199,299.966592598135,251.702097618044,7.1750366458005,0.0334074018651904,0,1,0,0,feasible_within_preferred_rpm
645,62.5,1414.2135623731,1.25,50,1100,500,1e-15,223.15,101325,12,12,1,3350,3350,16.1085982877335,1.46441802615759,322.447789629215,299.592468509414,248.825433641397,7.55221037078508,0.407531490586223,0,1,0,0,feasible_within_preferred_rpm
646,68.75,1414.2135623731,1.375,50,1100,500,1e-15,223.15,101325,12,12,1,3225,3225,14.299883818706,1.29998943806418,322.430722306296,299.578359737156,246.475943153039,7.56927769370384,0.421640262843937,0,1,0,0,feasible_within_preferred_rpm
647,75,1414.2135623731,1.5,50,1100,500,1e-15,223.15,101325,12,12,1,3125,3125,12.953859202727,1.17762356388427,322.539136274467,299.686638319395,244.523360842462,7.4608637255331,0.313361680605396,0,1,0,0,feasible_within_preferred_rpm
648,81.25,1414.2135623731,1.625,50,1100,500,1e-15,223.15,101325,11,11,1,3050,3050,12.0020688209423,1.09109716554021,322.541149223936,299.691892788064,242.871425259218,7.45885077606363,0.308107211936147,0,1,0,0,feasible_within_preferred_rpm
649,87.5,1414.2135623731,1.75,50,1100,500,1e-15,223.15,101325,11,11,1,3000,3000,11.395100753121,1.03591825028372,322.285454900032,299.439249526906,241.457608792416,7.71454509996772,0.560750473094231,0,1,0,0,feasible_within_preferred_rpm
650,93.75,1414.2135623731,1.875,50,1100,500,1e-15,223.15,101325,10,10,1,2950,2950,10.8082973990539,0.982572490823083,322.286199495898,299.440151747239,240.234004647935,7.71380050410244,0.559848252761412,0,1,0,0,feasible_within_preferred_rpm
651,100,1414.2135623731,2,50,1100,500,1e-15,223.15,101325,10,10,1,2900,2900,10.2415506429917,0.93105005845379,322.480932027436,299.639452983583,239.161147808515,7.51906797256419,0.360547016417229,0,1,0,0,feasible_within_preferred_rpm
652,112.5,1414.2135623731,2.25,50,1100,500,1e-15,223.15,101325,10,10,1,2825,2825,9.42966318901645,0.857242108092405,322.718358575105,299.88140276694,237.376629056558,7.28164142489521,0.11859723306037,0,1,0,0,feasible_within_preferred_rpm
653,125,1414.2135623731,2.5,50,1100,500,1e-15,223.15,101325,10,10,1,2775,2775,8.9136571649336,0.810332469539418,322.731540875689,299.894518672438,235.952076309708,7.26845912431145,0.105481327561563,0,1,0,0,feasible_within_preferred_rpm
654,137.5,1414.2135623731,2.75,50,1100,500,1e-15,223.15,101325,11,11,1,2750,2750,8.66410184233657,0.787645622030597,322.290635546442,299.45660891092,234.786366119517,7.70936445355846,0.543391089079535,0,1,0,0,feasible_within_preferred_rpm
655,150,1414.2135623731,3,50,1100,500,1e-15,223.15,101325,11,11,1,2725,2725,8.4187419180001,0.765340174363645,322.081183394847,299.246418250268,233.816196396452,7.91881660515264,0.753581749731723,0,1,0,0,feasible_within_preferred_rpm
656,162.5,1414.2135623731,3.25,50,1100,500,1e-15,223.15,101325,10,10,1,2675,2675,7.93936968318435,0.721760880289486,322.821280402616,299.994285808363,232.991892048614,7.17871959738414,0.00571419163651399,0,1,0,0,feasible_within_preferred_rpm
657,175,1414.2135623731,3.5,50,1100,500,1e-15,223.15,101325,10,10,1,2675,2675,7.94118966910553,0.721926333555049,322.135624085075,299.301936408624,232.290901938808,7.86437591492455,0.698063591375728,0,1,0,0,feasible_within_preferred_rpm
658,187.5,1414.2135623731,3.75,50,1100,500,1e-15,223.15,101325,10,10,1,2650,2650,7.7091235660254,0.700829415093218,322.339170671962,299.508771076034,231.680056079515,7.66082932803778,0.491228923966162,0,1,0,0,feasible_within_preferred_rpm
659,200,1414.2135623731,4,50,1100,500,1e-15,223.15,101325,11,11,1,2625,2625,7.48136123442223,0.680123748583839,322.629420801988,299.804338713418,231.145067615535,7.37057919801174,0.195661286581924,0,1,0,0,feasible_within_preferred_rpm
660,212.5,1414.2135623731,4.25,50,1100,500,1e-15,223.15,101325,11,11,1,2625,2625,7.48271373821305,0.680246703473913,322.163773856166,299.336852079895,230.675249045322,7.83622614383415,0.663147920105132,0,1,0,0,feasible_within_preferred_rpm
661,225,1414.2135623731,4.5,50,1100,500,1e-15,223.15,101325,11,11,1,2600,2600,7.25923012270301,0.659930011154819,322.610941461524,299.785383437052,230.256404534937,7.38905853847581,0.214616562947924,0,1,0,0,feasible_within_preferred_rpm
662,237.5,1414.2135623731,4.75,50,1100,500,1e-15,223.15,101325,11,11,1,2600,2600,7.26013840347927,0.660012582134479,322.235807674507,299.40894671976,229.882688868402,7.76419232549273,0.59105328024026,0,1,0,0,feasible_within_preferred_rpm
663,250,1414.2135623731,5,50,1100,500,1e-15,223.15,101325,10,10,1,2575,2575,7.04108517986179,0.640098652714708,322.780693272489,299.957645074528,229.544875588812,7.21930672751063,0.0423549254723525,0,1,0,0,feasible_within_preferred_rpm
664,262.5,1414.2135623731,5.25,50,1100,500,1e-15,223.15,101325,10,10,1,2575,2575,7.04186828406122,0.640169844005566,322.461826892631,299.641094921925,229.239947096631,7.53817310736923,0.358905078074827,0,1,0,0,feasible_within_preferred_rpm
665,275,1414.2135623731,5.5,50,1100,500,1e-15,223.15,101325,10,10,1,2575,2575,7.04255626567403,0.640232387788548,322.198604329426,299.373848155218,228.963876382693,7.80139567057387,0.626151844781646,0,1,0,0,feasible_within_preferred_rpm
666,287.5,1414.2135623731,5.75,50,1100,500,1e-15,223.15,101325,10,10,1,2575,2575,7.04318363700214,0.640289421545649,321.950355487505,299.123681426345,228.711447191083,8.04964451249526,0.876318573655396,0,1,0,0,feasible_within_preferred_rpm
667,300,1414.2135623731,6,50,1100,500,1e-15,223.15,101325,10,10,1,2550,2550,6.82826442031848,0.620751310938044,322.593915648679,299.7776523381,228.477656860202,7.40608435132111,0.22234766189996,0,1,0,0,feasible_within_preferred_rpm
668,25,1681.79283050743,0.5,50,1100,500,1e-15,223.15,101325,10,10,0,NaN,NaN,NaN,NaN,NaN,NaN,NaN,NaN,NaN,0,0,0,1,not_feasible_by_hard_rpm_cap
669,31.25,1681.79283050743,0.625,50,1100,500,1e-15,223.15,101325,10,10,0,NaN,NaN,NaN,NaN,NaN,NaN,NaN,NaN,NaN,0,0,0,1,not_feasible_by_hard_rpm_cap
670,37.5,1681.79283050743,0.75,50,1100,500,1e-15,223.15,101325,14,14,1,5175,5175,61.0254097156545,5.54776451960496,322.793924178228,299.926373750024,266.565584828234,7.20607582177246,0.0736262499755185,1,0,0,0,feasible_only_above_preferred_rpm_model_extrapolation
671,43.75,1681.79283050743,0.875,50,1100,500,1e-15,223.15,101325,12,12,1,4175,4175,31.8751474401262,2.89774067637511,322.830931830013,299.965815856921,260.023014844794,7.16906816998659,0.0341841430794716,0,1,0,0,feasible_within_preferred_rpm
672,50,1681.79283050743,1,50,1100,500,1e-15,223.15,101325,12,12,1,3750,3750,22.8927937400528,2.08116306727753,322.760237503518,299.898557099732,255.319255997788,7.2397624964816,0.101442900268182,0,1,0,0,feasible_within_preferred_rpm
673,56.25,1681.79283050743,1.125,50,1100,500,1e-15,223.15,101325,12,12,1,3500,3500,18.4701647306038,1.67910588460035,322.698287994955,299.840340119378,251.701686417083,7.3017120050452,0.159659880622314,0,1,0,0,feasible_within_preferred_rpm
674,62.5,1681.79283050743,1.25,50,1100,500,1e-15,223.15,101325,11,11,1,3325,3325,15.7340806834902,1.43037097122638,322.776464838013,299.92001808924,248.823327515625,7.22353516198729,0.0799819107597273,0,1,0,0,feasible_within_preferred_rpm
675,68.75,1681.79283050743,1.375,50,1100,500,1e-15,223.15,101325,11,11,1,3200,3200,13.9537733420853,1.26852484928048,322.79888017671,299.948223767592,246.472022207432,7.20111982329041,0.0517762324075761,0,1,0,0,feasible_within_preferred_rpm
676,75,1681.79283050743,1.5,50,1100,500,1e-15,223.15,101325,12,12,1,3125,3125,12.9543212736652,1.1776655703332,322.402074799258,299.552386158844,244.521375752679,7.59792520074205,0.447613841155601,0,1,0,0,feasible_within_preferred_rpm
677,81.25,1681.79283050743,1.625,50,1100,500,1e-15,223.15,101325,11,11,1,3050,3050,12.0025078771283,1.09113707973894,322.403369165181,299.557055346536,242.869521813996,7.59663083481939,0.442944653463712,0,1,0,0,feasible_within_preferred_rpm
678,87.5,1681.79283050743,1.75,50,1100,500,1e-15,223.15,101325,11,11,1,2975,2975,11.0975947697267,1.00887225179334,322.755963380182,299.91357533939,241.453579429652,7.24403661981847,0.0864246606096799,0,1,0,0,feasible_within_preferred_rpm
679,93.75,1681.79283050743,1.875,50,1100,500,1e-15,223.15,101325,10,10,1,2925,2925,10.5211456278184,0.956467784347123,322.77898011847,299.938307369733,240.229449942517,7.2210198815298,0.0616926302671459,0,1,0,0,feasible_within_preferred_rpm
680,100,1681.79283050743,2,50,1100,500,1e-15,223.15,101325,10,10,1,2900,2900,10.241914878971,0.931083170815546,322.360250885014,299.51754939601,239.161783717658,7.63974911498599,0.482450603989889,0,1,0,0,feasible_within_preferred_rpm
681,112.5,1681.79283050743,2.25,50,1100,500,1e-15,223.15,101325,10,10,1,2825,2825,9.42999666622353,0.857272424202139,322.602326769842,299.763021257427,237.377703488517,7.39767323015809,0.236978742573001,0,1,0,0,feasible_within_preferred_rpm
682,125,1681.79283050743,2.5,50,1100,500,1e-15,223.15,101325,10,10,1,2775,2775,8.91399489748653,0.810363172498776,322.602025230331,299.765814020248,235.951749260051,7.39797476966891,0.234185979751715,0,1,0,0,feasible_within_preferred_rpm
683,137.5,1681.79283050743,2.75,50,1100,500,1e-15,223.15,101325,11,11,1,2750,2750,8.66441056169991,0.787673687427265,322.177887891686,299.340708515868,234.787531228059,7.82211210831423,0.659291484132382,0,1,0,0,feasible_within_preferred_rpm
684,150,1681.79283050743,3,50,1100,500,1e-15,223.15,101325,10,10,1,2700,2700,8.17599725588607,0.743272477807825,322.717709543686,299.890518213614,233.812819508363,7.28229045631355,0.109481786386198,0,1,0,0,feasible_within_preferred_rpm
685,162.5,1681.79283050743,3.25,50,1100,500,1e-15,223.15,101325,10,10,1,2675,2675,7.93967097088672,0.721788270080611,322.696243690632,299.868959990743,232.991984445031,7.30375630936823,0.131040009256935,0,1,0,0,feasible_within_preferred_rpm
686,175,1681.79283050743,3.5,50,1100,500,1e-15,223.15,101325,10,10,1,2650,2650,7.70775143125527,0.70070467556866,322.822298895504,299.993551960616,232.288803200382,7.17770110449584,0.00644803938399718,0,1,0,0,feasible_within_preferred_rpm
687,187.5,1681.79283050743,3.75,50,1100,500,1e-15,223.15,101325,10,10,1,2650,2650,7.70943915658631,0.70085810514421,322.217684251966,299.386296875596,231.680322161796,7.78231574803448,0.613703124403798,0,1,0,0,feasible_within_preferred_rpm
688,200,1681.79283050743,4,50,1100,500,1e-15,223.15,101325,11,11,1,2625,2625,7.48177175461837,0.68016106860167,322.503533351967,299.679076894808,231.144915127601,7.49646664803271,0.320923105191582,0,1,0,0,feasible_within_preferred_rpm
689,212.5,1681.79283050743,4.25,50,1100,500,1e-15,223.15,101325,11,11,1,2625,2625,7.48293081332649,0.680266437575136,322.043988887753,299.215132744267,230.675703968929,7.95601111224704,0.784867255732536,0,1,0,0,feasible_within_preferred_rpm
690,225,1681.79283050743,4.5,50,1100,500,1e-15,223.15,101325,11,11,1,2600,2600,7.25945472308736,0.659950429371578,322.49065039888,299.663349679117,230.256791151506,7.50934960111982,0.33665032088328,0,1,0,0,feasible_within_preferred_rpm
691,237.5,1681.79283050743,4.75,50,1100,500,1e-15,223.15,101325,11,11,1,2600,2600,7.26049499802243,0.660044999820221,322.116887988824,299.288797385906,229.882948236724,7.88311201117625,0.711202614093963,0,1,0,0,feasible_within_preferred_rpm
692,250,1681.79283050743,5,50,1100,500,1e-15,223.15,101325,10,10,1,2575,2575,7.04136798835798,0.640124362577998,322.63966744691,299.81992191957,229.544224114914,7.36033255308979,0.180078080430121,0,1,0,0,feasible_within_preferred_rpm
693,262.5,1681.79283050743,5.25,50,1100,500,1e-15,223.15,101325,10,10,1,2575,2575,7.0421573456117,0.640196122328337,322.336782074034,299.515817945577,229.239993077991,7.66321792596608,0.484182054422661,0,1,0,0,feasible_within_preferred_rpm
694,275,1681.79283050743,5.5,50,1100,500,1e-15,223.15,101325,10,10,1,2575,2575,7.04286357322467,0.640260324838606,322.058589257053,299.237075724916,228.963296472149,7.94141074294743,0.762924275083833,0,1,0,0,feasible_within_preferred_rpm
695,287.5,1681.79283050743,5.75,50,1100,500,1e-15,223.15,101325,10,10,1,2550,2550,6.82796879789052,0.620724436171866,322.716197550617,299.896928002644,228.709793119524,7.28380244938336,0.103071997355698,0,1,0,0,feasible_within_preferred_rpm
696,300,1681.79283050743,6,50,1100,500,1e-15,223.15,101325,10,10,1,2550,2550,6.82847433519713,0.62077039410883,322.494397853893,299.671717316749,228.478712358022,7.50560214610709,0.328282683251359,0,1,0,0,feasible_within_preferred_rpm
697,25,2000,0.5,50,1100,500,1e-15,223.15,101325,10,10,0,NaN,NaN,NaN,NaN,NaN,NaN,NaN,NaN,NaN,0,0,0,1,not_feasible_by_hard_rpm_cap
698,31.25,2000,0.625,50,1100,500,1e-15,223.15,101325,10,10,0,NaN,NaN,NaN,NaN,NaN,NaN,NaN,NaN,NaN,0,0,0,1,not_feasible_by_hard_rpm_cap
699,37.5,2000,0.75,50,1100,500,1e-15,223.15,101325,14,14,1,5150,5150,60.1415332512156,5.46741211374687,322.80802984639,299.939175429565,266.555672122276,7.19197015360976,0.0608245704354431,1,0,0,0,feasible_only_above_preferred_rpm_model_extrapolation
700,43.75,2000,0.875,50,1100,500,1e-15,223.15,101325,12,12,1,4175,4175,31.8755629343515,2.89777844857741,322.734206627167,299.867155592843,260.025560854883,7.26579337283295,0.132844407157222,0,1,0,0,feasible_within_preferred_rpm
701,50,2000,1,50,1100,500,1e-15,223.15,101325,12,12,1,3750,3750,22.8932893475599,2.08120812250545,322.649975415052,299.789630559094,255.317757604987,7.35002458494841,0.210369440906163,0,1,0,0,feasible_within_preferred_rpm
702,56.25,2000,1.125,50,1100,500,1e-15,223.15,101325,12,12,1,3500,3500,18.4706013367805,1.67914557607095,322.600060558254,299.74043450721,251.703331952903,7.3999394417458,0.259565492789875,0,1,0,0,feasible_within_preferred_rpm
703,62.5,2000,1.25,50,1100,500,1e-15,223.15,101325,11,11,1,3325,3325,15.7345060599371,1.43040964181246,322.66733960904,299.811835761967,248.822511936775,7.33266039095997,0.18816423803338,0,1,0,0,feasible_within_preferred_rpm
704,68.75,2000,1.375,50,1100,500,1e-15,223.15,101325,11,11,1,3200,3200,13.9541461099134,1.26855873726486,322.70162175634,299.848999860821,246.473557500925,7.29837824365961,0.151000139178848,0,1,0,0,feasible_within_preferred_rpm
705,75,2000,1.5,50,1100,500,1e-15,223.15,101325,12,12,1,3100,3100,12.6301388052679,1.14819443684254,322.840374224981,299.991395315424,244.518649609977,7.15962577501904,0.00860468457551633,0,1,0,0,feasible_within_preferred_rpm
706,81.25,2000,1.625,50,1100,500,1e-15,223.15,101325,11,11,1,3050,3050,12.0028398085446,1.09116725532224,322.308953142312,299.459951541475,242.87126703811,7.69104685768849,0.540048458524723,0,1,0,0,feasible_within_preferred_rpm
707,87.5,2000,1.75,50,1100,500,1e-15,223.15,101325,11,11,1,2975,2975,11.0979122780151,1.00890111618319,322.659085457085,299.814594993143,241.454838671177,7.34091454291507,0.185405006857479,0,1,0,0,feasible_within_preferred_rpm
708,93.75,2000,1.875,50,1100,500,1e-15,223.15,101325,10,10,1,2925,2925,10.5214383058997,0.956494391445423,322.689847012334,299.845214734596,240.231647909407,7.31015298766619,0.154785265404314,0,1,0,0,feasible_within_preferred_rpm
709,100,2000,2,50,1100,500,1e-15,223.15,101325,10,10,1,2900,2900,10.242209207935,0.931109927994095,322.266509080567,299.420928955567,239.163275635201,7.73349091943345,0.579071044433306,0,1,0,0,feasible_within_preferred_rpm
710,112.5,2000,2.25,50,1100,500,1e-15,223.15,101325,10,10,1,2825,2825,9.43027795085586,0.857297995532351,322.504805493156,299.663509513859,237.378613641044,7.49519450684403,0.336490486141145,0,1,0,0,feasible_within_preferred_rpm
711,125,2000,2.5,50,1100,500,1e-15,223.15,101325,10,10,1,2775,2775,8.91428533466337,0.810389575878488,322.488743183615,299.654247945716,235.951052942929,7.51125681638507,0.345752054284048,0,1,0,0,feasible_within_preferred_rpm
712,137.5,2000,2.75,50,1100,500,1e-15,223.15,101325,11,11,1,2725,2725,8.41684323145158,0.765167566495598,322.830508805754,299.997353469696,234.785124485259,7.16949119424629,0.0026465303037071,0,1,0,0,feasible_within_preferred_rpm
713,150,2000,3,50,1100,500,1e-15,223.15,101325,10,10,1,2700,2700,8.1762272524912,0.743293386590109,322.636278934622,299.803308320873,233.81476511973,7.36372106537846,0.196691679127071,0,1,0,0,feasible_within_preferred_rpm
714,162.5,2000,3.25,50,1100,500,1e-15,223.15,101325,10,10,1,2675,2675,7.93990336320075,0.721809396654614,322.608448996844,299.776872024661,232.993314384023,7.39155100315577,0.223127975339082,0,1,0,0,feasible_within_preferred_rpm
715,175,2000,3.5,50,1100,500,1e-15,223.15,101325,10,10,1,2650,2650,7.70796781703408,0.700724347003098,322.716325127915,299.88732686839,232.288877198862,7.28367487208544,0.112673131609711,0,1,0,0,feasible_within_preferred_rpm
716,187.5,2000,3.75,50,1100,500,1e-15,223.15,101325,10,10,1,2650,2650,7.70970763043973,0.700882511858158,322.11170993077,299.28037307665,231.680311117504,7.88829006923027,0.719626923350404,0,1,0,0,feasible_within_preferred_rpm
717,200,2000,4,50,1100,500,1e-15,223.15,101325,11,11,1,2625,2625,7.48191188991038,0.680173808173671,322.397574883219,299.572422757783,231.145090064354,7.60242511678069,0.427577242217296,0,1,0,0,feasible_within_preferred_rpm
718,212.5,2000,4.25,50,1100,500,1e-15,223.15,101325,11,11,1,2600,2600,7.25874518455774,0.659885925868886,322.788604274289,299.966540330263,230.673573424808,7.21139572571138,0.033459669736942,0,1,0,0,feasible_within_preferred_rpm
719,225,2000,4.5,50,1100,500,1e-15,223.15,101325,11,11,1,2600,2600,7.25974089332599,0.659976444847818,322.388524701563,299.560583640334,230.256934739098,7.6114752984368,0.439416359666325,0,1,0,0,feasible_within_preferred_rpm
720,237.5,2000,4.75,50,1100,500,1e-15,223.15,101325,11,11,1,2600,2600,7.26067857457191,0.660061688597446,321.997837564207,299.172274009672,229.882422489445,8.00216243579342,0.827725990327565,0,1,0,0,feasible_within_preferred_rpm
721,250,2000,5,50,1100,500,1e-15,223.15,101325,10,10,1,2575,2575,7.04159527975817,0.64014502543256,322.535666581473,299.715368416426,229.544335409647,7.46433341852662,0.284631583574253,0,1,0,0,feasible_within_preferred_rpm
722,262.5,2000,5.25,50,1100,500,1e-15,223.15,101325,10,10,1,2575,2575,7.04232231753185,0.640211119775623,322.253700709903,299.427081729052,229.241059318348,7.746299290097,0.572918270948151,0,1,0,0,feasible_within_preferred_rpm
723,275,2000,5.5,50,1100,500,1e-15,223.15,101325,10,10,1,2575,2575,7.04309075391174,0.64028097762834,321.978643387547,299.151158874016,228.964370155101,8.02135661245279,0.848841125983938,0,1,0,0,feasible_within_preferred_rpm
724,287.5,2000,5.75,50,1100,500,1e-15,223.15,101325,10,10,1,2550,2550,6.828211598808,0.620746508982546,322.610617120451,299.791279233216,228.709806640231,7.38938287954903,0.208720766783642,0,1,0,0,feasible_within_preferred_rpm
725,300,2000,6,50,1100,500,1e-15,223.15,101325,10,10,1,2550,2550,6.82877038034393,0.620797307303994,322.369017053462,299.551044489753,228.477941268032,7.63098294653832,0.448955510246776,0,1,0,0,feasible_within_preferred_rpm
726,25,2990.69756244244,0.5,50,1100,500,1e-15,223.15,101325,10,10,0,NaN,NaN,NaN,NaN,NaN,NaN,NaN,NaN,NaN,0,0,0,1,not_feasible_by_hard_rpm_cap
727,31.25,2990.69756244244,0.625,50,1100,500,1e-15,223.15,101325,10,10,0,NaN,NaN,NaN,NaN,NaN,NaN,NaN,NaN,NaN,0,0,0,1,not_feasible_by_hard_rpm_cap
728,37.5,2990.69756244244,0.75,50,1100,500,1e-15,223.15,101325,14,14,1,5100,5100,58.3993865545091,5.309035141319,322.849186773848,299.982170449234,266.52912135652,7.15081322615225,0.0178295507662938,1,0,0,0,feasible_only_above_preferred_rpm_model_extrapolation
729,43.75,2990.69756244244,0.875,50,1100,500,1e-15,223.15,101325,12,12,1,4150,4150,31.2944640695439,2.84495127904944,322.772348331809,299.905615381812,260.018358512511,7.2276516681905,0.0943846181884282,0,1,0,0,feasible_within_preferred_rpm
730,50,2990.69756244244,1,50,1100,500,1e-15,223.15,101325,12,12,1,3725,3725,22.4223471054741,2.03839519140674,322.791903288652,299.930361188839,255.31426853238,7.20809671134839,0.0696388111613828,0,1,0,0,feasible_within_preferred_rpm
731,56.25,2990.69756244244,1.125,50,1100,500,1e-15,223.15,101325,12,12,1,3475,3475,18.061113397462,1.64191939976927,322.79566048577,299.939930994804,251.695773880782,7.20433951422973,0.0600690051958281,0,1,0,0,feasible_within_preferred_rpm
732,62.5,2990.69756244244,1.25,50,1100,500,1e-15,223.15,101325,11,11,1,3325,3325,15.7352149304705,1.43047408458823,322.494248776636,299.636021174894,248.824881397617,7.50575122336414,0.363978825105903,0,1,0,0,feasible_within_preferred_rpm
733,68.75,2990.69756244244,1.375,50,1100,500,1e-15,223.15,101325,11,11,1,3200,3200,13.9548391578085,1.26862174161895,322.510666035149,299.659608419456,246.472343094951,7.48933396485069,0.340391580544292,0,1,0,0,feasible_within_preferred_rpm
734,75,2990.69756244244,1.5,50,1100,500,1e-15,223.15,101325,12,12,1,3100,3100,12.6307826690781,1.14825296991619,322.652003558086,299.803904924555,244.518032108863,7.34799644191389,0.196095075444589,0,1,0,0,feasible_within_preferred_rpm
735,81.25,2990.69756244244,1.625,50,1100,500,1e-15,223.15,101325,11,11,1,3025,3025,11.6950083334667,1.0631825757697,322.697797487928,299.851473843419,242.867583598286,7.30220251207243,0.148526156580658,0,1,0,0,feasible_within_preferred_rpm
736,87.5,2990.69756244244,1.75,50,1100,500,1e-15,223.15,101325,11,11,1,2975,2975,11.098483282341,1.00895302566736,322.480176923346,299.634220868755,241.45571981808,7.51982307665372,0.365779131244608,0,1,0,0,feasible_within_preferred_rpm
737,93.75,2990.69756244244,1.875,50,1100,500,1e-15,223.15,101325,10,10,1,2925,2925,10.521996414398,0.956545128581637,322.505222885785,299.660460249746,240.231725633867,7.49477711421514,0.339539750253664,0,1,0,0,feasible_within_preferred_rpm
738,100,2990.69756244244,2,50,1100,500,1e-15,223.15,101325,11,11,1,2875,2875,9.96540815177283,0.905946195615712,322.725485443459,299.886449883378,239.158470272469,7.27451455654085,0.11355011662198,0,1,0,0,feasible_within_preferred_rpm
739,112.5,2990.69756244244,2.25,50,1100,500,1e-15,223.15,101325,10,10,1,2825,2825,9.43081422469741,0.857346747699764,322.303607465735,299.46604630718,237.376916666571,7.69639253426504,0.533953692820376,0,1,0,0,feasible_within_preferred_rpm
740,125,2990.69756244244,2.5,50,1100,500,1e-15,223.15,101325,10,10,1,2775,2775,8.91476290436965,0.810432991306331,322.313087575798,299.476245519743,235.952014166346,7.68691242420238,0.523754480256969,0,1,0,0,feasible_within_preferred_rpm
741,137.5,2990.69756244244,2.75,50,1100,500,1e-15,223.15,101325,11,11,1,2725,2725,8.41731584818168,0.76521053165288,322.641510651055,299.809115675365,234.784849204131,7.35848934894494,0.190884324635419,0,1,0,0,feasible_within_preferred_rpm
742,150,2990.69756244244,3,50,1100,500,1e-15,223.15,101325,10,10,1,2700,2700,8.17667437484398,0.743334034076726,322.458345746027,299.62351687416,233.81539440867,7.54165425397326,0.376483125839798,0,1,0,0,feasible_within_preferred_rpm
743,162.5,2990.69756244244,3.25,50,1100,500,1e-15,223.15,101325,10,10,1,2675,2675,7.94034589940999,0.72184962721909,322.4254372716,299.593173864766,232.993530986288,7.57456272839977,0.406826135233985,0,1,0,0,feasible_within_preferred_rpm
744,175,2990.69756244244,3.5,50,1100,500,1e-15,223.15,101325,10,10,1,2650,2650,7.70853604238312,0.700776003853011,322.517689809431,299.692327759742,232.287841622697,7.48231019056908,0.307672240258285,0,1,0,0,feasible_within_preferred_rpm
745,187.5,2990.69756244244,3.75,50,1100,500,1e-15,223.15,101325,11,11,1,2625,2625,7.48107163095811,0.680097420996192,322.7583057156,299.932556740147,231.678198281706,7.24169428439956,0.0674432598527233,0,1,0,0,feasible_within_preferred_rpm
746,200,2990.69756244244,4,50,1100,500,1e-15,223.15,101325,11,11,1,2625,2625,7.48243177038338,0.680221070034853,322.218560670155,299.392388978185,231.145348621408,7.781439329845,0.607611021814591,0,1,0,0,feasible_within_preferred_rpm
747,212.5,2990.69756244244,4.25,50,1100,500,1e-15,223.15,101325,11,11,1,2600,2600,7.25910957658686,0.659919052416987,322.604886979596,299.781965929006,230.673777446171,7.39511302040358,0.218034070993724,0,1,0,0,feasible_within_preferred_rpm
748,225,2990.69756244244,4.5,50,1100,500,1e-15,223.15,101325,11,11,1,2600,2600,7.26026501053459,0.660024091866781,322.189638715575,299.365243818391,230.256156538762,7.8103612844252,0.634756181608623,0,1,0,0,feasible_within_preferred_rpm
749,237.5,2990.69756244244,4.75,50,1100,500,1e-15,223.15,101325,10,10,1,2575,2575,7.04119324380493,0.640108476709539,322.709381420362,299.885219796465,229.881657235584,7.29061857963796,0.114780203534565,0,1,0,0,feasible_within_preferred_rpm
750,250,2990.69756244244,5,50,1100,500,1e-15,223.15,101325,10,10,1,2575,2575,7.04198733889347,0.640180667172134,322.351564740566,299.530709864478,229.544448897476,7.64843525943377,0.469290135522385,0,1,0,0,feasible_within_preferred_rpm
751,262.5,2990.69756244244,5.25,50,1100,500,1e-15,223.15,101325,10,10,1,2575,2575,7.04282572091637,0.64025688371967,322.056888340404,299.233278010875,229.240496523409,7.94311165959607,0.766721989125301,0,1,0,0,feasible_within_preferred_rpm
752,275,2990.69756244244,5.5,50,1100,500,1e-15,223.15,101325,10,10,1,2550,2550,6.82799076269592,0.620726432972357,322.690592677908,299.869124107211,228.962889897056,7.309407322092,0.130875892789334,0,1,0,0,feasible_within_preferred_rpm
753,287.5,2990.69756244244,5.75,50,1100,500,1e-15,223.15,101325,10,10,1,2550,2550,6.8286331737051,0.620784833973191,322.432956814818,299.611867628382,228.710110100419,7.56704318518177,0.388132371618156,0,1,0,0,feasible_within_preferred_rpm
754,300,2990.69756244244,6,50,1100,500,1e-15,223.15,101325,10,10,1,2550,2550,6.82915995458808,0.620832723144371,322.188938145497,299.369539366861,228.478178348672,7.81106185450295,0.630460633139307,0,1,0,0,feasible_within_preferred_rpm
755,25,4472.13595499958,0.5,50,1100,500,1e-15,223.15,101325,10,10,0,NaN,NaN,NaN,NaN,NaN,NaN,NaN,NaN,NaN,0,0,0,1,not_feasible_by_hard_rpm_cap
756,31.25,4472.13595499958,0.625,50,1100,500,1e-15,223.15,101325,10,10,0,NaN,NaN,NaN,NaN,NaN,NaN,NaN,NaN,NaN,0,0,0,1,not_feasible_by_hard_rpm_cap
757,37.5,4472.13595499958,0.75,50,1100,500,1e-15,223.15,101325,14,14,1,5075,5075,57.5411445510542,5.23101314100492,322.848426472889,299.980449589378,266.519008200674,7.15157352711088,0.0195504106223439,1,0,0,0,feasible_only_above_preferred_rpm_model_extrapolation
758,43.75,4472.13595499958,0.875,50,1100,500,1e-15,223.15,101325,12,12,1,4150,4150,31.2949853005492,2.84499866368629,322.64462487284,299.779223476167,260.016603414079,7.35537512715956,0.220776523832512,0,1,0,0,feasible_within_preferred_rpm
759,50,4472.13595499958,1,50,1100,500,1e-15,223.15,101325,12,12,1,3725,3725,22.4228894126081,2.03844449205529,322.678045344289,299.814300213673,255.316743218571,7.32195465571118,0.185699786326722,0,1,0,0,feasible_within_preferred_rpm
760,56.25,4472.13595499958,1.125,50,1100,500,1e-15,223.15,101325,12,12,1,3475,3475,18.0616237560901,1.64196579600819,322.678946621061,299.821668265088,251.697292411738,7.32105337893864,0.178331734911751,0,1,0,0,feasible_within_preferred_rpm
761,62.5,4472.13595499958,1.25,50,1100,500,1e-15,223.15,101325,11,11,1,3300,3300,15.3664962815587,1.39695420741443,322.809424775988,299.956205959217,248.817498444377,7.19057522401243,0.0437940407833253,0,1,0,0,feasible_within_preferred_rpm
762,68.75,4472.13595499958,1.375,50,1100,500,1e-15,223.15,101325,11,11,1,3200,3200,13.9552651262695,1.2686604660245,322.402508690037,299.547753861418,246.47522944649,7.59749130996329,0.452246138582325,0,1,0,0,feasible_within_preferred_rpm
763,75,4472.13595499958,1.5,50,1100,500,1e-15,223.15,101325,12,12,1,3100,3100,12.6312034662114,1.14829122420103,322.531346196074,299.682554938746,244.518525789211,7.46865380392649,0.317445061253522,0,1,0,0,feasible_within_preferred_rpm
764,81.25,4472.13595499958,1.625,50,1100,500,1e-15,223.15,101325,11,11,1,3025,3025,11.6954063188101,1.06321875625546,322.577540418554,299.730401747757,242.868115223663,7.42245958144565,0.269598252243497,0,1,0,0,feasible_within_preferred_rpm
765,87.5,4472.13595499958,1.75,50,1100,500,1e-15,223.15,101325,11,11,1,2975,2975,11.0988625173076,1.00898750157342,322.362609922363,299.515173574671,241.456607994465,7.63739007763718,0.484826425329004,0,1,0,0,feasible_within_preferred_rpm
766,93.75,4472.13595499958,1.875,50,1100,500,1e-15,223.15,101325,10,10,1,2925,2925,10.5223659449268,0.956578722266072,322.384040152825,299.538643981364,240.23208048573,7.61595984717508,0.461356018636025,0,1,0,0,feasible_within_preferred_rpm
767,100,4472.13595499958,2,50,1100,500,1e-15,223.15,101325,11,11,1,2875,2875,9.96576277128123,0.905978433752839,322.603897372824,299.764309964776,239.158759107136,7.39610262717588,0.23569003522374,0,1,0,0,feasible_within_preferred_rpm
768,112.5,4472.13595499958,2.25,50,1100,500,1e-15,223.15,101325,10,10,1,2825,2825,9.43112175382733,0.857374704893394,322.204910846665,299.361333815125,237.379661950584,7.79508915333537,0.638666184875319,0,1,0,0,feasible_within_preferred_rpm
769,125,4472.13595499958,2.5,50,1100,500,1e-15,223.15,101325,10,10,1,2775,2775,8.91507856347121,0.810461687588292,322.198459271266,299.359370741431,235.95293282602,7.80154072873376,0.640629258568822,0,1,0,0,feasible_within_preferred_rpm
770,137.5,4472.13595499958,2.75,50,1100,500,1e-15,223.15,101325,11,11,1,2725,2725,8.4176229978381,0.765238454348918,322.522403181924,299.688808284449,234.785294387856,7.47759681807605,0.311191715550933,0,1,0,0,feasible_within_preferred_rpm
771,150,4472.13595499958,3,50,1100,500,1e-15,223.15,101325,10,10,1,2700,2700,8.17699750164812,0.743363409240738,322.320335913068,299.488725661484,233.814315437988,7.67966408693246,0.511274338516216,0,1,0,0,feasible_within_preferred_rpm
772,162.5,4472.13595499958,3.25,50,1100,500,1e-15,223.15,101325,10,10,1,2675,2675,7.94065435426532,0.721877668569575,322.293237395461,299.462813167394,232.992965308288,7.70676260453894,0.537186832606494,0,1,0,0,feasible_within_preferred_rpm
773,175,4472.13595499958,3.5,50,1100,500,1e-15,223.15,101325,10,10,1,2650,2650,7.70874039847608,0.700794581679644,322.419323785164,299.587551764763,232.289675465439,7.5806762148361,0.412448235237491,0,1,0,0,feasible_within_preferred_rpm
774,187.5,4472.13595499958,3.75,50,1100,500,1e-15,223.15,101325,11,11,1,2625,2625,7.48138265627157,0.680125696024689,322.626895630154,299.802880395079,231.677739378568,7.37310436984632,0.197119604921113,0,1,0,0,feasible_within_preferred_rpm
775,200,4472.13595499958,4,50,1100,500,1e-15,223.15,101325,11,11,1,2625,2625,7.48278271568219,0.680252974152927,322.108726794561,299.27965426962,231.146074439703,7.89127320543884,0.720345730379961,0,1,0,0,feasible_within_preferred_rpm
776,212.5,4472.13595499958,4.25,50,1100,500,1e-15,223.15,101325,11,11,1,2600,2600,7.2594831244826,0.6599530113166,322.484922248244,299.661586823405,230.673877494867,7.5150777517556,0.338413176594543,0,1,0,0,feasible_within_preferred_rpm
777,225,4472.13595499958,4.5,50,1100,500,1e-15,223.15,101325,11,11,1,2600,2600,7.26046520391332,0.660042291264847,322.08714491099,299.257298409504,230.257361194845,7.91285508901001,0.742701590496097,0,1,0,0,feasible_within_preferred_rpm
778,237.5,4472.13595499958,4.75,50,1100,500,1e-15,223.15,101325,10,10,1,2575,2575,7.04150690075924,0.640136990978113,322.573086342618,299.751833921599,229.881052838541,7.42691365738239,0.248166078400629,0,1,0,0,feasible_within_preferred_rpm
779,250,4472.13595499958,5,50,1100,500,1e-15,223.15,101325,10,10,1,2575,2575,7.04235551245429,0.640214137495845,322.234930820928,299.412932213694,229.544678012413,7.76506917907176,0.587067786306477,0,1,0,0,feasible_within_preferred_rpm
780,262.5,4472.13595499958,5.25,50,1100,500,1e-15,223.15,101325,10,10,1,2575,2575,7.04309943636882,0.64028176694262,321.949366550252,299.121939344567,229.241217247547,8.05063344974752,0.878060655433103,0,1,0,0,feasible_within_preferred_rpm
781,275,4472.13595499958,5.5,50,1100,500,1e-15,223.15,101325,10,10,1,2550,2550,6.82828449947251,0.620753136315683,322.569151959064,299.747177560172,228.962982879855,7.43084804093576,0.252822439828321,0,1,0,0,feasible_within_preferred_rpm
782,287.5,4472.13595499958,5.75,50,1100,500,1e-15,223.15,101325,10,10,1,2550,2550,6.8289179908231,0.620810726438464,322.302278425326,299.482690263652,228.709854810599,7.69772157467429,0.517309736348409,0,1,0,0,feasible_within_preferred_rpm
783,300,4472.13595499958,6,50,1100,500,1e-15,223.15,101325,10,10,1,2550,2550,6.82948858664048,0.620862598785498,322.073876919948,299.252773658081,228.478460417484,7.92612308005192,0.747226341919315,0,1,0,0,feasible_within_preferred_rpm
784,25,6687.40304976422,0.5,50,1100,500,1e-15,223.15,101325,10,10,0,NaN,NaN,NaN,NaN,NaN,NaN,NaN,NaN,NaN,0,0,0,1,not_feasible_by_hard_rpm_cap
785,31.25,6687.40304976422,0.625,50,1100,500,1e-15,223.15,101325,10,10,0,NaN,NaN,NaN,NaN,NaN,NaN,NaN,NaN,NaN,0,0,0,1,not_feasible_by_hard_rpm_cap
786,37.5,6687.40304976422,0.75,50,1100,500,1e-15,223.15,101325,14,14,1,5075,5075,57.5413485143351,5.23103168312138,322.770980553608,299.90178620237,266.52093867564,7.2290194463921,0.0982137976297395,1,0,0,0,feasible_only_above_preferred_rpm_model_extrapolation
787,43.75,6687.40304976422,0.875,50,1100,500,1e-15,223.15,101325,13,13,1,4125,4125,30.7200908526963,2.7927355320633,322.791078444632,299.925454687689,260.010190280524,7.20892155536751,0.0745453123110451,0,1,0,0,feasible_within_preferred_rpm
788,50,6687.40304976422,1,50,1100,500,1e-15,223.15,101325,12,12,1,3725,3725,22.4232742525373,2.03847947750339,322.592509535426,299.729607238222,255.315798245818,7.4074904645741,0.270392761777543,0,1,0,0,feasible_within_preferred_rpm
789,56.25,6687.40304976422,1.125,50,1100,500,1e-15,223.15,101325,12,12,1,3475,3475,18.0619483669529,1.64199530608663,322.608482880057,299.748307158789,251.70013027975,7.39151711994316,0.251692841211366,0,1,0,0,feasible_within_preferred_rpm
790,62.5,6687.40304976422,1.25,50,1100,500,1e-15,223.15,101325,11,11,1,3300,3300,15.3667960115153,1.3969814555923,322.738131572664,299.882205919867,248.819849177598,7.26186842733642,0.117794080133365,0,1,0,0,feasible_within_preferred_rpm
791,68.75,6687.40304976422,1.375,50,1100,500,1e-15,223.15,101325,11,11,1,3175,3175,13.6145650577725,1.23768773252477,322.820864267839,299.96872250954,246.470641938745,7.17913573216106,0.0312774904597291,0,1,0,0,feasible_within_preferred_rpm
792,75,6687.40304976422,1.5,50,1100,500,1e-15,223.15,101325,12,12,1,3100,3100,12.6314651868889,1.1483150169899,322.46157490795,299.609681966758,244.520723102056,7.53842509204998,0.390318033242409,0,1,0,0,feasible_within_preferred_rpm
793,81.25,6687.40304976422,1.625,50,1100,500,1e-15,223.15,101325,11,11,1,3025,3025,11.6956733051072,1.06324302773702,322.496622510872,299.649057555934,242.868393825541,7.50337748912801,0.35094244406622,0,1,0,0,feasible_within_preferred_rpm
794,87.5,6687.40304976422,1.75,50,1100,500,1e-15,223.15,101325,11,11,1,2975,2975,11.0991161413415,1.00901055830377,322.283780213151,299.43540107158,241.457173807729,7.7162197868488,0.564598928420139,0,1,0,0,feasible_within_preferred_rpm
795,93.75,6687.40304976422,1.875,50,1100,500,1e-15,223.15,101325,10,10,1,2925,2925,10.5226006949249,0.956600063174992,322.310821296983,299.463128251034,240.233356226186,7.68917870301709,0.53687174896578,0,1,0,0,feasible_within_preferred_rpm
796,100,6687.40304976422,2,50,1100,500,1e-15,223.15,101325,11,11,1,2875,2875,9.96600202159495,0.906000183781359,322.52159042,299.68187185341,239.158829300474,7.47840957999961,0.318128146589572,0,1,0,0,feasible_within_preferred_rpm
797,112.5,6687.40304976422,2.25,50,1100,500,1e-15,223.15,101325,10,10,1,2800,2800,9.16895174045723,0.833541067314294,322.824366021938,299.985299549375,237.376409368636,7.17563397806242,0.0147004506246162,0,1,0,0,feasible_within_preferred_rpm
798,125,6687.40304976422,2.5,50,1100,500,1e-15,223.15,101325,10,10,1,2775,2775,8.91531248027759,0.810482952752508,322.104986361095,299.268375653792,235.951925492617,7.89501363890537,0.731624346208093,0,1,0,0,feasible_within_preferred_rpm
799,137.5,6687.40304976422,2.75,50,1100,500,1e-15,223.15,101325,11,11,1,2725,2725,8.41784131421776,0.765258301292523,322.432379289968,299.600417861897,234.784694873356,7.56762071003152,0.399582138103085,0,1,0,0,feasible_within_preferred_rpm
800,150,6687.40304976422,3,50,1100,500,1e-15,223.15,101325,10,10,1,2700,2700,8.17719715141789,0.743381559219808,322.241665484586,299.409013381669,233.814667738433,7.75833451541371,0.590986618330533,0,1,0,0,feasible_within_preferred_rpm
801,162.5,6687.40304976422,3.25,50,1100,500,1e-15,223.15,101325,10,10,1,2675,2675,7.94085819517871,0.721896199561701,322.21982646993,299.387210371472,232.993645028123,7.78017353006999,0.612789628527764,0,1,0,0,feasible_within_preferred_rpm
802,175,6687.40304976422,3.5,50,1100,500,1e-15,223.15,101325,10,10,1,2650,2650,7.70899117853782,0.700817379867074,322.335731320701,299.504382704701,232.289558055414,7.66426867929897,0.495617295298928,0,1,0,0,feasible_within_preferred_rpm
803,187.5,6687.40304976422,3.75,50,1100,500,1e-15,223.15,101325,11,11,1,2625,2625,7.4814682438773,0.680133476716119,322.543664645135,299.719019933839,231.677908154392,7.45633535486502,0.280980066161362,0,1,0,0,feasible_within_preferred_rpm
804,200,6687.40304976422,4,50,1100,500,1e-15,223.15,101325,11,11,1,2625,2625,7.48290937720878,0.680264488837162,322.014445581475,299.187487419502,231.14554894286,7.98555441852517,0.812512580498151,0,1,0,0,feasible_within_preferred_rpm
805,212.5,6687.40304976422,4.25,50,1100,500,1e-15,223.15,101325,11,11,1,2600,2600,7.25968634601173,0.659971486001066,322.398830598756,299.576246352579,230.673703517381,7.60116940124442,0.423753647421222,0,1,0,0,feasible_within_preferred_rpm
806,225,6687.40304976422,4.5,50,1100,500,1e-15,223.15,101325,11,11,1,2600,2600,7.26075781067221,0.660068891879292,321.996710883934,299.169154589614,230.256858142449,8.00328911606567,0.830845410386019,0,1,0,0,feasible_within_preferred_rpm
807,237.5,6687.40304976422,4.75,50,1100,500,1e-15,223.15,101325,10,10,1,2575,2575,7.0416737040247,0.640152154911336,322.502941470335,299.678651932475,229.881687909597,7.49705852966508,0.321348067525321,0,1,0,0,feasible_within_preferred_rpm
808,250,6687.40304976422,5,50,1100,500,1e-15,223.15,101325,10,10,1,2575,2575,7.04252060177171,0.64022914561561,322.153448542323,299.330941536593,229.544780045902,7.84655145767726,0.669058463407055,0,1,0,0,feasible_within_preferred_rpm
809,262.5,6687.40304976422,5.25,50,1100,500,1e-15,223.15,101325,10,10,1,2550,2550,6.82776812864571,0.620706193513247,322.769844751822,299.947116408009,229.23991156904,7.23015524817816,0.0528835919906214,0,1,0,0,feasible_within_preferred_rpm
810,275,6687.40304976422,5.5,50,1100,500,1e-15,223.15,101325,10,10,1,2550,2550,6.82838685612931,0.620762441466301,322.491433428521,299.66771045236,228.963297693212,7.50856657147943,0.332289547639846,0,1,0,0,feasible_within_preferred_rpm
811,287.5,6687.40304976422,5.75,50,1100,500,1e-15,223.15,101325,10,10,1,2550,2550,6.82910377964352,0.620827616331229,322.223531431812,299.402980733169,228.710021248881,7.77646856818762,0.597019266830785,0,1,0,0,feasible_within_preferred_rpm
812,300,6687.40304976422,6,50,1100,500,1e-15,223.15,101325,10,10,1,2550,2550,6.8296762688903,0.620879660808209,321.993219755221,299.171592127392,228.478547849294,8.00678024477946,0.82840787260767,0,1,0,0,feasible_within_preferred_rpm
813,25,10000,0.5,50,1100,500,1e-15,223.15,101325,10,10,0,NaN,NaN,NaN,NaN,NaN,NaN,NaN,NaN,NaN,0,0,0,1,not_feasible_by_hard_rpm_cap
814,31.25,10000,0.625,50,1100,500,1e-15,223.15,101325,10,10,0,NaN,NaN,NaN,NaN,NaN,NaN,NaN,NaN,NaN,0,0,0,1,not_feasible_by_hard_rpm_cap
815,37.5,10000,0.75,50,1100,500,1e-15,223.15,101325,14,14,1,5050,5050,56.6913838328483,5.15376216662258,322.834090965684,299.965370438381,266.508663430033,7.16590903431626,0.0346295616192833,1,0,0,0,feasible_only_above_preferred_rpm_model_extrapolation
816,43.75,10000,0.875,50,1100,500,1e-15,223.15,101325,13,13,1,4125,4125,30.7203317253659,2.79275742957872,322.731961833174,299.867426091872,260.008757423166,7.26803816682622,0.13257390812754,0,1,0,0,feasible_within_preferred_rpm
817,50,10000,1,50,1100,500,1e-15,223.15,101325,11,11,1,3700,3700,21.9580372263499,1.99618520239544,322.861588853067,299.999550097236,255.310056583277,7.13841114693309,0.000449902763705268,0,1,0,0,feasible_within_preferred_rpm
818,56.25,10000,1.125,50,1100,500,1e-15,223.15,101325,12,12,1,3475,3475,18.0621963900487,1.64201785364079,322.547579445321,299.688843427991,251.698722284642,7.45242055467946,0.311156572009111,0,1,0,0,feasible_within_preferred_rpm
819,62.5,10000,1.25,50,1100,500,1e-15,223.15,101325,11,11,1,3300,3300,15.3670226559905,1.3970020596355,322.678010262988,299.823301767268,248.818794541904,7.32198973701173,0.176698232732008,0,1,0,0,feasible_within_preferred_rpm
820,68.75,10000,1.375,50,1100,500,1e-15,223.15,101325,11,11,1,3175,3175,13.6147586954981,1.23770533595438,322.769178666213,299.916187416504,246.47130551056,7.23082133378693,0.0838125834960124,0,1,0,0,feasible_within_preferred_rpm
821,75,10000,1.5,50,1100,500,1e-15,223.15,101325,12,12,1,3100,3100,12.6316695233771,1.14833359303429,322.398870626183,299.548779963598,244.519449330873,7.60112937381729,0.451220036402447,0,1,0,0,feasible_within_preferred_rpm
822,81.25,10000,1.625,50,1100,500,1e-15,223.15,101325,11,11,1,3025,3025,11.6958404363731,1.06325822148846,322.449163336337,299.599711671442,242.869617767353,7.55083666366335,0.400288328557508,0,1,0,0,feasible_within_preferred_rpm
823,87.5,10000,1.75,50,1100,500,1e-15,223.15,101325,10,10,1,2950,2950,10.8065891029861,0.982417191180556,322.837137155818,299.993009115218,241.452914915881,7.16286284418214,0.0069908847818283,0,1,0,0,feasible_within_preferred_rpm
824,93.75,10000,1.875,50,1100,500,1e-15,223.15,101325,10,10,1,2925,2925,10.5227787367869,0.956616248798813,322.248643515023,299.402577452164,240.23245592807,7.75135648497729,0.597422547836459,0,1,0,0,feasible_within_preferred_rpm
825,100,10000,2,50,1100,500,1e-15,223.15,101325,11,11,1,2875,2875,9.96614282868689,0.906012984426081,322.479333543403,299.636482497893,239.160450202893,7.52066645659704,0.363517502106504,0,1,0,0,feasible_within_preferred_rpm
826,112.5,10000,2.25,50,1100,500,1e-15,223.15,101325,10,10,1,2800,2800,9.16911754291704,0.833556140265186,322.757799066766,299.921349736062,237.375218732741,7.24220093323356,0.0786502639384707,0,1,0,0,feasible_within_preferred_rpm
827,125,10000,2.5,50,1100,500,1e-15,223.15,101325,11,11,1,2750,2750,8.66280584327682,0.787527803934257,322.789970839487,299.957259947964,235.949299856645,7.2100291605135,0.0427400520357537,0,1,0,0,feasible_within_preferred_rpm
828,137.5,10000,2.75,50,1100,500,1e-15,223.15,101325,11,11,1,2725,2725,8.41797265420363,0.765270241291239,322.383499972404,299.549967999151,234.785274781947,7.61650002759581,0.450032000848807,0,1,0,0,feasible_within_preferred_rpm
829,150,10000,3,50,1100,500,1e-15,223.15,101325,10,10,1,2700,2700,8.17733222615943,0.743393838741766,322.187025511684,299.354150064519,233.814744186519,7.81297448831623,0.645849935481465,0,1,0,0,feasible_within_preferred_rpm
830,162.5,10000,3.25,50,1100,500,1e-15,223.15,101325,10,10,1,2675,2675,7.94090348989972,0.72190031726361,322.166798040877,299.333078611162,232.993982876495,7.83320195912347,0.666921388837693,0,1,0,0,feasible_within_preferred_rpm
831,175,10000,3.5,50,1100,500,1e-15,223.15,101325,10,10,1,2650,2650,7.70919063502228,0.700835512274753,322.275355613906,299.445493416327,232.289135927409,7.72464438609387,0.554506583673231,0,1,0,0,feasible_within_preferred_rpm
832,187.5,10000,3.75,50,1100,500,1e-15,223.15,101325,11,11,1,2625,2625,7.48171686625938,0.680156078750852,322.498493332027,299.672222826502,231.678343220286,7.50150666797327,0.327777173497964,0,1,0,0,feasible_within_preferred_rpm
833,200,10000,4,50,1100,500,1e-15,223.15,101325,11,11,1,2600,2600,7.25849532653877,0.659863211503524,322.812857175743,299.99125380367,231.143639027366,7.18714282425674,0.00874619632958229,0,1,0,0,feasible_within_preferred_rpm
834,212.5,10000,4.25,50,1100,500,1e-15,223.15,101325,11,11,1,2600,2600,7.25979715709969,0.659981559736336,322.364042889249,299.536671310642,230.67482468814,7.63595711075089,0.463328689358434,0,1,0,0,feasible_within_preferred_rpm
835,225,10000,4.5,50,1100,500,1e-15,223.15,101325,11,11,1,2600,2600,7.26076976288725,0.660069978444296,321.944751531201,299.115646383065,230.257200249733,8.05524846879888,0.884353616934902,0,1,0,0,feasible_within_preferred_rpm
836,237.5,10000,4.75,50,1100,500,1e-15,223.15,101325,10,10,1,2575,2575,7.04181520099297,0.640165018272088,322.450987398651,299.625989032162,229.881836917935,7.54901260134909,0.374010967838274,0,1,0,0,feasible_within_preferred_rpm
837,250,10000,5,50,1100,500,1e-15,223.15,101325,10,10,1,2575,2575,7.04259926250445,0.640236296591314,322.097472079728,299.274752629531,229.544822871913,7.90252792027172,0.725247370468821,0,1,0,0,feasible_within_preferred_rpm
838,262.5,10000,5.25,50,1100,500,1e-15,223.15,101325,10,10,1,2550,2550,6.82789174497356,0.620717431361233,322.716598660744,299.893355491845,229.240009440984,7.2834013392565,0.106644508154886,0,1,0,0,feasible_within_preferred_rpm
839,275,10000,5.5,50,1100,500,1e-15,223.15,101325,10,10,1,2550,2550,6.82859543267275,0.62078140297025,322.431795316619,299.60955258484,228.96303341395,7.56820468338071,0.390447415160224,0,1,0,0,feasible_within_preferred_rpm
840,287.5,10000,5.75,50,1100,500,1e-15,223.15,101325,10,10,1,2550,2550,6.82915236843351,0.620832033493956,322.162417537733,299.342611332329,228.709894181995,7.83758246226671,0.657388667671114,0,1,0,0,feasible_within_preferred_rpm
841,300,10000,6,50,1100,500,1e-15,223.15,101325,10,10,1,2550,2550,6.8297175613455,0.620883414667773,321.933620687867,299.112347934736,228.478490135368,8.06637931213299,0.887652065263751,0,1,0,0,feasible_within_preferred_rpm
842,25,31622.7766016838,0.5,50,1100,500,1e-15,223.15,101325,10,10,0,NaN,NaN,NaN,NaN,NaN,NaN,NaN,NaN,NaN,0,0,0,1,not_feasible_by_hard_rpm_cap
843,31.25,31622.7766016838,0.625,50,1100,500,1e-15,223.15,101325,10,10,0,NaN,NaN,NaN,NaN,NaN,NaN,NaN,NaN,NaN,0,0,0,1,not_feasible_by_hard_rpm_cap
844,37.5,31622.7766016838,0.75,50,1100,500,1e-15,223.15,101325,14,14,1,5050,5050,56.6915704697894,5.15377913361722,322.758250115264,299.889507377421,266.508692593129,7.24174988473578,0.110492622579216,1,0,0,0,feasible_only_above_preferred_rpm_model_extrapolation
845,43.75,31622.7766016838,0.875,50,1100,500,1e-15,223.15,101325,13,13,1,4125,4125,30.7206547097936,2.79278679179942,322.655470329245,299.791167340148,260.008449710856,7.34452967075498,0.208832659851737,0,1,0,0,feasible_within_preferred_rpm
846,50,31622.7766016838,1,50,1100,500,1e-15,223.15,101325,11,11,1,3700,3700,21.9583907459388,1.99621734053989,322.782370352079,299.921167393311,255.309119774184,7.21762964792066,0.0788326066894456,0,1,0,0,feasible_within_preferred_rpm
847,56.25,31622.7766016838,1.125,50,1100,500,1e-15,223.15,101325,12,12,1,3475,3475,18.0625104437662,1.64204640397875,322.47613712038,299.616292317025,251.69980946316,7.52386287962031,0.38370768297483,0,1,0,0,feasible_within_preferred_rpm
848,62.5,31622.7766016838,1.25,50,1100,500,1e-15,223.15,101325,11,11,1,3300,3300,15.3673048164565,1.39702771058696,322.60951466101,299.7529567738,248.820401323959,7.39048533899035,0.247043226199537,0,1,0,0,feasible_within_preferred_rpm
849,68.75,31622.7766016838,1.375,50,1100,500,1e-15,223.15,101325,11,11,1,3175,3175,13.6150433058724,1.23773120962476,322.68888483452,299.836886392331,246.470533967785,7.31111516547958,0.16311360766889,0,1,0,0,feasible_within_preferred_rpm
850,75,31622.7766016838,1.5,50,1100,500,1e-15,223.15,101325,12,12,1,3100,3100,12.6319095902324,1.14835541729385,322.335275133242,299.482120060686,244.521620215477,7.66472486675769,0.517879939314128,0,1,0,0,feasible_within_preferred_rpm
851,81.25,31622.7766016838,1.625,50,1100,500,1e-15,223.15,101325,11,11,1,3025,3025,11.6960887456381,1.06328079505801,322.37351094799,299.523894066448,242.869727088405,7.62648905200996,0.476105933551878,0,1,0,0,feasible_within_preferred_rpm
852,87.5,31622.7766016838,1.75,50,1100,500,1e-15,223.15,101325,10,10,1,2950,2950,10.8068166525061,0.982437877500551,322.765417462737,299.92016874536,241.453586408903,7.23458253726341,0.0798312546402258,0,1,0,0,feasible_within_preferred_rpm
853,93.75,31622.7766016838,1.875,50,1100,500,1e-15,223.15,101325,10,10,1,2900,2900,10.2405951648502,0.930963196804564,322.800270052472,299.960912128457,240.227191330982,7.19972994752754,0.039087871543245,0,1,0,0,feasible_within_preferred_rpm
854,100,31622.7766016838,2,50,1100,500,1e-15,223.15,101325,11,11,1,2875,2875,9.96637961073029,0.90603451006639,322.392463120666,299.552083133477,239.159175020286,7.60753687933374,0.447916866522633,0,1,0,0,feasible_within_preferred_rpm
855,112.5,31622.7766016838,2.25,50,1100,500,1e-15,223.15,101325,10,10,1,2800,2800,9.16933356788327,0.83357577889848,322.674708141961,299.839796142603,237.374520566545,7.32529185803872,0.160203857396993,0,1,0,0,feasible_within_preferred_rpm
856,125,31622.7766016838,2.5,50,1100,500,1e-15,223.15,101325,11,11,1,2750,2750,8.66300904344053,0.787546276676412,322.709337419082,299.87756488598,235.948919775682,7.29066258091842,0.12243511402022,0,1,0,0,feasible_within_preferred_rpm
857,137.5,31622.7766016838,2.75,50,1100,500,1e-15,223.15,101325,11,11,1,2725,2725,8.41815679286635,0.765286981169668,322.314023634466,299.478793580501,234.785902200655,7.6859763655338,0.521206419499038,0,1,0,0,feasible_within_preferred_rpm
858,150,31622.7766016838,3,50,1100,500,1e-15,223.15,101325,10,10,1,2700,2700,8.17751381033107,0.743410346393734,322.116666257208,299.282294862024,233.815248965771,7.88333374279244,0.71770513797577,0,1,0,0,feasible_within_preferred_rpm
859,162.5,31622.7766016838,3.25,50,1100,500,1e-15,223.15,101325,10,10,1,2675,2675,7.94117206307829,0.721924733007118,322.091015672193,299.257563239375,232.993905953202,7.90898432780654,0.742436760624685,0,1,0,0,feasible_within_preferred_rpm
860,175,31622.7766016838,3.5,50,1100,500,1e-15,223.15,101325,10,10,1,2650,2650,7.70937912463803,0.700852647694367,322.204441505565,299.373295348021,232.289505159239,7.7955584944354,0.626704651978741,0,1,0,0,feasible_within_preferred_rpm
861,187.5,31622.7766016838,3.75,50,1100,500,1e-15,223.15,101325,11,11,1,2625,2625,7.48177703537291,0.680161548670264,322.436136937827,299.605900276238,231.679400454328,7.56386306217325,0.394099723761997,0,1,0,0,feasible_within_preferred_rpm
862,200,31622.7766016838,4,50,1100,500,1e-15,223.15,101325,11,11,1,2600,2600,7.25877908344873,0.659889007586249,322.74747710635,299.92400327203,231.144107246099,7.25252289365,0.0759967279697662,0,1,0,0,feasible_within_preferred_rpm
863,212.5,31622.7766016838,4.25,50,1100,500,1e-15,223.15,101325,11,11,1,2600,2600,7.25998861930505,0.659998965391368,322.280167745072,299.454504475621,230.674426640809,7.71983225492795,0.545495524378907,0,1,0,0,feasible_within_preferred_rpm
864,225,31622.7766016838,4.5,50,1100,500,1e-15,223.15,101325,10,10,1,2575,2575,7.04107379504385,0.640097617731259,322.732031485314,299.912075085616,230.254681708483,7.26796851468629,0.0879249143835636,0,1,0,0,feasible_within_preferred_rpm
865,237.5,31622.7766016838,4.75,50,1100,500,1e-15,223.15,101325,10,10,1,2575,2575,7.04193749400919,0.640176135819017,322.365200646272,299.541910669263,229.881481710066,7.63479935372789,0.458089330737437,0,1,0,0,feasible_within_preferred_rpm
866,250,31622.7766016838,5,50,1100,500,1e-15,223.15,101325,10,10,1,2575,2575,7.04283049282959,0.640257317529962,322.050925224906,299.221789821542,229.546094315969,7.94907477509383,0.778210178457755,0,1,0,0,feasible_within_preferred_rpm
867,262.5,31622.7766016838,5.25,50,1100,500,1e-15,223.15,101325,10,10,1,2550,2550,6.82808579610686,0.620735072373351,322.62831581034,299.807817911507,229.239494259134,7.3716841896603,0.192182088493439,0,1,0,0,feasible_within_preferred_rpm
868,275,31622.7766016838,5.5,50,1100,500,1e-15,223.15,101325,10,10,1,2550,2550,6.82878395564997,0.620798541422725,322.340784724138,299.521867988541,228.962437996523,7.65921527586192,0.478132011459195,0,1,0,0,feasible_within_preferred_rpm
869,287.5,31622.7766016838,5.75,50,1100,500,1e-15,223.15,101325,10,10,1,2550,2550,6.82940314935099,0.620854831759181,322.094619247437,299.27335593327,228.710145660062,7.90538075256251,0.726644066729534,0,1,0,0,feasible_within_preferred_rpm
870,300,31622.7766016838,6,50,1100,500,1e-15,223.15,101325,10,10,1,2525,2525,6.61889659558691,0.601717872326083,322.797029758339,299.978266640454,228.47771761253,7.20297024166149,0.0217333595463742,0,1,0,0,feasible_within_preferred_rpm
871,25,100000,0.5,50,1100,500,1e-15,223.15,101325,10,10,0,NaN,NaN,NaN,NaN,NaN,NaN,NaN,NaN,NaN,0,0,0,1,not_feasible_by_hard_rpm_cap
872,31.25,100000,0.625,50,1100,500,1e-15,223.15,101325,10,10,0,NaN,NaN,NaN,NaN,NaN,NaN,NaN,NaN,NaN,0,0,0,1,not_feasible_by_hard_rpm_cap
873,37.5,100000,0.75,50,1100,500,1e-15,223.15,101325,14,14,1,5025,5025,55.8499336991703,5.07726669992457,322.847292722589,299.980672380027,266.493912011923,7.15270727741057,0.0193276199726711,1,0,0,0,feasible_only_above_preferred_rpm_model_extrapolation
874,43.75,100000,0.875,50,1100,500,1e-15,223.15,101325,13,13,1,4125,4125,30.7207483694534,2.79279530631395,322.635836313434,299.77047355241,260.0098442837,7.36416368656597,0.229526447590331,0,1,0,0,feasible_within_preferred_rpm
875,50,100000,1,50,1100,500,1e-15,223.15,101325,11,11,1,3700,3700,21.9584899104898,1.99622635549907,322.763054557777,299.900705236484,255.310406493861,7.23694544222275,0.0992947635162409,0,1,0,0,feasible_within_preferred_rpm
876,56.25,100000,1.125,50,1100,500,1e-15,223.15,101325,11,11,1,3450,3450,17.6582927360767,1.60529933964334,322.845466276763,299.98821651755,251.693576309094,7.15453372323708,0.0117834824498573,0,1,0,0,feasible_within_preferred_rpm
877,62.5,100000,1.25,50,1100,500,1e-15,223.15,101325,11,11,1,3300,3300,15.3674240988265,1.39703855443877,322.57320971601,299.71963494507,248.817813372011,7.42679028399021,0.28036505493003,0,1,0,0,feasible_within_preferred_rpm
878,68.75,100000,1.375,50,1100,500,1e-15,223.15,101325,11,11,1,3175,3175,13.6151207373261,1.23773824884782,322.669907806307,299.816670304057,246.471500292122,7.33009219369325,0.183329695942518,0,1,0,0,feasible_within_preferred_rpm
879,75,100000,1.5,50,1100,500,1e-15,223.15,101325,12,12,1,3100,3100,12.6319935143387,1.14836304675806,322.310742821771,299.457688234841,244.521549826858,7.68925717822935,0.542311765159184,0,1,0,0,feasible_within_preferred_rpm
880,81.25,100000,1.625,50,1100,500,1e-15,223.15,101325,11,11,1,3025,3025,11.6961727557521,1.0632884323411,322.345870644318,299.497095388873,242.869182533475,7.65412935568236,0.502904611127235,0,1,0,0,feasible_within_preferred_rpm
881,87.5,100000,1.75,50,1100,500,1e-15,223.15,101325,10,10,1,2950,2950,10.8069157914031,0.982446890127557,322.725777593048,299.884226581748,241.451378868801,7.27422240695228,0.115773418251877,0,1,0,0,feasible_within_preferred_rpm
882,93.75,100000,1.875,50,1100,500,1e-15,223.15,101325,10,10,1,2900,2900,10.2406458588518,0.930967805350163,322.789490143473,299.946943920451,240.228958533116,7.21050985652715,0.0530560795489805,0,1,0,0,feasible_within_preferred_rpm
883,100,100000,2,50,1100,500,1e-15,223.15,101325,11,11,1,2875,2875,9.96641927134312,0.906038115576648,322.388459323218,299.543267705838,239.161663062683,7.61154067678211,0.45673229416218,0,1,0,0,feasible_within_preferred_rpm
884,112.5,100000,2.25,50,1100,500,1e-15,223.15,101325,10,10,1,2800,2800,9.16938082354497,0.833580074867725,322.663438843472,299.825466204504,237.37591544837,7.33656115652798,0.174533795495847,0,1,0,0,feasible_within_preferred_rpm
885,125,100000,2.5,50,1100,500,1e-15,223.15,101325,11,11,1,2750,2750,8.66305371918936,0.787550338108123,322.69832116048,299.863437341358,235.950187475652,7.30167883951992,0.136562658641537,0,1,0,0,feasible_within_preferred_rpm
886,137.5,100000,2.75,50,1100,500,1e-15,223.15,101325,11,11,1,2725,2725,8.41821056859065,0.765291869871878,322.295552165011,299.458961044091,234.786404134143,7.7044478349888,0.541038955908505,0,1,0,0,feasible_within_preferred_rpm
887,150,100000,3,50,1100,500,1e-15,223.15,101325,10,10,1,2700,2700,8.17756084888219,0.743414622625654,322.102609862463,299.26583669795,233.816056942074,7.89739013753734,0.734163302049694,0,1,0,0,feasible_within_preferred_rpm
888,162.5,100000,3.25,50,1100,500,1e-15,223.15,101325,10,10,1,2675,2675,7.94125922711371,0.721932657010337,322.070045969977,299.236007789393,232.994088589425,7.92995403002271,0.763992210607057,0,1,0,0,feasible_within_preferred_rpm
889,175,100000,3.5,50,1100,500,1e-15,223.15,101325,10,10,1,2650,2650,7.70942856241507,0.700857142037733,322.190360083216,299.356856320441,232.290180321198,7.80963991678391,0.643143679559273,0,1,0,0,feasible_within_preferred_rpm
890,187.5,100000,3.75,50,1100,500,1e-15,223.15,101325,11,11,1,2625,2625,7.4819571445944,0.680177922235854,322.410641057777,299.581432215016,231.679128073391,7.58935894222276,0.418567784983736,0,1,0,0,feasible_within_preferred_rpm
891,200,100000,4,50,1100,500,1e-15,223.15,101325,11,11,1,2600,2600,7.25882021922614,0.659892747202376,322.738092662144,299.911187606609,231.144962280369,7.26190733785637,0.0888123933905831,0,1,0,0,feasible_within_preferred_rpm
892,212.5,100000,4.25,50,1100,500,1e-15,223.15,101325,11,11,1,2600,2600,7.25996781061569,0.659997073692336,322.257882528693,299.431293864024,230.674643189701,7.74211747130681,0.568706135975845,0,1,0,0,feasible_within_preferred_rpm
893,225,100000,4.5,50,1100,500,1e-15,223.15,101325,10,10,1,2575,2575,7.04112749221865,0.640102499292604,322.710322378228,299.889789770448,230.254809257941,7.2896776217724,0.110210229552479,0,1,0,0,feasible_within_preferred_rpm
894,237.5,100000,4.75,50,1100,500,1e-15,223.15,101325,10,10,1,2575,2575,7.04203465016261,0.640184968196601,322.346174152184,299.521984727057,229.881670029532,7.65382584781622,0.478015272943423,0,1,0,0,feasible_within_preferred_rpm
895,250,100000,5,50,1100,500,1e-15,223.15,101325,10,10,1,2575,2575,7.04290209938918,0.640263827217199,322.001051404561,299.177794124049,229.544931549497,7.99894859543878,0.822205875951397,0,1,0,0,feasible_within_preferred_rpm
896,262.5,100000,5.25,50,1100,500,1e-15,223.15,101325,10,10,1,2550,2550,6.82815365023068,0.620741240930062,322.592685143986,299.774824492175,229.238998445706,7.40731485601447,0.225175507825043,0,1,0,0,feasible_within_preferred_rpm
897,275,100000,5.5,50,1100,500,1e-15,223.15,101325,10,10,1,2550,2550,6.8287166994494,0.620792427222673,322.341833313586,299.516440805097,228.963599842053,7.65816668641435,0.483559194902966,0,1,0,0,feasible_within_preferred_rpm
898,287.5,100000,5.75,50,1100,500,1e-15,223.15,101325,10,10,1,2550,2550,6.82943367411349,0.62085760673759,322.093696389139,299.267041794533,228.71107033646,7.90630361086073,0.7329582054669,0,1,0,0,feasible_within_preferred_rpm
899,300,100000,6,50,1100,500,1e-15,223.15,101325,10,10,1,2525,2525,6.61895357980274,0.60172305270934,322.766685011907,299.949306996777,228.47749069706,7.23331498809284,0.0506930032234436,0,1,0,0,feasible_within_preferred_rpm
900,25,316227.766016838,0.5,50,1100,500,1e-15,223.15,101325,10,10,0,NaN,NaN,NaN,NaN,NaN,NaN,NaN,NaN,NaN,0,0,0,1,not_feasible_by_hard_rpm_cap
901,31.25,316227.766016838,0.625,50,1100,500,1e-15,223.15,101325,10,10,0,NaN,NaN,NaN,NaN,NaN,NaN,NaN,NaN,NaN,0,0,0,1,not_feasible_by_hard_rpm_cap
902,37.5,316227.766016838,0.75,50,1100,500,1e-15,223.15,101325,14,14,1,5025,5025,55.8499521687279,5.07726837897527,322.846364611141,299.978072567313,266.496570662171,7.15363538885896,0.021927432687221,1,0,0,0,feasible_only_above_preferred_rpm_model_extrapolation
903,43.75,316227.766016838,0.875,50,1100,500,1e-15,223.15,101325,13,13,1,4100,4100,30.1521516542676,2.74110469584251,322.85650558206,299.992212748227,260.001807074933,7.14349441793968,0.00778725177337947,0,1,0,0,feasible_within_preferred_rpm
904,50,316227.766016838,1,50,1100,500,1e-15,223.15,101325,11,11,1,3700,3700,21.958525686096,1.99622960782691,322.754724438464,299.892559072661,255.310200171052,7.24527556153572,0.107440927339496,0,1,0,0,feasible_within_preferred_rpm
905,56.25,316227.766016838,1.125,50,1100,500,1e-15,223.15,101325,11,11,1,3450,3450,17.6583300545268,1.60530273222971,322.835356722065,299.978721197632,251.692975540856,7.164643277935,0.0212788023675898,0,1,0,0,feasible_within_preferred_rpm
906,62.5,316227.766016838,1.25,50,1100,500,1e-15,223.15,101325,11,11,1,3300,3300,15.3674267602613,1.39703879638739,322.57867450075,299.721914664585,248.820577421295,7.42132549925026,0.278085335414801,0,1,0,0,feasible_within_preferred_rpm
907,68.75,316227.766016838,1.375,50,1100,500,1e-15,223.15,101325,11,11,1,3175,3175,13.6151574405382,1.23774158550347,322.657541815216,299.805454420829,246.470604181877,7.34245818478422,0.194545579170608,0,1,0,0,feasible_within_preferred_rpm
908,75,316227.766016838,1.5,50,1100,500,1e-15,223.15,101325,11,11,1,3075,3075,12.3129163158341,1.1193560287122,322.836265023724,299.989480854035,244.514924373966,7.16373497627569,0.0105191459653611,0,1,0,0,feasible_within_preferred_rpm
909,81.25,316227.766016838,1.625,50,1100,500,1e-15,223.15,101325,11,11,1,3025,3025,11.696200434118,1.06329094855618,322.337008267388,299.488531215078,242.868989571904,7.66299173261234,0.511468784921874,0,1,0,0,feasible_within_preferred_rpm
910,87.5,316227.766016838,1.75,50,1100,500,1e-15,223.15,101325,10,10,1,2950,2950,10.806908492586,0.982446226598723,322.737073870884,299.890997989733,241.454081315467,7.26292612911556,0.109002010267261,0,1,0,0,feasible_within_preferred_rpm
911,93.75,316227.766016838,1.875,50,1100,500,1e-15,223.15,101325,10,10,1,2900,2900,10.2406893582506,0.930971759840968,322.768168825826,299.928877695557,240.22715523819,7.23183117417449,0.0711223044431222,0,1,0,0,feasible_within_preferred_rpm
912,100,316227.766016838,2,50,1100,500,1e-15,223.15,101325,11,11,1,2875,2875,9.96646022826302,0.906041838933002,322.368125471534,299.52595780534,239.160100067348,7.63187452846648,0.47404219465983,0,1,0,0,feasible_within_preferred_rpm
913,112.5,316227.766016838,2.25,50,1100,500,1e-15,223.15,101325,10,10,1,2800,2800,9.16940384480611,0.833582167709647,322.654141651887,299.81655712098,237.375738867877,7.34585834811321,0.183442879020163,0,1,0,0,feasible_within_preferred_rpm
914,125,316227.766016838,2.5,50,1100,500,1e-15,223.15,101325,11,11,1,2750,2750,8.66307286360833,0.787552078509849,322.691072367455,299.856090990019,235.950227410215,7.30892763254468,0.143909009981314,0,1,0,0,feasible_within_preferred_rpm
915,137.5,316227.766016838,2.75,50,1100,500,1e-15,223.15,101325,11,11,1,2725,2725,8.41823417086213,0.765294015532921,322.284543707123,299.448739731775,234.786114408343,7.71545629287715,0.551260268225462,0,1,0,0,feasible_within_preferred_rpm
916,150,316227.766016838,3,50,1100,500,1e-15,223.15,101325,10,10,1,2700,2700,8.17757454594162,0.743415867812875,322.098924211956,299.261212503567,233.816372628193,7.90107578804378,0.738787496432565,0,1,0,0,feasible_within_preferred_rpm
917,162.5,316227.766016838,3.25,50,1100,500,1e-15,223.15,101325,10,10,1,2675,2675,7.94118764436933,0.721926149488121,322.065172651454,299.229970418515,232.994444101679,7.93482734854598,0.770029581485403,0,1,0,0,feasible_within_preferred_rpm
918,175,316227.766016838,3.5,50,1100,500,1e-15,223.15,101325,10,10,1,2650,2650,7.70944073775242,0.700858248886584,322.184420861059,299.350486494794,232.290303687019,7.81557913894142,0.64951350520596,0,1,0,0,feasible_within_preferred_rpm
919,187.5,316227.766016838,3.75,50,1100,500,1e-15,223.15,101325,11,11,1,2625,2625,7.48197896364747,0.680179905786134,322.395720743315,299.568174300608,231.678685509296,7.60427925668517,0.431825699392164,0,1,0,0,feasible_within_preferred_rpm
920,200,316227.766016838,4,50,1100,500,1e-15,223.15,101325,11,11,1,2600,2600,7.25883912138239,0.659894465580218,322.720754948402,299.896031080806,231.144419186838,7.27924505159802,0.103968919193733,0,1,0,0,feasible_within_preferred_rpm
921,212.5,316227.766016838,4.25,50,1100,500,1e-15,223.15,101325,11,11,1,2600,2600,7.26006905873534,0.660006278066849,322.240841869201,299.416892248855,230.674026395984,7.75915813079911,0.583107751144951,0,1,0,0,feasible_within_preferred_rpm
922,225,316227.766016838,4.5,50,1100,500,1e-15,223.15,101325,10,10,1,2575,2575,7.04114118768198,0.640103744334725,322.713008643655,299.890133675026,230.255325946614,7.28699135634469,0.109866324974234,0,1,0,0,feasible_within_preferred_rpm
923,237.5,316227.766016838,4.75,50,1100,500,1e-15,223.15,101325,10,10,1,2575,2575,7.04207335016723,0.640188486378839,322.338162260822,299.514187954574,229.881625415973,7.66183773917805,0.485812045425916,0,1,0,0,feasible_within_preferred_rpm
924,250,316227.766016838,5,50,1100,500,1e-15,223.15,101325,10,10,1,2575,2575,7.04292879834146,0.640266254394678,321.993858424926,299.17055554225,229.544940763108,8.0061415750742,0.829444457749844,0,1,0,0,feasible_within_preferred_rpm
925,262.5,316227.766016838,5.25,50,1100,500,1e-15,223.15,101325,10,10,1,2550,2550,6.82811482535363,0.620737711395784,322.608671952229,299.785153322186,229.24006310382,7.39132804777131,0.214846677814251,0,1,0,0,feasible_within_preferred_rpm
926,275,316227.766016838,5.5,50,1100,500,1e-15,223.15,101325,10,10,1,2550,2550,6.82884560907272,0.620804146279338,322.33257423934,299.508286972462,228.963402176038,7.66742576065957,0.491713027538481,0,1,0,0,feasible_within_preferred_rpm
927,287.5,316227.766016838,5.75,50,1100,500,1e-15,223.15,101325,10,10,1,2550,2550,6.82947303923356,0.620861185384869,322.065080288736,299.24327676812,228.710238807965,7.93491971126406,0.756723231879903,0,1,0,0,feasible_within_preferred_rpm
928,300,316227.766016838,6,50,1100,500,1e-15,223.15,101325,10,10,1,2525,2525,6.61894925802901,0.601722659820819,322.758521962833,299.941110362312,228.477496241579,7.24147803716716,0.0588896376876278,0,1,0,0,feasible_within_preferred_rpm
929,25,1000000,0.5,50,1100,500,1e-15,223.15,101325,10,10,0,NaN,NaN,NaN,NaN,NaN,NaN,NaN,NaN,NaN,0,0,0,1,not_feasible_by_hard_rpm_cap
930,31.25,1000000,0.625,50,1100,500,1e-15,223.15,101325,10,10,0,NaN,NaN,NaN,NaN,NaN,NaN,NaN,NaN,NaN,0,0,0,1,not_feasible_by_hard_rpm_cap
931,37.5,1000000,0.75,50,1100,500,1e-15,223.15,101325,14,14,1,5025,5025,55.8499578359028,5.07726889417298,322.847710493036,299.978478967503,266.498064977299,7.15228950696411,0.021521032496878,1,0,0,0,feasible_only_above_preferred_rpm_model_extrapolation
932,43.75,1000000,0.875,50,1100,500,1e-15,223.15,101325,13,13,1,4100,4100,30.1521743204887,2.74110675640806,322.847571367991,299.984904276489,259.999668189914,7.15242863200922,0.0150957235113083,0,1,0,0,feasible_within_preferred_rpm
933,50,1000000,1,50,1100,500,1e-15,223.15,101325,11,11,1,3700,3700,21.9585282441039,1.99622984037308,322.756027430334,299.892950996783,255.311222569457,7.24397256966608,0.107049003217242,0,1,0,0,feasible_within_preferred_rpm
934,56.25,1000000,1.125,50,1100,500,1e-15,223.15,101325,11,11,1,3450,3450,17.6583402138363,1.6053036558033,322.832731822584,299.976150044256,251.692923002426,7.16726817741591,0.0238499557436285,0,1,0,0,feasible_within_preferred_rpm
935,62.5,1000000,1.25,50,1100,500,1e-15,223.15,101325,11,11,1,3300,3300,15.367428226086,1.39703892964418,322.579966620378,299.722305188221,248.821359845293,7.42003337962223,0.277694811778986,0,1,0,0,feasible_within_preferred_rpm
936,68.75,1000000,1.375,50,1100,500,1e-15,223.15,101325,11,11,1,3175,3175,13.6151584915858,1.23774168105326,322.65904000372,299.806006208451,246.471341819514,7.34095999628033,0.193993791549303,0,1,0,0,feasible_within_preferred_rpm
937,75,1000000,1.5,50,1100,500,1e-15,223.15,101325,11,11,1,3075,3075,12.3129278428014,1.11935707661831,322.831926622198,299.985605750103,244.514596772754,7.16807337780187,0.0143942498971228,0,1,0,0,feasible_within_preferred_rpm
938,81.25,1000000,1.625,50,1100,500,1e-15,223.15,101325,11,11,1,3025,3025,11.6962115332102,1.06329195756457,322.332661896205,299.484650394954,242.868688023739,7.66733810379486,0.515349605046367,0,1,0,0,feasible_within_preferred_rpm
939,87.5,1000000,1.75,50,1100,500,1e-15,223.15,101325,10,10,1,2950,2950,10.8069461550822,0.982449650462023,322.716019664608,299.874397916964,241.451421401764,7.28398033539162,0.125602083035631,0,1,0,0,feasible_within_preferred_rpm
940,93.75,1000000,1.875,50,1100,500,1e-15,223.15,101325,10,10,1,2900,2900,10.2406929545859,0.930972086780539,322.768010717293,299.928181828938,240.227453257506,7.23198928270716,0.0718181710622048,0,1,0,0,feasible_within_preferred_rpm
941,100,1000000,2,50,1100,500,1e-15,223.15,101325,11,11,1,2875,2875,9.96645861046792,0.90604169186072,322.371552351823,299.527991233973,239.160820476297,7.62844764817743,0.472008766027045,0,1,0,0,feasible_within_preferred_rpm
942,112.5,1000000,2.25,50,1100,500,1e-15,223.15,101325,10,10,1,2800,2800,9.16939768836517,0.833581608033197,322.660690377421,299.820984529789,237.376705254747,7.33930962257949,0.179015470210572,0,1,0,0,feasible_within_preferred_rpm
943,125,1000000,2.5,50,1100,500,1e-15,223.15,101325,11,11,1,2750,2750,8.66307873317119,0.787552612106472,322.689054814821,299.85397819253,235.950266264492,7.31094518517915,0.146021807469594,0,1,0,0,feasible_within_preferred_rpm
944,137.5,1000000,2.75,50,1100,500,1e-15,223.15,101325,11,11,1,2725,2725,8.41823599756685,0.765294181596987,322.285180286196,299.448654023885,234.78638050084,7.71481971380393,0.551345976114817,0,1,0,0,feasible_within_preferred_rpm
945,150,1000000,3,50,1100,500,1e-15,223.15,101325,10,10,1,2700,2700,8.17760102500791,0.743418275000719,322.080134202714,299.246274380919,233.815077839244,7.91986579728649,0.753725619080683,0,1,0,0,feasible_within_preferred_rpm
946,162.5,1000000,3.25,50,1100,500,1e-15,223.15,101325,10,10,1,2675,2675,7.94128447573402,0.721934952339456,322.060190074984,299.226103186656,232.994103893921,7.93980992501571,0.773896813343697,0,1,0,0,feasible_within_preferred_rpm
947,175,1000000,3.5,50,1100,500,1e-15,223.15,101325,10,10,1,2650,2650,7.70938445653613,0.700853132412375,322.173545688929,299.341156195033,232.289858851859,7.82645431107147,0.658843804967375,0,1,0,0,feasible_within_preferred_rpm
948,187.5,1000000,3.75,50,1100,500,1e-15,223.15,101325,11,11,1,2625,2625,7.48184649611806,0.68016786328346,322.401664767569,299.571386846776,231.679412119096,7.59833523243111,0.428613153224035,0,1,0,0,feasible_within_preferred_rpm
949,200,1000000,4,50,1100,500,1e-15,223.15,101325,11,11,1,2600,2600,7.25881175247206,0.65989197749746,322.703550099785,299.881941033963,231.143643231323,7.29644990021495,0.118058966036813,0,1,0,0,feasible_within_preferred_rpm
950,212.5,1000000,4.25,50,1100,500,1e-15,223.15,101325,11,11,1,2600,2600,7.26007901563153,0.66000718323923,322.242817403675,299.417902421782,230.674252334657,7.75718259632487,0.582097578217827,0,1,0,0,feasible_within_preferred_rpm
951,225,1000000,4.5,50,1100,500,1e-15,223.15,101325,10,10,1,2575,2575,7.04112809549289,0.640102554135717,322.720748777085,299.895476797926,230.25585449647,7.27925122291543,0.104523202074461,0,1,0,0,feasible_within_preferred_rpm
952,237.5,1000000,4.75,50,1100,500,1e-15,223.15,101325,10,10,1,2575,2575,7.04208802397323,0.640189820361203,322.32712580239,299.50514569456,229.881209515414,7.67287419760981,0.494854305439674,0,1,0,0,feasible_within_preferred_rpm
953,250,1000000,5,50,1100,500,1e-15,223.15,101325,10,10,1,2575,2575,7.04290617204752,0.640264197458866,322.016879292395,299.187660752137,229.546111373683,7.98312070760488,0.812339247863122,0,1,0,0,feasible_within_preferred_rpm
954,262.5,1000000,5.25,50,1100,500,1e-15,223.15,101325,10,10,1,2550,2550,6.8281743509234,0.620743122811218,322.584425870242,299.766144723347,229.239077753062,7.41557412975811,0.233855276652605,0,1,0,0,feasible_within_preferred_rpm
955,275,1000000,5.5,50,1100,500,1e-15,223.15,101325,10,10,1,2550,2550,6.82881495904952,0.620801359913593,322.33133568882,299.506541877308,228.963492940497,7.66866431118024,0.493458122691834,0,1,0,0,feasible_within_preferred_rpm
956,287.5,1000000,5.75,50,1100,500,1e-15,223.15,101325,10,10,1,2550,2550,6.82947906198118,0.62086173290738,322.062275613393,299.240561290231,228.710223557432,7.93772438660704,0.759438709769427,0,1,0,0,feasible_within_preferred_rpm
957,300,1000000,6,50,1100,500,1e-15,223.15,101325,10,10,1,2525,2525,6.6189731740068,0.601724834000619,322.759186697352,299.941215648108,228.47758817948,7.24081330264829,0.0587843518919726,0,1,0,0,feasible_within_preferred_rpm
