file,status,before_sha256,after_sha256
.gitattributes,unchanged,f1b6f9689b56512a2e97c9c292ce30e70bb65eeb09ea65fa14b0697857f1dfc0,f1b6f9689b56512a2e97c9c292ce30e70bb65eeb09ea65fa14b0697857f1dfc0
.gitignore,unchanged,513992402fb041d0fa645777482cc3c2aeead58b11fc2ccd759c223a38a313bd,513992402fb041d0fa645777482cc3c2aeead58b11fc2ccd759c223a38a313bd
CITATION.cff,modified,0708d013deff3a3fd85a0cf93930be530db005d2e837410fce236d582b2dc0ff,e1798341b3c26edbe9492ab8a65d96dad9d5c73417d78ed5413331541a8e79a2
LICENSE,unchanged,87515410e65eb7aef331af6891f46948af6badfa3ada435287dc2ce3ca14248c,87515410e65eb7aef331af6891f46948af6badfa3ada435287dc2ce3ca14248c
LICENSE-DATA-MEDIA.md,unchanged,33de2c5d93319311486a3451d5e2898cdf48956e8f26f17bb3fc3cdb3c608b06,33de2c5d93319311486a3451d5e2898cdf48956e8f26f17bb3fc3cdb3c608b06
LICENSES/CC-BY-4.0.txt,unchanged,b62b3eb8debb13c9c60588e4a283a24ee10c072620b2927c9dd4ef99f8d2d9a1,b62b3eb8debb13c9c60588e4a283a24ee10c072620b2927c9dd4ef99f8d2d9a1
README.md,modified,ef96a85d265b14d40e9af10b48c280bf4ad875e73a47f18b67f0588b7b3e282e,8bd2a84040cfe8720afa0cd6d543eb9a28aaa0837ff21162f86524fffc009f90
RELEASE_NOTES.md,modified,a5ef4456851cf224fd2cf66fc754e4de9597ab191842e89dec4b42bdb7d236bf,d1ecf2a60fc073866d504e048cb1f119ef30a35ecccb1302d79d3a484ec7dc01
THIRD_PARTY_NOTICES.md,unchanged,2809d20bf46cd013a7344f71a5cfae66c292eb4f29882da1a13d4232c954c867,2809d20bf46cd013a7344f71a5cfae66c292eb4f29882da1a13d4232c954c867
VERSION,modified,01c0f7d03b9babc6fef8d759c4202fdd1b0235a589c798e3b8e37accb06ad5ce,59854984853104df5c353e2f681a15fc7924742f9a2e468c29af248dce45ce03
code/common/haps_allocation.m,unchanged,e459d32d1d95c4c9fb8afe024c954dc3c71bd459b7a2352602c7519433952a9c,e459d32d1d95c4c9fb8afe024c954dc3c71bd459b7a2352602c7519433952a9c
code/common/haps_logical.m,unchanged,89e575c473ca7ceefce3a3eeab614f5ec5f7c403c21d5da6bbfc1b3a796e8ff0,89e575c473ca7ceefce3a3eeab614f5ec5f7c403c21d5da6bbfc1b3a796e8ff0
code/common/haps_new_output_dir.m,unchanged,015ab924fa1b53147261e2cf734bb0eddfa9bc3c422f0ad3d2e7ef10a68e507d,015ab924fa1b53147261e2cf734bb0eddfa9bc3c422f0ad3d2e7ef10a68e507d
code/common/haps_new_output_file.m,unchanged,38642cc7dec149d4447e1e0c574f54f6cef7344b417e746f72ccc28256e9c046,38642cc7dec149d4447e1e0c574f54f6cef7344b417e746f72ccc28256e9c046
code/common/haps_paths.m,unchanged,805b4a6110b6fd87764a4de6837fd284245538e72da622401309ef3cd91d624b,805b4a6110b6fd87764a4de6837fd284245538e72da622401309ef3cd91d624b
code/common/haps_require_file.m,unchanged,d548e1fa0803aa7d976425028bf8beff52ab607de8679f6f6f71db4961d357b6,d548e1fa0803aa7d976425028bf8beff52ab607de8679f6f6f71db4961d357b6
code/common/haps_sha256.m,unchanged,37d7b5044bfe5dc3e2796645feafcd4acea2ad7ba44c41e1c35a203e6df3b96e,37d7b5044bfe5dc3e2796645feafcd4acea2ad7ba44c41e1c35a203e6df3b96e
code/common/read_model_manifest.m,unchanged,177ced28bff8bd80e2f03c04e4c1941ff5cbfb03ccfec4b1093cb959ef315b2f,177ced28bff8bd80e2f03c04e4c1941ff5cbfb03ccfec4b1093cb959ef315b2f
code/communication/run_communication_analysis.m,unchanged,dc2dc1b5fedaa41dd479c764bc7180405cb718c629a768c841c8f9400b11fa1f,dc2dc1b5fedaa41dd479c764bc7180405cb718c629a768c841c8f9400b11fa1f
code/figures/build_supplementary_table6.m,unchanged,ff7c1de5668de6e9c4de4adfd72bc4dddd1fdb0f4e96ea997f50b64cb4183e2a,ff7c1de5668de6e9c4de4adfd72bc4dddd1fdb0f4e96ea997f50b64cb4183e2a
code/figures/export_downstream_supplementary_tables.m,unchanged,c6891e033f0375f6bfb58a4b6120ebd6ec70fb252cdb494040ad4e01cf8fa70e,c6891e033f0375f6bfb58a4b6120ebd6ec70fb252cdb494040ad4e01cf8fa70e
code/figures/export_upstream_supplementary_tables.m,unchanged,081c58c69dd24f4e6df5f8f1fb2e93592af262ec2d368ebf8cf05dfb4ffc4da8,081c58c69dd24f4e6df5f8f1fb2e93592af262ec2d368ebf8cf05dfb4ffc4da8
code/figures/haps_export_figure.m,unchanged,984d0d719925efc8df638940e97ace0ba027ce1f794b33ecf91374bd98f371a3,984d0d719925efc8df638940e97ace0ba027ce1f794b33ecf91374bd98f371a3
code/figures/plot_release_figures.m,unchanged,df95aec58fca0ac812378a0fd675b5a6c62d0585eb0b122b4910d9e18fe6397a,df95aec58fca0ac812378a0fd675b5a6c62d0585eb0b122b4910d9e18fe6397a
code/figures/plot_serving_figures.m,unchanged,a7b58b5cdcb1539653652d797c35b7049517510ed02a8944fde3c2e014dc001a,a7b58b5cdcb1539653652d797c35b7049517510ed02a8944fde3c2e014dc001a
code/figures/plot_thermal_reference_figures.m,unchanged,6592bd4fbd19e1c1982920bd415a001691409d7ab62106834af69523c55996a3,6592bd4fbd19e1c1982920bd415a001691409d7ab62106834af69523c55996a3
code/figures/plot_workload_figures.m,unchanged,bfaf9b75672f77f04df89852f6ea62770803083686ab7723539622b704482a1f,bfaf9b75672f77f04df89852f6ea62770803083686ab7723539622b704482a1f
code/haps_feasibility/exact_binomial_overload_probability.m,unchanged,8c53e928b533810507da86442a60999351ace4cb480c70cb52ef27ab728be010,8c53e928b533810507da86442a60999351ace4cb480c70cb52ef27ab728be010
code/haps_feasibility/exact_static_balanced_overload_probability.m,unchanged,5c707b911981df47de80ecffc83ae572bda1ed0d3c5e9a2f6d0f13afc1337163,5c707b911981df47de80ecffc83ae572bda1ed0d3c5e9a2f6d0f13afc1337163
code/haps_feasibility/find_exact_reliability_threshold.m,unchanged,5b960ae15b59850dffa04c27352bf6c11e107bd1994c81ecf9d71008c9fbbcb4,5b960ae15b59850dffa04c27352bf6c11e107bd1994c81ecf9d71008c9fbbcb4
code/haps_feasibility/find_exact_static_balanced_threshold.m,unchanged,e2cdcc4113926c8184b8eef8f3a1d5358071459494c6f3d870d6fa4758484874,e2cdcc4113926c8184b8eef8f3a1d5358071459494c6f3d870d6fa4758484874
code/haps_feasibility/run_exact_analysis.m,unchanged,bf30ac36bfcb48dae4da7b76b54e597eb93a169e1e4b45a1ce5d3f84e5664c1c,bf30ac36bfcb48dae4da7b76b54e597eb93a169e1e4b45a1ce5d3f84e5664c1c
code/haps_feasibility/run_mapping_sensitivity.m,unchanged,4f8b74968da01317d537acc02dcf82179c63b27b8c7fa54103bd7f2490b2009f,4f8b74968da01317d537acc02dcf82179c63b27b8c7fa54103bd7f2490b2009f
code/haps_feasibility/run_payload_analysis.m,unchanged,58c3a71fb2b42212653513ad4b0f5ff93c3f72c7830a0b0fe29daee0ad29f2b3,58c3a71fb2b42212653513ad4b0f5ff93c3f72c7830a0b0fe29daee0ad29f2b3
code/serving_capacity/build_general_slo_cmax_registry.m,unchanged,d1182bb949eafcf1446c4381d770af5ebd62efdebbc2460e1c9c1d413bac58c3,d1182bb949eafcf1446c4381d770af5ebd62efdebbc2460e1c9c1d413bac58c3
code/serving_capacity/run_serving_analysis.m,unchanged,c2151cd997d1bda60ed78af0a1357cd1b2e1e001aa0198673b3fd2cefe3a720a,c2151cd997d1bda60ed78af0a1357cd1b2e1e001aa0198673b3fd2cefe3a720a
code/serving_capacity/serving_crossing.m,unchanged,faeaebbd681a0ac620af1778bd3bef35be3ce8530f9e6f66ba3c224a102579ae,faeaebbd681a0ac620af1778bd3bef35be3ce8530f9e6f66ba3c224a102579ae
code/thermal/README.md,unchanged,ddcb20c7ae3852c8f0d6352d6d7c6203f328bb8d7c46ac416d9cc63e40bd53de,ddcb20c7ae3852c8f0d6352d6d7c6203f328bb8d7c46ac416d9cc63e40bd53de
code/thermal/load_thermal_cases.m,unchanged,045987fefde712776e519c01ac1c1be236ffde01ef19c2ded4451b2d89c8c273,045987fefde712776e519c01ac1c1be236ffde01ef19c2ded4451b2d89c8c273
code/thermal/report_highload_results.m,unchanged,00e281728087b57f24fc5c8ffccfdadf8d68ec4845bbcc884a7610acde749245,00e281728087b57f24fc5c8ffccfdadf8d68ec4845bbcc884a7610acde749245
code/thermal/run_thermal_point.m,unchanged,ec2e9110aaf44abeb3d19bc13554dbca8b2c16788e28dcee3b9f2c22034659c1,ec2e9110aaf44abeb3d19bc13554dbca8b2c16788e28dcee3b9f2c22034659c1
code/thermal/run_thermal_smoke_test.m,unchanged,6c4510e226d512c5afda6707c21f9d2c760c39caf0560750619db945dd878f31,6c4510e226d512c5afda6707c21f9d2c760c39caf0560750619db945dd878f31
code/thermal/run_thermal_study.m,unchanged,6d49ed04ab9de546784c4d60b404c42c25d58d005f49c6ab7c13e7495c38b9b7,6d49ed04ab9de546784c4d60b404c42c25d58d005f49c6ab7c13e7495c38b9b7
code/thermal/search_thermal_speed.m,unchanged,c9e44cbebb195ca32c2b0c50ed3ca1e554172b85de4ddf3f3f72da680a8e7890,c9e44cbebb195ca32c2b0c50ed3ca1e554172b85de4ddf3f3f72da680a8e7890
code/thermal/thermal_model_session.m,unchanged,ef217a1cd538ad3f7dd3363f8728e4f4ec974c0181e31a3ac00c4fb36fc9cace,ef217a1cd538ad3f7dd3363f8728e4f4ec974c0181e31a3ac00c4fb36fc9cace
code/thermal/thermal_tail_statistics.m,unchanged,57d2c14e3de1c1b664589e044c78ff293d156541e8216b8b586632a218f756fc,57d2c14e3de1c1b664589e044c78ff293d156541e8216b8b586632a218f756fc
code/validation/check_matlab_code.m,unchanged,1dd6f397769e35dd6bcdeeec16ebbb7b561cf48ec47dfeb5ea39d931d6686f32,1dd6f397769e35dd6bcdeeec16ebbb7b561cf48ec47dfeb5ea39d931d6686f32
code/validation/package_validation_results.m,unchanged,3ebc6c7c5b020a6fa9530b4edf3bf2802323fa4b09876efb39ec76c543399941,3ebc6c7c5b020a6fa9530b4edf3bf2802323fa4b09876efb39ec76c543399941
code/validation/record_environment.m,unchanged,21f8830d9e97434824b810a751c7ae3b6ecc2ae20490607492e2e473c994f0da,21f8830d9e97434824b810a751c7ae3b6ecc2ae20490607492e2e473c994f0da
code/validation/record_repository_snapshot.m,unchanged,021a0b9e49321d28c594824a02945c835b2713e00e0b4aadace48d98fed27217,021a0b9e49321d28c594824a02945c835b2713e00e0b4aadace48d98fed27217
code/validation/reference_math.py,unchanged,465e03de83783728e74060cf5a204ab03e56f2ef1a5d4858998a4ed14f26d5e8,465e03de83783728e74060cf5a204ab03e56f2ef1a5d4858998a4ed14f26d5e8
code/validation/run_monte_carlo_validation.m,unchanged,cdeeb816ebd98fea409505ffc82fcd8ff78c3163fd410e3af57aafb74b638648,cdeeb816ebd98fea409505ffc82fcd8ff78c3163fd410e3af57aafb74b638648
code/validation/test_workload_helpers.m,unchanged,9b5aebb102c7dddb8bd0f86ab51a86c82fc9b1e46b9952b2a94504d42fe3d3c1,9b5aebb102c7dddb8bd0f86ab51a86c82fc9b1e46b9952b2a94504d42fe3d3c1
code/validation/validate_raw_workload_reproduction.m,unchanged,09c9e2a580f8315cdf57734d275dcf99985622141f567f03026093b6569090ea,09c9e2a580f8315cdf57734d275dcf99985622141f567f03026093b6569090ea
code/validation/validate_release.m,unchanged,8fb57e9228aa35590927859de36e0c854edada9c5575bdf8ff6cd0e97c6d9946,8fb57e9228aa35590927859de36e0c854edada9c5575bdf8ff6cd0e97c6d9946
code/validation/validate_stage2.m,unchanged,0bed0e24bba20cfd4b103252b70713fa75052004a71c1e8b9baf88a3d14620f4,0bed0e24bba20cfd4b103252b70713fa75052004a71c1e8b9baf88a3d14620f4
code/validation/validate_supplementary_table6.m,unchanged,6fde7febe1d8bfbf8dadd9b5f2736f63d1ecfe6862d53fa2aa3c43e48cbf8ddc,6fde7febe1d8bfbf8dadd9b5f2736f63d1ecfe6862d53fa2aa3c43e48cbf8ddc
code/validation/verify_release.py,unchanged,4d0ed1fc5969757b599ba69a55bac09287888e90a6047dad62437a9b9fa56901,4d0ed1fc5969757b599ba69a55bac09287888e90a6047dad62437a9b9fa56901
code/validation/verify_stage2.py,unchanged,027e2f12643f62969fb9ec792f909654067054f0ccdbe7abd3759b3de8f6d015,027e2f12643f62969fb9ec792f909654067054f0ccdbe7abd3759b3de8f6d015
code/workload/classify_workload_pairs.m,unchanged,67e6b145c6f9ed15c87e532b37a5926f26ed7cc7433b7237497528a694b46072,67e6b145c6f9ed15c87e532b37a5926f26ed7cc7433b7237497528a694b46072
code/workload/load_burstgpt_pairs.m,unchanged,224212bb982408205d0fd316fd10ae1aba866e5922af4a565dab36c28af3a295,224212bb982408205d0fd316fd10ae1aba866e5922af4a565dab36c28af3a295
code/workload/load_workload_inputs.m,unchanged,830ef5a7b21e551efdbf5dc9c2ba206eeabe37e732a9ed56b5eccd9336ee6dfe,830ef5a7b21e551efdbf5dc9c2ba206eeabe37e732a9ed56b5eccd9336ee6dfe
code/workload/run_workload_analysis.m,unchanged,0986c02a07ee9d6c818bf479aac298524b538dc624555d0f51783683ff21ac36,0986c02a07ee9d6c818bf479aac298524b538dc624555d0f51783683ff21ac36
code/workload/summarize_pair_activity.m,unchanged,297e737108c97b167f37d1845a6c76ea476563a51c988fb07b73fd155c9710ca,297e737108c97b167f37d1845a6c76ea476563a51c988fb07b73fd155c9710ca
data/README.md,modified,a3385721322fff727add4238dca1b3129e3cb8bb147b52e5a91ea6877a347615,2841ccf407f87eef4d23ac5b12ca3787806826ca931c55ecd7dde5e0ccccc8a7
data/processed/activity_bootstrap_replicates.csv,unchanged,04b85796211666eccacf285e6a72faf8683b696deacf29223f8c76e800032412,04b85796211666eccacf285e6a72faf8683b696deacf29223f8c76e800032412
data/processed/activity_statistics.csv,unchanged,38113a424c84dc05f9ab060b5f7294ea0e9b1d2cbeea52245e1cf6068e8764d8,38113a424c84dc05f9ab060b5f7294ea0e9b1d2cbeea52245e1cf6068e8764d8
data/processed/engineering_mass_allocations.csv,unchanged,885280b4615baa47c8ca226a812b981cca935bc2ce525cfd91659eda2b0206e8,885280b4615baa47c8ca226a812b981cca935bc2ce525cfd91659eda2b0206e8
data/processed/hardware_registry.csv,unchanged,b04dd0142454bdacc54c8102358b06030b3fba9ffc2be70340b4bbcb56f69c4d,b04dd0142454bdacc54c8102358b06030b3fba9ffc2be70340b4bbcb56f69c4d
data/processed/link_scenarios.csv,unchanged,209b5317701f2a5730ac89dcdf787b54de0c26bdcd7bcd161b065e419143e208,209b5317701f2a5730ac89dcdf787b54de0c26bdcd7bcd161b065e419143e208
data/processed/mapping_activity.csv,unchanged,f689bc74b8e2a440914d204a899ea6f5cc851f5400b86e0a88bf54a7b084c796,f689bc74b8e2a440914d204a899ea6f5cc851f5400b86e0a88bf54a7b084c796
data/processed/mc_seed_protocol.csv,unchanged,8224a66f113d161c303ac5885dc09eeb50f66131a71dfa766b03b89eaaa02c87,8224a66f113d161c303ac5885dc09eeb50f66131a71dfa766b03b89eaaa02c87
data/processed/nim_benchmark.csv,unchanged,840dadea5b0f460d44f7308f69b4373bd44691574d6178240e999da9b8486f34,840dadea5b0f460d44f7308f69b4373bd44691574d6178240e999da9b8486f34
data/processed/platform_deployments.csv,unchanged,df4c555967deba9d9cf5d5c4306981514b8315bbb4cee6381eeefac5120a7665,df4c555967deba9d9cf5d5c4306981514b8315bbb4cee6381eeefac5120a7665
data/processed/platform_envelopes.csv,unchanged,f656e9d168843a313dbe60c7cfd8b7df561b9a939c1323d79adb2cc445780ebb,f656e9d168843a313dbe60c7cfd8b7df561b9a939c1323d79adb2cc445780ebb
data/processed/shared_host_parameters.csv,unchanged,68ac898059a27aba650109bb5c0db8d505ff21e67ac81c149ad41df1820a9ab9,68ac898059a27aba650109bb5c0db8d505ff21e67ac81c149ad41df1820a9ab9
data/processed/slo_definitions.csv,unchanged,76ce1a424d36609394775ee5694c9a6b4c99ae8f28e7bb2a4560e55eec0e7449,76ce1a424d36609394775ee5694c9a6b4c99ae8f28e7bb2a4560e55eec0e7449
data/processed/thermal_baseline_parameters.csv,unchanged,bca18e2e84d9546a1cf34baf78805876d40a70514c8ff14caed671001bc44137,bca18e2e84d9546a1cf34baf78805876d40a70514c8ff14caed671001bc44137
data/processed/thermal_cases.csv,unchanged,b392ced581ac4377f6c05ce2a9d51fe4dda8d56c46cd9175beb8c4a713688c8e,b392ced581ac4377f6c05ce2a9d51fe4dda8d56c46cd9175beb8c4a713688c8e
data/processed/thermal_reference.csv,unchanged,a589a770863ca63f0142b38f7046ce1873a6843a488f4f7fc59424a242c05c04,a589a770863ca63f0142b38f7046ce1873a6843a488f4f7fc59424a242c05c04
data/processed/thermal_smoke_checkpoints.csv,unchanged,2fb6118018baa7812b37cfa231c915fbbd699f76702656e35a1143b672a60180,2fb6118018baa7812b37cfa231c915fbbd699f76702656e35a1143b672a60180
data/processed/workload_occupancy.csv,unchanged,1eee0b29488cbe65abd68a90fb00311b9dbcbd2702354c19c7864a133c6ae241,1eee0b29488cbe65abd68a90fb00311b9dbcbd2702354c19c7864a133c6ae241
data/processed/workload_type_definitions.csv,unchanged,42e6ce06fb80c95a823ca9b410576930562826fe14ca8b10d30404a89d866af0,42e6ce06fb80c95a823ca9b410576930562826fe14ca8b10d30404a89d866af0
data/results/reference/communication/active_user_pmf.csv,unchanged,9082a2616dce533b74940a5b56760798825d61e6101bf48e13482328814739ff,9082a2616dce533b74940a5b56760798825d61e6101bf48e13482328814739ff
data/results/reference/communication/auxiliary_parity.csv,unchanged,94eba885cf4c0d78e8c86ec2a69e417ca023d4e566d86df0ecbc60104bd9ff2d,94eba885cf4c0d78e8c86ec2a69e417ca023d4e566d86df0ecbc60104bd9ff2d
data/results/reference/communication/downlink_rates.csv,unchanged,e5239de9fde66bf5c1150156b2dec29c207a2867e60409ab0d1a3d85b72f7127,e5239de9fde66bf5c1150156b2dec29c207a2867e60409ab0d1a3d85b72f7127
data/results/reference/communication/input_audit.csv,unchanged,10ace112d5db83ec8c3d446df89a1ac285ea9b869c2d8a78ae9cb5a6a1e9120c,10ace112d5db83ec8c3d446df89a1ac285ea9b869c2d8a78ae9cb5a6a1e9120c
data/results/reference/communication/link_budget.csv,unchanged,f07fe9d5f1ebd85d908faa4af6313e8499b91511ed160c4a3cf1e8427a792f73,f07fe9d5f1ebd85d908faa4af6313e8499b91511ed160c4a3cf1e8427a792f73
data/results/reference/communication/link_scenarios.csv,unchanged,418ded507e6190bbc04b258f8042542109771c16c4c7401768cfeee645ace217,418ded507e6190bbc04b258f8042542109771c16c4c7401768cfeee645ace217
data/results/reference/communication/radio_power.csv,unchanged,c62116e17c9b08dc9bdeca32afbb2a348ccb3896604e95d2b5a2c006fc1dc1c9,c62116e17c9b08dc9bdeca32afbb2a348ccb3896604e95d2b5a2c006fc1dc1c9
data/results/reference/exact/activity_quantiles_exact.csv,unchanged,785e593c2124a50a14800729d6568cbf1a1c731bb08eb017c34965c2b544aa3c,785e593c2124a50a14800729d6568cbf1a1c731bb08eb017c34965c2b544aa3c
data/results/reference/exact/fleet_sizing_exact.csv,unchanged,31375a3a0c3497139859873cd7b7d16f0db06b1d59c62479dd1c94662c6226e3,31375a3a0c3497139859873cd7b7d16f0db06b1d59c62479dd1c94662c6226e3
data/results/reference/exact/general_slo_capacity.csv,unchanged,9e43e86e54bbbdec51d11b11e7e797c20a45e46543c5daf0f0fb825e58be0485,9e43e86e54bbbdec51d11b11e7e797c20a45e46543c5daf0f0fb825e58be0485
data/results/reference/exact/neighborhoods/neighborhood_pooled_Stratobus_llama31_8b_1xH100_fp8_TP1.csv,unchanged,87d1c99632bdc35a27c3edb9f064669d9ee51bda15411a053ea27eb54b8ceb8d,87d1c99632bdc35a27c3edb9f064669d9ee51bda15411a053ea27eb54b8ceb8d
data/results/reference/exact/neighborhoods/neighborhood_pooled_Stratobus_llama31_8b_1xH200_fp8_TP1.csv,unchanged,c2ced5e49b986ca854c3810bded7098b9a69158b69ea1e2201905b829f4e3b5b,c2ced5e49b986ca854c3810bded7098b9a69158b69ea1e2201905b829f4e3b5b
data/results/reference/exact/neighborhoods/neighborhood_pooled_Stratobus_llama31_8b_1xL40S_fp8_TP1.csv,unchanged,f46f512e7ee607bfb8c0f02660d10bacfbf4bf0977b29d7566a37805ea0fcfbc,f46f512e7ee607bfb8c0f02660d10bacfbf4bf0977b29d7566a37805ea0fcfbc
data/results/reference/exact/neighborhoods/neighborhood_pooled_Stratobus_llama33_70b_2xH100_fp8_TP2.csv,unchanged,cdf0d24b3e7f9a5920e3ca753a8af2757fc455d6e06cbe930217a52289df0953,cdf0d24b3e7f9a5920e3ca753a8af2757fc455d6e06cbe930217a52289df0953
data/results/reference/exact/neighborhoods/neighborhood_pooled_Stratobus_llama33_70b_2xH200_fp8_TP2.csv,unchanged,9d613fcd400235c22362c6d7bf6b10e590955a8de8118ceb13de1a9213d8cd9d,9d613fcd400235c22362c6d7bf6b10e590955a8de8118ceb13de1a9213d8cd9d
data/results/reference/exact/neighborhoods/neighborhood_pooled_Sunglider_llama31_8b_1xH100_fp8_TP1.csv,unchanged,3b6fc4bf8f59f384c055aa5ac2d128ad0a49093b7b4d41d91a46eadb21cca70e,3b6fc4bf8f59f384c055aa5ac2d128ad0a49093b7b4d41d91a46eadb21cca70e
data/results/reference/exact/neighborhoods/neighborhood_pooled_Sunglider_llama31_8b_1xH200_fp8_TP1.csv,unchanged,a390f7c5b69d17aae8d0e1dab78903a40053112b261bcd33df8ab94dafe51e15,a390f7c5b69d17aae8d0e1dab78903a40053112b261bcd33df8ab94dafe51e15
data/results/reference/exact/neighborhoods/neighborhood_pooled_Sunglider_llama31_8b_1xL40S_fp8_TP1.csv,unchanged,7da52398af345a2fa98cf20f47d47db9bee9a20f21b25d14dafc44eeac91fdb6,7da52398af345a2fa98cf20f47d47db9bee9a20f21b25d14dafc44eeac91fdb6
data/results/reference/exact/neighborhoods/neighborhood_single_llama31_8b_1xH100_fp8_TP1.csv,unchanged,3b6fc4bf8f59f384c055aa5ac2d128ad0a49093b7b4d41d91a46eadb21cca70e,3b6fc4bf8f59f384c055aa5ac2d128ad0a49093b7b4d41d91a46eadb21cca70e
data/results/reference/exact/neighborhoods/neighborhood_single_llama31_8b_1xH200_fp8_TP1.csv,unchanged,a390f7c5b69d17aae8d0e1dab78903a40053112b261bcd33df8ab94dafe51e15,a390f7c5b69d17aae8d0e1dab78903a40053112b261bcd33df8ab94dafe51e15
data/results/reference/exact/neighborhoods/neighborhood_single_llama31_8b_1xL40S_fp8_TP1.csv,unchanged,bedd10de803ff281dde8b4119c653be3a410c29b6ce0b256e5bfd74aac3e82ac,bedd10de803ff281dde8b4119c653be3a410c29b6ce0b256e5bfd74aac3e82ac
data/results/reference/exact/neighborhoods/neighborhood_single_llama33_70b_2xH100_fp8_TP2.csv,unchanged,cdf0d24b3e7f9a5920e3ca753a8af2757fc455d6e06cbe930217a52289df0953,cdf0d24b3e7f9a5920e3ca753a8af2757fc455d6e06cbe930217a52289df0953
data/results/reference/exact/neighborhoods/neighborhood_single_llama33_70b_2xH200_fp8_TP2.csv,unchanged,9d613fcd400235c22362c6d7bf6b10e590955a8de8118ceb13de1a9213d8cd9d,9d613fcd400235c22362c6d7bf6b10e590955a8de8118ceb13de1a9213d8cd9d
data/results/reference/exact/neighborhoods/neighborhood_single_llama33_70b_4xH100_fp8_TP4.csv,unchanged,a43ad0125f2947931ca2f11b31e076edbb29faa031a36360a62052ceaaf72b09,a43ad0125f2947931ca2f11b31e076edbb29faa031a36360a62052ceaaf72b09
data/results/reference/exact/neighborhoods/neighborhood_static_Stratobus_llama31_8b_1xH100_fp8_TP1.csv,unchanged,0b80325fff98da213f18223d130229e715054a4da01b3590724e0f8ddbbc7c62,0b80325fff98da213f18223d130229e715054a4da01b3590724e0f8ddbbc7c62
data/results/reference/exact/neighborhoods/neighborhood_static_Stratobus_llama31_8b_1xH200_fp8_TP1.csv,unchanged,d78ab261bf31ed73784098e634f3d2af259e7af33a5539682470777c89274fc8,d78ab261bf31ed73784098e634f3d2af259e7af33a5539682470777c89274fc8
data/results/reference/exact/neighborhoods/neighborhood_static_Stratobus_llama31_8b_1xL40S_fp8_TP1.csv,unchanged,b2a4bd5dedca962c1ae8296c75152f13bcc475cdad1bf288b15e455c3f12ab41,b2a4bd5dedca962c1ae8296c75152f13bcc475cdad1bf288b15e455c3f12ab41
data/results/reference/exact/neighborhoods/neighborhood_static_Stratobus_llama33_70b_2xH100_fp8_TP2.csv,unchanged,cdf0d24b3e7f9a5920e3ca753a8af2757fc455d6e06cbe930217a52289df0953,cdf0d24b3e7f9a5920e3ca753a8af2757fc455d6e06cbe930217a52289df0953
data/results/reference/exact/neighborhoods/neighborhood_static_Stratobus_llama33_70b_2xH200_fp8_TP2.csv,unchanged,9d613fcd400235c22362c6d7bf6b10e590955a8de8118ceb13de1a9213d8cd9d,9d613fcd400235c22362c6d7bf6b10e590955a8de8118ceb13de1a9213d8cd9d
data/results/reference/exact/neighborhoods/neighborhood_static_Sunglider_llama31_8b_1xH100_fp8_TP1.csv,unchanged,3b6fc4bf8f59f384c055aa5ac2d128ad0a49093b7b4d41d91a46eadb21cca70e,3b6fc4bf8f59f384c055aa5ac2d128ad0a49093b7b4d41d91a46eadb21cca70e
data/results/reference/exact/neighborhoods/neighborhood_static_Sunglider_llama31_8b_1xH200_fp8_TP1.csv,unchanged,a390f7c5b69d17aae8d0e1dab78903a40053112b261bcd33df8ab94dafe51e15,a390f7c5b69d17aae8d0e1dab78903a40053112b261bcd33df8ab94dafe51e15
data/results/reference/exact/neighborhoods/neighborhood_static_Sunglider_llama31_8b_1xL40S_fp8_TP1.csv,unchanged,b9f699a8358dd7a1919f35c3126b565f9331754d9ef84af08684c538c149d2c1,b9f699a8358dd7a1919f35c3126b565f9331754d9ef84af08684c538c149d2c1
data/results/reference/exact/platform_assignment_exact.csv,unchanged,e0243f26ec8814f66643979faa78c5fea92b97d4cf6c6337cc2248599e4be6e3,e0243f26ec8814f66643979faa78c5fea92b97d4cf6c6337cc2248599e4be6e3
data/results/reference/exact/primary_overload_curve.csv,unchanged,d317c2508837c68d7aa875e7015ddb1faa5cffc378a28062b32541446a3a3350,d317c2508837c68d7aa875e7015ddb1faa5cffc378a28062b32541446a3a3350
data/results/reference/exact/single_instance_exact.csv,unchanged,588ab8e3c84e71e9d34dbdae8cf27c41920f45ccfee96a0a1e1e6d78c08fcfca,588ab8e3c84e71e9d34dbdae8cf27c41920f45ccfee96a0a1e1e6d78c08fcfca
data/results/reference/fig05d_author_export.csv,unchanged,4dde118258dadaf3385c36edb4babb4f41e40d4aff0b1b6e1ffa58fdff4f359c,4dde118258dadaf3385c36edb4babb4f41e40d4aff0b1b6e1ffa58fdff4f359c
data/results/reference/fig06d_author_export.csv,unchanged,b05fe562b527f5edcfc00476aec369b3c88431a9226a274ebb484c499c1972d9,b05fe562b527f5edcfc00476aec369b3c88431a9226a274ebb484c499c1972d9
data/results/reference/fig06e_author_export.csv,unchanged,3855bc9aeb0ef0a975f052d2df6eeb406f660229c306fe57ff100ff859d94cdf,3855bc9aeb0ef0a975f052d2df6eeb406f660229c306fe57ff100ff859d94cdf
data/results/reference/latency_curves.csv,unchanged,392a6ea477202138bae78d670c6c7f94ab15c4274b1144a9070c34af74439642,392a6ea477202138bae78d670c6c7f94ab15c4274b1144a9070c34af74439642
data/results/reference/mapping/mapping_sensitivity_exact.csv,unchanged,c0f304ae427c6ad761023a4a55696a80b76adfa176527f4f77932edb5bc8baae,c0f304ae427c6ad761023a4a55696a80b76adfa176527f4f77932edb5bc8baae
data/results/reference/payload/configuration_efficiency.csv,unchanged,026e208f62b4fcf51a8409ac4a989cdfae61603bb62c1e2de8d53eadbaeb97bf,026e208f62b4fcf51a8409ac4a989cdfae61603bb62c1e2de8d53eadbaeb97bf
data/results/reference/payload/deployment_limits.csv,unchanged,e8e0108badbac6aa995e3bac73a2da78caa3cf17aa1fc7550d55aba4f737a496,e8e0108badbac6aa995e3bac73a2da78caa3cf17aa1fc7550d55aba4f737a496
data/results/reference/payload/shared_host_scaling.csv,unchanged,8b65ca08825edf40026267528d79e6f6fb9f37dd52e27b8b766188717d33297c,8b65ca08825edf40026267528d79e6f6fb9f37dd52e27b8b766188717d33297c
data/results/reference/serving_budget_contributions.csv,unchanged,37c941f80ee429c095211515b699a25cc7e4a0d3b522846a55e7a1c8b07d0c4a,37c941f80ee429c095211515b699a25cc7e4a0d3b522846a55e7a1c8b07d0c4a
data/results/reference/serving_capacity_by_slo.csv,unchanged,23623837a41ad8ba73ee00f347852f01144a8f1817eddfdf44342b116df8292b,23623837a41ad8ba73ee00f347852f01144a8f1817eddfdf44342b116df8292b
data/results/reference/serving_capacity_interpolation.csv,unchanged,e87c49723b5c529562d56f56f2b1e243e6f8349609b3b83b59894b9d757cfd44,e87c49723b5c529562d56f56f2b1e243e6f8349609b3b83b59894b9d757cfd44
data/results/reference/thermal/duct/Fig4c_duct_scale_previous_vs_rerun_values.csv,unchanged,3b12a0f12530d2d1c72f15d06232aa59c791f03f6a2880437e38bb5870ff87c5,3b12a0f12530d2d1c72f15d06232aa59c791f03f6a2880437e38bb5870ff87c5
data/results/reference/thermal/duct/Fig4c_duct_scale_u_curve_rerun_values.csv,unchanged,0474f30c1d178a2961da9638c1714edfd5c1e7380c782d99232d2ee12ac19337,0474f30c1d178a2961da9638c1714edfd5c1e7380c782d99232d2ee12ac19337
data/results/reference/thermal/duct/thermal_v5_duct_fine_all_rpm_results.csv,unchanged,fd01b411e6ca537bf6fe08d6f91a987e16263ab99e7f5861c9109c574d226b04,fd01b411e6ca537bf6fe08d6f91a987e16263ab99e7f5861c9109c574d226b04
data/results/reference/thermal/duct/thermal_v5_duct_fine_case_definitions.csv,unchanged,5d4065888894a282bc748e61ecb19cd465eae3abba4d86608e7112ed88474c0c,5d4065888894a282bc748e61ecb19cd465eae3abba4d86608e7112ed88474c0c
data/results/reference/thermal/duct/thermal_v5_duct_fine_summary.csv,unchanged,a46827ed3d4745e89c6cc1728b0d3f2e9f9d116be20df0a0e924296eb3232421,a46827ed3d4745e89c6cc1728b0d3f2e9f9d116be20df0a0e924296eb3232421
data/results/reference/thermal/highload_a/A_all_rpm_results.csv,unchanged,01348e5c6de9161da5e6a6ddf39f4f0d5550e50bfb2e6974cb9c005d5a7a4e8b,01348e5c6de9161da5e6a6ddf39f4f0d5550e50bfb2e6974cb9c005d5a7a4e8b
data/results/reference/thermal/highload_a/A_summary.csv,unchanged,1dbd90fcc213d03571fd5683c6e3320e38256d537b2d0cd3b16520c6c93818d8,1dbd90fcc213d03571fd5683c6e3320e38256d537b2d0cd3b16520c6c93818d8
data/results/reference/thermal/highload_b/B_UA_requirements.csv,unchanged,6089dca06b7223dd783e22cb0dbe5bb998886553dfea951e1c37f5ba24b136aa,6089dca06b7223dd783e22cb0dbe5bb998886553dfea951e1c37f5ba24b136aa
data/results/reference/thermal/highload_b/B_all_rpm_results.csv,unchanged,ade4cf0e4a358c6bd68e7b97e5884bc633656c13c68eb3f203a1d53a5c86504e,ade4cf0e4a358c6bd68e7b97e5884bc633656c13c68eb3f203a1d53a5c86504e
data/results/reference/thermal/highload_b/B_summary.csv,unchanged,d344df56d2a70358ee078846a3a04835fd3a50e49e7108519f6b1473129ba102,d344df56d2a70358ee078846a3a04835fd3a50e49e7108519f6b1473129ba102
data/results/reference/thermal/highload_c/C_all_rpm_results.csv,unchanged,dac60ec0efe3ccc1ba25e3717681da41558341ed28085015d705e84220decc32,dac60ec0efe3ccc1ba25e3717681da41558341ed28085015d705e84220decc32
data/results/reference/thermal/highload_c/C_low_overhead_candidates.csv,unchanged,ca7b70d5ded4f7456a99a9ea19698975cdb67453ba6c6a42a29d42d645485b0d,ca7b70d5ded4f7456a99a9ea19698975cdb67453ba6c6a42a29d42d645485b0d
data/results/reference/thermal/highload_c/C_summary.csv,unchanged,c8183033139fccb451a3430e2394b52dd1a4f4ac4b496dec4e95193bbea39d2f,c8183033139fccb451a3430e2394b52dd1a4f4ac4b496dec4e95193bbea39d2f
data/results/reference/thermal/highload_c/C_target_summary.csv,unchanged,0a56ea2c4ca887753b69673a6503dca8eadf0559db5b367cfc70fe18418ad399,0a56ea2c4ca887753b69673a6503dca8eadf0559db5b367cfc70fe18418ad399
data/results/reference/thermal/highload_c2/C2_all_rpm_results.csv,unchanged,b68ce0903f1dc44ed13b45d746e380395a3a4eb4ee03928e37a6f7ce6fc13556,b68ce0903f1dc44ed13b45d746e380395a3a4eb4ee03928e37a6f7ce6fc13556
data/results/reference/thermal/highload_c2/C2_best_by_UA.csv,unchanged,bc2c16db5d1c75385e474d7617746e29ee4fa2afeca6b3eacb6b5d44a8a72141,bc2c16db5d1c75385e474d7617746e29ee4fa2afeca6b3eacb6b5d44a8a72141
data/results/reference/thermal/highload_c2/C2_best_by_UA_duct.csv,unchanged,f5f9924213a9315d7c22cc2102ee515573d1e7ebf48b6b3367e122682143c5f4,f5f9924213a9315d7c22cc2102ee515573d1e7ebf48b6b3367e122682143c5f4
data/results/reference/thermal/highload_c2/C2_candidates_le5pct_all.csv,unchanged,6d9b32d397431f55019e250d20015eb292337b64419168277018eb573ae6c45b,6d9b32d397431f55019e250d20015eb292337b64419168277018eb573ae6c45b
data/results/reference/thermal/highload_c2/C2_candidates_le5pct_preferred.csv,unchanged,ca7b70d5ded4f7456a99a9ea19698975cdb67453ba6c6a42a29d42d645485b0d,ca7b70d5ded4f7456a99a9ea19698975cdb67453ba6c6a42a29d42d645485b0d
data/results/reference/thermal/highload_c2/C2_combined_summary.csv,unchanged,9e6eaf362a2afa8469c7d2c3d176048f345d1f30487c6675f7c89ee6b41f6b78,9e6eaf362a2afa8469c7d2c3d176048f345d1f30487c6675f7c89ee6b41f6b78
data/results/reference/thermal/highload_c2/C2_summary.csv,unchanged,c7cb27360f15d8a73ec983709f2c7b7335e53d2c0969de2daddddf544e0ec02c,c7cb27360f15d8a73ec983709f2c7b7335e53d2c0969de2daddddf544e0ec02c
data/results/reference/thermal/highload_c2/C2_target_summary.csv,unchanged,cbc2b3f78504e37c48c982c355976a3cbfe41fd0f96eb8a3c460652c87d26c4b,cbc2b3f78504e37c48c982c355976a3cbfe41fd0f96eb8a3c460652c87d26c4b
data/results/reference/thermal/highload_c2/C2_top_candidates_all.csv,unchanged,c6cd0453c9709af21ac70fce2a5759aff286cb2f1a92210c79e99eff7a9b2806,c6cd0453c9709af21ac70fce2a5759aff286cb2f1a92210c79e99eff7a9b2806
data/results/reference/thermal/highload_c2/C2_top_candidates_preferred.csv,unchanged,ca7b70d5ded4f7456a99a9ea19698975cdb67453ba6c6a42a29d42d645485b0d,ca7b70d5ded4f7456a99a9ea19698975cdb67453ba6c6a42a29d42d645485b0d
data/results/reference/thermal/map/Fig4b_v3_dense_12h_all_rpm_results.csv,unchanged,8764a718e2eba45ab49a9d6025d6244ac372b03e2da564a30ab505eb64c503c0,8764a718e2eba45ab49a9d6025d6244ac372b03e2da564a30ab505eb64c503c0
data/results/reference/thermal/map/Fig4b_v3_dense_12h_case_definitions.csv,unchanged,d3f5b4cd700c7c92191583baadd6b0c9f7223916dd7dacc942c5e3f9363b3b56,d3f5b4cd700c7c92191583baadd6b0c9f7223916dd7dacc942c5e3f9363b3b56
data/results/reference/thermal/map/Fig4b_v3_dense_12h_summary.csv,unchanged,df18620e06eda93e4cad7061df2b3290bf92b200499c6af3cee33df24cada66f,df18620e06eda93e4cad7061df2b3290bf92b200499c6af3cee33df24cada66f
data/results/reference/thermal/robustness/thermal_fig4d_robustness_all_rpm_results.csv,unchanged,df4a8893a4cc333bbbb6a8e272234e561ddfd30393c453093ae5aadec5aa58d6,df4a8893a4cc333bbbb6a8e272234e561ddfd30393c453093ae5aadec5aa58d6
data/results/reference/thermal/robustness/thermal_fig4d_robustness_case_definitions.csv,unchanged,1e8da035b15eaa41d5a2593f154cd8ee0af9cc14ef4c29a00ac8c78505910103,1e8da035b15eaa41d5a2593f154cd8ee0af9cc14ef4c29a00ac8c78505910103
data/results/reference/thermal/robustness/thermal_fig4d_robustness_convergence_check.csv,unchanged,2f309700ad81da140fc788d716fe53df2f9e9d889f39f77d367190105d487b39,2f309700ad81da140fc788d716fe53df2f9e9d889f39f77d367190105d487b39
data/results/reference/thermal/robustness/thermal_fig4d_robustness_convergence_comparison.csv,unchanged,588c58b004d2eb82aab02f361179de5fe9089e690fff0458a61bd6d609222d7c,588c58b004d2eb82aab02f361179de5fe9089e690fff0458a61bd6d609222d7c
data/results/reference/thermal/robustness/thermal_fig4d_robustness_environment_corner.csv,unchanged,3c35110569576273abe5a3bc38f6dc664207dc3ddebc6c7e8eab843dfcca5c46,3c35110569576273abe5a3bc38f6dc664207dc3ddebc6c7e8eab843dfcca5c46
data/results/reference/thermal/robustness/thermal_fig4d_robustness_summary.csv,unchanged,0ae206120332dfee7054a4fdb8e19afea9ec08e4f3ea4b887436b73ae6e62973,0ae206120332dfee7054a4fdb8e19afea9ec08e4f3ea4b887436b73ae6e62973
data/results/reference/thermal/robustness/thermal_fig4d_robustness_thermal_margin.csv,unchanged,73baac9123e40e03db8de581d6aa0001946669ab327274b043d016f57c014b52,73baac9123e40e03db8de581d6aa0001946669ab327274b043d016f57c014b52
data/results/reference/validation/70b_exact_threshold_neighborhood.csv,unchanged,70e1351e98b612c83a3d500c1ce996a76706cdea69f94221a18080e2cb88c498,70e1351e98b612c83a3d500c1ce996a76706cdea69f94221a18080e2cb88c498
data/results/reference/validation/70b_exact_threshold_summary.csv,unchanged,2e99fe1982ecfefa9476ed627b72b116c47a698afb1d3f405b4c344293272bdd,2e99fe1982ecfefa9476ed627b72b116c47a698afb1d3f405b4c344293272bdd
data/results/reference/validation/70b_pooled_mc_curve.csv,unchanged,a3d69e0543f431097e3f99e25074bec970db6268e7a1626f1d75ad0f002730e1,a3d69e0543f431097e3f99e25074bec970db6268e7a1626f1d75ad0f002730e1
data/results/reference/validation/70b_pooled_mc_per_seed.csv,unchanged,ab1af169afa94ef3b3f4223d9ef6febeb27208281e98b5136bdb67e7d5148dfc,ab1af169afa94ef3b3f4223d9ef6febeb27208281e98b5136bdb67e7d5148dfc
data/results/reference/validation/70b_pooled_mc_summary.csv,unchanged,901a311091b685548af1a31a59c3cfc735cf6b7a032800b02ec79b6258fae165,901a311091b685548af1a31a59c3cfc735cf6b7a032800b02ec79b6258fae165
data/results/reference/validation/8b_exact_threshold_neighborhood.csv,unchanged,8134cdb0f01971b7eb84a44cb423ef9de2875ced3d1ef975f1f9a8b061f448c5,8134cdb0f01971b7eb84a44cb423ef9de2875ced3d1ef975f1f9a8b061f448c5
data/results/reference/validation/8b_exact_threshold_summary.csv,unchanged,41a33e35515c0516bbf579c923b46efa0e27d7ffa2dbd23ce5195e15fcd95a34,41a33e35515c0516bbf579c923b46efa0e27d7ffa2dbd23ce5195e15fcd95a34
data/results/reference/validation/8b_pooled_mc_curve.csv,unchanged,48f34b69e0b1a9ab2f0cd0ec8e1b474e1dd03d918c6f767bab33e34030f22400,48f34b69e0b1a9ab2f0cd0ec8e1b474e1dd03d918c6f767bab33e34030f22400
data/results/reference/validation/8b_pooled_mc_per_seed.csv,unchanged,ca1fb7a2d5871af4dbdd3c0758d289c1b07c35368c3c45478b30746e95bb55a5,ca1fb7a2d5871af4dbdd3c0758d289c1b07c35368c3c45478b30746e95bb55a5
data/results/reference/validation/8b_pooled_mc_summary.csv,unchanged,1386c9bfd32472e7d4d4ced96779f693e9df36a87442a98a4944cf086e8f06e3,1386c9bfd32472e7d4d4ced96779f693e9df36a87442a98a4944cf086e8f06e3
data/results/reference/validation/independent_seed_diagnostic_frequency.csv,unchanged,ba63dbb666362349e93814b76688fd8afa4d157cc3c1905ab00cc0e51f0a173a,ba63dbb666362349e93814b76688fd8afa4d157cc3c1905ab00cc0e51f0a173a
data/results/reference/validation/independent_seed_diagnostic_path_definition.csv,unchanged,8b30d19916804bd415d1c4d36076490267af648d1a9f09c8f538e41735bf0883,8b30d19916804bd415d1c4d36076490267af648d1a9f09c8f538e41735bf0883
data/results/reference/validation/independent_seed_diagnostic_per_seed.csv,unchanged,5c6131ca6e02cfe68db881f6c958d1d05acd938b90b77611ace78e799b11b3bf,5c6131ca6e02cfe68db881f6c958d1d05acd938b90b77611ace78e799b11b3bf
data/results/reference/validation/independent_seed_diagnostic_summary.csv,unchanged,44696138c2dc9bf3636239dd49201cbfca4fde132436c5f1515fc1612074785f,44696138c2dc9bf3636239dd49201cbfca4fde132436c5f1515fc1612074785f
data/results/reference/workload/mapping_priority_diagnostics.csv,unchanged,a573fa10b5a09981b1a9fc849f46393b990bae061b31d4402520a089e3b330ae,a573fa10b5a09981b1a9fc849f46393b990bae061b31d4402520a089e3b330ae
data/results/reference/workload/mapping_trace_comparison.csv,unchanged,2ba900216431dcc0a56ebeecdc9a867cb3883c760962754eca281d2d9130ba55,2ba900216431dcc0a56ebeecdc9a867cb3883c760962754eca281d2d9130ba55
data/results/reference/workload/tau_sensitivity_display_reference.csv,unchanged,3b5c7fa72ee35427c785ae5063888fdadb9f56003d25f9212f9ea9c5cdc57368,3b5c7fa72ee35427c785ae5063888fdadb9f56003d25f9212f9ea9c5cdc57368
docs/archived_exact_run_manifest.csv,unchanged,a78a5a70b58f6767773a98653a5121d4a1d1e03db46fa2fe5d4411575cd55227,a78a5a70b58f6767773a98653a5121d4a1d1e03db46fa2fe5d4411575cd55227
docs/archived_mapping_run_manifest.csv,unchanged,f06bfec5adfb88318bfd67273358a89c9dae926f87f89fd09a14d5e98133be8d,f06bfec5adfb88318bfd67273358a89c9dae926f87f89fd09a14d5e98133be8d
docs/build_audit.json,modified,76b5c6396662c5c294820fa89b6569dff8fe13c60d33d133be028b10f0298e1d,113d85161164bda109f4eb1a74f88a6363ba0d38ff98472dc976b2fafa346729
docs/changes_rc1.md,unchanged,469e582e28d250cf69d2b8e1afca33e6b2cb1921534f21bc972119897c12455d,469e582e28d250cf69d2b8e1afca33e6b2cb1921534f21bc972119897c12455d
docs/changes_stage1.md,unchanged,1a26842647aa6a042aea522a8ffceabeeb2ba9d89c9abd67c3543a8b14be5379,1a26842647aa6a042aea522a8ffceabeeb2ba9d89c9abd67c3543a8b14be5379
docs/changes_stage2.md,unchanged,a732c5ef09fa02ec16794b93cd7dc54cc61dafb202f53e44ba4d68c2a62a1e93,a732c5ef09fa02ec16794b93cd7dc54cc61dafb202f53e44ba4d68c2a62a1e93
docs/changes_stage2_v021.md,unchanged,7df280b9d36640a5fd2eb81f2f9f7921ede4c2cb2fdf18113e225295fef5b16c,7df280b9d36640a5fd2eb81f2f9f7921ede4c2cb2fdf18113e225295fef5b16c
docs/changes_stage2_v022.md,unchanged,654b5dc23de3a8d0be318322352e87b1b7b21287b9b3f2fa5ee0d07f7cca7dd0,654b5dc23de3a8d0be318322352e87b1b7b21287b9b3f2fa5ee0d07f7cca7dd0
docs/changes_v1.0.0-rc2.md,unchanged,b3035a8d1a6fae0651e8dce56055c626f458b1452cb5f08550db8aa97462b723,b3035a8d1a6fae0651e8dce56055c626f458b1452cb5f08550db8aa97462b723
docs/changes_v1.0.0.md,modified,2c13fd2dfb99307f3a4abcd2f394af0239b19663fbc2b2de599f9f1558719c83,9ff93dbea0b9227a6eecd6d1945b2ee9dea1a8e1fcccff92d450b7010b8ceed3
docs/figure_manifest.csv,unchanged,62dfb4b9fdd94b231044fbc0bfdf27a5b489f032c7a62905bf70e380da48986b,62dfb4b9fdd94b231044fbc0bfdf27a5b489f032c7a62905bf70e380da48986b
docs/figure_review.md,unchanged,08b2648b463cd59266e2c0571644946dee704711fbcc4a13fe3ba14350dcea6e,08b2648b463cd59266e2c0571644946dee704711fbcc4a13fe3ba14350dcea6e
docs/final_validation_summary.md,added,,eee3600324249acfb358083fcb598bca0c299501a763bd27fae9196935bfed3b
docs/frozen_computational_files.csv,unchanged,7c86b7b91cea88616dab4391a7463b3bf3ea95b57ebacadb85d6d48798b69aa1,7c86b7b91cea88616dab4391a7463b3bf3ea95b57ebacadb85d6d48798b69aa1
docs/generated_reference_manifest.json,unchanged,dd6308d873b47a386e3cd188fa1816f4f55cf2b29596d4a3c294d59f9bec84b5,dd6308d873b47a386e3cd188fa1816f4f55cf2b29596d4a3c294d59f9bec84b5
docs/github_zenodo_release_steps.md,modified,6fec3142f9d541405d0d6e06a2c60dd08aa0d70896f09ee88b4307150dd4371f,459b1d134b80ca076b16b240d08d520a156e1c4466a71601b8ce4673379c5a8a
docs/historical/rc1_build_audit.json,unchanged,31cd8ec8badda07e6eea60b63748b402dc6b38a4e24672f37d9d2b54c0950130,31cd8ec8badda07e6eea60b63748b402dc6b38a4e24672f37d9d2b54c0950130
docs/historical/stage1_source_manifest.csv,unchanged,98ba600bfae742c0d2bf04daafaa41ca10cc7f93d5e264a2238f651ed57be504,98ba600bfae742c0d2bf04daafaa41ca10cc7f93d5e264a2238f651ed57be504
docs/historical/stage2_v022_generated_reference_manifest.json,unchanged,2594ed59242f8f71f41b82edddfc40946359a193a6ee9c010255fe9bd6502f87,2594ed59242f8f71f41b82edddfc40946359a193a6ee9c010255fe9bd6502f87
docs/historical/stage2_v022_matlab_file_inventory.csv,unchanged,8cd402ed25f97ea27707bd33a7d8f29399aaf9de30b1ad493ad43c2088b8520b,8cd402ed25f97ea27707bd33a7d8f29399aaf9de30b1ad493ad43c2088b8520b
docs/historical/stage2_v022_python_stage2_validation_report.json,unchanged,659fdf9d685bedaf953c4d25882bb3efc62df7917ceeaf012ca65c5eb315a7bb,659fdf9d685bedaf953c4d25882bb3efc62df7917ceeaf012ca65c5eb315a7bb
docs/historical/stage2_v022_python_validation_report.json,unchanged,4c1588a9b8f3c0a9937373a2311bd77abacefa0d89a19ba4f8f26b8e84d3e445,4c1588a9b8f3c0a9937373a2311bd77abacefa0d89a19ba4f8f26b8e84d3e445
docs/historical/stage2_v022_release_file_checksums.csv,unchanged,7c57fce45e147204a7a186c69996192d141c149d0dbedd2a13f64b72ff3a120f,7c57fce45e147204a7a186c69996192d141c149d0dbedd2a13f64b72ff3a120f
docs/historical/stage2_v022_release_status.json,unchanged,ad2d84a3b703ee8b2bd0d78521489bd94f83d6f4e0aea02ecf22b58bbaacffc1,ad2d84a3b703ee8b2bd0d78521489bd94f83d6f4e0aea02ecf22b58bbaacffc1
docs/input_provenance.md,modified,83817c9f3c564f2c307fecb48cf727d01ee979f3ff1c1735b0d7eda3237aec13,b5ad1c12687b51297a228a11743cc8e354d0acdcf1c08b703174f6d7a515e268
docs/manuscript_snapshot_20260930_1738.pdf,removed,90f154b5739b6bbd7a2f4aadfc1d146648cae8059814a2bb33c08f0198090332,
docs/matlab_file_inventory.csv,unchanged,4832e26f6dfe80c0ff43a271721cfd33deba227888a48ad029c0bb72056e8860,4832e26f6dfe80c0ff43a271721cfd33deba227888a48ad029c0bb72056e8860
docs/migration_status.md,modified,95a85bfa6ac5642a3c5b1995ef9297dacc32b66afd110804668cef8a933081cf,ce0e5696be2de330edeead4c56692db009b6704a2a45ab5ec0ab2650c78d3eb7
docs/nim_provenance_index.csv,unchanged,fe66f734a857b7e6f1a1f0e19fe10a3f7d47e91632e2271af8286bacbe225fe4,fe66f734a857b7e6f1a1f0e19fe10a3f7d47e91632e2271af8286bacbe225fe4
docs/publication_checklist.md,modified,e13896daddd2a85d37bef9a5407f592610258eda41c87dfd00ee3273cb3b6c3a,ff89cfc4f34421a25133fe60f9326ee76024031edc7ad8e08228b0707d23c03a
docs/python_environment.json,unchanged,6168e4ba345228734065247d3ee76c1a67278b02b1a3ea8ff3a49c8dfd7a9ded,6168e4ba345228734065247d3ee76c1a67278b02b1a3ea8ff3a49c8dfd7a9ded
docs/python_stage2_validation_report.json,unchanged,0e82bee25514f5930e7cecb2851fa3dfc33254feafe91300511a395c4b499c7e,0e82bee25514f5930e7cecb2851fa3dfc33254feafe91300511a395c4b499c7e
docs/python_validation_report.json,unchanged,995968024e8689a3d9f9553b06356047633111f3024fa687da33e2f56ef8c005,995968024e8689a3d9f9553b06356047633111f3024fa687da33e2f56ef8c005
docs/rc2_change_inventory.csv,unchanged,5107ff82c1370f12073805118bcb04872a226da31a9bd39acaade4ef66a90711,5107ff82c1370f12073805118bcb04872a226da31a9bd39acaade4ef66a90711
docs/rc2_preflight.json,unchanged,54d0a429f3172107ddd7a12b5c785fa58027118e40b6624e7b589c4b78abcdb4,54d0a429f3172107ddd7a12b5c785fa58027118e40b6624e7b589c4b78abcdb4
docs/rc2_validation_plan.md,unchanged,1192d21d38507cad2934ae9e742bfe7e74b9fe2d5702b7075d5897e564fefe1f,1192d21d38507cad2934ae9e742bfe7e74b9fe2d5702b7075d5897e564fefe1f
docs/release_status.json,modified,f5dd48facf396f0994fcb44032ae8043e34e31d3f9e07f55a43da9e28ab2563e,d13a1ef6734fa8d068213813edbe42ab4ff15e3e45b7f569e638852c75b7caf0
docs/reproduction_guide.md,modified,0aff5ffa5a87e8640500199aa4bb89cdba9dd7967964efdec37a79251e328fca,b7c5a13377a3a099f22fe505ea534a30bcd5aab138881b394cacffb29b713826
docs/requirements-validation.txt,unchanged,070dbf80632e202ba0c425a62e69d2ccc26ea037081cda2213bd6efac89cf604,070dbf80632e202ba0c425a62e69d2ccc26ea037081cda2213bd6efac89cf604
docs/source_manifest.csv,unchanged,9273ee0c08e1fffa9e3ea345290826bb706ed1b2b4db7e1660c6a59d2583ef41,9273ee0c08e1fffa9e3ea345290826bb706ed1b2b4db7e1660c6a59d2583ef41
docs/stage2_code_migration.csv,unchanged,115b92d7baf66f680b8b02e6b90c7d92e274756f22acab501ba54c5db91d25a4,115b92d7baf66f680b8b02e6b90c7d92e274756f22acab501ba54c5db91d25a4
docs/stage2_source_manifest.csv,unchanged,328a2acc98d6e5e8de13ed55bcb500b8e70f6af409bbe25d66e4bb5771f774df,328a2acc98d6e5e8de13ed55bcb500b8e70f6af409bbe25d66e4bb5771f774df
docs/third_party_sources.csv,unchanged,9408ea2904c9f66f9fe562f951456e600088c9bed9bdb8e3633caabd379572c9,9408ea2904c9f66f9fe562f951456e600088c9bed9bdb8e3633caabd379572c9
docs/validation_evidence/final_rc2_20260930/stage2_validation_20260930_182826_330/acceptance_summary.csv,added,,3bac0ee79289d6351df98724afcf28afef7ad7108fb9ea668b280d9c0311087e
docs/validation_evidence/final_rc2_20260930/stage2_validation_20260930_182826_330/code_analyzer.csv,added,,523939e3ee6d0352a16336ed1008dbbea4bd7b11803308357591ab91ea94e891
docs/validation_evidence/final_rc2_20260930/stage2_validation_20260930_182826_330/repository_snapshot.csv,added,,7ccea030fa4c31fa2fbb7f4cc1f8df41656970a98417b767596d2aab85cfc41b
docs/validation_evidence/final_rc2_20260930/stage2_validation_20260930_182826_330/reproduction/communication/active_user_pmf.csv,added,,365e12f17b7386b8fdbe27145e7f68def539c82c17c04a920cf2c2a6185d683f
docs/validation_evidence/final_rc2_20260930/stage2_validation_20260930_182826_330/reproduction/communication/auxiliary_parity.csv,added,,3f2beffcce5dc48bb1774218fdde7f0129bbbad1bb4f761ce88401ff0ed72591
docs/validation_evidence/final_rc2_20260930/stage2_validation_20260930_182826_330/reproduction/communication/downlink_rates.csv,added,,5739aed62a7de735f6ea22a19269ebb5aeb7fb85ba880594f12186f241cea9e6
docs/validation_evidence/final_rc2_20260930/stage2_validation_20260930_182826_330/reproduction/communication/input_audit.csv,added,,e4bea107d2a00378f6dcb43d7cd03ef75a95dee61146827564b9641e7dbf5c23
docs/validation_evidence/final_rc2_20260930/stage2_validation_20260930_182826_330/reproduction/communication/link_budget.csv,added,,7b1c60bd0786c99c43bbf457ab8f7aa0263c3c60ca9aef293774d30f187b36a4
docs/validation_evidence/final_rc2_20260930/stage2_validation_20260930_182826_330/reproduction/communication/link_scenarios.csv,added,,209b5317701f2a5730ac89dcdf787b54de0c26bdcd7bcd161b065e419143e208
docs/validation_evidence/final_rc2_20260930/stage2_validation_20260930_182826_330/reproduction/communication/radio_power.csv,added,,e4c06b0d58e6dac1bec5fcdcdfdf12a6f15f42f2a1549e3b1f2401117a0ece02
docs/validation_evidence/final_rc2_20260930/stage2_validation_20260930_182826_330/reproduction/figures/downstream/fig03d_overload_probability.png,added,,6680a31e7b6ac9c89aaf99306a2e501a34e24ed14f4b2462df024be43812b556
docs/validation_evidence/final_rc2_20260930/stage2_validation_20260930_182826_330/reproduction/figures/downstream/fig03d_overload_probability_values.csv,added,,d317c2508837c68d7aa875e7015ddb1faa5cffc378a28062b32541446a3a3350
docs/validation_evidence/final_rc2_20260930/stage2_validation_20260930_182826_330/reproduction/figures/downstream/fig03e_nominal_and_reliable_capacity.png,added,,40d8e8ade54c873806d4b1af08dde610e281fd5dfe03c2e9d4ed43a76d590104
docs/validation_evidence/final_rc2_20260930/stage2_validation_20260930_182826_330/reproduction/figures/downstream/fig03e_nominal_and_reliable_capacity_values.csv,added,,31922cad022df8b4f0042832607b20f123f8fe76935ade19e006d80a82b24ebd
docs/validation_evidence/final_rc2_20260930/stage2_validation_20260930_182826_330/reproduction/figures/downstream/fig05a_activity_and_downlink_rate.png,added,,75c5aa2081fc975f7d015ad252e113ccb79195b0b4b62a9f341a22efcda42ec6
docs/validation_evidence/final_rc2_20260930/stage2_validation_20260930_182826_330/reproduction/figures/downstream/fig05a_activity_and_downlink_rate_values.csv,added,,5739aed62a7de735f6ea22a19269ebb5aeb7fb85ba880594f12186f241cea9e6
docs/validation_evidence/final_rc2_20260930/stage2_validation_20260930_182826_330/reproduction/figures/downstream/fig05b_radiated_downlink_power.png,added,,7196f7d6e1e4f83b05c8c6475fae49bb2cc1bf40fa152878ce6cce7d0ac9fd2b
docs/validation_evidence/final_rc2_20260930/stage2_validation_20260930_182826_330/reproduction/figures/downstream/fig05b_radiated_downlink_power_values.csv,added,,7b1c60bd0786c99c43bbf457ab8f7aa0263c3c60ca9aef293774d30f187b36a4
docs/validation_evidence/final_rc2_20260930/stage2_validation_20260930_182826_330/reproduction/figures/downstream/fig05c_radio_electrical_power.png,added,,06c55f86664103c1a5aaa2e9389574771c1b92c05282f2f210a391cc8ec78584
docs/validation_evidence/final_rc2_20260930/stage2_validation_20260930_182826_330/reproduction/figures/downstream/fig05c_radio_electrical_power_values.csv,added,,5dc076c5fcf6a22ba84ebb00ae91944f2ccf3ed6728c80abf76feabbf25a8cd2
docs/validation_evidence/final_rc2_20260930/stage2_validation_20260930_182826_330/reproduction/figures/downstream/fig05d_auxiliary_power_parity.png,added,,7766996a1e557712551001691278feb41d4548747899706bbf51fbdec4b61985
docs/validation_evidence/final_rc2_20260930/stage2_validation_20260930_182826_330/reproduction/figures/downstream/fig05d_auxiliary_power_parity_values.csv,added,,b3896e11f54eaac1c124a3869f2a1a19fe29eb94f56e68880bad5e4ecc57e1fe
docs/validation_evidence/final_rc2_20260930/stage2_validation_20260930_182826_330/reproduction/figures/downstream/fig06a_serving_efficiency.png,added,,65d60e2ca957c5376963120a3d323196e667c3de3a54d0d753be100f2d2abd65
docs/validation_evidence/final_rc2_20260930/stage2_validation_20260930_182826_330/reproduction/figures/downstream/fig06a_serving_efficiency_values.csv,added,,7ddc938d370657425018cb1016c9755043aad13e708a39979645518e11f77fa2
docs/validation_evidence/final_rc2_20260930/stage2_validation_20260930_182826_330/reproduction/figures/downstream/fig06b_payload_power_mass.png,added,,01cf08091964a8b5251245c5ca8ae2a47e96bacb157e7966a6455ba59301fd30
docs/validation_evidence/final_rc2_20260930/stage2_validation_20260930_182826_330/reproduction/figures/downstream/fig06b_payload_power_mass_values.csv,added,,7ddc938d370657425018cb1016c9755043aad13e708a39979645518e11f77fa2
docs/validation_evidence/final_rc2_20260930/stage2_validation_20260930_182826_330/reproduction/figures/downstream/fig06b_shared_host_values.csv,added,,70f17a620595a8baa534b21a7f9a99564fb58faa973dbfba02a6232004c007e7
docs/validation_evidence/final_rc2_20260930/stage2_validation_20260930_182826_330/reproduction/figures/downstream/fig06c_deployable_instances.png,added,,2ca4b1d17ada5aca80b280601ea669cc8805f554858e88a11b82d04838365f38
docs/validation_evidence/final_rc2_20260930/stage2_validation_20260930_182826_330/reproduction/figures/downstream/fig06c_deployable_instances_values.csv,added,,cff4bfec2783b6df80c95d97f74444b00110d2a0ca3ff313a14c7b1b589c2bad
docs/validation_evidence/final_rc2_20260930/stage2_validation_20260930_182826_330/reproduction/figures/downstream/fig06d_platform_capacity.png,added,,07aac642c45f9c1ff71ba044ed912b4617ea2b55b4717d3dc8c78a0429ba9159
docs/validation_evidence/final_rc2_20260930/stage2_validation_20260930_182826_330/reproduction/figures/downstream/fig06d_platform_capacity_values.csv,added,,e0243f26ec8814f66643979faa78c5fea92b97d4cf6c6337cc2248599e4be6e3
docs/validation_evidence/final_rc2_20260930/stage2_validation_20260930_182826_330/reproduction/figures/downstream/fig06e_fleet_sizing.png,added,,9b2e2d35a94a5c3bde2f0667c8dee78f3c5e01a425d372b9bc858098f251bd56
docs/validation_evidence/final_rc2_20260930/stage2_validation_20260930_182826_330/reproduction/figures/downstream/fig06e_fleet_sizing_values.csv,added,,31375a3a0c3497139859873cd7b7d16f0db06b1d59c62479dd1c94662c6226e3
docs/validation_evidence/final_rc2_20260930/stage2_validation_20260930_182826_330/reproduction/figures/downstream/supp_fig02_mapping_sensitivity.png,added,,15a60f7a073481d1f414d2d40075c611aaa61136c55b1c715c59facee3308e92
docs/validation_evidence/final_rc2_20260930/stage2_validation_20260930_182826_330/reproduction/figures/downstream/supp_fig02_mapping_sensitivity_values.csv,added,,4802f98248870cc66bf585b96da9379506a5978d1b9b68ce22f6afda7c82930d
docs/validation_evidence/final_rc2_20260930/stage2_validation_20260930_182826_330/reproduction/figures/downstream/supp_fig03_assignment_sensitivity.png,added,,14b01c59556d22118fd3551b82923cd21d10bc14d65f08a1887a34e3a879367d
docs/validation_evidence/final_rc2_20260930/stage2_validation_20260930_182826_330/reproduction/figures/downstream/supp_fig03_assignment_sensitivity_values.csv,added,,6879f57c4422c03f86c474bb80a09bcd348832ab3acb5ee89ea5545c81428219
docs/validation_evidence/final_rc2_20260930/stage2_validation_20260930_182826_330/reproduction/figures/downstream/supp_fig04_mc_validation.png,added,,be7af390e83904d821f6e7a9bd7278472072a5c43d8952391311e0d79e688279
docs/validation_evidence/final_rc2_20260930/stage2_validation_20260930_182826_330/reproduction/figures/downstream/supp_fig04_mc_validation_values.csv,added,,3a0cfb55813ca981a0a76ebb3f64ae92f2018a65708c515f8b97ffc537416665
docs/validation_evidence/final_rc2_20260930/stage2_validation_20260930_182826_330/reproduction/figures/downstream/supplementary_tables/table09_activity_and_downlink.csv,added,,785e593c2124a50a14800729d6568cbf1a1c731bb08eb017c34965c2b544aa3c
docs/validation_evidence/final_rc2_20260930/stage2_validation_20260930_182826_330/reproduction/figures/downstream/supplementary_tables/table10_hardware_and_exact_capacity.csv,added,,7ddc938d370657425018cb1016c9755043aad13e708a39979645518e11f77fa2
docs/validation_evidence/final_rc2_20260930/stage2_validation_20260930_182826_330/reproduction/figures/downstream/supplementary_tables/table11_pooled_capacity.csv,added,,05a3c1392c576cc62fce7c91177b272ae761c6582df4d0e81d160711f8d1596f
docs/validation_evidence/final_rc2_20260930/stage2_validation_20260930_182826_330/reproduction/figures/downstream/supplementary_tables/table12_assignment_sensitivity.csv,added,,9e9f3f84f62ab38961956a42b41d1a8e30b7665681543fb81163036ec90cb748
docs/validation_evidence/final_rc2_20260930/stage2_validation_20260930_182826_330/reproduction/figures/downstream/supplementary_tables/table13_mapping_activity.csv,added,,f202f68bf2252917af80f4f3a920c7fb0b95742cbf3d063cca8150b4cd5a5856
docs/validation_evidence/final_rc2_20260930/stage2_validation_20260930_182826_330/reproduction/figures/downstream/supplementary_tables/table14_exact_mapping_sensitivity.csv,added,,4802f98248870cc66bf585b96da9379506a5978d1b9b68ce22f6afda7c82930d
docs/validation_evidence/final_rc2_20260930/stage2_validation_20260930_182826_330/reproduction/figures/downstream/supplementary_tables/table15_mc_validation.csv,added,,15e787bbf462738341985d9ca2e975ffb86a311e017e4b234617a63b1fe0fae6
docs/validation_evidence/final_rc2_20260930/stage2_validation_20260930_182826_330/reproduction/figures/serving/fig03a_latency_curves.png,added,,d7edb102d77acf66c82163b38bdb4604ce66e1eefa391d2aa97117086609b130
docs/validation_evidence/final_rc2_20260930/stage2_validation_20260930_182826_330/reproduction/figures/serving/fig03a_latency_curves_values.csv,added,,392a6ea477202138bae78d670c6c7f94ab15c4274b1144a9070c34af74439642
docs/validation_evidence/final_rc2_20260930/stage2_validation_20260930_182826_330/reproduction/figures/serving/fig03b_slo_capacity.png,added,,d62b8e8ec57d19b275616d221803460b3f3c098d121e0bd470be210d1861b81f
docs/validation_evidence/final_rc2_20260930/stage2_validation_20260930_182826_330/reproduction/figures/serving/fig03b_slo_capacity_values.csv,added,,10ca14292eedc63b7946b1e5b2209d7cbf79fc396e89842af9c36f76182cbd91
docs/validation_evidence/final_rc2_20260930/stage2_validation_20260930_182826_330/reproduction/figures/serving/fig03c_serving_budget.png,added,,531815e3af2b35ecafdcc213eb542520ef0fcbc470d4cf788111c3b95240760c
docs/validation_evidence/final_rc2_20260930/stage2_validation_20260930_182826_330/reproduction/figures/serving/fig03c_serving_budget_values.csv,added,,7553ed4c3acf33d7c75b1c2204928a1974007f05cb33b74972135745edff537f
docs/validation_evidence/final_rc2_20260930/stage2_validation_20260930_182826_330/reproduction/figures/thermal/fig04b_thermal_map.png,added,,adead85aa4af62479f861a150697eeff3141d48111cba9435319e3497ec787dc
docs/validation_evidence/final_rc2_20260930/stage2_validation_20260930_182826_330/reproduction/figures/thermal/fig04b_thermal_map_values.csv,added,,df18620e06eda93e4cad7061df2b3290bf92b200499c6af3cee33df24cada66f
docs/validation_evidence/final_rc2_20260930/stage2_validation_20260930_182826_330/reproduction/figures/thermal/fig04c_duct_scale.png,added,,35484177d5cb8801f831fa7c2015f851efdc23ebdb904c5a1b0b763259899f15
docs/validation_evidence/final_rc2_20260930/stage2_validation_20260930_182826_330/reproduction/figures/thermal/fig04c_duct_scale_values.csv,added,,11ec68b571ef4154845bcf75bf2fdd4fa7bc7485aa6d1b5f3b78fe965bae72e2
docs/validation_evidence/final_rc2_20260930/stage2_validation_20260930_182826_330/reproduction/figures/thermal/fig04d_thermal_robustness.png,added,,14aac2c4fddb8fa442fe0aa032a11c67076ac96b275a40a79f9c1e11cfaf03a3
docs/validation_evidence/final_rc2_20260930/stage2_validation_20260930_182826_330/reproduction/figures/thermal/fig04d_thermal_robustness_values.csv,added,,121d8dd5b3341405406fbcc8e7da4974d47134188715ca6e46a2345f4c884cd4
docs/validation_evidence/final_rc2_20260930/stage2_validation_20260930_182826_330/reproduction/figures/workload/fig02b_workload_occupancy.png,added,,7394db751e335b2449cf9c8307541573041db3de19d50382b07ee531adbdd0c5
docs/validation_evidence/final_rc2_20260930/stage2_validation_20260930_182826_330/reproduction/figures/workload/fig02b_workload_occupancy_values.csv,added,,1eee0b29488cbe65abd68a90fb00311b9dbcbd2702354c19c7864a133c6ae241
docs/validation_evidence/final_rc2_20260930/stage2_validation_20260930_182826_330/reproduction/figures/workload/fig02c_activity_bootstrap.png,added,,cc468b2087a70d95035f21e546759a0ce7257de3f41a8762b0c1077f4ee916b1
docs/validation_evidence/final_rc2_20260930/stage2_validation_20260930_182826_330/reproduction/figures/workload/fig02c_activity_bootstrap_values.csv,added,,38113a424c84dc05f9ab060b5f7294ea0e9b1d2cbeea52245e1cf6068e8764d8
docs/validation_evidence/final_rc2_20260930/stage2_validation_20260930_182826_330/reproduction/figures/workload/figure_manifest.csv,added,,a392132f62ef659d088aa1322b1a6a63558144d1b98a3d330f5ef5b2ab68934d
docs/validation_evidence/final_rc2_20260930/stage2_validation_20260930_182826_330/reproduction/figures/workload/supp_fig01_activity_vs_tau.png,added,,b0b265dc56dd836250b2c2e1d882fd2b0165b8b16795d8611bdd5b90b343e6d8
docs/validation_evidence/final_rc2_20260930/stage2_validation_20260930_182826_330/reproduction/figures/workload/supp_fig01_activity_vs_tau_values.csv,added,,109955dbb52b65092351b5102983d4190393e87798f41c1aba4ac40fc69b7cfe
docs/validation_evidence/final_rc2_20260930/stage2_validation_20260930_182826_330/reproduction/matlab_environment.csv,added,,9f208ac07077167a840f5e6d0a00d9bd277f3821c729b76fecf24ff1390e216f
docs/validation_evidence/final_rc2_20260930/stage2_validation_20260930_182826_330/reproduction/payload/configuration_efficiency.csv,added,,7ddc938d370657425018cb1016c9755043aad13e708a39979645518e11f77fa2
docs/validation_evidence/final_rc2_20260930/stage2_validation_20260930_182826_330/reproduction/payload/deployment_limits.csv,added,,cff4bfec2783b6df80c95d97f74444b00110d2a0ca3ff313a14c7b1b589c2bad
docs/validation_evidence/final_rc2_20260930/stage2_validation_20260930_182826_330/reproduction/payload/shared_host_scaling.csv,added,,70f17a620595a8baa534b21a7f9a99564fb58faa973dbfba02a6232004c007e7
docs/validation_evidence/final_rc2_20260930/stage2_validation_20260930_182826_330/reproduction/serving/capacity_by_slo.csv,added,,635f363f5b7d109ee8854b973ceedf193373bafce6c2de3e6dece8c803fbeb9f
docs/validation_evidence/final_rc2_20260930/stage2_validation_20260930_182826_330/reproduction/serving/capacity_interpolation.csv,added,,d3d3d1cc9a097c55af2bc4df3fddbdafe5eb2e203f4372a9998b02ea58aa4d08
docs/validation_evidence/final_rc2_20260930/stage2_validation_20260930_182826_330/reproduction/serving/general_slo_capacity.csv,added,,9e43e86e54bbbdec51d11b11e7e797c20a45e46543c5daf0f0fb825e58be0485
docs/validation_evidence/final_rc2_20260930/stage2_validation_20260930_182826_330/reproduction/serving/latency_curves.csv,added,,840dadea5b0f460d44f7308f69b4373bd44691574d6178240e999da9b8486f34
docs/validation_evidence/final_rc2_20260930/stage2_validation_20260930_182826_330/reproduction/serving/nominal_interpolation_sensitivity.csv,added,,abe7ace518723210648fb696dadfac89250defcb760b06c522fdc0d476f5c210
docs/validation_evidence/final_rc2_20260930/stage2_validation_20260930_182826_330/reproduction/serving/reference_comparison.csv,added,,eb37d62eba4f3e2b4ba1d80e7338520bb3bb4195d5dae0228cd8e6f1c87d91cd
docs/validation_evidence/final_rc2_20260930/stage2_validation_20260930_182826_330/reproduction/serving/serving_budget_contributions.csv,added,,f3da303c377b316d57411343df33777c6a18e058ca59c8f5e48eed812461a1f0
docs/validation_evidence/final_rc2_20260930/stage2_validation_20260930_182826_330/reproduction/supplementary_downstream/table09_activity_and_downlink.csv,added,,785e593c2124a50a14800729d6568cbf1a1c731bb08eb017c34965c2b544aa3c
docs/validation_evidence/final_rc2_20260930/stage2_validation_20260930_182826_330/reproduction/supplementary_downstream/table10_hardware_and_exact_capacity.csv,added,,7ddc938d370657425018cb1016c9755043aad13e708a39979645518e11f77fa2
docs/validation_evidence/final_rc2_20260930/stage2_validation_20260930_182826_330/reproduction/supplementary_downstream/table11_pooled_capacity.csv,added,,05a3c1392c576cc62fce7c91177b272ae761c6582df4d0e81d160711f8d1596f
docs/validation_evidence/final_rc2_20260930/stage2_validation_20260930_182826_330/reproduction/supplementary_downstream/table12_assignment_sensitivity.csv,added,,9e9f3f84f62ab38961956a42b41d1a8e30b7665681543fb81163036ec90cb748
docs/validation_evidence/final_rc2_20260930/stage2_validation_20260930_182826_330/reproduction/supplementary_downstream/table13_mapping_activity.csv,added,,f202f68bf2252917af80f4f3a920c7fb0b95742cbf3d063cca8150b4cd5a5856
docs/validation_evidence/final_rc2_20260930/stage2_validation_20260930_182826_330/reproduction/supplementary_downstream/table14_exact_mapping_sensitivity.csv,added,,4802f98248870cc66bf585b96da9379506a5978d1b9b68ce22f6afda7c82930d
docs/validation_evidence/final_rc2_20260930/stage2_validation_20260930_182826_330/reproduction/supplementary_downstream/table15_mc_validation.csv,added,,15e787bbf462738341985d9ca2e975ffb86a311e017e4b234617a63b1fe0fae6
docs/validation_evidence/final_rc2_20260930/stage2_validation_20260930_182826_330/reproduction/supplementary_upstream/supp_table01_workload_statistics.csv,added,,1e0e7d7dbd1a65ca607e822932fd4486772307d1f42a846b67462e146b74d3ab
docs/validation_evidence/final_rc2_20260930/stage2_validation_20260930_182826_330/reproduction/supplementary_upstream/supp_table02_tau_DISPLAY_ROUNDED.csv,added,,3b5c7fa72ee35427c785ae5063888fdadb9f56003d25f9212f9ea9c5cdc57368
docs/validation_evidence/final_rc2_20260930/stage2_validation_20260930_182826_330/reproduction/supplementary_upstream/supp_table03_general_slo.csv,added,,9e43e86e54bbbdec51d11b11e7e797c20a45e46543c5daf0f0fb825e58be0485
docs/validation_evidence/final_rc2_20260930/stage2_validation_20260930_182826_330/reproduction/supplementary_upstream/supp_table04_nominal_interpolation.csv,added,,aedebd43ef8a74c6235f835d9a431493d1bae136482215a3266f879f7564ffd9
docs/validation_evidence/final_rc2_20260930/stage2_validation_20260930_182826_330/reproduction/supplementary_upstream/supp_table05_highload_scaling.csv,added,,e7bf861075c2bbf9ec1708a9b68d6fed7323049e9fcd032f01cd672a45911bc3
docs/validation_evidence/final_rc2_20260930/stage2_validation_20260930_182826_330/reproduction/supplementary_upstream/supp_table06_codesign_envelope.csv,added,,6051164be8adb0d2a4b30e51a21a26da82051f2cd9d5ddcbcc62c903c59055c2
docs/validation_evidence/final_rc2_20260930/stage2_validation_20260930_182826_330/reproduction/supplementary_upstream/supp_table07_environment_corners.csv,added,,3c35110569576273abe5a3bc38f6dc664207dc3ddebc6c7e8eab843dfcca5c46
docs/validation_evidence/final_rc2_20260930/stage2_validation_20260930_182826_330/reproduction/supplementary_upstream/supp_table08_duration_comparison.csv,added,,588c58b004d2eb82aab02f361179de5fe9089e690fff0458a61bd6d609222d7c
docs/validation_evidence/final_rc2_20260930/stage2_validation_20260930_182826_330/reproduction/validation.csv,added,,4119282f93fc1243541898478cd3c1c81a2f2f723a169d8f553081c80150ab6e
docs/validation_evidence/final_rc2_20260930/stage2_validation_20260930_182826_330/stage2_checks.csv,added,,f91792f3288a8c0468c218dd2316a444103f33ea0672bbed28f18d7b7dfd0d6c
docs/validation_evidence/r2025b_20260930/stage2_validation_20260930_152903_922/acceptance_summary.csv,unchanged,f54bf0c20d585b52be358701dfb37b11acf93ada35a87bfd870c3371352c71d9,f54bf0c20d585b52be358701dfb37b11acf93ada35a87bfd870c3371352c71d9
docs/validation_evidence/r2025b_20260930/stage2_validation_20260930_152903_922/code_analyzer.csv,unchanged,499d0f7aac42bf52223f3331d36f2c1eefccc7cc029eccebd481aa3d810b6f65,499d0f7aac42bf52223f3331d36f2c1eefccc7cc029eccebd481aa3d810b6f65
docs/validation_evidence/r2025b_20260930/stage2_validation_20260930_152903_922/repository_snapshot.csv,unchanged,c76690910a1a2425b198013eef7fa020af13b80c78d9d6e5ff882e9f2b19d40c,c76690910a1a2425b198013eef7fa020af13b80c78d9d6e5ff882e9f2b19d40c
docs/validation_evidence/r2025b_20260930/stage2_validation_20260930_152903_922/reproduction/communication/active_user_pmf.csv,unchanged,365e12f17b7386b8fdbe27145e7f68def539c82c17c04a920cf2c2a6185d683f,365e12f17b7386b8fdbe27145e7f68def539c82c17c04a920cf2c2a6185d683f
docs/validation_evidence/r2025b_20260930/stage2_validation_20260930_152903_922/reproduction/communication/auxiliary_parity.csv,unchanged,3f2beffcce5dc48bb1774218fdde7f0129bbbad1bb4f761ce88401ff0ed72591,3f2beffcce5dc48bb1774218fdde7f0129bbbad1bb4f761ce88401ff0ed72591
docs/validation_evidence/r2025b_20260930/stage2_validation_20260930_152903_922/reproduction/communication/downlink_rates.csv,unchanged,5739aed62a7de735f6ea22a19269ebb5aeb7fb85ba880594f12186f241cea9e6,5739aed62a7de735f6ea22a19269ebb5aeb7fb85ba880594f12186f241cea9e6
docs/validation_evidence/r2025b_20260930/stage2_validation_20260930_152903_922/reproduction/communication/input_audit.csv,unchanged,e4bea107d2a00378f6dcb43d7cd03ef75a95dee61146827564b9641e7dbf5c23,e4bea107d2a00378f6dcb43d7cd03ef75a95dee61146827564b9641e7dbf5c23
docs/validation_evidence/r2025b_20260930/stage2_validation_20260930_152903_922/reproduction/communication/link_budget.csv,unchanged,7b1c60bd0786c99c43bbf457ab8f7aa0263c3c60ca9aef293774d30f187b36a4,7b1c60bd0786c99c43bbf457ab8f7aa0263c3c60ca9aef293774d30f187b36a4
docs/validation_evidence/r2025b_20260930/stage2_validation_20260930_152903_922/reproduction/communication/link_scenarios.csv,unchanged,209b5317701f2a5730ac89dcdf787b54de0c26bdcd7bcd161b065e419143e208,209b5317701f2a5730ac89dcdf787b54de0c26bdcd7bcd161b065e419143e208
docs/validation_evidence/r2025b_20260930/stage2_validation_20260930_152903_922/reproduction/communication/radio_power.csv,unchanged,e4c06b0d58e6dac1bec5fcdcdfdf12a6f15f42f2a1549e3b1f2401117a0ece02,e4c06b0d58e6dac1bec5fcdcdfdf12a6f15f42f2a1549e3b1f2401117a0ece02
docs/validation_evidence/r2025b_20260930/stage2_validation_20260930_152903_922/reproduction/figures/downstream/fig03d_overload_probability.png,unchanged,72ff4106af8c0b61fb8b39c586760d5363570afd1e2b8ba78c7f3155a7caf809,72ff4106af8c0b61fb8b39c586760d5363570afd1e2b8ba78c7f3155a7caf809
docs/validation_evidence/r2025b_20260930/stage2_validation_20260930_152903_922/reproduction/figures/downstream/fig03d_overload_probability_values.csv,unchanged,d317c2508837c68d7aa875e7015ddb1faa5cffc378a28062b32541446a3a3350,d317c2508837c68d7aa875e7015ddb1faa5cffc378a28062b32541446a3a3350
docs/validation_evidence/r2025b_20260930/stage2_validation_20260930_152903_922/reproduction/figures/downstream/fig03e_nominal_and_reliable_capacity.png,unchanged,d0cd4e2bedde191f2cb0d48502c4f34dbf3897e0ad4634718cf03316d30efde3,d0cd4e2bedde191f2cb0d48502c4f34dbf3897e0ad4634718cf03316d30efde3
docs/validation_evidence/r2025b_20260930/stage2_validation_20260930_152903_922/reproduction/figures/downstream/fig03e_nominal_and_reliable_capacity_values.csv,unchanged,31922cad022df8b4f0042832607b20f123f8fe76935ade19e006d80a82b24ebd,31922cad022df8b4f0042832607b20f123f8fe76935ade19e006d80a82b24ebd
docs/validation_evidence/r2025b_20260930/stage2_validation_20260930_152903_922/reproduction/figures/downstream/fig05a_activity_and_downlink_rate.png,unchanged,006b4678f98835ec327a5e1f871128daa028fa5393169b0f5c0d1d7f9f5d9f03,006b4678f98835ec327a5e1f871128daa028fa5393169b0f5c0d1d7f9f5d9f03
docs/validation_evidence/r2025b_20260930/stage2_validation_20260930_152903_922/reproduction/figures/downstream/fig05a_activity_and_downlink_rate_values.csv,unchanged,5739aed62a7de735f6ea22a19269ebb5aeb7fb85ba880594f12186f241cea9e6,5739aed62a7de735f6ea22a19269ebb5aeb7fb85ba880594f12186f241cea9e6
docs/validation_evidence/r2025b_20260930/stage2_validation_20260930_152903_922/reproduction/figures/downstream/fig05b_radiated_downlink_power.png,unchanged,4c5da7250b96f3a89893b32064d06d1fd5b92228f85bce0284b5451c1ae223c4,4c5da7250b96f3a89893b32064d06d1fd5b92228f85bce0284b5451c1ae223c4
docs/validation_evidence/r2025b_20260930/stage2_validation_20260930_152903_922/reproduction/figures/downstream/fig05b_radiated_downlink_power_values.csv,unchanged,7b1c60bd0786c99c43bbf457ab8f7aa0263c3c60ca9aef293774d30f187b36a4,7b1c60bd0786c99c43bbf457ab8f7aa0263c3c60ca9aef293774d30f187b36a4
docs/validation_evidence/r2025b_20260930/stage2_validation_20260930_152903_922/reproduction/figures/downstream/fig05c_radio_electrical_power.png,unchanged,e7b5e408d8337d1be9ec30ed77f7f6e2a090b2c548cabc7b909710beee0f1048,e7b5e408d8337d1be9ec30ed77f7f6e2a090b2c548cabc7b909710beee0f1048
docs/validation_evidence/r2025b_20260930/stage2_validation_20260930_152903_922/reproduction/figures/downstream/fig05c_radio_electrical_power_values.csv,unchanged,5dc076c5fcf6a22ba84ebb00ae91944f2ccf3ed6728c80abf76feabbf25a8cd2,5dc076c5fcf6a22ba84ebb00ae91944f2ccf3ed6728c80abf76feabbf25a8cd2
docs/validation_evidence/r2025b_20260930/stage2_validation_20260930_152903_922/reproduction/figures/downstream/fig05d_auxiliary_power_parity.png,unchanged,1dc9ba7a13f10aa661a43b95762ce3ffb1d677f91ab9d4a077b0d907d24e87dc,1dc9ba7a13f10aa661a43b95762ce3ffb1d677f91ab9d4a077b0d907d24e87dc
docs/validation_evidence/r2025b_20260930/stage2_validation_20260930_152903_922/reproduction/figures/downstream/fig05d_auxiliary_power_parity_values.csv,unchanged,b3896e11f54eaac1c124a3869f2a1a19fe29eb94f56e68880bad5e4ecc57e1fe,b3896e11f54eaac1c124a3869f2a1a19fe29eb94f56e68880bad5e4ecc57e1fe
docs/validation_evidence/r2025b_20260930/stage2_validation_20260930_152903_922/reproduction/figures/downstream/fig06a_serving_efficiency.png,unchanged,b408b2900fabfef72c8bea14d3a437791ea1f595a986cef60e74c46e3efbd4d0,b408b2900fabfef72c8bea14d3a437791ea1f595a986cef60e74c46e3efbd4d0
docs/validation_evidence/r2025b_20260930/stage2_validation_20260930_152903_922/reproduction/figures/downstream/fig06a_serving_efficiency_values.csv,unchanged,7ddc938d370657425018cb1016c9755043aad13e708a39979645518e11f77fa2,7ddc938d370657425018cb1016c9755043aad13e708a39979645518e11f77fa2
docs/validation_evidence/r2025b_20260930/stage2_validation_20260930_152903_922/reproduction/figures/downstream/fig06b_payload_power_mass.png,unchanged,02d3cb6f63de36271c0a2f2f7cf191e9e88737b5a8000a72b4446de625d80ef3,02d3cb6f63de36271c0a2f2f7cf191e9e88737b5a8000a72b4446de625d80ef3
docs/validation_evidence/r2025b_20260930/stage2_validation_20260930_152903_922/reproduction/figures/downstream/fig06b_payload_power_mass_values.csv,unchanged,7ddc938d370657425018cb1016c9755043aad13e708a39979645518e11f77fa2,7ddc938d370657425018cb1016c9755043aad13e708a39979645518e11f77fa2
docs/validation_evidence/r2025b_20260930/stage2_validation_20260930_152903_922/reproduction/figures/downstream/fig06b_shared_host_values.csv,unchanged,70f17a620595a8baa534b21a7f9a99564fb58faa973dbfba02a6232004c007e7,70f17a620595a8baa534b21a7f9a99564fb58faa973dbfba02a6232004c007e7
docs/validation_evidence/r2025b_20260930/stage2_validation_20260930_152903_922/reproduction/figures/downstream/fig06c_deployable_instances.png,unchanged,660a9c7c474c9cd29adb56c78ca048223062f77684bab96fbdfda4e60f72b2cc,660a9c7c474c9cd29adb56c78ca048223062f77684bab96fbdfda4e60f72b2cc
docs/validation_evidence/r2025b_20260930/stage2_validation_20260930_152903_922/reproduction/figures/downstream/fig06c_deployable_instances_values.csv,unchanged,cff4bfec2783b6df80c95d97f74444b00110d2a0ca3ff313a14c7b1b589c2bad,cff4bfec2783b6df80c95d97f74444b00110d2a0ca3ff313a14c7b1b589c2bad
docs/validation_evidence/r2025b_20260930/stage2_validation_20260930_152903_922/reproduction/figures/downstream/fig06d_platform_capacity.png,unchanged,6aacfe93eaadfdcb4691fc0449c7e4edd099c4c031e2da9436d3ddd935c81fb3,6aacfe93eaadfdcb4691fc0449c7e4edd099c4c031e2da9436d3ddd935c81fb3
docs/validation_evidence/r2025b_20260930/stage2_validation_20260930_152903_922/reproduction/figures/downstream/fig06d_platform_capacity_values.csv,unchanged,e0243f26ec8814f66643979faa78c5fea92b97d4cf6c6337cc2248599e4be6e3,e0243f26ec8814f66643979faa78c5fea92b97d4cf6c6337cc2248599e4be6e3
docs/validation_evidence/r2025b_20260930/stage2_validation_20260930_152903_922/reproduction/figures/downstream/fig06e_fleet_sizing.png,unchanged,cd78bbf89eb4d580092f3850d04446e66bcb33f00083656ddd517dabe35d871d,cd78bbf89eb4d580092f3850d04446e66bcb33f00083656ddd517dabe35d871d
docs/validation_evidence/r2025b_20260930/stage2_validation_20260930_152903_922/reproduction/figures/downstream/fig06e_fleet_sizing_values.csv,unchanged,31375a3a0c3497139859873cd7b7d16f0db06b1d59c62479dd1c94662c6226e3,31375a3a0c3497139859873cd7b7d16f0db06b1d59c62479dd1c94662c6226e3
docs/validation_evidence/r2025b_20260930/stage2_validation_20260930_152903_922/reproduction/figures/downstream/supp_fig02_mapping_sensitivity.png,unchanged,de0ca9ec2d8837cfc6813bb39ac211de9cd1037ccbcfde7a8d07878a3f8b7939,de0ca9ec2d8837cfc6813bb39ac211de9cd1037ccbcfde7a8d07878a3f8b7939
docs/validation_evidence/r2025b_20260930/stage2_validation_20260930_152903_922/reproduction/figures/downstream/supp_fig02_mapping_sensitivity_values.csv,unchanged,4802f98248870cc66bf585b96da9379506a5978d1b9b68ce22f6afda7c82930d,4802f98248870cc66bf585b96da9379506a5978d1b9b68ce22f6afda7c82930d
docs/validation_evidence/r2025b_20260930/stage2_validation_20260930_152903_922/reproduction/figures/downstream/supp_fig03_assignment_sensitivity.png,unchanged,e0a209954ae427688d6077c0797caba772a92a12a175a1cbb091b9ea47590ab1,e0a209954ae427688d6077c0797caba772a92a12a175a1cbb091b9ea47590ab1
docs/validation_evidence/r2025b_20260930/stage2_validation_20260930_152903_922/reproduction/figures/downstream/supp_fig03_assignment_sensitivity_values.csv,unchanged,6879f57c4422c03f86c474bb80a09bcd348832ab3acb5ee89ea5545c81428219,6879f57c4422c03f86c474bb80a09bcd348832ab3acb5ee89ea5545c81428219
docs/validation_evidence/r2025b_20260930/stage2_validation_20260930_152903_922/reproduction/figures/downstream/supp_fig04_mc_validation.png,unchanged,683ee404f1ffc34a102c5cd4e06cd9d0205fd71cde9c45dcd776f9e7ee5fc285,683ee404f1ffc34a102c5cd4e06cd9d0205fd71cde9c45dcd776f9e7ee5fc285
docs/validation_evidence/r2025b_20260930/stage2_validation_20260930_152903_922/reproduction/figures/downstream/supp_fig04_mc_validation_values.csv,unchanged,3a0cfb55813ca981a0a76ebb3f64ae92f2018a65708c515f8b97ffc537416665,3a0cfb55813ca981a0a76ebb3f64ae92f2018a65708c515f8b97ffc537416665
docs/validation_evidence/r2025b_20260930/stage2_validation_20260930_152903_922/reproduction/figures/downstream/supplementary_tables/table09_activity_and_downlink.csv,unchanged,785e593c2124a50a14800729d6568cbf1a1c731bb08eb017c34965c2b544aa3c,785e593c2124a50a14800729d6568cbf1a1c731bb08eb017c34965c2b544aa3c
docs/validation_evidence/r2025b_20260930/stage2_validation_20260930_152903_922/reproduction/figures/downstream/supplementary_tables/table10_hardware_and_exact_capacity.csv,unchanged,7ddc938d370657425018cb1016c9755043aad13e708a39979645518e11f77fa2,7ddc938d370657425018cb1016c9755043aad13e708a39979645518e11f77fa2
docs/validation_evidence/r2025b_20260930/stage2_validation_20260930_152903_922/reproduction/figures/downstream/supplementary_tables/table11_pooled_capacity.csv,unchanged,05a3c1392c576cc62fce7c91177b272ae761c6582df4d0e81d160711f8d1596f,05a3c1392c576cc62fce7c91177b272ae761c6582df4d0e81d160711f8d1596f
docs/validation_evidence/r2025b_20260930/stage2_validation_20260930_152903_922/reproduction/figures/downstream/supplementary_tables/table12_assignment_sensitivity.csv,unchanged,9e9f3f84f62ab38961956a42b41d1a8e30b7665681543fb81163036ec90cb748,9e9f3f84f62ab38961956a42b41d1a8e30b7665681543fb81163036ec90cb748
docs/validation_evidence/r2025b_20260930/stage2_validation_20260930_152903_922/reproduction/figures/downstream/supplementary_tables/table13_mapping_activity.csv,unchanged,f202f68bf2252917af80f4f3a920c7fb0b95742cbf3d063cca8150b4cd5a5856,f202f68bf2252917af80f4f3a920c7fb0b95742cbf3d063cca8150b4cd5a5856
docs/validation_evidence/r2025b_20260930/stage2_validation_20260930_152903_922/reproduction/figures/downstream/supplementary_tables/table14_exact_mapping_sensitivity.csv,unchanged,4802f98248870cc66bf585b96da9379506a5978d1b9b68ce22f6afda7c82930d,4802f98248870cc66bf585b96da9379506a5978d1b9b68ce22f6afda7c82930d
docs/validation_evidence/r2025b_20260930/stage2_validation_20260930_152903_922/reproduction/figures/downstream/supplementary_tables/table15_mc_validation.csv,unchanged,15e787bbf462738341985d9ca2e975ffb86a311e017e4b234617a63b1fe0fae6,15e787bbf462738341985d9ca2e975ffb86a311e017e4b234617a63b1fe0fae6
docs/validation_evidence/r2025b_20260930/stage2_validation_20260930_152903_922/reproduction/figures/serving/fig03a_latency_curves.png,unchanged,3268fc3c74c7ed98e7e0045e44189fb3eb96ff0e5267cd4b1f8fac52e866e4d2,3268fc3c74c7ed98e7e0045e44189fb3eb96ff0e5267cd4b1f8fac52e866e4d2
docs/validation_evidence/r2025b_20260930/stage2_validation_20260930_152903_922/reproduction/figures/serving/fig03a_latency_curves_values.csv,unchanged,392a6ea477202138bae78d670c6c7f94ab15c4274b1144a9070c34af74439642,392a6ea477202138bae78d670c6c7f94ab15c4274b1144a9070c34af74439642
docs/validation_evidence/r2025b_20260930/stage2_validation_20260930_152903_922/reproduction/figures/serving/fig03b_slo_capacity.png,unchanged,0d9799ac5a75d6c64531716251151e19c7899f0a79ec49729713d0fe1796a1b7,0d9799ac5a75d6c64531716251151e19c7899f0a79ec49729713d0fe1796a1b7
docs/validation_evidence/r2025b_20260930/stage2_validation_20260930_152903_922/reproduction/figures/serving/fig03b_slo_capacity_values.csv,unchanged,10ca14292eedc63b7946b1e5b2209d7cbf79fc396e89842af9c36f76182cbd91,10ca14292eedc63b7946b1e5b2209d7cbf79fc396e89842af9c36f76182cbd91
docs/validation_evidence/r2025b_20260930/stage2_validation_20260930_152903_922/reproduction/figures/serving/fig03c_serving_budget.png,unchanged,c41a344cc09b3f3219770f11ed3392ac0d981c5ad52683dc927024c2d65d5062,c41a344cc09b3f3219770f11ed3392ac0d981c5ad52683dc927024c2d65d5062
docs/validation_evidence/r2025b_20260930/stage2_validation_20260930_152903_922/reproduction/figures/serving/fig03c_serving_budget_values.csv,unchanged,7553ed4c3acf33d7c75b1c2204928a1974007f05cb33b74972135745edff537f,7553ed4c3acf33d7c75b1c2204928a1974007f05cb33b74972135745edff537f
docs/validation_evidence/r2025b_20260930/stage2_validation_20260930_152903_922/reproduction/figures/thermal/fig04b_thermal_map.png,unchanged,263cb2f5ce5684dfbf9aa5797e434ed0fb77f97805583ff071f7c81f83362df6,263cb2f5ce5684dfbf9aa5797e434ed0fb77f97805583ff071f7c81f83362df6
docs/validation_evidence/r2025b_20260930/stage2_validation_20260930_152903_922/reproduction/figures/thermal/fig04b_thermal_map_values.csv,unchanged,df18620e06eda93e4cad7061df2b3290bf92b200499c6af3cee33df24cada66f,df18620e06eda93e4cad7061df2b3290bf92b200499c6af3cee33df24cada66f
docs/validation_evidence/r2025b_20260930/stage2_validation_20260930_152903_922/reproduction/figures/thermal/fig04c_duct_scale.png,unchanged,9e614dbb3d9841457d256a1a40bc68caf883f5ea82ff9a1d892b362ea579a652,9e614dbb3d9841457d256a1a40bc68caf883f5ea82ff9a1d892b362ea579a652
docs/validation_evidence/r2025b_20260930/stage2_validation_20260930_152903_922/reproduction/figures/thermal/fig04c_duct_scale_values.csv,unchanged,11ec68b571ef4154845bcf75bf2fdd4fa7bc7485aa6d1b5f3b78fe965bae72e2,11ec68b571ef4154845bcf75bf2fdd4fa7bc7485aa6d1b5f3b78fe965bae72e2
docs/validation_evidence/r2025b_20260930/stage2_validation_20260930_152903_922/reproduction/figures/thermal/fig04d_thermal_robustness.png,unchanged,5dbfee2aef5740428abc62b40535499582d7137b014ea4cd56c206b1db161bde,5dbfee2aef5740428abc62b40535499582d7137b014ea4cd56c206b1db161bde
docs/validation_evidence/r2025b_20260930/stage2_validation_20260930_152903_922/reproduction/figures/thermal/fig04d_thermal_robustness_values.csv,unchanged,121d8dd5b3341405406fbcc8e7da4974d47134188715ca6e46a2345f4c884cd4,121d8dd5b3341405406fbcc8e7da4974d47134188715ca6e46a2345f4c884cd4
docs/validation_evidence/r2025b_20260930/stage2_validation_20260930_152903_922/reproduction/figures/workload/fig02b_workload_occupancy.png,unchanged,081559b15169a14c49d7c1a25d2d1d40ba3deff6e2f71f90d10be92f39d4688f,081559b15169a14c49d7c1a25d2d1d40ba3deff6e2f71f90d10be92f39d4688f
docs/validation_evidence/r2025b_20260930/stage2_validation_20260930_152903_922/reproduction/figures/workload/fig02b_workload_occupancy_values.csv,unchanged,1eee0b29488cbe65abd68a90fb00311b9dbcbd2702354c19c7864a133c6ae241,1eee0b29488cbe65abd68a90fb00311b9dbcbd2702354c19c7864a133c6ae241
docs/validation_evidence/r2025b_20260930/stage2_validation_20260930_152903_922/reproduction/figures/workload/fig02c_activity_bootstrap.png,unchanged,08146b900e50933f48a263a0f4770f8e7efbd4d57c75757aa27942b10a4dfe1e,08146b900e50933f48a263a0f4770f8e7efbd4d57c75757aa27942b10a4dfe1e
docs/validation_evidence/r2025b_20260930/stage2_validation_20260930_152903_922/reproduction/figures/workload/fig02c_activity_bootstrap_values.csv,unchanged,38113a424c84dc05f9ab060b5f7294ea0e9b1d2cbeea52245e1cf6068e8764d8,38113a424c84dc05f9ab060b5f7294ea0e9b1d2cbeea52245e1cf6068e8764d8
docs/validation_evidence/r2025b_20260930/stage2_validation_20260930_152903_922/reproduction/figures/workload/figure_manifest.csv,unchanged,a392132f62ef659d088aa1322b1a6a63558144d1b98a3d330f5ef5b2ab68934d,a392132f62ef659d088aa1322b1a6a63558144d1b98a3d330f5ef5b2ab68934d
docs/validation_evidence/r2025b_20260930/stage2_validation_20260930_152903_922/reproduction/figures/workload/supp_fig01_activity_vs_tau.png,unchanged,adccb9ca0c68d8ee37c66581f5ab1aa237a3ffcabcf26400b0b7752fd1bba9f2,adccb9ca0c68d8ee37c66581f5ab1aa237a3ffcabcf26400b0b7752fd1bba9f2
docs/validation_evidence/r2025b_20260930/stage2_validation_20260930_152903_922/reproduction/figures/workload/supp_fig01_activity_vs_tau_values.csv,unchanged,109955dbb52b65092351b5102983d4190393e87798f41c1aba4ac40fc69b7cfe,109955dbb52b65092351b5102983d4190393e87798f41c1aba4ac40fc69b7cfe
docs/validation_evidence/r2025b_20260930/stage2_validation_20260930_152903_922/reproduction/matlab_environment.csv,unchanged,9f208ac07077167a840f5e6d0a00d9bd277f3821c729b76fecf24ff1390e216f,9f208ac07077167a840f5e6d0a00d9bd277f3821c729b76fecf24ff1390e216f
docs/validation_evidence/r2025b_20260930/stage2_validation_20260930_152903_922/reproduction/payload/configuration_efficiency.csv,unchanged,7ddc938d370657425018cb1016c9755043aad13e708a39979645518e11f77fa2,7ddc938d370657425018cb1016c9755043aad13e708a39979645518e11f77fa2
docs/validation_evidence/r2025b_20260930/stage2_validation_20260930_152903_922/reproduction/payload/deployment_limits.csv,unchanged,cff4bfec2783b6df80c95d97f74444b00110d2a0ca3ff313a14c7b1b589c2bad,cff4bfec2783b6df80c95d97f74444b00110d2a0ca3ff313a14c7b1b589c2bad
docs/validation_evidence/r2025b_20260930/stage2_validation_20260930_152903_922/reproduction/payload/shared_host_scaling.csv,unchanged,70f17a620595a8baa534b21a7f9a99564fb58faa973dbfba02a6232004c007e7,70f17a620595a8baa534b21a7f9a99564fb58faa973dbfba02a6232004c007e7
docs/validation_evidence/r2025b_20260930/stage2_validation_20260930_152903_922/reproduction/serving/capacity_by_slo.csv,unchanged,635f363f5b7d109ee8854b973ceedf193373bafce6c2de3e6dece8c803fbeb9f,635f363f5b7d109ee8854b973ceedf193373bafce6c2de3e6dece8c803fbeb9f
docs/validation_evidence/r2025b_20260930/stage2_validation_20260930_152903_922/reproduction/serving/capacity_interpolation.csv,unchanged,d3d3d1cc9a097c55af2bc4df3fddbdafe5eb2e203f4372a9998b02ea58aa4d08,d3d3d1cc9a097c55af2bc4df3fddbdafe5eb2e203f4372a9998b02ea58aa4d08
docs/validation_evidence/r2025b_20260930/stage2_validation_20260930_152903_922/reproduction/serving/general_slo_capacity.csv,unchanged,9e43e86e54bbbdec51d11b11e7e797c20a45e46543c5daf0f0fb825e58be0485,9e43e86e54bbbdec51d11b11e7e797c20a45e46543c5daf0f0fb825e58be0485
docs/validation_evidence/r2025b_20260930/stage2_validation_20260930_152903_922/reproduction/serving/latency_curves.csv,unchanged,840dadea5b0f460d44f7308f69b4373bd44691574d6178240e999da9b8486f34,840dadea5b0f460d44f7308f69b4373bd44691574d6178240e999da9b8486f34
docs/validation_evidence/r2025b_20260930/stage2_validation_20260930_152903_922/reproduction/serving/nominal_interpolation_sensitivity.csv,unchanged,abe7ace518723210648fb696dadfac89250defcb760b06c522fdc0d476f5c210,abe7ace518723210648fb696dadfac89250defcb760b06c522fdc0d476f5c210
docs/validation_evidence/r2025b_20260930/stage2_validation_20260930_152903_922/reproduction/serving/reference_comparison.csv,unchanged,eb37d62eba4f3e2b4ba1d80e7338520bb3bb4195d5dae0228cd8e6f1c87d91cd,eb37d62eba4f3e2b4ba1d80e7338520bb3bb4195d5dae0228cd8e6f1c87d91cd
docs/validation_evidence/r2025b_20260930/stage2_validation_20260930_152903_922/reproduction/serving/serving_budget_contributions.csv,unchanged,f3da303c377b316d57411343df33777c6a18e058ca59c8f5e48eed812461a1f0,f3da303c377b316d57411343df33777c6a18e058ca59c8f5e48eed812461a1f0
docs/validation_evidence/r2025b_20260930/stage2_validation_20260930_152903_922/reproduction/supplementary_downstream/table09_activity_and_downlink.csv,unchanged,785e593c2124a50a14800729d6568cbf1a1c731bb08eb017c34965c2b544aa3c,785e593c2124a50a14800729d6568cbf1a1c731bb08eb017c34965c2b544aa3c
docs/validation_evidence/r2025b_20260930/stage2_validation_20260930_152903_922/reproduction/supplementary_downstream/table10_hardware_and_exact_capacity.csv,unchanged,7ddc938d370657425018cb1016c9755043aad13e708a39979645518e11f77fa2,7ddc938d370657425018cb1016c9755043aad13e708a39979645518e11f77fa2
docs/validation_evidence/r2025b_20260930/stage2_validation_20260930_152903_922/reproduction/supplementary_downstream/table11_pooled_capacity.csv,unchanged,05a3c1392c576cc62fce7c91177b272ae761c6582df4d0e81d160711f8d1596f,05a3c1392c576cc62fce7c91177b272ae761c6582df4d0e81d160711f8d1596f
docs/validation_evidence/r2025b_20260930/stage2_validation_20260930_152903_922/reproduction/supplementary_downstream/table12_assignment_sensitivity.csv,unchanged,9e9f3f84f62ab38961956a42b41d1a8e30b7665681543fb81163036ec90cb748,9e9f3f84f62ab38961956a42b41d1a8e30b7665681543fb81163036ec90cb748
docs/validation_evidence/r2025b_20260930/stage2_validation_20260930_152903_922/reproduction/supplementary_downstream/table13_mapping_activity.csv,unchanged,f202f68bf2252917af80f4f3a920c7fb0b95742cbf3d063cca8150b4cd5a5856,f202f68bf2252917af80f4f3a920c7fb0b95742cbf3d063cca8150b4cd5a5856
docs/validation_evidence/r2025b_20260930/stage2_validation_20260930_152903_922/reproduction/supplementary_downstream/table14_exact_mapping_sensitivity.csv,unchanged,4802f98248870cc66bf585b96da9379506a5978d1b9b68ce22f6afda7c82930d,4802f98248870cc66bf585b96da9379506a5978d1b9b68ce22f6afda7c82930d
docs/validation_evidence/r2025b_20260930/stage2_validation_20260930_152903_922/reproduction/supplementary_downstream/table15_mc_validation.csv,unchanged,15e787bbf462738341985d9ca2e975ffb86a311e017e4b234617a63b1fe0fae6,15e787bbf462738341985d9ca2e975ffb86a311e017e4b234617a63b1fe0fae6
docs/validation_evidence/r2025b_20260930/stage2_validation_20260930_152903_922/reproduction/supplementary_upstream/supp_table01_workload_statistics.csv,unchanged,1e0e7d7dbd1a65ca607e822932fd4486772307d1f42a846b67462e146b74d3ab,1e0e7d7dbd1a65ca607e822932fd4486772307d1f42a846b67462e146b74d3ab
docs/validation_evidence/r2025b_20260930/stage2_validation_20260930_152903_922/reproduction/supplementary_upstream/supp_table02_tau_DISPLAY_ROUNDED.csv,unchanged,3b5c7fa72ee35427c785ae5063888fdadb9f56003d25f9212f9ea9c5cdc57368,3b5c7fa72ee35427c785ae5063888fdadb9f56003d25f9212f9ea9c5cdc57368
docs/validation_evidence/r2025b_20260930/stage2_validation_20260930_152903_922/reproduction/supplementary_upstream/supp_table03_general_slo.csv,unchanged,9e43e86e54bbbdec51d11b11e7e797c20a45e46543c5daf0f0fb825e58be0485,9e43e86e54bbbdec51d11b11e7e797c20a45e46543c5daf0f0fb825e58be0485
docs/validation_evidence/r2025b_20260930/stage2_validation_20260930_152903_922/reproduction/supplementary_upstream/supp_table04_nominal_interpolation.csv,unchanged,aedebd43ef8a74c6235f835d9a431493d1bae136482215a3266f879f7564ffd9,aedebd43ef8a74c6235f835d9a431493d1bae136482215a3266f879f7564ffd9
docs/validation_evidence/r2025b_20260930/stage2_validation_20260930_152903_922/reproduction/supplementary_upstream/supp_table05_highload_scaling.csv,unchanged,e7bf861075c2bbf9ec1708a9b68d6fed7323049e9fcd032f01cd672a45911bc3,e7bf861075c2bbf9ec1708a9b68d6fed7323049e9fcd032f01cd672a45911bc3
docs/validation_evidence/r2025b_20260930/stage2_validation_20260930_152903_922/reproduction/supplementary_upstream/supp_table06_codesign_envelope.csv,unchanged,bc2c16db5d1c75385e474d7617746e29ee4fa2afeca6b3eacb6b5d44a8a72141,bc2c16db5d1c75385e474d7617746e29ee4fa2afeca6b3eacb6b5d44a8a72141
docs/validation_evidence/r2025b_20260930/stage2_validation_20260930_152903_922/reproduction/supplementary_upstream/supp_table07_environment_corners.csv,unchanged,3c35110569576273abe5a3bc38f6dc664207dc3ddebc6c7e8eab843dfcca5c46,3c35110569576273abe5a3bc38f6dc664207dc3ddebc6c7e8eab843dfcca5c46
docs/validation_evidence/r2025b_20260930/stage2_validation_20260930_152903_922/reproduction/supplementary_upstream/supp_table08_duration_comparison.csv,unchanged,588c58b004d2eb82aab02f361179de5fe9089e690fff0458a61bd6d609222d7c,588c58b004d2eb82aab02f361179de5fe9089e690fff0458a61bd6d609222d7c
docs/validation_evidence/r2025b_20260930/stage2_validation_20260930_152903_922/reproduction/validation.csv,unchanged,4119282f93fc1243541898478cd3c1c81a2f2f723a169d8f553081c80150ab6e,4119282f93fc1243541898478cd3c1c81a2f2f723a169d8f553081c80150ab6e
docs/validation_evidence/r2025b_20260930/stage2_validation_20260930_152903_922/stage2_checks.csv,unchanged,acbd3a0caa4167a944d60054b35aaee76065c1fe3f0c0a9bd3949d18943f3dfc,acbd3a0caa4167a944d60054b35aaee76065c1fe3f0c0a9bd3949d18943f3dfc
docs/validation_evidence/r2025b_20260930/thermal_smoke_20260930_153018_795/case_parameters.csv,unchanged,3736d93782ab988d6eb69689a2e56d7b2e11fb4b4ce97b483db252b008acf15c,3736d93782ab988d6eb69689a2e56d7b2e11fb4b4ce97b483db252b008acf15c
docs/validation_evidence/r2025b_20260930/thermal_smoke_20260930_153018_795/comparison.csv,unchanged,5a939368682d361086dbf7183c00aaa30df3c0f25f226bbfa2c1a1ac78a82988,5a939368682d361086dbf7183c00aaa30df3c0f25f226bbfa2c1a1ac78a82988
docs/validation_evidence/r2025b_20260930/thermal_smoke_20260930_153018_795/matlab_environment.csv,unchanged,9f208ac07077167a840f5e6d0a00d9bd277f3821c729b76fecf24ff1390e216f,9f208ac07077167a840f5e6d0a00d9bd277f3821c729b76fecf24ff1390e216f
docs/validation_evidence/r2025b_20260930/thermal_smoke_20260930_153018_795/point_results.csv,unchanged,fda80e1b206177f355f4fec61cf267149143cbae0c4e0451e216b47686b1c818,fda80e1b206177f355f4fec61cf267149143cbae0c4e0451e216b47686b1c818
docs/validation_evidence/r2025b_20260930/thermal_smoke_20260930_153018_795/repository_snapshot.csv,unchanged,c76690910a1a2425b198013eef7fa020af13b80c78d9d6e5ff882e9f2b19d40c,c76690910a1a2425b198013eef7fa020af13b80c78d9d6e5ff882e9f2b19d40c
docs/validation_evidence/r2025b_20260930/thermal_smoke_20260930_153018_795/trace_2650_rpm/P_delta_pipe.csv,unchanged,e33d65ed0597d3464653288ea08e87973136dd8aed815c72dd4e3ff4e163c863,e33d65ed0597d3464653288ea08e87973136dd8aed815c72dd4e3ff4e163c863
docs/validation_evidence/r2025b_20260930/thermal_smoke_20260930_153018_795/trace_2650_rpm/P_delta_total.csv,unchanged,e13b861a0d911b105ffc1e9503528bc84e74c299817544fd0a80f28b968586a8,e13b861a0d911b105ffc1e9503528bc84e74c299817544fd0a80f28b968586a8
docs/validation_evidence/r2025b_20260930/thermal_smoke_20260930_153018_795/trace_2650_rpm/P_fan_shaft.csv,unchanged,7bf14750ed6d2de4e4f1cfea4fb7cdaedcafc1c26c8212cd0d510bf3bedde696,7bf14750ed6d2de4e4f1cfea4fb7cdaedcafc1c26c8212cd0d510bf3bedde696
docs/validation_evidence/r2025b_20260930/thermal_smoke_20260930_153018_795/trace_2650_rpm/T_delta_pipe.csv,unchanged,1926b1e958366c9561193190550d034ffb65ea247ac39f449d70933cbcfe9380,1926b1e958366c9561193190550d034ffb65ea247ac39f449d70933cbcfe9380
docs/validation_evidence/r2025b_20260930/thermal_smoke_20260930_153018_795/trace_2650_rpm/chamber_T.csv,unchanged,0907d4b065489b89a966b8b22bfe872f8ecccdaec856de6cf48ab97f3342b283,0907d4b065489b89a966b8b22bfe872f8ecccdaec856de6cf48ab97f3342b283
docs/validation_evidence/r2025b_20260930/thermal_smoke_20260930_153018_795/trace_2650_rpm/m_dot.csv,unchanged,c9250748103c102971f029ffbb7e5734bd90453818690e638856ce9f6356ec40,c9250748103c102971f029ffbb7e5734bd90453818690e638856ce9f6356ec40
docs/validation_evidence/r2025b_20260930/thermal_smoke_20260930_153018_795/trace_2650_rpm/omega_fan.csv,unchanged,fcdd4ee5551df62569d75c14c9b8cc7784e3d2062d64ea6d8921facb41c0effc,fcdd4ee5551df62569d75c14c9b8cc7784e3d2062d64ea6d8921facb41c0effc
docs/validation_evidence/r2025b_20260930/thermal_smoke_20260930_153018_795/trace_2650_rpm/radiator_T.csv,unchanged,ea67203d149390c13e9e33f557a7a3430002a30becd8d438cc8c14b30822568f,ea67203d149390c13e9e33f557a7a3430002a30becd8d438cc8c14b30822568f
docs/validation_evidence/r2025b_20260930/thermal_smoke_20260930_153018_795/trace_2650_rpm/server_T.csv,unchanged,22933a1c29c93f7097e205b87b58985b0b775d4f30da11cff9ae2219eab144f5,22933a1c29c93f7097e205b87b58985b0b775d4f30da11cff9ae2219eab144f5
docs/validation_evidence/r2025b_20260930/thermal_smoke_20260930_153018_795/trace_2650_rpm/tau_fan.csv,unchanged,3ddf70e257934d25d03f7ed0ed9c9d77485bdbeabac14f66372891f04e3154fe,3ddf70e257934d25d03f7ed0ed9c9d77485bdbeabac14f66372891f04e3154fe
docs/validation_evidence/r2025b_20260930/thermal_smoke_20260930_153018_795/trace_2650_rpm/v_dot.csv,unchanged,2839b6fcea396d1c7cfd7bab0406f79b0269e56ab6af31fd32a016d631e0e7b7,2839b6fcea396d1c7cfd7bab0406f79b0269e56ab6af31fd32a016d631e0e7b7
docs/validation_evidence/r2025b_20260930/thermal_smoke_20260930_153018_795/trace_2675_rpm/P_delta_pipe.csv,unchanged,d64c3b868be1691ce893db3379378e29ee67b9594d7c2abf803295f505c9b506,d64c3b868be1691ce893db3379378e29ee67b9594d7c2abf803295f505c9b506
docs/validation_evidence/r2025b_20260930/thermal_smoke_20260930_153018_795/trace_2675_rpm/P_delta_total.csv,unchanged,cb86ffe60e9428657ecfebd6205481924561e1434c07d2017ac5abaaf8423841,cb86ffe60e9428657ecfebd6205481924561e1434c07d2017ac5abaaf8423841
docs/validation_evidence/r2025b_20260930/thermal_smoke_20260930_153018_795/trace_2675_rpm/P_fan_shaft.csv,unchanged,2f18bfd97c28b1e1c685e7e5c260072594f17d460ec183404f979a786ece3da2,2f18bfd97c28b1e1c685e7e5c260072594f17d460ec183404f979a786ece3da2
docs/validation_evidence/r2025b_20260930/thermal_smoke_20260930_153018_795/trace_2675_rpm/T_delta_pipe.csv,unchanged,9008a1a70fbc402157274a3fee4fc8788279322d20e00ae1b5cb190fc32a3ad7,9008a1a70fbc402157274a3fee4fc8788279322d20e00ae1b5cb190fc32a3ad7
docs/validation_evidence/r2025b_20260930/thermal_smoke_20260930_153018_795/trace_2675_rpm/chamber_T.csv,unchanged,688ebf85c0cf4d7af92436637c702b0a8ffd4ff119fc111e415a466b86df93c8,688ebf85c0cf4d7af92436637c702b0a8ffd4ff119fc111e415a466b86df93c8
docs/validation_evidence/r2025b_20260930/thermal_smoke_20260930_153018_795/trace_2675_rpm/m_dot.csv,unchanged,ede0f2944fae0627c9a39e755afd9e084952429356c674d43145f8b915aff47a,ede0f2944fae0627c9a39e755afd9e084952429356c674d43145f8b915aff47a
docs/validation_evidence/r2025b_20260930/thermal_smoke_20260930_153018_795/trace_2675_rpm/omega_fan.csv,unchanged,b6b23f5b5789885fb0398c770ea1660422e9cac8140a967ab47c1c3c7e2f9c48,b6b23f5b5789885fb0398c770ea1660422e9cac8140a967ab47c1c3c7e2f9c48
docs/validation_evidence/r2025b_20260930/thermal_smoke_20260930_153018_795/trace_2675_rpm/radiator_T.csv,unchanged,0b4be8846ba658bcb7d9b0c24b9a301197a860cdfc24d1ba27e657bdc06872b7,0b4be8846ba658bcb7d9b0c24b9a301197a860cdfc24d1ba27e657bdc06872b7
docs/validation_evidence/r2025b_20260930/thermal_smoke_20260930_153018_795/trace_2675_rpm/server_T.csv,unchanged,78702f2d390028d1da3548a28873388cecdd1761f38dea06375211e0079af328,78702f2d390028d1da3548a28873388cecdd1761f38dea06375211e0079af328
docs/validation_evidence/r2025b_20260930/thermal_smoke_20260930_153018_795/trace_2675_rpm/tau_fan.csv,unchanged,adb5de4e5b6fa1513a441c079dab7c194396e1b327e163eb6393efc3e442a54e,adb5de4e5b6fa1513a441c079dab7c194396e1b327e163eb6393efc3e442a54e
docs/validation_evidence/r2025b_20260930/thermal_smoke_20260930_153018_795/trace_2675_rpm/v_dot.csv,unchanged,0f5e1ed5f67b79271df6a217b5e2d967fe360550ea11cd1fc8810f5e47684369,0f5e1ed5f67b79271df6a217b5e2d967fe360550ea11cd1fc8810f5e47684369
docs/validation_evidence/raw_workload_20260930/burstgpt_session_id_diagnostic.csv,unchanged,96a5ca046aa023ea33b71679a9bc9a4a24d0881475bf1a4ec8afa2dde8cde5f0,96a5ca046aa023ea33b71679a9bc9a4a24d0881475bf1a4ec8afa2dde8cde5f0
docs/validation_evidence/raw_workload_20260930/table6_manuscript_seven_rows_audit.csv,unchanged,dd994a5052e0d45226d17478ff85d50c9bcd567c3e68d2c1dec0486d3cb24925,dd994a5052e0d45226d17478ff85d50c9bcd567c3e68d2c1dec0486d3cb24925
docs/validation_evidence/raw_workload_20260930/workload_20260930_182242_310/activity_bootstrap_replicates.csv,added,,23f3c0c518a55087a55239e4dd1de47d3ae1583794b49fbfcab280fd3c31cea2
docs/validation_evidence/raw_workload_20260930/workload_20260930_182242_310/activity_statistics.csv,added,,ec557b05b7e48b1d33c602a8444171cd3e8aeea83512632ac9f43d26e53adc4f
docs/validation_evidence/raw_workload_20260930/workload_20260930_182242_310/baseline_comparison.csv,added,,7d17660c140fdb2f393211fe33d5ea734f00b768e243826f624d4cb8826f9cbd
docs/validation_evidence/raw_workload_20260930/workload_20260930_182242_310/figures/fig02a_token_density.pdf,added,,88ca21f549aa5cd5b50566ecb6aaf177d82244ff3e8c63ed58d220dd1258d4cc
docs/validation_evidence/raw_workload_20260930/workload_20260930_182242_310/figures/fig02a_token_density.png,added,,c8a3ad715d41b2c931c965446074511bc13c40dae2b8e2f9448b93e293fb3959
docs/validation_evidence/raw_workload_20260930/workload_20260930_182242_310/figures/fig02a_token_density_values.csv,added,,c468a28466a26453a153a16b4792e928c5a4e0cba43f83c8de6a34f2f6015452
docs/validation_evidence/raw_workload_20260930/workload_20260930_182242_310/figures/fig02b_workload_occupancy.png,added,,ae7b390592227649a9543b9014771feadd2dbcd02b31530d93cd3f0f73484aa6
docs/validation_evidence/raw_workload_20260930/workload_20260930_182242_310/figures/fig02b_workload_occupancy_values.csv,added,,a02fd3e915484096b90d5c29cd18f55a01aa0708d6273269a21675232118f35f
docs/validation_evidence/raw_workload_20260930/workload_20260930_182242_310/figures/fig02c_activity_bootstrap.png,added,,f37f51c98774d6fa83cbaa67768135b8cd5920d6049c186904480af45c4b92c2
docs/validation_evidence/raw_workload_20260930/workload_20260930_182242_310/figures/fig02c_activity_bootstrap_values.csv,added,,ec557b05b7e48b1d33c602a8444171cd3e8aeea83512632ac9f43d26e53adc4f
docs/validation_evidence/raw_workload_20260930/workload_20260930_182242_310/figures/figure_manifest.csv,added,,499f1591d440d51ea3d9967ef9aa07f6f6f9258ae59900b2e8cf7b309cb51a77
docs/validation_evidence/raw_workload_20260930/workload_20260930_182242_310/figures/supp_fig01_activity_vs_tau.png,added,,cddc0151b535a96076f80d49e3f18a4a4d593ed1456e2b87ffd38e2dd47c0306
docs/validation_evidence/raw_workload_20260930/workload_20260930_182242_310/figures/supp_fig01_activity_vs_tau_values.csv,added,,a1bcf309775438e10c5e4951c568dabfd331e8531f9adefb4a0355eb1c24ce00
docs/validation_evidence/raw_workload_20260930/workload_20260930_182242_310/input_summary.csv,added,,565dd23fa0ecb43462a4e65ce4be4210d1bd2e7c3d10eca48960619a777df5e7
docs/validation_evidence/raw_workload_20260930/workload_20260930_182242_310/mapping_activity.csv,added,,1db1a81b551b6b0e4735297f9a6ea94ae316181a4405322e135b6585ad7d0d19
docs/validation_evidence/raw_workload_20260930/workload_20260930_182242_310/mapping_overlap_diagnostics.csv,added,,20cb4fff23d49bad39f4ff47a22b32121d6fcb2b72697996df3841ae8ae0fdb9
docs/validation_evidence/raw_workload_20260930/workload_20260930_182242_310/matlab_environment.csv,added,,9f208ac07077167a840f5e6d0a00d9bd277f3821c729b76fecf24ff1390e216f
docs/validation_evidence/raw_workload_20260930/workload_20260930_182242_310/run_configuration.csv,added,,75c5857d6c6c0519893bfd9459ea7e4a7e5235de8b0fe3fa386989d9ffc94687
docs/validation_evidence/raw_workload_20260930/workload_20260930_182242_310/tau_sensitivity.csv,added,,e1629ae767a86a84bbfb25ec6f46945c195d0bbe5e38fa944a154f33413c4659
docs/validation_evidence/raw_workload_20260930/workload_20260930_182242_310/token_density.csv,added,,c468a28466a26453a153a16b4792e928c5a4e0cba43f83c8de6a34f2f6015452
docs/validation_evidence/raw_workload_20260930/workload_20260930_182242_310/workload_occupancy.csv,added,,a02fd3e915484096b90d5c29cd18f55a01aa0708d6273269a21675232118f35f
docs/validation_evidence/rc2_preflight/corrected_fig5d_vector_check.csv,unchanged,5ece23039bc77e3b75f19abc1bc7416237639347e9727ae49ece5b30d4af6785,5ece23039bc77e3b75f19abc1bc7416237639347e9727ae49ece5b30d4af6785
docs/validation_evidence_manifest.csv,modified,d0f96d59c66ed7b0f83171f5ca4daa59326a0b3d04fc7cf6236c7ad772e37e91,11c0007a568cec4fe8ef29e8473ca56cc1204f8e8dd9e2340b1e4781c8c6218f
docs/validation_status.md,modified,4dd5242fa10290bd6239bf1df7ca024c7d6186411c765294fcf10a7c37df0e6b,82f115243b0eb3dbb3ddd4eb3e74b92420617f60fc545b0b8f9766019d1a4a42
figures/README.md,unchanged,6c23f5aa2e5faa4855fe767cd9c0f3bf18378672e2e26d1b5d815ee4a3f8ded2,6c23f5aa2e5faa4855fe767cd9c0f3bf18378672e2e26d1b5d815ee4a3f8ded2
figures/manuscript/README.md,unchanged,67cb9c3dac3090dea401e7e581870769dabe4643fac650a8029dd35c0b58e4e7,67cb9c3dac3090dea401e7e581870769dabe4643fac650a8029dd35c0b58e4e7
figures/manuscript/artwork/Fig1ab.png,unchanged,ca0065cab3d77558e4ae4296595431432d1b2f0a97351b2fbfcf6155f3a1adb2,ca0065cab3d77558e4ae4296595431432d1b2f0a97351b2fbfcf6155f3a1adb2
figures/manuscript/artwork/Fig1c.png,unchanged,39a82c366943723fd46a0e96c4cc4d431ee197eccfe3263aea5a2322a6db9cee,39a82c366943723fd46a0e96c4cc4d431ee197eccfe3263aea5a2322a6db9cee
figures/manuscript/artwork/Fig4a.png,unchanged,0716aa18b7b6ad40987bfd55798db48571baa66456bfeec721d38fd1cc55c73b,0716aa18b7b6ad40987bfd55798db48571baa66456bfeec721d38fd1cc55c73b
figures/manuscript/main/Fig1.pdf,unchanged,4dc47a0b01c3ad5f601bee3cd8725ee796c85ab0bb613295188b8289f12493a3,4dc47a0b01c3ad5f601bee3cd8725ee796c85ab0bb613295188b8289f12493a3
figures/manuscript/main/Fig2.pdf,unchanged,3ba24c3ebabc0584755939fff7318123738cbfe42e56dd006a53380d9acdefb6,3ba24c3ebabc0584755939fff7318123738cbfe42e56dd006a53380d9acdefb6
figures/manuscript/main/Fig3.pdf,unchanged,e957438e15dfd0e7f054008a941f3e27d751406ae098c04bcf712e504a231593,e957438e15dfd0e7f054008a941f3e27d751406ae098c04bcf712e504a231593
figures/manuscript/main/Fig4.pdf,unchanged,358935c6056ea6646932790ea8c56a8e7cdd695d1ae2f16077fc54953ec0548c,358935c6056ea6646932790ea8c56a8e7cdd695d1ae2f16077fc54953ec0548c
figures/manuscript/main/Fig5.pdf,unchanged,d8c87a46ff475855ac391b3700e7ed028e95cf45a6071118ca11252313226099,d8c87a46ff475855ac391b3700e7ed028e95cf45a6071118ca11252313226099
figures/manuscript/main/Fig6.pdf,unchanged,87f6f576d7a615341f1a9f2642f288bf6dc8003177e44e95296c38abaf1d230c,87f6f576d7a615341f1a9f2642f288bf6dc8003177e44e95296c38abaf1d230c
figures/manuscript/panels/Fig2a.pdf,unchanged,131a7b113cdacbf32d02fba40ff8f7ba1824618ff4c4b1650af1b210d060062d,131a7b113cdacbf32d02fba40ff8f7ba1824618ff4c4b1650af1b210d060062d
figures/manuscript/panels/Fig2b.pdf,unchanged,18fb5283c54da802267182eaab128e3649da9fb9a46de57c67553227cf343631,18fb5283c54da802267182eaab128e3649da9fb9a46de57c67553227cf343631
figures/manuscript/panels/Fig2c.pdf,unchanged,32fd8edcd686929632cdb8ff6c10b268bab57d395a0a8bfe9e2f8c1c5d105cdb,32fd8edcd686929632cdb8ff6c10b268bab57d395a0a8bfe9e2f8c1c5d105cdb
figures/manuscript/panels/Fig3a.pdf,unchanged,f0bbed44d528ff4d6a0381ee57848eddb0b479bc24ee0556aeb37390b7d2fc5f,f0bbed44d528ff4d6a0381ee57848eddb0b479bc24ee0556aeb37390b7d2fc5f
figures/manuscript/panels/Fig3b.pdf,unchanged,449cd9a5445e6236d58a86e76877c6b78608e7d219feeb72b53870550372885b,449cd9a5445e6236d58a86e76877c6b78608e7d219feeb72b53870550372885b
figures/manuscript/panels/Fig3c.pdf,unchanged,2e0e27eb2bd47a6aedf7b6ba60df5582e356440cc7b96d87c07bcfd9888f905b,2e0e27eb2bd47a6aedf7b6ba60df5582e356440cc7b96d87c07bcfd9888f905b
figures/manuscript/panels/Fig3d.pdf,unchanged,bb40f59959894b2534e643d129bb0031b239e12aef2d47749a0d0dce29bf4c8d,bb40f59959894b2534e643d129bb0031b239e12aef2d47749a0d0dce29bf4c8d
figures/manuscript/panels/Fig3e.pdf,unchanged,da17be4dec5618a0af8774d937ab52fa2f963125bd613488af49d3541671e3e4,da17be4dec5618a0af8774d937ab52fa2f963125bd613488af49d3541671e3e4
figures/manuscript/panels/Fig4b.pdf,unchanged,2296da1eb9c53c052b5f61f31ece851ed52dddcdf028863de516cca05331a70a,2296da1eb9c53c052b5f61f31ece851ed52dddcdf028863de516cca05331a70a
figures/manuscript/panels/Fig4c.pdf,unchanged,88a4726af8081f77aded51e4824b504d5e3327d16508aef35f988e81336c3e8c,88a4726af8081f77aded51e4824b504d5e3327d16508aef35f988e81336c3e8c
figures/manuscript/panels/Fig4d.pdf,unchanged,512829cac4baec7737e67e97fb544c8e3f72e56961779581fed4ba15df96c188,512829cac4baec7737e67e97fb544c8e3f72e56961779581fed4ba15df96c188
figures/manuscript/panels/Fig5a.pdf,unchanged,4e130b3d9dad187c0fb7c3cbeffee69accc5ffc92ccdca70162d05385975a1fd,4e130b3d9dad187c0fb7c3cbeffee69accc5ffc92ccdca70162d05385975a1fd
figures/manuscript/panels/Fig5b.pdf,unchanged,fde2844de9608f10949368d29043e714b1624f48166a7f42e772e25d6fd30bc8,fde2844de9608f10949368d29043e714b1624f48166a7f42e772e25d6fd30bc8
figures/manuscript/panels/Fig5c.pdf,unchanged,49a41d68b90350e60144028cb54b6b4d2d70115d9b0d2645bb8287b52d7f396d,49a41d68b90350e60144028cb54b6b4d2d70115d9b0d2645bb8287b52d7f396d
figures/manuscript/panels/Fig5d.pdf,unchanged,e82b8f367849f04f4a693ecbed33986ef831b800d464ed3a845ca9114df7fb34,e82b8f367849f04f4a693ecbed33986ef831b800d464ed3a845ca9114df7fb34
figures/manuscript/panels/Fig6a.pdf,unchanged,a11e025463b2cd00021b5130e53e576e039e64da25ced74e37694986b34bcdc9,a11e025463b2cd00021b5130e53e576e039e64da25ced74e37694986b34bcdc9
figures/manuscript/panels/Fig6b.pdf,unchanged,3647e98d33dfb3d42cb240aeced276e3f8b3295ec1b98c89e3c1e06a0cd38589,3647e98d33dfb3d42cb240aeced276e3f8b3295ec1b98c89e3c1e06a0cd38589
figures/manuscript/panels/Fig6c.pdf,unchanged,a5e2b2952606f40a4086c1a07e634d2c0e4682d014537e2a963f169418677b35,a5e2b2952606f40a4086c1a07e634d2c0e4682d014537e2a963f169418677b35
figures/manuscript/panels/Fig6d.pdf,unchanged,f651c94d13d7058e2e433e4f00be41ba897fa08d5bd933fc6a044ad24475165c,f651c94d13d7058e2e433e4f00be41ba897fa08d5bd933fc6a044ad24475165c
figures/manuscript/panels/Fig6e.pdf,unchanged,c40e8c3a9465398bc37ee4a9c1c88a7cff088b9dbfed333cc31cb8f0a7770071,c40e8c3a9465398bc37ee4a9c1c88a7cff088b9dbfed333cc31cb8f0a7770071
models/simscape/README.md,unchanged,6fb3c5a7d3681c7b2aba831819e44ffb76901e8f4ca6f4fd6f6dac48dd664d95,6fb3c5a7d3681c7b2aba831819e44ffb76901e8f4ca6f4fd6f6dac48dd664d95
models/simscape/haps_thermal_map.slx,unchanged,3022dd5634bea0160655588b5842f0af8c5b783c69bb16342b266cb702da3509,3022dd5634bea0160655588b5842f0af8c5b783c69bb16342b266cb702da3509
models/simscape/haps_thermal_reference.slx,unchanged,7469df2e6711212da9a6fd2497041acf5f37910fff535916dca40bf776a460b5,7469df2e6711212da9a6fd2497041acf5f37910fff535916dca40bf776a460b5
models/simscape/model_manifest.csv,unchanged,e0fa2bbb371cf82a24beb60b49ef34c443abd525545080cbee9e3a649e5b9a87,e0fa2bbb371cf82a24beb60b49ef34c443abd525545080cbee9e3a649e5b9a87
run_full_reproduction.m,unchanged,faa369e9c960db1dbc32b60e6b8a76c0bc7e7eacadbdcab37a1ad2281e180f1a,faa369e9c960db1dbc32b60e6b8a76c0bc7e7eacadbdcab37a1ad2281e180f1a
run_reference_reproduction.m,unchanged,c61f1146938020461c3ebc8d5849b5af34825b98ce8414df74c6eb672137d1b8,c61f1146938020461c3ebc8d5849b5af34825b98ce8414df74c6eb672137d1b8
run_stage2_validation.m,unchanged,ae1c0fbdebc61afff358aaf8e1061234f91b4f6a41397cefade08d37a690bdb1,ae1c0fbdebc61afff358aaf8e1061234f91b4f6a41397cefade08d37a690bdb1
setup_haps.m,unchanged,f3f9dad93fe09381d141b592407909475113802c556049f89b7722e61f1f0691,f3f9dad93fe09381d141b592407909475113802c556049f89b7722e61f1f0691
supplementary/README.md,modified,34d4aa0f2c175d12a998c50af166208cadce5a1761180c1f532a5dbb2a7f8217,6ee5bf96c878afdf06d3286cc3ea785e6c62b1219762386915515e248b1b3d9a
tools/verify_release_candidate.py,unchanged,aa0010389eecfd804fb0dbc81eae330167b39bdb627aa88ad8f599ffb15cdd80,aa0010389eecfd804fb0dbc81eae330167b39bdb627aa88ad8f599ffb15cdd80
verify_release_candidate.m,unchanged,a52d8950fa7570ef3eb4915faab8be192fe61c272c3dbc7c560f57e1d35ae132,a52d8950fa7570ef3eb4915faab8be192fe61c272c3dbc7c560f57e1d35ae132
