case_id,case_label,case_source,case_key,Q_server,P_air_internal,T_air_internal,T_ambient,h2,A2,h1,A1,L_pipe,A_pipe,D_h_pipe,A_res1,A_res3,q_fan_nom,dp_fan_nom,eta_fan_nom,dp_fan_max0,q_fan_max0,w_fan_ref_rpm,Q_solar,epsilon_rad,k_rad,A_rad,T_sky,G_wall,A_wall,t_wall,k_wall,m_HX,cp_HX,T_HX0,T_chamber_limit,T_server_limit,temperature_margin_K,sim_time_scale,validation_group,A_rad_scale,A1_scale,duct_area_scale,pipe_area_scale,res1_area_scale,res3_area_scale,fan_capacity_scale,known_infeasible_rpm,UA_external_W_K,UA_internal_W_K,res1_to_pipe_ratio,res3_to_pipe_ratio,flow_path_valid,search_stage,w_fan_cmd_rpm,rpm_ratio_to_reference,above_preferred_rpm,sim_success,error_identifier,error_message,server_mean_tail,chamber_mean_tail,radiator_mean_tail,dp_total_mean_tail,vdot_mean_tail,mdot_mean_tail,Pfan_est,Pfan_fluid_est_W,Pfan_shaft_est_from_fluid_W,Pfan_elec_est_from_fluid_W,Pfan_shaft_mean_tail,Pfan_elec_est_from_shaft,feasible,server_margin_K,chamber_margin_K,normalized_temperature_excess_K,fan_overhead_ratio,fan_overhead_percent
1,baseline,baseline,Qs1100_P101325_Ta223.15_A22_h250_Qsol500_eps1e-15_G1000000_Ars1_A1s1_Ds1_Ps1_R1s1_R3s1_Fs1_Ef0.6_Tcl300_Tsl330_St1_V,1100,101325,300,223.15,50,2,120,0.4,2,0.01,0.1,0.009,0.006,0.094197,65.53218,0.6,88.468443,0.11774625,3000,500,1e-15,5.670374419e-23,2,223.15,1000000,1,1,1000000,1,900,300,300,330,0,1,,1,1,1,1,1,1,1,NaN,100,48,0.9,0.6,1,probe,750,0.25,0,1,,"",580.65370801337,571.069021182108,232.660794110578,5.4675488677846,0.00505873531990594,0.00568087213752579,0.0460981376179561,0.0276588825707736,0.0460981376179561,0.0542331030799483,0.120107669420771,0.141303140495025,0,-250.65370801337,-271.069021182108,271.069021182108,0.000128457400450022,0.0128457400450022
1,baseline,baseline,Qs1100_P101325_Ta223.15_A22_h250_Qsol500_eps1e-15_G1000000_Ars1_A1s1_Ds1_Ps1_R1s1_R3s1_Fs1_Ef0.6_Tcl300_Tsl330_St1_V,1100,101325,300,223.15,50,2,120,0.4,2,0.01,0.1,0.009,0.006,0.094197,65.53218,0.6,88.468443,0.11774625,3000,500,1e-15,5.670374419e-23,2,223.15,1000000,1,1,1000000,1,900,300,300,330,0,1,,1,1,1,1,1,1,1,NaN,100,48,0.9,0.6,1,probe,1000,0.333333333333333,0,0,physmod:simscape:engine:sli:compilation:CompilationError,"다음 사용 중 오류가 발생함: run_fig4c_duct_scale_rerun>runOneThermalFanCaseV5 (1846번 라인) | 모델 haps_260818_1722_duct에 대한 Simscape 네트워크를 컴파일하는 중 오류가 발생했습니다. |  | 오류 발생: run_fig4c_duct_scale_rerun>evaluateRpmIfNeededV5 (1783번 라인) |     row = runOneThermalFanCaseV5( ... |     ^^^^^^^^^^^^^^^^^^^^^^^^^^^^^^^^^ | 오류 발생: run_fig4c_duct_scale_rerun>adaptiveMinimumFanSearchV5 (1651번 라인) |         [CaseRows, row] = evaluateRpmIfNeededV5( ... |         ^^^^^^^^^^^^^^^^^^^^^^^^^^^^^^^^^^^^^^^^^^^^ | 오류 발생: run_fig4c_duct_scale_rerun (542번 라인) |     [CaseRows, searchInfo] = adaptiveMinimumFanSearchV5( ... |     ^^^^^^^^^^^^^^^^^^^^^^^^^^^^^^^^^^^^^^^^^^^^^^^^^^^^^^^^ | 원인: |     다음 사용 중 오류가 발생함: Simulink.Simulation.internal.DesktopSimHelper |      |      |     오류 발생: Simulink.Simulation.internal.DesktopSimHelper.sim |      |     오류 발생: Simulink.SimulationInput/sim |      |     오류 발생: run_fig4c_duct_scale_rerun>runOneThermalFanCaseV5 (1846번 라인) |             out = sim(simIn); |             ^^^^^^^^^^^^^^^^^ |     오류 발생: run_fig4c_duct_scale_rerun>evaluateRpmIfNeededV5 (1783번 라인) |         row = runOneThermalFanCaseV5( ... |         ^^^^^^^^^^^^^^^^^^^^^^^^^^^^^^^^^ |     오류 발생: run_fig4c_duct_scale_rerun>adaptiveMinimumFanSearchV5 (1651번 라인) |             [CaseRows, row] = evaluateRpmIfNeededV5( ... |             ^^^^^^^^^^^^^^^^^^^^^^^^^^^^^^^^^^^^^^^^^^^^ |     오류 발생: run_fig4c_duct_scale_rerun (542번 라인) |         [CaseRows, searchInfo] = adaptiveMinimumFanSearchV5( ... |         ^^^^^^^^^^^^^^^^^^^^^^^^^^^^^^^^^^^^^^^^^^^^^^^^^^^^^^^^",NaN,NaN,NaN,NaN,NaN,NaN,NaN,NaN,NaN,NaN,NaN,NaN,0,NaN,NaN,NaN,NaN,NaN
1,baseline,baseline,Qs1100_P101325_Ta223.15_A22_h250_Qsol500_eps1e-15_G1000000_Ars1_A1s1_Ds1_Ps1_R1s1_R3s1_Fs1_Ef0.6_Tcl300_Tsl330_St1_V,1100,101325,300,223.15,50,2,120,0.4,2,0.01,0.1,0.009,0.006,0.094197,65.53218,0.6,88.468443,0.11774625,3000,500,1e-15,5.670374419e-23,2,223.15,1000000,1,1,1000000,1,900,300,300,330,0,1,,1,1,1,1,1,1,1,NaN,100,48,0.9,0.6,1,probe,1500,0.5,0,1,,"",401.2950642128,380.15214391369,238.270323525965,20.8855495319537,0.0218666448660829,0.0248139730911075,0.761161490747026,0.456696894448216,0.761161490747026,0.895484106761208,1.06730640713303,1.2556545966271,0,-71.2950642128001,-80.15214391369,80.15214391369,0.00114150417875191,0.114150417875191
1,baseline,baseline,Qs1100_P101325_Ta223.15_A22_h250_Qsol500_eps1e-15_G1000000_Ars1_A1s1_Ds1_Ps1_R1s1_R3s1_Fs1_Ef0.6_Tcl300_Tsl330_St1_V,1100,101325,300,223.15,50,2,120,0.4,2,0.01,0.1,0.009,0.006,0.094197,65.53218,0.6,88.468443,0.11774625,3000,500,1e-15,5.670374419e-23,2,223.15,1000000,1,1,1000000,1,900,300,300,330,0,1,,1,1,1,1,1,1,1,NaN,100,48,0.9,0.6,1,probe,2000,0.666666666666667,0,1,,"",358.848296495576,336.493448157755,238.879283759243,35.6459220406856,0.0377198826602723,0.0432825962815629,2.24093332781979,1.34455999669187,2.24093332781979,2.63639215037623,2.66575675994624,3.13618442346616,0,-28.848296495576,-36.4934481577549,36.4934481577549,0.0028510767486056,0.28510767486056
1,baseline,baseline,Qs1100_P101325_Ta223.15_A22_h250_Qsol500_eps1e-15_G1000000_Ars1_A1s1_Ds1_Ps1_R1s1_R3s1_Fs1_Ef0.6_Tcl300_Tsl330_St1_V,1100,101325,300,223.15,50,2,120,0.4,2,0.01,0.1,0.009,0.006,0.094197,65.53218,0.6,88.468443,0.11774625,3000,500,1e-15,5.670374419e-23,2,223.15,1000000,1,1,1000000,1,900,300,300,330,0,1,,1,1,1,1,1,1,1,NaN,100,48,0.9,0.6,1,binary_refine,2500,0.833333333333333,0,1,,"",334.233015724896,311.497640360385,239.087092218893,53.2264458519421,0.0563720157416976,0.0650885911780451,5.00080340573383,3.0004820434403,5.00080340573383,5.88329812439274,5.43188994354241,6.39045875710872,0,-4.23301572489595,-11.4976403603849,11.4976403603849,0.00580950796100793,0.580950796100793
1,baseline,baseline,Qs1100_P101325_Ta223.15_A22_h250_Qsol500_eps1e-15_G1000000_Ars1_A1s1_Ds1_Ps1_R1s1_R3s1_Fs1_Ef0.6_Tcl300_Tsl330_St1_V,1100,101325,300,223.15,50,2,120,0.4,2,0.01,0.1,0.009,0.006,0.094197,65.53218,0.6,88.468443,0.11774625,3000,500,1e-15,5.670374419e-23,2,223.15,1000000,1,1,1000000,1,900,300,300,330,0,1,,1,1,1,1,1,1,1,NaN,100,48,0.9,0.6,1,binary_refine,2750,0.916666666666667,0,1,,"",325.882575345351,303.06280351311,239.141819538773,62.9639058584823,0.0663467806321997,0.0767632990185989,6.96242074956533,4.1774524497392,6.96242074956533,8.19108323478274,7.35657400438669,8.65479294633728,0,4.11742465464857,-3.06280351311028,3.06280351311028,0.00786799358757934,0.786799358757934
1,baseline,baseline,Qs1100_P101325_Ta223.15_A22_h250_Qsol500_eps1e-15_G1000000_Ars1_A1s1_Ds1_Ps1_R1s1_R3s1_Fs1_Ef0.6_Tcl300_Tsl330_St1_V,1100,101325,300,223.15,50,2,120,0.4,2,0.01,0.1,0.009,0.006,0.094197,65.53218,0.6,88.468443,0.11774625,3000,500,1e-15,5.670374419e-23,2,223.15,1000000,1,1,1000000,1,900,300,300,330,0,1,,1,1,1,1,1,1,1,NaN,100,48,0.9,0.6,1,binary_refine,2800,0.933333333333333,0,1,,"",324.423674763778,301.594828823387,239.149104583344,64.9860832494257,0.0683729631331171,0.0791356008221426,7.4054851236311,4.44329107417866,7.4054851236311,8.712335439566,7.78989419333318,9.16458140392139,0,5.57632523622198,-1.59482882338727,1.59482882338727,0.00833143763992854,0.833143763992854
1,baseline,baseline,Qs1100_P101325_Ta223.15_A22_h250_Qsol500_eps1e-15_G1000000_Ars1_A1s1_Ds1_Ps1_R1s1_R3s1_Fs1_Ef0.6_Tcl300_Tsl330_St1_V,1100,101325,300,223.15,50,2,120,0.4,2,0.01,0.1,0.009,0.006,0.094197,65.53218,0.6,88.468443,0.11774625,3000,500,1e-15,5.670374419e-23,2,223.15,1000000,1,1,1000000,1,900,300,300,330,0,1,,1,1,1,1,1,1,1,NaN,100,48,0.9,0.6,1,binary_refine,2825,0.941666666666667,0,1,,"",323.720396220711,300.887177400925,239.152705722748,66.0066658089151,0.0693887804777678,0.0803250118387483,7.63353673980699,4.58012204388419,7.63353673980699,8.98063145859646,8.01284268648559,9.42687374880658,0,6.2796037792894,-0.887177400925339,0.887177400925339,0.0085698852261878,0.85698852261878
1,baseline,baseline,Qs1100_P101325_Ta223.15_A22_h250_Qsol500_eps1e-15_G1000000_Ars1_A1s1_Ds1_Ps1_R1s1_R3s1_Fs1_Ef0.6_Tcl300_Tsl330_St1_V,1100,101325,300,223.15,50,2,120,0.4,2,0.01,0.1,0.009,0.006,0.094197,65.53218,0.6,88.468443,0.11774625,3000,500,1e-15,5.670374419e-23,2,223.15,1000000,1,1,1000000,1,900,300,300,330,0,1,,1,1,1,1,1,1,1,NaN,100,48,0.9,0.6,1,binary_refine,2850,0.95,0,1,,"",323.038911545884,300.20022884775,239.156899543767,67.033687174992,0.0704060093595901,0.0815160619963605,7.86595734441721,4.71957440665033,7.86595734441721,9.25406746402025,8.24002618565283,9.69414845370921,0,6.96108845411567,-0.200228847749884,0.200228847749884,0.00881286223064474,0.881286223064474
1,baseline,baseline,Qs1100_P101325_Ta223.15_A22_h250_Qsol500_eps1e-15_G1000000_Ars1_A1s1_Ds1_Ps1_R1s1_R3s1_Fs1_Ef0.6_Tcl300_Tsl330_St1_V,1100,101325,300,223.15,50,2,120,0.4,2,0.01,0.1,0.009,0.006,0.094197,65.53218,0.6,88.468443,0.11774625,3000,500,1e-15,5.670374419e-23,2,223.15,1000000,1,1,1000000,1,900,300,300,330,0,1,,1,1,1,1,1,1,1,NaN,100,48,0.9,0.6,1,binary_refine,2875,0.958333333333333,0,1,,"",322.371552351823,299.527991233973,239.160820476297,68.0670764031966,0.0714247816065654,0.0827089602268541,8.10279344449286,4.86167606669571,8.10279344449286,9.5326981699916,8.47148981889773,9.96645861046792,1,7.62844764817743,0.472008766027045,-0.472008766027045,0.0090604169186072,0.90604169186072
1,baseline,baseline,Qs1100_P101325_Ta223.15_A22_h250_Qsol500_eps1e-15_G1000000_Ars1_A1s1_Ds1_Ps1_R1s1_R3s1_Fs1_Ef0.6_Tcl300_Tsl330_St1_V,1100,101325,300,223.15,50,2,120,0.4,2,0.01,0.1,0.009,0.006,0.094197,65.53218,0.6,88.468443,0.11774625,3000,500,1e-15,5.670374419e-23,2,223.15,1000000,1,1,1000000,1,900,300,300,330,0,1,,1,1,1,1,1,1,1,NaN,100,48,0.9,0.6,1,probe,3000,1,0,1,,"",319.246220355465,296.383384574589,239.178218247446,73.3311446491158,0.0765355788306735,0.0886939806182759,9.35406933672655,5.61244160203593,9.35406933672655,11.0047874549724,9.69423954412416,11.4049876989696,1,10.7537796445352,3.61661542541106,-3.61661542541106,0.0103681706354269,1.03681706354269
2,duct_fine_1.00x,duct_fine,Qs1100_P101325_Ta223.15_A22_h250_Qsol500_eps1e-15_G1000000_Ars1_A1s1_Ds1_Ps1_R1s1_R3s1_Fs1_Ef0.6_Tcl300_Tsl330_St1_Vduct_fine,1100,101325,300,223.15,50,2,120,0.4,2,0.01,0.1,0.009,0.006,0.094197,65.53218,0.6,88.468443,0.11774625,3000,500,1e-15,5.670374419e-23,2,223.15,1000000,1,1,1000000,1,900,300,300,330,0,1,duct_fine,1,1,1,1,1,1,1,NaN,100,48,0.9,0.6,1,probe,750,0.25,0,1,,"",580.65370801337,571.069021182108,232.660794110578,5.4675488677846,0.00505873531990594,0.00568087213752579,0.0460981376179561,0.0276588825707736,0.0460981376179561,0.0542331030799483,0.120107669420771,0.141303140495025,0,-250.65370801337,-271.069021182108,271.069021182108,0.000128457400450022,0.0128457400450022
2,duct_fine_1.00x,duct_fine,Qs1100_P101325_Ta223.15_A22_h250_Qsol500_eps1e-15_G1000000_Ars1_A1s1_Ds1_Ps1_R1s1_R3s1_Fs1_Ef0.6_Tcl300_Tsl330_St1_Vduct_fine,1100,101325,300,223.15,50,2,120,0.4,2,0.01,0.1,0.009,0.006,0.094197,65.53218,0.6,88.468443,0.11774625,3000,500,1e-15,5.670374419e-23,2,223.15,1000000,1,1,1000000,1,900,300,300,330,0,1,duct_fine,1,1,1,1,1,1,1,NaN,100,48,0.9,0.6,1,probe,1000,0.333333333333333,0,1,,"",479.04323239853,461.834824395107,236.35128943876,9.58522672655332,0.00981510210691472,0.0109215580905383,0.156799965065081,0.0940799790390489,0.156799965065081,0.18447054713539,0.297122541383741,0.349555931039695,0,-149.04323239853,-161.834824395107,161.834824395107,0.000317778119126995,0.0317778119126996
2,duct_fine_1.00x,duct_fine,Qs1100_P101325_Ta223.15_A22_h250_Qsol500_eps1e-15_G1000000_Ars1_A1s1_Ds1_Ps1_R1s1_R3s1_Fs1_Ef0.6_Tcl300_Tsl330_St1_Vduct_fine,1100,101325,300,223.15,50,2,120,0.4,2,0.01,0.1,0.009,0.006,0.094197,65.53218,0.6,88.468443,0.11774625,3000,500,1e-15,5.670374419e-23,2,223.15,1000000,1,1,1000000,1,900,300,300,330,0,1,duct_fine,1,1,1,1,1,1,1,NaN,100,48,0.9,0.6,1,probe,1500,0.5,0,1,,"",401.2950642128,380.15214391369,238.270323525965,20.8855495319537,0.0218666448660829,0.0248139730911075,0.761161490747026,0.456696894448216,0.761161490747026,0.895484106761208,1.06730640713303,1.2556545966271,0,-71.2950642128001,-80.15214391369,80.15214391369,0.00114150417875191,0.114150417875191
2,duct_fine_1.00x,duct_fine,Qs1100_P101325_Ta223.15_A22_h250_Qsol500_eps1e-15_G1000000_Ars1_A1s1_Ds1_Ps1_R1s1_R3s1_Fs1_Ef0.6_Tcl300_Tsl330_St1_Vduct_fine,1100,101325,300,223.15,50,2,120,0.4,2,0.01,0.1,0.009,0.006,0.094197,65.53218,0.6,88.468443,0.11774625,3000,500,1e-15,5.670374419e-23,2,223.15,1000000,1,1,1000000,1,900,300,300,330,0,1,duct_fine,1,1,1,1,1,1,1,NaN,100,48,0.9,0.6,1,probe,2000,0.666666666666667,0,1,,"",358.848296495576,336.493448157755,238.879283759243,35.6459220406856,0.0377198826602723,0.0432825962815629,2.24093332781979,1.34455999669187,2.24093332781979,2.63639215037623,2.66575675994624,3.13618442346616,0,-28.848296495576,-36.4934481577549,36.4934481577549,0.0028510767486056,0.28510767486056
2,duct_fine_1.00x,duct_fine,Qs1100_P101325_Ta223.15_A22_h250_Qsol500_eps1e-15_G1000000_Ars1_A1s1_Ds1_Ps1_R1s1_R3s1_Fs1_Ef0.6_Tcl300_Tsl330_St1_Vduct_fine,1100,101325,300,223.15,50,2,120,0.4,2,0.01,0.1,0.009,0.006,0.094197,65.53218,0.6,88.468443,0.11774625,3000,500,1e-15,5.670374419e-23,2,223.15,1000000,1,1,1000000,1,900,300,300,330,0,1,duct_fine,1,1,1,1,1,1,1,NaN,100,48,0.9,0.6,1,binary_refine,2500,0.833333333333333,0,1,,"",334.233015724896,311.497640360385,239.087092218893,53.2264458519421,0.0563720157416976,0.0650885911780451,5.00080340573383,3.0004820434403,5.00080340573383,5.88329812439274,5.43188994354241,6.39045875710872,0,-4.23301572489595,-11.4976403603849,11.4976403603849,0.00580950796100793,0.580950796100793
2,duct_fine_1.00x,duct_fine,Qs1100_P101325_Ta223.15_A22_h250_Qsol500_eps1e-15_G1000000_Ars1_A1s1_Ds1_Ps1_R1s1_R3s1_Fs1_Ef0.6_Tcl300_Tsl330_St1_Vduct_fine,1100,101325,300,223.15,50,2,120,0.4,2,0.01,0.1,0.009,0.006,0.094197,65.53218,0.6,88.468443,0.11774625,3000,500,1e-15,5.670374419e-23,2,223.15,1000000,1,1,1000000,1,900,300,300,330,0,1,duct_fine,1,1,1,1,1,1,1,NaN,100,48,0.9,0.6,1,binary_refine,2750,0.916666666666667,0,1,,"",325.882575345351,303.06280351311,239.141819538773,62.9639058584823,0.0663467806321997,0.0767632990185989,6.96242074956533,4.1774524497392,6.96242074956533,8.19108323478274,7.35657400438669,8.65479294633728,0,4.11742465464857,-3.06280351311028,3.06280351311028,0.00786799358757934,0.786799358757934
2,duct_fine_1.00x,duct_fine,Qs1100_P101325_Ta223.15_A22_h250_Qsol500_eps1e-15_G1000000_Ars1_A1s1_Ds1_Ps1_R1s1_R3s1_Fs1_Ef0.6_Tcl300_Tsl330_St1_Vduct_fine,1100,101325,300,223.15,50,2,120,0.4,2,0.01,0.1,0.009,0.006,0.094197,65.53218,0.6,88.468443,0.11774625,3000,500,1e-15,5.670374419e-23,2,223.15,1000000,1,1,1000000,1,900,300,300,330,0,1,duct_fine,1,1,1,1,1,1,1,NaN,100,48,0.9,0.6,1,binary_refine,2800,0.933333333333333,0,1,,"",324.423674763778,301.594828823387,239.149104583344,64.9860832494257,0.0683729631331171,0.0791356008221426,7.4054851236311,4.44329107417866,7.4054851236311,8.712335439566,7.78989419333318,9.16458140392139,0,5.57632523622198,-1.59482882338727,1.59482882338727,0.00833143763992854,0.833143763992854
2,duct_fine_1.00x,duct_fine,Qs1100_P101325_Ta223.15_A22_h250_Qsol500_eps1e-15_G1000000_Ars1_A1s1_Ds1_Ps1_R1s1_R3s1_Fs1_Ef0.6_Tcl300_Tsl330_St1_Vduct_fine,1100,101325,300,223.15,50,2,120,0.4,2,0.01,0.1,0.009,0.006,0.094197,65.53218,0.6,88.468443,0.11774625,3000,500,1e-15,5.670374419e-23,2,223.15,1000000,1,1,1000000,1,900,300,300,330,0,1,duct_fine,1,1,1,1,1,1,1,NaN,100,48,0.9,0.6,1,binary_refine,2825,0.941666666666667,0,1,,"",323.720396220711,300.887177400925,239.152705722748,66.0066658089151,0.0693887804777678,0.0803250118387483,7.63353673980699,4.58012204388419,7.63353673980699,8.98063145859646,8.01284268648559,9.42687374880658,0,6.2796037792894,-0.887177400925339,0.887177400925339,0.0085698852261878,0.85698852261878
2,duct_fine_1.00x,duct_fine,Qs1100_P101325_Ta223.15_A22_h250_Qsol500_eps1e-15_G1000000_Ars1_A1s1_Ds1_Ps1_R1s1_R3s1_Fs1_Ef0.6_Tcl300_Tsl330_St1_Vduct_fine,1100,101325,300,223.15,50,2,120,0.4,2,0.01,0.1,0.009,0.006,0.094197,65.53218,0.6,88.468443,0.11774625,3000,500,1e-15,5.670374419e-23,2,223.15,1000000,1,1,1000000,1,900,300,300,330,0,1,duct_fine,1,1,1,1,1,1,1,NaN,100,48,0.9,0.6,1,binary_refine,2850,0.95,0,1,,"",323.038911545884,300.20022884775,239.156899543767,67.033687174992,0.0704060093595901,0.0815160619963605,7.86595734441721,4.71957440665033,7.86595734441721,9.25406746402025,8.24002618565283,9.69414845370921,0,6.96108845411567,-0.200228847749884,0.200228847749884,0.00881286223064474,0.881286223064474
2,duct_fine_1.00x,duct_fine,Qs1100_P101325_Ta223.15_A22_h250_Qsol500_eps1e-15_G1000000_Ars1_A1s1_Ds1_Ps1_R1s1_R3s1_Fs1_Ef0.6_Tcl300_Tsl330_St1_Vduct_fine,1100,101325,300,223.15,50,2,120,0.4,2,0.01,0.1,0.009,0.006,0.094197,65.53218,0.6,88.468443,0.11774625,3000,500,1e-15,5.670374419e-23,2,223.15,1000000,1,1,1000000,1,900,300,300,330,0,1,duct_fine,1,1,1,1,1,1,1,NaN,100,48,0.9,0.6,1,binary_refine,2875,0.958333333333333,0,1,,"",322.371552351823,299.527991233973,239.160820476297,68.0670764031966,0.0714247816065654,0.0827089602268541,8.10279344449286,4.86167606669571,8.10279344449286,9.5326981699916,8.47148981889773,9.96645861046792,1,7.62844764817743,0.472008766027045,-0.472008766027045,0.0090604169186072,0.90604169186072
2,duct_fine_1.00x,duct_fine,Qs1100_P101325_Ta223.15_A22_h250_Qsol500_eps1e-15_G1000000_Ars1_A1s1_Ds1_Ps1_R1s1_R3s1_Fs1_Ef0.6_Tcl300_Tsl330_St1_Vduct_fine,1100,101325,300,223.15,50,2,120,0.4,2,0.01,0.1,0.009,0.006,0.094197,65.53218,0.6,88.468443,0.11774625,3000,500,1e-15,5.670374419e-23,2,223.15,1000000,1,1,1000000,1,900,300,300,330,0,1,duct_fine,1,1,1,1,1,1,1,NaN,100,48,0.9,0.6,1,probe,3000,1,0,1,,"",319.246220355465,296.383384574589,239.178218247446,73.3311446491158,0.0765355788306735,0.0886939806182759,9.35406933672655,5.61244160203593,9.35406933672655,11.0047874549724,9.69423954412416,11.4049876989696,1,10.7537796445352,3.61661542541106,-3.61661542541106,0.0103681706354269,1.03681706354269
3,duct_fine_1.10x,duct_fine,Qs1100_P101325_Ta223.15_A22_h250_Qsol500_eps1e-15_G1000000_Ars1_A1s1_Ds1.1_Ps1_R1s1_R3s1_Fs1_Ef0.6_Tcl300_Tsl330_St1_Vduct_fine,1100,101325,300,223.15,50,2,120,0.4,2,0.011,0.104880884817015,0.0099,0.0066,0.094197,65.53218,0.6,88.468443,0.11774625,3000,500,1e-15,5.670374419e-23,2,223.15,1000000,1,1,1000000,1,900,300,300,330,0,1,duct_fine,1,1,1.1,1,1,1,1,NaN,100,48,0.9,0.6,1,probe,750,0.25,0,1,,"",572.01288655983,562.547281262509,232.606490103961,5.4538662340686,0.00555731634475894,0.00625034016593456,0.0505147666078639,0.0303088599647183,0.0505147666078639,0.0594291371857222,0.121244397137048,0.142640467220056,0,-242.01288655983,-262.547281262509,262.547281262509,0.000129673152018233,0.0129673152018233
3,duct_fine_1.10x,duct_fine,Qs1100_P101325_Ta223.15_A22_h250_Qsol500_eps1e-15_G1000000_Ars1_A1s1_Ds1.1_Ps1_R1s1_R3s1_Fs1_Ef0.6_Tcl300_Tsl330_St1_Vduct_fine,1100,101325,300,223.15,50,2,120,0.4,2,0.011,0.104880884817015,0.0099,0.0066,0.094197,65.53218,0.6,88.468443,0.11774625,3000,500,1e-15,5.670374419e-23,2,223.15,1000000,1,1,1000000,1,900,300,300,330,0,1,duct_fine,1,1,1.1,1,1,1,1,NaN,100,48,0.9,0.6,1,probe,1000,0.333333333333333,0,1,,"",472.700767199501,455.16127711232,236.510985599466,9.53340524136729,0.0107881272438158,0.0120058411882472,0.171412648017885,0.102847588810731,0.171412648017885,0.20166193884457,0.3010433459985,0.354168642351176,0,-142.700767199501,-155.16127711232,155.16127711232,0.000321971493046524,0.0321971493046524
3,duct_fine_1.10x,duct_fine,Qs1100_P101325_Ta223.15_A22_h250_Qsol500_eps1e-15_G1000000_Ars1_A1s1_Ds1.1_Ps1_R1s1_R3s1_Fs1_Ef0.6_Tcl300_Tsl330_St1_Vduct_fine,1100,101325,300,223.15,50,2,120,0.4,2,0.011,0.104880884817015,0.0099,0.0066,0.094197,65.53218,0.6,88.468443,0.11774625,3000,500,1e-15,5.670374419e-23,2,223.15,1000000,1,1,1000000,1,900,300,300,330,0,1,duct_fine,1,1,1.1,1,1,1,1,NaN,100,48,0.9,0.6,1,probe,1500,0.5,0,1,,"",396.475823375684,375.227738524363,238.322006037804,20.639654223635,0.023943195991506,0.0271796869451313,0.82363214378901,0.494179286273406,0.82363214378901,0.968978992692953,1.08591219969131,1.27754376434272,0,-66.4758233756845,-75.2277385243631,75.2277385243631,0.00116140342212974,0.116140342212974
3,duct_fine_1.10x,duct_fine,Qs1100_P101325_Ta223.15_A22_h250_Qsol500_eps1e-15_G1000000_Ars1_A1s1_Ds1.1_Ps1_R1s1_R3s1_Fs1_Ef0.6_Tcl300_Tsl330_St1_Vduct_fine,1100,101325,300,223.15,50,2,120,0.4,2,0.011,0.104880884817015,0.0099,0.0066,0.094197,65.53218,0.6,88.468443,0.11774625,3000,500,1e-15,5.670374419e-23,2,223.15,1000000,1,1,1000000,1,900,300,300,330,0,1,duct_fine,1,1,1.1,1,1,1,1,NaN,100,48,0.9,0.6,1,probe,2000,0.666666666666667,0,1,,"",355.800398530844,333.385711888986,238.910090151136,34.9592589156722,0.0410905173241275,0.0471576200565617,2.39415672352181,1.43649403411309,2.39415672352181,2.81665496884919,2.71867607167757,3.19844243726773,0,-25.8003985308439,-33.3857118889862,33.3857118889862,0.00290767494297066,0.290767494297066
3,duct_fine_1.10x,duct_fine,Qs1100_P101325_Ta223.15_A22_h250_Qsol500_eps1e-15_G1000000_Ars1_A1s1_Ds1.1_Ps1_R1s1_R3s1_Fs1_Ef0.6_Tcl300_Tsl330_St1_Vduct_fine,1100,101325,300,223.15,50,2,120,0.4,2,0.011,0.104880884817015,0.0099,0.0066,0.094197,65.53218,0.6,88.468443,0.11774625,3000,500,1e-15,5.670374419e-23,2,223.15,1000000,1,1,1000000,1,900,300,300,330,0,1,duct_fine,1,1,1.1,1,1,1,1,NaN,100,48,0.9,0.6,1,binary_refine,2500,0.833333333333333,0,1,,"",332.155535940982,309.394517348026,239.101755490875,51.7894433319258,0.0611041730137111,0.0705549030344605,5.27425184272964,3.16455110563778,5.27425184272964,6.20500216791722,5.54604849664554,6.52476293723005,0,-2.15553594098168,-9.39451734802577,9.39451734802577,0.00593160267020913,0.593160267020914
3,duct_fine_1.10x,duct_fine,Qs1100_P101325_Ta223.15_A22_h250_Qsol500_eps1e-15_G1000000_Ars1_A1s1_Ds1.1_Ps1_R1s1_R3s1_Fs1_Ef0.6_Tcl300_Tsl330_St1_Vduct_fine,1100,101325,300,223.15,50,2,120,0.4,2,0.011,0.104880884817015,0.0099,0.0066,0.094197,65.53218,0.6,88.468443,0.11774625,3000,500,1e-15,5.670374419e-23,2,223.15,1000000,1,1,1000000,1,900,300,300,330,0,1,duct_fine,1,1,1.1,1,1,1,1,NaN,100,48,0.9,0.6,1,binary_refine,2750,0.916666666666667,0,1,,"",324.097327044846,301.269194678495,239.148086055334,61.0296616683263,0.0717647055335993,0.0830315990283784,7.29962616407105,4.37977569844263,7.29962616407105,8.58779548714242,7.51333192553492,8.83921403004108,0,5.902672955154,-1.26919467849467,1.26919467849467,0.00803564911821917,0.803564911821917
3,duct_fine_1.10x,duct_fine,Qs1100_P101325_Ta223.15_A22_h250_Qsol500_eps1e-15_G1000000_Ars1_A1s1_Ds1.1_Ps1_R1s1_R3s1_Fs1_Ef0.6_Tcl300_Tsl330_St1_Vduct_fine,1100,101325,300,223.15,50,2,120,0.4,2,0.011,0.104880884817015,0.0099,0.0066,0.094197,65.53218,0.6,88.468443,0.11774625,3000,500,1e-15,5.670374419e-23,2,223.15,1000000,1,1,1000000,1,900,300,300,330,0,1,duct_fine,1,1,1.1,1,1,1,1,NaN,100,48,0.9,0.6,1,binary_refine,2775,0.925,0,1,,"",323.41314988294,300.57512785499,239.154523178386,61.9838599605961,0.0728442732304662,0.0842951619880878,7.52528205141436,4.51516923084862,7.52528205141436,8.85327300166396,7.73261479756622,9.09719387948967,0,6.58685011706001,-0.575127854990285,0.575127854990285,0.00827017625408152,0.827017625408152
3,duct_fine_1.10x,duct_fine,Qs1100_P101325_Ta223.15_A22_h250_Qsol500_eps1e-15_G1000000_Ars1_A1s1_Ds1.1_Ps1_R1s1_R3s1_Fs1_Ef0.6_Tcl300_Tsl330_St1_Vduct_fine,1100,101325,300,223.15,50,2,120,0.4,2,0.011,0.104880884817015,0.0099,0.0066,0.094197,65.53218,0.6,88.468443,0.11774625,3000,500,1e-15,5.670374419e-23,2,223.15,1000000,1,1,1000000,1,900,300,300,330,0,1,duct_fine,1,1,1.1,1,1,1,1,NaN,100,48,0.9,0.6,1,binary_refine,2800,0.933333333333333,0,1,,"",322.72374205364,299.881102563236,239.15826724416,62.9432287158391,0.0739266969547364,0.0855623512400004,7.75530832438083,4.6531849946285,7.75530832438083,9.12389214633039,7.95618241829208,9.36021460975538,1,7.27625794635986,0.118897436763575,-0.118897436763575,0.00850928600886853,0.850928600886853
3,duct_fine_1.10x,duct_fine,Qs1100_P101325_Ta223.15_A22_h250_Qsol500_eps1e-15_G1000000_Ars1_A1s1_Ds1.1_Ps1_R1s1_R3s1_Fs1_Ef0.6_Tcl300_Tsl330_St1_Vduct_fine,1100,101325,300,223.15,50,2,120,0.4,2,0.011,0.104880884817015,0.0099,0.0066,0.094197,65.53218,0.6,88.468443,0.11774625,3000,500,1e-15,5.670374419e-23,2,223.15,1000000,1,1,1000000,1,900,300,300,330,0,1,duct_fine,1,1,1.1,1,1,1,1,NaN,100,48,0.9,0.6,1,binary_refine,2875,0.958333333333333,0,1,,"",320.742313051664,297.888697905936,239.168184076215,65.8545017834015,0.0771845283604779,0.0893765986624725,8.47158110094349,5.0829486605661,8.47158110094349,9.96656600110999,8.65282629061719,10.1797956360202,1,9.25768694833602,2.11130209406383,-2.11130209406383,0.00925435966910929,0.925435966910929
3,duct_fine_1.10x,duct_fine,Qs1100_P101325_Ta223.15_A22_h250_Qsol500_eps1e-15_G1000000_Ars1_A1s1_Ds1.1_Ps1_R1s1_R3s1_Fs1_Ef0.6_Tcl300_Tsl330_St1_Vduct_fine,1100,101325,300,223.15,50,2,120,0.4,2,0.011,0.104880884817015,0.0099,0.0066,0.094197,65.53218,0.6,88.468443,0.11774625,3000,500,1e-15,5.670374419e-23,2,223.15,1000000,1,1,1000000,1,900,300,300,330,0,1,duct_fine,1,1,1.1,1,1,1,1,NaN,100,48,0.9,0.6,1,probe,3000,1,0,1,,"",317.738647986831,294.867279237284,239.185008667007,70.8199768207705,0.0826387316101299,0.095762973463206,9.7541217618788,5.85247305712728,9.7541217618788,11.4754373669162,9.90254173505937,11.6500491000698,1,12.2613520131694,5.13272076271556,-5.13272076271556,0.0105909537273362,1.05909537273362
4,duct_fine_1.20x,duct_fine,Qs1100_P101325_Ta223.15_A22_h250_Qsol500_eps1e-15_G1000000_Ars1_A1s1_Ds1.2_Ps1_R1s1_R3s1_Fs1_Ef0.6_Tcl300_Tsl330_St1_Vduct_fine,1100,101325,300,223.15,50,2,120,0.4,2,0.012,0.109544511501033,0.0108,0.0072,0.094197,65.53218,0.6,88.468443,0.11774625,3000,500,1e-15,5.670374419e-23,2,223.15,1000000,1,1,1000000,1,900,300,300,330,0,1,duct_fine,1,1,1.2,1,1,1,1,NaN,100,48,0.9,0.6,1,probe,750,0.25,0,1,,"",566.28761484915,556.784054367215,232.630108403898,5.43901490736365,0.00605218339540422,0.00681218702731411,0.0548631928495038,0.0329179157097023,0.0548631928495038,0.0645449327641221,0.122371359930537,0.143966305800632,0,-236.28761484915,-256.784054367215,256.784054367215,0.000130878459818756,0.0130878459818756
4,duct_fine_1.20x,duct_fine,Qs1100_P101325_Ta223.15_A22_h250_Qsol500_eps1e-15_G1000000_Ars1_A1s1_Ds1.2_Ps1_R1s1_R3s1_Fs1_Ef0.6_Tcl300_Tsl330_St1_Vduct_fine,1100,101325,300,223.15,50,2,120,0.4,2,0.012,0.109544511501033,0.0108,0.0072,0.094197,65.53218,0.6,88.468443,0.11774625,3000,500,1e-15,5.670374419e-23,2,223.15,1000000,1,1,1000000,1,900,300,300,330,0,1,duct_fine,1,1,1.2,1,1,1,1,NaN,100,48,0.9,0.6,1,probe,1000,0.333333333333333,0,1,,"",467.377035929067,449.537709169674,236.655859089629,9.47758131266649,0.011746471776299,0.0130746968957189,0.185546902328026,0.111328141396816,0.185546902328026,0.21829047332709,0.304897121082146,0.35870249539076,0,-137.377035929067,-149.537709169674,149.537709169674,0.000326093177627964,0.0326093177627964
4,duct_fine_1.20x,duct_fine,Qs1100_P101325_Ta223.15_A22_h250_Qsol500_eps1e-15_G1000000_Ars1_A1s1_Ds1.2_Ps1_R1s1_R3s1_Fs1_Ef0.6_Tcl300_Tsl330_St1_Vduct_fine,1100,101325,300,223.15,50,2,120,0.4,2,0.012,0.109544511501033,0.0108,0.0072,0.094197,65.53218,0.6,88.468443,0.11774625,3000,500,1e-15,5.670374419e-23,2,223.15,1000000,1,1,1000000,1,900,300,300,330,0,1,duct_fine,1,1,1.2,1,1,1,1,NaN,100,48,0.9,0.6,1,probe,1500,0.5,0,1,,"",392.783440067446,371.404516214615,238.386754248085,20.380830657797,0.0259500400825304,0.0294655331371011,0.881472287475158,0.528883372485095,0.881472287475158,1.03702622055901,1.10382187928141,1.29861397562519,0,-62.783440067446,-71.4045162146149,71.4045162146149,0.00118055815965926,0.118055815965926
4,duct_fine_1.20x,duct_fine,Qs1100_P101325_Ta223.15_A22_h250_Qsol500_eps1e-15_G1000000_Ars1_A1s1_Ds1.2_Ps1_R1s1_R3s1_Fs1_Ef0.6_Tcl300_Tsl330_St1_Vduct_fine,1100,101325,300,223.15,50,2,120,0.4,2,0.012,0.109544511501033,0.0108,0.0072,0.094197,65.53218,0.6,88.468443,0.11774625,3000,500,1e-15,5.670374419e-23,2,223.15,1000000,1,1,1000000,1,900,300,300,330,0,1,duct_fine,1,1,1.2,1,1,1,1,NaN,100,48,0.9,0.6,1,probe,2000,0.666666666666667,0,1,,"",353.273238715069,330.818642773284,238.930809590426,34.2521281396039,0.044294353447527,0.0508409468202975,2.52862645024267,1.5171758701456,2.52862645024267,2.97485464734432,2.76864276131256,3.25722677801477,0,-23.2732387150685,-30.8186427732838,30.8186427732838,0.0029611152527407,0.29611152527407
4,duct_fine_1.20x,duct_fine,Qs1100_P101325_Ta223.15_A22_h250_Qsol500_eps1e-15_G1000000_Ars1_A1s1_Ds1.2_Ps1_R1s1_R3s1_Fs1_Ef0.6_Tcl300_Tsl330_St1_Vduct_fine,1100,101325,300,223.15,50,2,120,0.4,2,0.012,0.109544511501033,0.0108,0.0072,0.094197,65.53218,0.6,88.468443,0.11774625,3000,500,1e-15,5.670374419e-23,2,223.15,1000000,1,1,1000000,1,900,300,300,330,0,1,duct_fine,1,1,1.2,1,1,1,1,NaN,100,48,0.9,0.6,1,binary_refine,2500,0.833333333333333,0,1,,"",330.473848517035,307.703569008155,239.107754270185,50.3442177938438,0.065519591580287,0.0756538355999892,5.49755431380277,3.29853258828166,5.49755431380277,6.46771095741503,5.65149684380391,6.64881981623989,0,-0.473848517035037,-7.70356900815528,7.70356900815528,0.00604438165112717,0.604438165112717
4,duct_fine_1.20x,duct_fine,Qs1100_P101325_Ta223.15_A22_h250_Qsol500_eps1e-15_G1000000_Ars1_A1s1_Ds1.2_Ps1_R1s1_R3s1_Fs1_Ef0.6_Tcl300_Tsl330_St1_Vduct_fine,1100,101325,300,223.15,50,2,120,0.4,2,0.012,0.109544511501033,0.0108,0.0072,0.094197,65.53218,0.6,88.468443,0.11774625,3000,500,1e-15,5.670374419e-23,2,223.15,1000000,1,1,1000000,1,900,300,300,330,0,1,duct_fine,1,1,1.2,1,1,1,1,NaN,100,48,0.9,0.6,1,binary_refine,2625,0.875,0,1,,"",326.403581208154,303.588049166828,239.136743547787,54.6665795406007,0.0711112608760075,0.0821962877659117,6.47901566485112,3.88740939891067,6.47901566485112,7.62237137041308,6.60278692162458,7.76798461367598,0,3.5964187918463,-3.58804916682789,3.58804916682789,0.00706180419425089,0.706180419425089
4,duct_fine_1.20x,duct_fine,Qs1100_P101325_Ta223.15_A22_h250_Qsol500_eps1e-15_G1000000_Ars1_A1s1_Ds1.2_Ps1_R1s1_R3s1_Fs1_Ef0.6_Tcl300_Tsl330_St1_Vduct_fine,1100,101325,300,223.15,50,2,120,0.4,2,0.012,0.109544511501033,0.0108,0.0072,0.094197,65.53218,0.6,88.468443,0.11774625,3000,500,1e-15,5.670374419e-23,2,223.15,1000000,1,1,1000000,1,900,300,300,330,0,1,duct_fine,1,1,1.2,1,1,1,1,NaN,100,48,0.9,0.6,1,binary_refine,2675,0.891666666666667,0,1,,"",324.88195646142,302.056877217903,239.144137307133,56.4277007077956,0.0733705359809575,0.0848404385087087,6.90021774184003,4.14013064510402,6.90021774184003,8.11790322569416,7.01175539932374,8.2491239992044,0,5.11804353857974,-2.05687721790287,2.05687721790287,0.00749920363564037,0.749920363564037
4,duct_fine_1.20x,duct_fine,Qs1100_P101325_Ta223.15_A22_h250_Qsol500_eps1e-15_G1000000_Ars1_A1s1_Ds1.2_Ps1_R1s1_R3s1_Fs1_Ef0.6_Tcl300_Tsl330_St1_Vduct_fine,1100,101325,300,223.15,50,2,120,0.4,2,0.012,0.109544511501033,0.0108,0.0072,0.094197,65.53218,0.6,88.468443,0.11774625,3000,500,1e-15,5.670374419e-23,2,223.15,1000000,1,1,1000000,1,900,300,300,330,0,1,duct_fine,1,1,1.2,1,1,1,1,NaN,100,48,0.9,0.6,1,binary_refine,2700,0.9,0,1,,"",324.14901036905,301.319302235167,239.147801129969,57.3152917481906,0.0745040802450929,0.0861671620009187,7.11703849279683,4.2702230956781,7.11703849279683,8.37298646211392,7.22248882843577,8.49704568051267,0,5.85098963094975,-1.31930223516702,1.31930223516702,0.00772458698228425,0.772458698228425
4,duct_fine_1.20x,duct_fine,Qs1100_P101325_Ta223.15_A22_h250_Qsol500_eps1e-15_G1000000_Ars1_A1s1_Ds1.2_Ps1_R1s1_R3s1_Fs1_Ef0.6_Tcl300_Tsl330_St1_Vduct_fine,1100,101325,300,223.15,50,2,120,0.4,2,0.012,0.109544511501033,0.0108,0.0072,0.094197,65.53218,0.6,88.468443,0.11774625,3000,500,1e-15,5.670374419e-23,2,223.15,1000000,1,1,1000000,1,900,300,300,330,0,1,duct_fine,1,1,1.2,1,1,1,1,NaN,100,48,0.9,0.6,1,binary_refine,2725,0.908333333333333,0,1,,"",323.435877779251,300.601158621919,239.151690382144,58.2076227001889,0.0756399375336062,0.0874966219584114,7.33803490837001,4.40282094502201,7.33803490837001,8.63298224514119,7.43743857473608,8.74992773498362,0,6.56412222074886,-0.601158621918501,0.601158621918501,0.00795447975907602,0.795447975907602
4,duct_fine_1.20x,duct_fine,Qs1100_P101325_Ta223.15_A22_h250_Qsol500_eps1e-15_G1000000_Ars1_A1s1_Ds1.2_Ps1_R1s1_R3s1_Fs1_Ef0.6_Tcl300_Tsl330_St1_Vduct_fine,1100,101325,300,223.15,50,2,120,0.4,2,0.012,0.109544511501033,0.0108,0.0072,0.094197,65.53218,0.6,88.468443,0.11774625,3000,500,1e-15,5.670374419e-23,2,223.15,1000000,1,1,1000000,1,900,300,300,330,0,1,duct_fine,1,1,1.2,1,1,1,1,NaN,100,48,0.9,0.6,1,binary_refine,2750,0.916666666666667,0,1,,"",322.735234243251,299.896712504936,239.154983362529,59.1045934834765,0.0767782574816427,0.0888290494757828,7.5632461613703,4.53794769682218,7.5632461613703,8.89793666043565,7.65665227267126,9.00782620314266,1,7.26476575674911,0.103287495064365,-0.103287495064365,0.00818893291194787,0.818893291194787
4,duct_fine_1.20x,duct_fine,Qs1100_P101325_Ta223.15_A22_h250_Qsol500_eps1e-15_G1000000_Ars1_A1s1_Ds1.2_Ps1_R1s1_R3s1_Fs1_Ef0.6_Tcl300_Tsl330_St1_Vduct_fine,1100,101325,300,223.15,50,2,120,0.4,2,0.012,0.109544511501033,0.0108,0.0072,0.094197,65.53218,0.6,88.468443,0.11774625,3000,500,1e-15,5.670374419e-23,2,223.15,1000000,1,1,1000000,1,900,300,300,330,0,1,duct_fine,1,1,1.2,1,1,1,1,NaN,100,48,0.9,0.6,1,probe,3000,1,0,1,,"",316.590961594636,293.713079489252,239.190154037593,68.3404570683003,0.0882518090067658,0.102260800835433,10.0519482743779,6.03116896462671,10.0519482743779,11.8258214992681,10.0914278382181,11.8722680449624,1,13.4090384053636,6.28692051074813,-6.28692051074813,0.0107929709499659,1.07929709499659
5,duct_fine_1.30x,duct_fine,Qs1100_P101325_Ta223.15_A22_h250_Qsol500_eps1e-15_G1000000_Ars1_A1s1_Ds1.3_Ps1_R1s1_R3s1_Fs1_Ef0.6_Tcl300_Tsl330_St1_Vduct_fine,1100,101325,300,223.15,50,2,120,0.4,2,0.013,0.114017542509914,0.0117,0.0078,0.094197,65.53218,0.6,88.468443,0.11774625,3000,500,1e-15,5.670374419e-23,2,223.15,1000000,1,1,1000000,1,900,300,300,330,0,1,duct_fine,1,1,1.3,1,1,1,1,NaN,100,48,0.9,0.6,1,probe,750,0.25,0,1,,"",559.113580600874,549.528963500915,232.676996822191,5.42247553678559,0.00655949532557692,0.00738616060939024,0.0592811715610005,0.0355687029366003,0.0592811715610005,0.0697425547776477,0.123525273291771,0.145323850931495,0,-229.113580600874,-249.528963500915,249.528963500915,0.000132112591755904,0.0132112591755904
5,duct_fine_1.30x,duct_fine,Qs1100_P101325_Ta223.15_A22_h250_Qsol500_eps1e-15_G1000000_Ars1_A1s1_Ds1.3_Ps1_R1s1_R3s1_Fs1_Ef0.6_Tcl300_Tsl330_St1_Vduct_fine,1100,101325,300,223.15,50,2,120,0.4,2,0.013,0.114017542509914,0.0117,0.0078,0.094197,65.53218,0.6,88.468443,0.11774625,3000,500,1e-15,5.670374419e-23,2,223.15,1000000,1,1,1000000,1,900,300,300,330,0,1,duct_fine,1,1,1.3,1,1,1,1,NaN,100,48,0.9,0.6,1,probe,1000,0.333333333333333,0,1,,"",463.027488302887,444.902601818268,236.794164393615,9.41814990337298,0.0126874387827114,0.0141247164791778,0.199153667242407,0.119492200345444,0.199153667242407,0.23429843204989,0.308672990002233,0.363144694120274,0,-133.027488302887,-144.902601818268,144.902601818268,0.00033013154010934,0.033013154010934
5,duct_fine_1.30x,duct_fine,Qs1100_P101325_Ta223.15_A22_h250_Qsol500_eps1e-15_G1000000_Ars1_A1s1_Ds1.3_Ps1_R1s1_R3s1_Fs1_Ef0.6_Tcl300_Tsl330_St1_Vduct_fine,1100,101325,300,223.15,50,2,120,0.4,2,0.013,0.114017542509914,0.0117,0.0078,0.094197,65.53218,0.6,88.468443,0.11774625,3000,500,1e-15,5.670374419e-23,2,223.15,1000000,1,1,1000000,1,900,300,300,330,0,1,duct_fine,1,1,1.3,1,1,1,1,NaN,100,48,0.9,0.6,1,probe,1500,0.5,0,1,,"",389.819070594209,368.307624801024,238.452543190317,20.1113097887986,0.0278867513405015,0.0316715696437193,0.934731825353365,0.560839095212019,0.934731825353365,1.09968450041572,1.12103294217246,1.31886228490878,0,-59.8190705942087,-68.307624801024,68.307624801024,0.00119896571355343,0.119896571355343
5,duct_fine_1.30x,duct_fine,Qs1100_P101325_Ta223.15_A22_h250_Qsol500_eps1e-15_G1000000_Ars1_A1s1_Ds1.3_Ps1_R1s1_R3s1_Fs1_Ef0.6_Tcl300_Tsl330_St1_Vduct_fine,1100,101325,300,223.15,50,2,120,0.4,2,0.013,0.114017542509914,0.0117,0.0078,0.094197,65.53218,0.6,88.468443,0.11774625,3000,500,1e-15,5.670374419e-23,2,223.15,1000000,1,1,1000000,1,900,300,300,330,0,1,duct_fine,1,1,1.3,1,1,1,1,NaN,100,48,0.9,0.6,1,probe,2000,0.666666666666667,0,1,,"",351.280998573147,328.780634664129,238.954482824711,33.5340443936026,0.0473263788538661,0.0543256046398005,2.64507481579001,1.587044889474,2.64507481579001,3.11185272445883,2.81559343964989,3.31246287017634,0,-21.2809985731471,-28.7806346641286,28.7806346641286,0.00301132988197849,0.301132988197849
5,duct_fine_1.30x,duct_fine,Qs1100_P101325_Ta223.15_A22_h250_Qsol500_eps1e-15_G1000000_Ars1_A1s1_Ds1.3_Ps1_R1s1_R3s1_Fs1_Ef0.6_Tcl300_Tsl330_St1_Vduct_fine,1100,101325,300,223.15,50,2,120,0.4,2,0.013,0.114017542509914,0.0117,0.0078,0.094197,65.53218,0.6,88.468443,0.11774625,3000,500,1e-15,5.670374419e-23,2,223.15,1000000,1,1,1000000,1,900,300,300,330,0,1,duct_fine,1,1,1.3,1,1,1,1,NaN,100,48,0.9,0.6,1,binary_refine,2500,0.833333333333333,0,1,,"",329.179960587535,306.395793680013,239.115888418998,48.9103484930432,0.0696241378819726,0.0803913943181363,5.67556807889162,3.40534084733497,5.67556807889162,6.67713891634308,5.74845484675382,6.76288805500449,0,0.82003941246461,-6.3957936800133,6.3957936800133,0.00614808005000408,0.614808005000408
5,duct_fine_1.30x,duct_fine,Qs1100_P101325_Ta223.15_A22_h250_Qsol500_eps1e-15_G1000000_Ars1_A1s1_Ds1.3_Ps1_R1s1_R3s1_Fs1_Ef0.6_Tcl300_Tsl330_St1_Vduct_fine,1100,101325,300,223.15,50,2,120,0.4,2,0.013,0.114017542509914,0.0117,0.0078,0.094197,65.53218,0.6,88.468443,0.11774625,3000,500,1e-15,5.670374419e-23,2,223.15,1000000,1,1,1000000,1,900,300,300,330,0,1,duct_fine,1,1,1.3,1,1,1,1,NaN,100,48,0.9,0.6,1,binary_refine,2625,0.875,0,1,,"",325.219360498272,302.397692187625,239.140995400157,53.0117250919963,0.0754785065448881,0.0872408251295759,6.66874306552008,4.00124583931205,6.66874306552008,7.84558007708245,6.7157942274832,7.90093438527435,0,4.78063950172765,-2.39769218762518,2.39769218762518,0.00718266762297669,0.718266762297669
5,duct_fine_1.30x,duct_fine,Qs1100_P101325_Ta223.15_A22_h250_Qsol500_eps1e-15_G1000000_Ars1_A1s1_Ds1.3_Ps1_R1s1_R3s1_Fs1_Ef0.6_Tcl300_Tsl330_St1_Vduct_fine,1100,101325,300,223.15,50,2,120,0.4,2,0.013,0.114017542509914,0.0117,0.0078,0.094197,65.53218,0.6,88.468443,0.11774625,3000,500,1e-15,5.670374419e-23,2,223.15,1000000,1,1,1000000,1,900,300,300,330,0,1,duct_fine,1,1,1.3,1,1,1,1,NaN,100,48,0.9,0.6,1,binary_refine,2675,0.891666666666667,0,1,,"",323.768653969343,300.932997151414,239.150716208131,54.6803052126973,0.0778410515595678,0.0900053315086293,7.09395409559079,4.25637245735448,7.09395409559079,8.34582834775387,7.13157030265086,8.39008270900101,0,6.23134603065688,-0.932997151413758,0.932997151413758,0.00762734791727365,0.762734791727365
5,duct_fine_1.30x,duct_fine,Qs1100_P101325_Ta223.15_A22_h250_Qsol500_eps1e-15_G1000000_Ars1_A1s1_Ds1.3_Ps1_R1s1_R3s1_Fs1_Ef0.6_Tcl300_Tsl330_St1_Vduct_fine,1100,101325,300,223.15,50,2,120,0.4,2,0.013,0.114017542509914,0.0117,0.0078,0.094197,65.53218,0.6,88.468443,0.11774625,3000,500,1e-15,5.670374419e-23,2,223.15,1000000,1,1,1000000,1,900,300,300,330,0,1,duct_fine,1,1,1.3,1,1,1,1,NaN,100,48,0.9,0.6,1,binary_refine,2700,0.9,0,1,,"",323.039296980499,300.203991384969,239.151823234482,55.5200750318982,0.0790275380012945,0.0913940865465535,7.31269139903009,4.38761483941805,7.31269139903009,8.60316635180011,7.34583706604828,8.64216125417445,0,6.96070301950073,-0.203991384968504,0.203991384968504,0.00785651023106768,0.785651023106768
5,duct_fine_1.30x,duct_fine,Qs1100_P101325_Ta223.15_A22_h250_Qsol500_eps1e-15_G1000000_Ars1_A1s1_Ds1.3_Ps1_R1s1_R3s1_Fs1_Ef0.6_Tcl300_Tsl330_St1_Vduct_fine,1100,101325,300,223.15,50,2,120,0.4,2,0.013,0.114017542509914,0.0117,0.0078,0.094197,65.53218,0.6,88.468443,0.11774625,3000,500,1e-15,5.670374419e-23,2,223.15,1000000,1,1,1000000,1,900,300,300,330,0,1,duct_fine,1,1,1.3,1,1,1,1,NaN,100,48,0.9,0.6,1,binary_refine,2725,0.908333333333333,0,1,,"",322.359247374227,299.51675827689,239.15685110197,56.3644692999272,0.0802149526668125,0.09278362916781,7.53545539497278,4.52127323698367,7.53545539497278,8.86524164114445,7.56434660976012,8.89923130560014,1,7.64075262577256,0.483241723109586,-0.483241723109586,0.00809021027781831,0.809021027781831
5,duct_fine_1.30x,duct_fine,Qs1100_P101325_Ta223.15_A22_h250_Qsol500_eps1e-15_G1000000_Ars1_A1s1_Ds1.3_Ps1_R1s1_R3s1_Fs1_Ef0.6_Tcl300_Tsl330_St1_Vduct_fine,1100,101325,300,223.15,50,2,120,0.4,2,0.013,0.114017542509914,0.0117,0.0078,0.094197,65.53218,0.6,88.468443,0.11774625,3000,500,1e-15,5.670374419e-23,2,223.15,1000000,1,1,1000000,1,900,300,300,330,0,1,duct_fine,1,1,1.3,1,1,1,1,NaN,100,48,0.9,0.6,1,binary_refine,2750,0.916666666666667,0,1,,"",321.685870491405,298.838598253746,239.160665976301,57.2127380962993,0.0814050369103512,0.094176437427021,7.76234176078583,4.6574050564715,7.76234176078583,9.13216677739509,7.78718958078981,9.16139950681155,1,8.31412950859499,1.16140174625372,-1.16140174625372,0.00832854500619232,0.832854500619231
5,duct_fine_1.30x,duct_fine,Qs1100_P101325_Ta223.15_A22_h250_Qsol500_eps1e-15_G1000000_Ars1_A1s1_Ds1.3_Ps1_R1s1_R3s1_Fs1_Ef0.6_Tcl300_Tsl330_St1_Vduct_fine,1100,101325,300,223.15,50,2,120,0.4,2,0.013,0.114017542509914,0.0117,0.0078,0.094197,65.53218,0.6,88.468443,0.11774625,3000,500,1e-15,5.670374419e-23,2,223.15,1000000,1,1,1000000,1,900,300,300,330,0,1,duct_fine,1,1,1.3,1,1,1,1,NaN,100,48,0.9,0.6,1,probe,3000,1,0,1,,"",315.715746434148,292.834102683898,239.19335286168,65.923331678389,0.0933994962057121,0.108216475769957,10.2620099449393,6.1572059669636,10.2620099449393,12.0729528763992,10.2619853704447,12.0729239652291,1,14.2842535658523,7.16589731610162,-7.16589731610162,0.0109753854229355,1.09753854229355
6,duct_fine_1.40x,duct_fine,Qs1100_P101325_Ta223.15_A22_h250_Qsol500_eps1e-15_G1000000_Ars1_A1s1_Ds1.4_Ps1_R1s1_R3s1_Fs1_Ef0.6_Tcl300_Tsl330_St1_Vduct_fine,1100,101325,300,223.15,50,2,120,0.4,2,0.014,0.118321595661992,0.0126,0.0084,0.094197,65.53218,0.6,88.468443,0.11774625,3000,500,1e-15,5.670374419e-23,2,223.15,1000000,1,1,1000000,1,900,300,300,330,0,1,duct_fine,1,1,1.4,1,1,1,1,NaN,100,48,0.9,0.6,1,probe,750,0.25,0,1,,"",550.034214243232,540.294704591412,232.761972583757,5.40389023967145,0.00708634114564661,0.00797857695677038,0.0638230162532366,0.038293809751942,0.0638230162532366,0.075085901474396,0.124722068453605,0.146731845239536,0,-220.034214243232,-240.294704591412,240.294704591412,0.000133392586581396,0.0133392586581396
6,duct_fine_1.40x,duct_fine,Qs1100_P101325_Ta223.15_A22_h250_Qsol500_eps1e-15_G1000000_Ars1_A1s1_Ds1.4_Ps1_R1s1_R3s1_Fs1_Ef0.6_Tcl300_Tsl330_St1_Vduct_fine,1100,101325,300,223.15,50,2,120,0.4,2,0.014,0.118321595661992,0.0126,0.0084,0.094197,65.53218,0.6,88.468443,0.11774625,3000,500,1e-15,5.670374419e-23,2,223.15,1000000,1,1,1000000,1,900,300,300,330,0,1,duct_fine,1,1,1.4,1,1,1,1,NaN,100,48,0.9,0.6,1,probe,1000,0.333333333333333,0,1,,"",459.356223548185,440.965158641415,236.923320279033,9.35537527793591,0.0136108770490112,0.0151558340347709,0.212224771092241,0.127334862655344,0.212224771092241,0.249676201284989,0.312370341856057,0.367494519830655,0,-129.356223548185,-140.965158641415,140.965158641415,0.000334085927118778,0.0334085927118778
6,duct_fine_1.40x,duct_fine,Qs1100_P101325_Ta223.15_A22_h250_Qsol500_eps1e-15_G1000000_Ars1_A1s1_Ds1.4_Ps1_R1s1_R3s1_Fs1_Ef0.6_Tcl300_Tsl330_St1_Vduct_fine,1100,101325,300,223.15,50,2,120,0.4,2,0.014,0.118321595661992,0.0126,0.0084,0.094197,65.53218,0.6,88.468443,0.11774625,3000,500,1e-15,5.670374419e-23,2,223.15,1000000,1,1,1000000,1,900,300,300,330,0,1,duct_fine,1,1,1.4,1,1,1,1,NaN,100,48,0.9,0.6,1,probe,1500,0.5,0,1,,"",387.034096840511,365.44200731197,238.492530529701,19.8322271579333,0.0297596407089075,0.0338067398456456,0.983666591129223,0.590199954677534,0.983666591129223,1.1572548130932,1.13760276063646,1.33835618898407,0,-57.0340968405112,-65.4420073119695,65.4420073119695,0.00121668744453097,0.121668744453097
6,duct_fine_1.40x,duct_fine,Qs1100_P101325_Ta223.15_A22_h250_Qsol500_eps1e-15_G1000000_Ars1_A1s1_Ds1.4_Ps1_R1s1_R3s1_Fs1_Ef0.6_Tcl300_Tsl330_St1_Vduct_fine,1100,101325,300,223.15,50,2,120,0.4,2,0.014,0.118321595661992,0.0126,0.0084,0.094197,65.53218,0.6,88.468443,0.11774625,3000,500,1e-15,5.670374419e-23,2,223.15,1000000,1,1,1000000,1,900,300,300,330,0,1,duct_fine,1,1,1.4,1,1,1,1,NaN,100,48,0.9,0.6,1,probe,2000,0.666666666666667,0,1,,"",349.491734996647,326.98096180721,238.960163640992,32.8105379097178,0.0501964174702207,0.0576246755511935,2.7449524305645,1.6469714583387,2.7449524305645,3.22935580066412,2.85969791849305,3.36435049234477,0,-19.4917349966474,-26.98096180721,26.98096180721,0.00305850044758615,0.305850044758615
6,duct_fine_1.40x,duct_fine,Qs1100_P101325_Ta223.15_A22_h250_Qsol500_eps1e-15_G1000000_Ars1_A1s1_Ds1.4_Ps1_R1s1_R3s1_Fs1_Ef0.6_Tcl300_Tsl330_St1_Vduct_fine,1100,101325,300,223.15,50,2,120,0.4,2,0.014,0.118321595661992,0.0126,0.0084,0.094197,65.53218,0.6,88.468443,0.11774625,3000,500,1e-15,5.670374419e-23,2,223.15,1000000,1,1,1000000,1,900,300,300,330,0,1,duct_fine,1,1,1.4,1,1,1,1,NaN,100,48,0.9,0.6,1,binary_refine,2500,0.833333333333333,0,1,,"",328.163496554341,305.367783101925,239.122602690861,47.5014964696262,0.073433957601312,0.0847867143467806,5.81370479624901,3.48822287774941,5.81370479624901,6.83965270146943,5.83739591849472,6.86752460999379,0,1.83650344565882,-5.3677831019254,5.3677831019254,0.00624320419090344,0.624320419090344
6,duct_fine_1.40x,duct_fine,Qs1100_P101325_Ta223.15_A22_h250_Qsol500_eps1e-15_G1000000_Ars1_A1s1_Ds1.4_Ps1_R1s1_R3s1_Fs1_Ef0.6_Tcl300_Tsl330_St1_Vduct_fine,1100,101325,300,223.15,50,2,120,0.4,2,0.014,0.118321595661992,0.0126,0.0084,0.094197,65.53218,0.6,88.468443,0.11774625,3000,500,1e-15,5.670374419e-23,2,223.15,1000000,1,1,1000000,1,900,300,300,330,0,1,duct_fine,1,1,1.4,1,1,1,1,NaN,100,48,0.9,0.6,1,binary_refine,2625,0.875,0,1,,"",324.321100034745,301.48917839001,239.14710300231,51.3942556105346,0.0795156324796192,0.0919013662984318,6.81107790115146,4.08664674069087,6.81107790115146,8.01303282488407,6.81891120358713,8.02224847480839,0,5.6788999652548,-1.48917839001018,1.48917839001018,0.00729295315891672,0.729295315891672
6,duct_fine_1.40x,duct_fine,Qs1100_P101325_Ta223.15_A22_h250_Qsol500_eps1e-15_G1000000_Ars1_A1s1_Ds1.4_Ps1_R1s1_R3s1_Fs1_Ef0.6_Tcl300_Tsl330_St1_Vduct_fine,1100,101325,300,223.15,50,2,120,0.4,2,0.014,0.118321595661992,0.0126,0.0084,0.094197,65.53218,0.6,88.468443,0.11774625,3000,500,1e-15,5.670374419e-23,2,223.15,1000000,1,1,1000000,1,900,300,300,330,0,1,duct_fine,1,1,1.4,1,1,1,1,NaN,100,48,0.9,0.6,1,binary_refine,2675,0.891666666666667,0,1,,"",322.892798209489,300.052034417922,239.154181265936,52.9748816006492,0.0819694207451208,0.0947725949061134,7.23720059807762,4.34232035884657,7.23720059807762,8.5143536447972,7.24073328506226,8.51850974713207,0,7.107201790511,-0.0520344179221865,0.0520344179221865,0.00774409977012006,0.774409977012006
6,duct_fine_1.40x,duct_fine,Qs1100_P101325_Ta223.15_A22_h250_Qsol500_eps1e-15_G1000000_Ars1_A1s1_Ds1.4_Ps1_R1s1_R3s1_Fs1_Ef0.6_Tcl300_Tsl330_St1_Vduct_fine,1100,101325,300,223.15,50,2,120,0.4,2,0.014,0.118321595661992,0.0126,0.0084,0.094197,65.53218,0.6,88.468443,0.11774625,3000,500,1e-15,5.670374419e-23,2,223.15,1000000,1,1,1000000,1,900,300,300,330,0,1,duct_fine,1,1,1.4,1,1,1,1,NaN,100,48,0.9,0.6,1,binary_refine,2700,0.9,0,1,,"",322.21061194558,299.3640483829,239.158473093731,53.7704507565795,0.0831998060863448,0.0962122485580443,7.45615179353795,4.47369107612277,7.45615179353795,8.77194328651523,7.45805678358806,8.77418445128007,1,7.78938805442016,0.635951617100034,-0.635951617100034,0.00797653131934552,0.797653131934552
6,duct_fine_1.40x,duct_fine,Qs1100_P101325_Ta223.15_A22_h250_Qsol500_eps1e-15_G1000000_Ars1_A1s1_Ds1.4_Ps1_R1s1_R3s1_Fs1_Ef0.6_Tcl300_Tsl330_St1_Vduct_fine,1100,101325,300,223.15,50,2,120,0.4,2,0.014,0.118321595661992,0.0126,0.0084,0.094197,65.53218,0.6,88.468443,0.11774625,3000,500,1e-15,5.670374419e-23,2,223.15,1000000,1,1,1000000,1,900,300,300,330,0,1,duct_fine,1,1,1.4,1,1,1,1,NaN,100,48,0.9,0.6,1,binary_refine,2750,0.916666666666667,0,1,,"",320.871846850868,298.019426933457,239.164164610052,55.3714924936915,0.0856684332436913,0.0991012056141283,7.90598168049894,4.74358900829937,7.90598168049894,9.30115491823405,7.90577308627488,9.30090951326457,1,9.12815314913161,1.9805730665434,-1.9805730665434,0.00845537228478597,0.845537228478597
6,duct_fine_1.40x,duct_fine,Qs1100_P101325_Ta223.15_A22_h250_Qsol500_eps1e-15_G1000000_Ars1_A1s1_Ds1.4_Ps1_R1s1_R3s1_Fs1_Ef0.6_Tcl300_Tsl330_St1_Vduct_fine,1100,101325,300,223.15,50,2,120,0.4,2,0.014,0.118321595661992,0.0126,0.0084,0.094197,65.53218,0.6,88.468443,0.11774625,3000,500,1e-15,5.670374419e-23,2,223.15,1000000,1,1,1000000,1,900,300,300,330,0,1,duct_fine,1,1,1.4,1,1,1,1,NaN,100,48,0.9,0.6,1,probe,3000,1,0,1,,"",315.389800497572,292.506536425231,239.193980746022,63.0612751045749,0.0973246074606949,0.112743588268362,10.2290230758727,6.13741384552365,10.2290230758727,12.0341447951444,10.4116245680358,12.2489700800421,1,14.6101995024281,7.49346357476918,-7.49346357476918,0.0111354273454928,1.11354273454928
7,duct_fine_1.50x,duct_fine,Qs1100_P101325_Ta223.15_A22_h250_Qsol500_eps1e-15_G1000000_Ars1_A1s1_Ds1.5_Ps1_R1s1_R3s1_Fs1_Ef0.6_Tcl300_Tsl330_St1_Vduct_fine,1100,101325,300,223.15,50,2,120,0.4,2,0.015,0.122474487139159,0.0135,0.009,0.094197,65.53218,0.6,88.468443,0.11774625,3000,500,1e-15,5.670374419e-23,2,223.15,1000000,1,1,1000000,1,900,300,300,330,0,1,duct_fine,1,1,1.5,1,1,1,1,NaN,100,48,0.9,0.6,1,probe,750,0.25,0,1,,"",545.044745178796,534.953865402437,232.94062521451,5.38434977570432,0.00760102204844652,0.00855103646143494,0.0682109356027944,0.0409265613616766,0.0682109356027944,0.0802481595326993,0.125889649328786,0.148105469798572,0,-215.044745178796,-234.953865402437,234.953865402437,0.00013464133618052,0.013464133618052
7,duct_fine_1.50x,duct_fine,Qs1100_P101325_Ta223.15_A22_h250_Qsol500_eps1e-15_G1000000_Ars1_A1s1_Ds1.5_Ps1_R1s1_R3s1_Fs1_Ef0.6_Tcl300_Tsl330_St1_Vduct_fine,1100,101325,300,223.15,50,2,120,0.4,2,0.015,0.122474487139159,0.0135,0.009,0.094197,65.53218,0.6,88.468443,0.11774625,3000,500,1e-15,5.670374419e-23,2,223.15,1000000,1,1,1000000,1,900,300,300,330,0,1,duct_fine,1,1,1.5,1,1,1,1,NaN,100,48,0.9,0.6,1,probe,1000,0.333333333333333,0,1,,"",455.587610022493,436.996179121416,237.020335747206,9.28912124265723,0.0145219437472427,0.0161753288549024,0.224826826911976,0.134896096147186,0.224826826911976,0.264502149308207,0.316009759106007,0.371776187183538,0,-125.587610022493,-136.996179121416,136.996179121416,0.000337978351985034,0.0337978351985034
7,duct_fine_1.50x,duct_fine,Qs1100_P101325_Ta223.15_A22_h250_Qsol500_eps1e-15_G1000000_Ars1_A1s1_Ds1.5_Ps1_R1s1_R3s1_Fs1_Ef0.6_Tcl300_Tsl330_St1_Vduct_fine,1100,101325,300,223.15,50,2,120,0.4,2,0.015,0.122474487139159,0.0135,0.009,0.094197,65.53218,0.6,88.468443,0.11774625,3000,500,1e-15,5.670374419e-23,2,223.15,1000000,1,1,1000000,1,900,300,300,330,0,1,duct_fine,1,1,1.5,1,1,1,1,NaN,100,48,0.9,0.6,1,probe,1500,0.5,0,1,,"",384.625170670117,362.966646254766,238.525596218622,19.5464045152815,0.0315627780480623,0.0358629818906487,1.02823137892245,0.616938827353473,1.02823137892245,1.20968397520289,1.15348048638316,1.35703586633313,0,-54.6251706701174,-62.966646254766,62.966646254766,0.00123366896939376,0.123366896939376
7,duct_fine_1.50x,duct_fine,Qs1100_P101325_Ta223.15_A22_h250_Qsol500_eps1e-15_G1000000_Ars1_A1s1_Ds1.5_Ps1_R1s1_R3s1_Fs1_Ef0.6_Tcl300_Tsl330_St1_Vduct_fine,1100,101325,300,223.15,50,2,120,0.4,2,0.015,0.122474487139159,0.0135,0.009,0.094197,65.53218,0.6,88.468443,0.11774625,3000,500,1e-15,5.670374419e-23,2,223.15,1000000,1,1,1000000,1,900,300,300,330,0,1,duct_fine,1,1,1.5,1,1,1,1,NaN,100,48,0.9,0.6,1,probe,2000,0.666666666666667,0,1,,"",348.169936211628,325.622922243968,238.978927780022,32.0904318136818,0.0528985735580424,0.060728735052421,2.82923011300899,1.69753806780539,2.82923011300899,3.32850601530469,2.90088666437632,3.41280784044273,0,-18.169936211628,-25.6229222439679,25.6229222439679,0.00310255258222067,0.310255258222067
7,duct_fine_1.50x,duct_fine,Qs1100_P101325_Ta223.15_A22_h250_Qsol500_eps1e-15_G1000000_Ars1_A1s1_Ds1.5_Ps1_R1s1_R3s1_Fs1_Ef0.6_Tcl300_Tsl330_St1_Vduct_fine,1100,101325,300,223.15,50,2,120,0.4,2,0.015,0.122474487139159,0.0135,0.009,0.094197,65.53218,0.6,88.468443,0.11774625,3000,500,1e-15,5.670374419e-23,2,223.15,1000000,1,1,1000000,1,900,300,300,330,0,1,duct_fine,1,1,1.5,1,1,1,1,NaN,100,48,0.9,0.6,1,binary_refine,2500,0.833333333333333,0,1,,"",327.376015649639,304.568847781673,239.129080214721,46.1280684604086,0.0769666656608418,0.0888601619629888,5.91720603795449,3.55032362277269,5.91720603795449,6.96141886818176,5.91883049371982,6.96332999261155,0,2.6239843503609,-4.56884778167324,4.56884778167324,0.00633029999328323,0.633029999328323
7,duct_fine_1.50x,duct_fine,Qs1100_P101325_Ta223.15_A22_h250_Qsol500_eps1e-15_G1000000_Ars1_A1s1_Ds1.5_Ps1_R1s1_R3s1_Fs1_Ef0.6_Tcl300_Tsl330_St1_Vduct_fine,1100,101325,300,223.15,50,2,120,0.4,2,0.015,0.122474487139159,0.0135,0.009,0.094197,65.53218,0.6,88.468443,0.11774625,3000,500,1e-15,5.670374419e-23,2,223.15,1000000,1,1,1000000,1,900,300,300,330,0,1,duct_fine,1,1,1.5,1,1,1,1,NaN,100,48,0.9,0.6,1,binary_refine,2625,0.875,0,1,,"",323.63930212929,300.803689067764,239.149527750715,49.7922056891184,0.0831919895733757,0.0961424980725833,6.90385442754086,4.14231265652452,6.90385442754086,8.12218167945984,6.91275814632109,8.1326566427307,0,6.36069787070971,-0.803689067764196,0.803689067764196,0.00739332422066427,0.739332422066427
7,duct_fine_1.50x,duct_fine,Qs1100_P101325_Ta223.15_A22_h250_Qsol500_eps1e-15_G1000000_Ars1_A1s1_Ds1.5_Ps1_R1s1_R3s1_Fs1_Ef0.6_Tcl300_Tsl330_St1_Vduct_fine,1100,101325,300,223.15,50,2,120,0.4,2,0.015,0.122474487139159,0.0135,0.009,0.094197,65.53218,0.6,88.468443,0.11774625,3000,500,1e-15,5.670374419e-23,2,223.15,1000000,1,1,1000000,1,900,300,300,330,0,1,duct_fine,1,1,1.5,1,1,1,1,NaN,100,48,0.9,0.6,1,binary_refine,2650,0.883333333333333,0,1,,"",322.971699985001,300.132690129286,239.152446542645,50.497012390059,0.0843842668821001,0.097537448390177,7.10192228378576,4.26115337027146,7.10192228378576,8.35520268680678,7.12394353937842,8.38111004632756,0,7.02830001499865,-0.132690129285891,0.132690129285891,0.00761919095120687,0.761919095120687
7,duct_fine_1.50x,duct_fine,Qs1100_P101325_Ta223.15_A22_h250_Qsol500_eps1e-15_G1000000_Ars1_A1s1_Ds1.5_Ps1_R1s1_R3s1_Fs1_Ef0.6_Tcl300_Tsl330_St1_Vduct_fine,1100,101325,300,223.15,50,2,120,0.4,2,0.015,0.122474487139159,0.0135,0.009,0.094197,65.53218,0.6,88.468443,0.11774625,3000,500,1e-15,5.670374419e-23,2,223.15,1000000,1,1,1000000,1,900,300,300,330,0,1,duct_fine,1,1,1.5,1,1,1,1,NaN,100,48,0.9,0.6,1,binary_refine,2675,0.891666666666667,0,1,,"",322.340421394146,299.496038005097,239.156388490289,51.1909448601218,0.0855553713905404,0.098907579024223,7.299433832234,4.3796602993404,7.299433832234,8.58756921439294,7.33927670278419,8.6344431797461,1,7.65957860585416,0.503961994902909,-0.503961994902909,0.00784949379976919,0.784949379976919
7,duct_fine_1.50x,duct_fine,Qs1100_P101325_Ta223.15_A22_h250_Qsol500_eps1e-15_G1000000_Ars1_A1s1_Ds1.5_Ps1_R1s1_R3s1_Fs1_Ef0.6_Tcl300_Tsl330_St1_Vduct_fine,1100,101325,300,223.15,50,2,120,0.4,2,0.015,0.122474487139159,0.0135,0.009,0.094197,65.53218,0.6,88.468443,0.11774625,3000,500,1e-15,5.670374419e-23,2,223.15,1000000,1,1,1000000,1,900,300,300,330,0,1,duct_fine,1,1,1.5,1,1,1,1,NaN,100,48,0.9,0.6,1,binary_refine,2750,0.916666666666667,0,1,,"",320.570464856137,297.713401707564,239.166459529173,53.2243818772913,0.0889753702719271,0.102909115769181,7.89276514171073,4.73565908502644,7.89276514171073,9.28560604907145,8.01056073367994,9.42418909844699,1,9.42953514386267,2.28659829243566,-2.28659829243566,0.00856744463495181,0.856744463495181
7,duct_fine_1.50x,duct_fine,Qs1100_P101325_Ta223.15_A22_h250_Qsol500_eps1e-15_G1000000_Ars1_A1s1_Ds1.5_Ps1_R1s1_R3s1_Fs1_Ef0.6_Tcl300_Tsl330_St1_Vduct_fine,1100,101325,300,223.15,50,2,120,0.4,2,0.015,0.122474487139159,0.0135,0.009,0.094197,65.53218,0.6,88.468443,0.11774625,3000,500,1e-15,5.670374419e-23,2,223.15,1000000,1,1,1000000,1,900,300,300,330,0,1,duct_fine,1,1,1.5,1,1,1,1,NaN,100,48,0.9,0.6,1,probe,3000,1,0,1,,"",315.638307453274,292.755082815474,239.192213124968,59.7481715662919,0.0998011623317619,0.115577969433325,9.93822828252243,5.96293696951346,9.93822828252243,11.6920332735558,10.533497336009,12.3923498070694,1,14.3616925467256,7.24491718452646,-7.24491718452646,0.0112657725518813,1.12657725518813
8,duct_fine_1.60x,duct_fine,Qs1100_P101325_Ta223.15_A22_h250_Qsol500_eps1e-15_G1000000_Ars1_A1s1_Ds1.6_Ps1_R1s1_R3s1_Fs1_Ef0.6_Tcl300_Tsl330_St1_Vduct_fine,1100,101325,300,223.15,50,2,120,0.4,2,0.016,0.126491106406735,0.0144,0.0096,0.094197,65.53218,0.6,88.468443,0.11774625,3000,500,1e-15,5.670374419e-23,2,223.15,1000000,1,1,1000000,1,900,300,300,330,0,1,duct_fine,1,1,1.6,1,1,1,1,NaN,100,48,0.9,0.6,1,probe,750,0.25,0,1,,"",535.679858335301,525.175073458684,233.150872141269,5.36182337039403,0.00815409725095138,0.00916089244132669,0.0728680486743613,0.0437208292046168,0.0728680486743613,0.0857271160874838,0.127142510511193,0.149579424130815,0,-205.679858335301,-225.175073458684,225.175073458684,0.000135981294664378,0.0135981294664378
8,duct_fine_1.60x,duct_fine,Qs1100_P101325_Ta223.15_A22_h250_Qsol500_eps1e-15_G1000000_Ars1_A1s1_Ds1.6_Ps1_R1s1_R3s1_Fs1_Ef0.6_Tcl300_Tsl330_St1_Vduct_fine,1100,101325,300,223.15,50,2,120,0.4,2,0.016,0.126491106406735,0.0144,0.0096,0.094197,65.53218,0.6,88.468443,0.11774625,3000,500,1e-15,5.670374419e-23,2,223.15,1000000,1,1,1000000,1,900,300,300,330,0,1,duct_fine,1,1,1.6,1,1,1,1,NaN,100,48,0.9,0.6,1,probe,1000,0.333333333333333,0,1,,"",451.810797775118,433.072881717467,237.091021026056,9.21967415697873,0.0154192389174014,0.0171814315623859,0.236933930945077,0.142160358567046,0.236933930945077,0.278745801111855,0.319585541441244,0.375982989930875,0,-121.810797775118,-133.072881717467,133.072881717467,0.000341802718118977,0.0341802718118977
8,duct_fine_1.60x,duct_fine,Qs1100_P101325_Ta223.15_A22_h250_Qsol500_eps1e-15_G1000000_Ars1_A1s1_Ds1.6_Ps1_R1s1_R3s1_Fs1_Ef0.6_Tcl300_Tsl330_St1_Vduct_fine,1100,101325,300,223.15,50,2,120,0.4,2,0.016,0.126491106406735,0.0144,0.0096,0.094197,65.53218,0.6,88.468443,0.11774625,3000,500,1e-15,5.670374419e-23,2,223.15,1000000,1,1,1000000,1,900,300,300,330,0,1,duct_fine,1,1,1.6,1,1,1,1,NaN,100,48,0.9,0.6,1,probe,1500,0.5,0,1,,"",382.842014241144,361.085608128762,238.574458154118,19.2569630167006,0.0332893638485189,0.0378305010232201,1.06842008080069,0.641052048480417,1.06842008080069,1.25696480094199,1.16860907452555,1.37483420532417,0,-52.8420142411439,-61.0856081287615,61.0856081287615,0.00124984927756743,0.124984927756743
8,duct_fine_1.60x,duct_fine,Qs1100_P101325_Ta223.15_A22_h250_Qsol500_eps1e-15_G1000000_Ars1_A1s1_Ds1.6_Ps1_R1s1_R3s1_Fs1_Ef0.6_Tcl300_Tsl330_St1_Vduct_fine,1100,101325,300,223.15,50,2,120,0.4,2,0.016,0.126491106406735,0.0144,0.0096,0.094197,65.53218,0.6,88.468443,0.11774625,3000,500,1e-15,5.670374419e-23,2,223.15,1000000,1,1,1000000,1,900,300,300,330,0,1,duct_fine,1,1,1.6,1,1,1,1,NaN,100,48,0.9,0.6,1,probe,2000,0.666666666666667,0,1,,"",346.953179969401,324.3992699469,238.982719015549,31.375969374841,0.0554495673923883,0.0636594749684111,2.89963988058626,1.73978392835176,2.89963988058626,3.41134103598384,2.93943774057733,3.45816204773804,0,-16.9531799694005,-24.3992699469004,24.3992699469004,0.00314378367976186,0.314378367976186
8,duct_fine_1.60x,duct_fine,Qs1100_P101325_Ta223.15_A22_h250_Qsol500_eps1e-15_G1000000_Ars1_A1s1_Ds1.6_Ps1_R1s1_R3s1_Fs1_Ef0.6_Tcl300_Tsl330_St1_Vduct_fine,1100,101325,300,223.15,50,2,120,0.4,2,0.016,0.126491106406735,0.0144,0.0096,0.094197,65.53218,0.6,88.468443,0.11774625,3000,500,1e-15,5.670374419e-23,2,223.15,1000000,1,1,1000000,1,900,300,300,330,0,1,duct_fine,1,1,1.6,1,1,1,1,NaN,100,48,0.9,0.6,1,binary_refine,2500,0.833333333333333,0,1,,"",326.881453300511,304.07085101735,239.131039334522,44.6730050378853,0.0800155114577319,0.0923702415748083,5.9575555774337,3.57453334646022,5.9575555774337,7.00888891462789,5.99263784189292,7.05016216693285,0,3.1185466994886,-4.07085101735038,4.07085101735038,0.00640923833357532,0.640923833357532
8,duct_fine_1.60x,duct_fine,Qs1100_P101325_Ta223.15_A22_h250_Qsol500_eps1e-15_G1000000_Ars1_A1s1_Ds1.6_Ps1_R1s1_R3s1_Fs1_Ef0.6_Tcl300_Tsl330_St1_Vduct_fine,1100,101325,300,223.15,50,2,120,0.4,2,0.016,0.126491106406735,0.0144,0.0096,0.094197,65.53218,0.6,88.468443,0.11774625,3000,500,1e-15,5.670374419e-23,2,223.15,1000000,1,1,1000000,1,900,300,300,330,0,1,duct_fine,1,1,1.6,1,1,1,1,NaN,100,48,0.9,0.6,1,binary_refine,2625,0.875,0,1,,"",323.606240349497,300.772236023067,239.148163276242,47.7563569908549,0.08568012214883,0.0989959866304575,6.8196175005993,4.09177050035958,6.8196175005993,8.02307941246977,6.99346008553513,8.22760010062957,0,6.39375965050334,-0.772236023066682,0.772236023066682,0.00747963645511779,0.747963645511779
8,duct_fine_1.60x,duct_fine,Qs1100_P101325_Ta223.15_A22_h250_Qsol500_eps1e-15_G1000000_Ars1_A1s1_Ds1.6_Ps1_R1s1_R3s1_Fs1_Ef0.6_Tcl300_Tsl330_St1_Vduct_fine,1100,101325,300,223.15,50,2,120,0.4,2,0.016,0.126491106406735,0.0144,0.0096,0.094197,65.53218,0.6,88.468443,0.11774625,3000,500,1e-15,5.670374419e-23,2,223.15,1000000,1,1,1000000,1,900,300,300,330,0,1,duct_fine,1,1,1.6,1,1,1,1,NaN,100,48,0.9,0.6,1,binary_refine,2650,0.883333333333333,0,1,,"",323.013324951295,300.175012764383,239.151418073526,48.3574964794946,0.0867807641020781,0.100283502590946,6.99416749092349,4.19650049455409,6.99416749092349,8.22843234226293,7.20580965353627,8.47742312180738,0,6.98667504870525,-0.175012764382586,0.175012764382586,0.00770674829255216,0.770674829255216
8,duct_fine_1.60x,duct_fine,Qs1100_P101325_Ta223.15_A22_h250_Qsol500_eps1e-15_G1000000_Ars1_A1s1_Ds1.6_Ps1_R1s1_R3s1_Fs1_Ef0.6_Tcl300_Tsl330_St1_Vduct_fine,1100,101325,300,223.15,50,2,120,0.4,2,0.016,0.126491106406735,0.0144,0.0096,0.094197,65.53218,0.6,88.468443,0.11774625,3000,500,1e-15,5.670374419e-23,2,223.15,1000000,1,1,1000000,1,900,300,300,330,0,1,duct_fine,1,1,1.6,1,1,1,1,NaN,100,48,0.9,0.6,1,binary_refine,2675,0.891666666666667,0,1,,"",322.457460307041,299.610126757621,239.157122525003,48.9557400880246,0.087873014595021,0.101560989703731,7.16981410544173,4.30188846326504,7.16981410544173,8.43507541816674,7.42229249908245,8.73210882244994,1,7.54253969295877,0.389873242378826,-0.389873242378826,0.00793828074768177,0.793828074768177
8,duct_fine_1.60x,duct_fine,Qs1100_P101325_Ta223.15_A22_h250_Qsol500_eps1e-15_G1000000_Ars1_A1s1_Ds1.6_Ps1_R1s1_R3s1_Fs1_Ef0.6_Tcl300_Tsl330_St1_Vduct_fine,1100,101325,300,223.15,50,2,120,0.4,2,0.016,0.126491106406735,0.0144,0.0096,0.094197,65.53218,0.6,88.468443,0.11774625,3000,500,1e-15,5.670374419e-23,2,223.15,1000000,1,1,1000000,1,900,300,300,330,0,1,duct_fine,1,1,1.6,1,1,1,1,NaN,100,48,0.9,0.6,1,binary_refine,2750,0.916666666666667,0,1,,"",320.81435353469,297.956733455942,239.165608297424,50.7315270885738,0.0911121336529959,0.105350448225217,7.70376279419119,4.62225767651472,7.70376279419119,9.06325034610729,8.09714234716687,9.52604982019632,1,9.18564646530979,2.0432665440581,-2.0432665440581,0.00866004529108756,0.866004529108756
8,duct_fine_1.60x,duct_fine,Qs1100_P101325_Ta223.15_A22_h250_Qsol500_eps1e-15_G1000000_Ars1_A1s1_Ds1.6_Ps1_R1s1_R3s1_Fs1_Ef0.6_Tcl300_Tsl330_St1_Vduct_fine,1100,101325,300,223.15,50,2,120,0.4,2,0.016,0.126491106406735,0.0144,0.0096,0.094197,65.53218,0.6,88.468443,0.11774625,3000,500,1e-15,5.670374419e-23,2,223.15,1000000,1,1,1000000,1,900,300,300,330,0,1,duct_fine,1,1,1.6,1,1,1,1,NaN,100,48,0.9,0.6,1,probe,3000,1,0,1,,"",316.101971768001,293.219403814812,239.189713627053,56.5522777835698,0.101620534445213,0.117646163320984,9.57812115410085,5.74687269246051,9.57812115410085,11.2683778283539,10.6333497885256,12.5098232806184,1,13.898028231999,6.78059618518779,-6.78059618518779,0.011372566618744,1.1372566618744
9,duct_fine_1.70x,duct_fine,Qs1100_P101325_Ta223.15_A22_h250_Qsol500_eps1e-15_G1000000_Ars1_A1s1_Ds1.7_Ps1_R1s1_R3s1_Fs1_Ef0.6_Tcl300_Tsl330_St1_Vduct_fine,1100,101325,300,223.15,50,2,120,0.4,2,0.017,0.130384048104053,0.0153,0.0102,0.094197,65.53218,0.6,88.468443,0.11774625,3000,500,1e-15,5.670374419e-23,2,223.15,1000000,1,1,1000000,1,900,300,300,330,0,1,duct_fine,1,1,1.7,1,1,1,1,NaN,100,48,0.9,0.6,1,probe,750,0.25,0,1,,"",527.245689524641,516.192931775126,233.423357735166,5.33740045902475,0.00871416915641834,0.0097715444084803,0.0775183507591442,0.0465110104554865,0.0775183507591442,0.0911980597166403,0.128409229172383,0.151069681379274,0,-197.245689524641,-216.192931775126,216.192931775126,0.000137336073981158,0.0137336073981158
9,duct_fine_1.70x,duct_fine,Qs1100_P101325_Ta223.15_A22_h250_Qsol500_eps1e-15_G1000000_Ars1_A1s1_Ds1.7_Ps1_R1s1_R3s1_Fs1_Ef0.6_Tcl300_Tsl330_St1_Vduct_fine,1100,101325,300,223.15,50,2,120,0.4,2,0.017,0.130384048104053,0.0153,0.0102,0.094197,65.53218,0.6,88.468443,0.11774625,3000,500,1e-15,5.670374419e-23,2,223.15,1000000,1,1,1000000,1,900,300,300,330,0,1,duct_fine,1,1,1.7,1,1,1,1,NaN,100,48,0.9,0.6,1,probe,1000,0.333333333333333,0,1,,"",449.407674251409,430.462102593721,237.192126466118,9.14848683659996,0.0162877981659666,0.0181535273693554,0.248347845197571,0.149008707118543,0.248347845197571,0.292173935526555,0.32303819159365,0.380044931286647,0,-119.407674251409,-130.462102593721,130.462102593721,0.00034549539207877,0.034549539207877
9,duct_fine_1.70x,duct_fine,Qs1100_P101325_Ta223.15_A22_h250_Qsol500_eps1e-15_G1000000_Ars1_A1s1_Ds1.7_Ps1_R1s1_R3s1_Fs1_Ef0.6_Tcl300_Tsl330_St1_Vduct_fine,1100,101325,300,223.15,50,2,120,0.4,2,0.017,0.130384048104053,0.0153,0.0102,0.094197,65.53218,0.6,88.468443,0.11774625,3000,500,1e-15,5.670374419e-23,2,223.15,1000000,1,1,1000000,1,900,300,300,330,0,1,duct_fine,1,1,1.7,1,1,1,1,NaN,100,48,0.9,0.6,1,probe,1500,0.5,0,1,,"",380.914780603483,359.125931210429,238.590530686486,18.9630789371852,0.034955301474787,0.0397314832060164,1.10476690189916,0.662860141139493,1.10476690189916,1.29972576694018,1.1831305460862,1.39191828951317,0,-50.9147806034825,-59.125931210429,59.125931210429,0.0012653802631938,0.12653802631938
9,duct_fine_1.70x,duct_fine,Qs1100_P101325_Ta223.15_A22_h250_Qsol500_eps1e-15_G1000000_Ars1_A1s1_Ds1.7_Ps1_R1s1_R3s1_Fs1_Ef0.6_Tcl300_Tsl330_St1_Vduct_fine,1100,101325,300,223.15,50,2,120,0.4,2,0.017,0.130384048104053,0.0153,0.0102,0.094197,65.53218,0.6,88.468443,0.11774625,3000,500,1e-15,5.670374419e-23,2,223.15,1000000,1,1,1000000,1,900,300,300,330,0,1,duct_fine,1,1,1.7,1,1,1,1,NaN,100,48,0.9,0.6,1,probe,2000,0.666666666666667,0,1,,"",346.099276901788,323.511631082351,239.000129682522,30.6739245064527,0.0578467471258198,0.0664113001647078,2.95731125713543,1.77438675428126,2.95731125713543,3.47918971427698,2.97533580792536,3.50039506814749,0,-16.0992769017881,-23.511631082351,23.511631082351,0.00318217733467953,0.318217733467953
9,duct_fine_1.70x,duct_fine,Qs1100_P101325_Ta223.15_A22_h250_Qsol500_eps1e-15_G1000000_Ars1_A1s1_Ds1.7_Ps1_R1s1_R3s1_Fs1_Ef0.6_Tcl300_Tsl330_St1_Vduct_fine,1100,101325,300,223.15,50,2,120,0.4,2,0.017,0.130384048104053,0.0153,0.0102,0.094197,65.53218,0.6,88.468443,0.11774625,3000,500,1e-15,5.670374419e-23,2,223.15,1000000,1,1,1000000,1,900,300,300,330,0,1,duct_fine,1,1,1.7,1,1,1,1,NaN,100,48,0.9,0.6,1,binary_refine,2500,0.833333333333333,0,1,,"",326.991890528823,304.18390812778,239.129085945814,42.8745102487374,0.0820210207408489,0.0946625332505954,5.86101849060904,3.51661109436543,5.86101849060904,6.89531587130476,6.05526991192124,7.12384695520145,0,3.00810947117736,-4.18390812777955,4.18390812777955,0.00647622450472859,0.647622450472859
9,duct_fine_1.70x,duct_fine,Qs1100_P101325_Ta223.15_A22_h250_Qsol500_eps1e-15_G1000000_Ars1_A1s1_Ds1.7_Ps1_R1s1_R3s1_Fs1_Ef0.6_Tcl300_Tsl330_St1_Vduct_fine,1100,101325,300,223.15,50,2,120,0.4,2,0.017,0.130384048104053,0.0153,0.0102,0.094197,65.53218,0.6,88.468443,0.11774625,3000,500,1e-15,5.670374419e-23,2,223.15,1000000,1,1,1000000,1,900,300,300,330,0,1,duct_fine,1,1,1.7,1,1,1,1,NaN,100,48,0.9,0.6,1,binary_refine,2625,0.875,0,1,,"",323.940036218182,301.107828292926,239.1461869301,45.6092462030235,0.087424536896866,0.100981942005922,6.64561204585745,3.98736722751447,6.64561204585745,7.81836711277347,7.06057906018468,8.30656360021728,0,6.05996378181834,-1.10782829292617,1.10782829292617,0.00755142145474298,0.755142145474298
9,duct_fine_1.70x,duct_fine,Qs1100_P101325_Ta223.15_A22_h250_Qsol500_eps1e-15_G1000000_Ars1_A1s1_Ds1.7_Ps1_R1s1_R3s1_Fs1_Ef0.6_Tcl300_Tsl330_St1_Vduct_fine,1100,101325,300,223.15,50,2,120,0.4,2,0.017,0.130384048104053,0.0153,0.0102,0.094197,65.53218,0.6,88.468443,0.11774625,3000,500,1e-15,5.670374419e-23,2,223.15,1000000,1,1,1000000,1,900,300,300,330,0,1,duct_fine,1,1,1.7,1,1,1,1,NaN,100,48,0.9,0.6,1,binary_refine,2675,0.891666666666667,0,1,,"",322.846485093685,300.000977632449,239.154966868504,46.6878986755085,0.0895483101335922,0.10346572849165,6.96803738346694,4.18082243008016,6.96803738346694,8.19769103937287,7.49132421130767,8.81332260153843,0,7.15351490631491,-0.000977632449405519,0.000977632449405519,0.00801211145594403,0.801211145594403
9,duct_fine_1.70x,duct_fine,Qs1100_P101325_Ta223.15_A22_h250_Qsol500_eps1e-15_G1000000_Ars1_A1s1_Ds1.7_Ps1_R1s1_R3s1_Fs1_Ef0.6_Tcl300_Tsl330_St1_Vduct_fine,1100,101325,300,223.15,50,2,120,0.4,2,0.017,0.130384048104053,0.0153,0.0102,0.094197,65.53218,0.6,88.468443,0.11774625,3000,500,1e-15,5.670374419e-23,2,223.15,1000000,1,1,1000000,1,900,300,300,330,0,1,duct_fine,1,1,1.7,1,1,1,1,NaN,100,48,0.9,0.6,1,binary_refine,2700,0.9,0,1,,"",322.307139418438,299.458167838018,239.157723716075,47.2243935365865,0.0906042793973569,0.104700908070669,7.1312202439327,4.27873214635962,7.1312202439327,8.38967087521494,7.71300921992102,9.07412849402473,1,7.69286058156234,0.541832161982484,-0.541832161982484,0.00824920772184066,0.824920772184066
9,duct_fine_1.70x,duct_fine,Qs1100_P101325_Ta223.15_A22_h250_Qsol500_eps1e-15_G1000000_Ars1_A1s1_Ds1.7_Ps1_R1s1_R3s1_Fs1_Ef0.6_Tcl300_Tsl330_St1_Vduct_fine,1100,101325,300,223.15,50,2,120,0.4,2,0.017,0.130384048104053,0.0153,0.0102,0.094197,65.53218,0.6,88.468443,0.11774625,3000,500,1e-15,5.670374419e-23,2,223.15,1000000,1,1,1000000,1,900,300,300,330,0,1,duct_fine,1,1,1.7,1,1,1,1,NaN,100,48,0.9,0.6,1,binary_refine,2750,0.916666666666667,0,1,,"",321.26516139509,298.409668952348,239.163056759897,48.2934456071792,0.0927053576909141,0.107158665079395,7.46176858190042,4.47706114914025,7.46176858190042,8.77855127282402,8.16918423366384,9.61080498078099,1,8.73483860491035,1.59033104765246,-1.59033104765246,0.00873709543707362,0.873709543707362
9,duct_fine_1.70x,duct_fine,Qs1100_P101325_Ta223.15_A22_h250_Qsol500_eps1e-15_G1000000_Ars1_A1s1_Ds1.7_Ps1_R1s1_R3s1_Fs1_Ef0.6_Tcl300_Tsl330_St1_Vduct_fine,1100,101325,300,223.15,50,2,120,0.4,2,0.017,0.130384048104053,0.0153,0.0102,0.094197,65.53218,0.6,88.468443,0.11774625,3000,500,1e-15,5.670374419e-23,2,223.15,1000000,1,1,1000000,1,900,300,300,330,0,1,duct_fine,1,1,1.7,1,1,1,1,NaN,100,48,0.9,0.6,1,probe,3000,1,0,1,,"",316.661006850012,293.781925343503,239.185662830618,53.5935960500016,0.103047716058279,0.11925848802664,9.20449611383781,5.52269766830268,9.20449611383781,10.8288189574562,10.716714896475,12.6078998782059,1,13.3389931499876,6.21807465649744,-6.21807465649744,0.0114617271620054,1.14617271620054
10,duct_fine_1.80x,duct_fine,Qs1100_P101325_Ta223.15_A22_h250_Qsol500_eps1e-15_G1000000_Ars1_A1s1_Ds1.8_Ps1_R1s1_R3s1_Fs1_Ef0.6_Tcl300_Tsl330_St1_Vduct_fine,1100,101325,300,223.15,50,2,120,0.4,2,0.018,0.134164078649987,0.0162,0.0108,0.094197,65.53218,0.6,88.468443,0.11774625,3000,500,1e-15,5.670374419e-23,2,223.15,1000000,1,1,1000000,1,900,300,300,330,0,1,duct_fine,1,1,1.8,1,1,1,1,NaN,100,48,0.9,0.6,1,probe,750,0.25,0,1,,"",520.503709708231,508.814125653033,233.73522767589,5.31154790770476,0.00927026307346081,0.0103723618299765,0.0820657440528558,0.0492394464317135,0.0820657440528558,0.0965479341798304,0.129664870561384,0.152546906542804,0,-190.503709708231,-208.814125653033,208.814125653033,0.000138679005948004,0.0138679005948004
10,duct_fine_1.80x,duct_fine,Qs1100_P101325_Ta223.15_A22_h250_Qsol500_eps1e-15_G1000000_Ars1_A1s1_Ds1.8_Ps1_R1s1_R3s1_Fs1_Ef0.6_Tcl300_Tsl330_St1_Vduct_fine,1100,101325,300,223.15,50,2,120,0.4,2,0.018,0.134164078649987,0.0162,0.0108,0.094197,65.53218,0.6,88.468443,0.11774625,3000,500,1e-15,5.670374419e-23,2,223.15,1000000,1,1,1000000,1,900,300,300,330,0,1,duct_fine,1,1,1.8,1,1,1,1,NaN,100,48,0.9,0.6,1,probe,1000,0.333333333333333,0,1,,"",446.374552825835,427.311333596035,237.24899714204,9.07424573624545,0.0171468087804086,0.019118246190461,0.259323927443065,0.155594356465839,0.259323927443065,0.30508697346243,0.32644406569345,0.384051841992295,0,-116.374552825835,-127.311333596035,127.311333596035,0.000349138038174813,0.0349138038174813
10,duct_fine_1.80x,duct_fine,Qs1100_P101325_Ta223.15_A22_h250_Qsol500_eps1e-15_G1000000_Ars1_A1s1_Ds1.8_Ps1_R1s1_R3s1_Fs1_Ef0.6_Tcl300_Tsl330_St1_Vduct_fine,1100,101325,300,223.15,50,2,120,0.4,2,0.018,0.134164078649987,0.0162,0.0108,0.094197,65.53218,0.6,88.468443,0.11774625,3000,500,1e-15,5.670374419e-23,2,223.15,1000000,1,1,1000000,1,900,300,300,330,0,1,duct_fine,1,1,1.8,1,1,1,1,NaN,100,48,0.9,0.6,1,probe,1500,0.5,0,1,,"",379.252234557122,357.434818863512,238.604692623251,18.6678831482131,0.0365523173255012,0.0415539372329073,1.13725731438144,0.682354388628863,1.13725731438144,1.33794978162522,1.19697540274295,1.40820635616818,0,-49.2522345571221,-57.4348188635117,57.4348188635117,0.00128018759651653,0.128018759651653
10,duct_fine_1.80x,duct_fine,Qs1100_P101325_Ta223.15_A22_h250_Qsol500_eps1e-15_G1000000_Ars1_A1s1_Ds1.8_Ps1_R1s1_R3s1_Fs1_Ef0.6_Tcl300_Tsl330_St1_Vduct_fine,1100,101325,300,223.15,50,2,120,0.4,2,0.018,0.134164078649987,0.0162,0.0108,0.094197,65.53218,0.6,88.468443,0.11774625,3000,500,1e-15,5.670374419e-23,2,223.15,1000000,1,1,1000000,1,900,300,300,330,0,1,duct_fine,1,1,1.8,1,1,1,1,NaN,100,48,0.9,0.6,1,probe,2000,0.666666666666667,0,1,,"",345.241199230213,322.654661505255,238.999748821016,29.983878604037,0.0601098649296311,0.0690100349764654,3.00387815492519,1.80232689295512,3.00387815492519,3.53397429991199,3.0089019909111,3.53988469518952,0,-15.2411992302134,-22.6546615052549,22.6546615052549,0.00321807699562684,0.321807699562684
10,duct_fine_1.80x,duct_fine,Qs1100_P101325_Ta223.15_A22_h250_Qsol500_eps1e-15_G1000000_Ars1_A1s1_Ds1.8_Ps1_R1s1_R3s1_Fs1_Ef0.6_Tcl300_Tsl330_St1_Vduct_fine,1100,101325,300,223.15,50,2,120,0.4,2,0.018,0.134164078649987,0.0162,0.0108,0.094197,65.53218,0.6,88.468443,0.11774625,3000,500,1e-15,5.670374419e-23,2,223.15,1000000,1,1,1000000,1,900,300,300,330,0,1,duct_fine,1,1,1.8,1,1,1,1,NaN,100,48,0.9,0.6,1,binary_refine,2500,0.833333333333333,0,1,,"",327.400006129375,304.589225645468,239.129635994782,41.0472338371837,0.0834989532008605,0.0963398984910544,5.7123350953263,3.42740105719578,5.7123350953263,6.72039422979565,6.10797867819428,7.18585726846386,0,2.59999387062453,-4.58922564546782,4.58922564546782,0.00653259751678533,0.653259751678533
10,duct_fine_1.80x,duct_fine,Qs1100_P101325_Ta223.15_A22_h250_Qsol500_eps1e-15_G1000000_Ars1_A1s1_Ds1.8_Ps1_R1s1_R3s1_Fs1_Ef0.6_Tcl300_Tsl330_St1_Vduct_fine,1100,101325,300,223.15,50,2,120,0.4,2,0.018,0.134164078649987,0.0162,0.0108,0.094197,65.53218,0.6,88.468443,0.11774625,3000,500,1e-15,5.670374419e-23,2,223.15,1000000,1,1,1000000,1,900,300,300,330,0,1,duct_fine,1,1,1.8,1,1,1,1,NaN,100,48,0.9,0.6,1,binary_refine,2625,0.875,0,1,,"",324.449745493093,301.616356011351,239.145583996086,43.5416665888042,0.0887737425437186,0.102507962335741,6.44226116613157,3.86535669967894,6.44226116613157,7.5791307836842,7.11721609283024,8.3731954033297,0,5.55025450690744,-1.61635601135083,1.61635601135083,0.00761199582120882,0.761199582120882
10,duct_fine_1.80x,duct_fine,Qs1100_P101325_Ta223.15_A22_h250_Qsol500_eps1e-15_G1000000_Ars1_A1s1_Ds1.8_Ps1_R1s1_R3s1_Fs1_Ef0.6_Tcl300_Tsl330_St1_Vduct_fine,1100,101325,300,223.15,50,2,120,0.4,2,0.018,0.134164078649987,0.0162,0.0108,0.094197,65.53218,0.6,88.468443,0.11774625,3000,500,1e-15,5.670374419e-23,2,223.15,1000000,1,1,1000000,1,900,300,300,330,0,1,duct_fine,1,1,1.8,1,1,1,1,NaN,100,48,0.9,0.6,1,binary_refine,2675,0.891666666666667,0,1,,"",323.357505879863,300.517560789635,239.15074619229,44.5298033798147,0.0908602848817291,0.104948219970127,6.74331770136225,4.04599062081735,6.74331770136225,7.93331494277912,7.54966562074,8.88195955381176,0,6.64249412013686,-0.517560789634615,0.517560789634615,0.00807450868528342,0.807450868528342
10,duct_fine_1.80x,duct_fine,Qs1100_P101325_Ta223.15_A22_h250_Qsol500_eps1e-15_G1000000_Ars1_A1s1_Ds1.8_Ps1_R1s1_R3s1_Fs1_Ef0.6_Tcl300_Tsl330_St1_Vduct_fine,1100,101325,300,223.15,50,2,120,0.4,2,0.018,0.134164078649987,0.0162,0.0108,0.094197,65.53218,0.6,88.468443,0.11774625,3000,500,1e-15,5.670374419e-23,2,223.15,1000000,1,1,1000000,1,900,300,300,330,0,1,duct_fine,1,1,1.8,1,1,1,1,NaN,100,48,0.9,0.6,1,binary_refine,2700,0.9,0,1,,"",322.83435603056,299.990104157232,239.153875038548,45.0225498276389,0.0918993491319924,0.106163411335674,6.89590504237119,4.13754302542272,6.89590504237119,8.11282946161317,7.77220966947753,9.14377608173827,1,7.16564396944023,0.0098958427684579,-0.0098958427684579,0.00831252371067115,0.831252371067115
10,duct_fine_1.80x,duct_fine,Qs1100_P101325_Ta223.15_A22_h250_Qsol500_eps1e-15_G1000000_Ars1_A1s1_Ds1.8_Ps1_R1s1_R3s1_Fs1_Ef0.6_Tcl300_Tsl330_St1_Vduct_fine,1100,101325,300,223.15,50,2,120,0.4,2,0.018,0.134164078649987,0.0162,0.0108,0.094197,65.53218,0.6,88.468443,0.11774625,3000,500,1e-15,5.670374419e-23,2,223.15,1000000,1,1,1000000,1,900,300,300,330,0,1,duct_fine,1,1,1.8,1,1,1,1,NaN,100,48,0.9,0.6,1,binary_refine,2750,0.916666666666667,0,1,,"",321.804685330226,298.956243118552,239.157871050002,46.0049662597279,0.0939704549416083,0.108585901160807,7.20517934833328,4.32310760899997,7.20517934833328,8.47668158627445,8.23016433573706,9.68254627733771,1,8.19531466977429,1.04375688144819,-1.04375688144819,0.00880231479757974,0.880231479757974
10,duct_fine_1.80x,duct_fine,Qs1100_P101325_Ta223.15_A22_h250_Qsol500_eps1e-15_G1000000_Ars1_A1s1_Ds1.8_Ps1_R1s1_R3s1_Fs1_Ef0.6_Tcl300_Tsl330_St1_Vduct_fine,1100,101325,300,223.15,50,2,120,0.4,2,0.018,0.134164078649987,0.0162,0.0108,0.094197,65.53218,0.6,88.468443,0.11774625,3000,500,1e-15,5.670374419e-23,2,223.15,1000000,1,1,1000000,1,900,300,300,330,0,1,duct_fine,1,1,1.8,1,1,1,1,NaN,100,48,0.9,0.6,1,probe,3000,1,0,1,,"",317.276818355056,294.401345126646,239.18159871194,50.8900689409032,0.104210242683331,0.120563937219101,8.8387773908383,5.30326643450298,8.8387773908383,10.3985616362804,10.7874638519504,12.6911339434711,1,12.7231816449441,5.59865487335384,-5.59865487335384,0.0115373944940646,1.15373944940646
11,duct_fine_1.90x,duct_fine,Qs1100_P101325_Ta223.15_A22_h250_Qsol500_eps1e-15_G1000000_Ars1_A1s1_Ds1.9_Ps1_R1s1_R3s1_Fs1_Ef0.6_Tcl300_Tsl330_St1_Vduct_fine,1100,101325,300,223.15,50,2,120,0.4,2,0.019,0.137840487520902,0.0171,0.0114,0.094197,65.53218,0.6,88.468443,0.11774625,3000,500,1e-15,5.670374419e-23,2,223.15,1000000,1,1,1000000,1,900,300,300,330,0,1,duct_fine,1,1,1.9,1,1,1,1,NaN,100,48,0.9,0.6,1,probe,750,0.25,0,1,,"",515.779299821417,503.415796096374,234.061842913611,5.28478900315531,0.00981274773221642,0.0109550839484508,0.0864305021765909,0.0518583013059545,0.0864305021765909,0.101682943737166,0.130887710905906,0.153985542242243,0,-185.779299821417,-203.415796096374,203.415796096374,0.000139986856583857,0.0139986856583857
11,duct_fine_1.90x,duct_fine,Qs1100_P101325_Ta223.15_A22_h250_Qsol500_eps1e-15_G1000000_Ars1_A1s1_Ds1.9_Ps1_R1s1_R3s1_Fs1_Ef0.6_Tcl300_Tsl330_St1_Vduct_fine,1100,101325,300,223.15,50,2,120,0.4,2,0.019,0.137840487520902,0.0171,0.0114,0.094197,65.53218,0.6,88.468443,0.11774625,3000,500,1e-15,5.670374419e-23,2,223.15,1000000,1,1,1000000,1,900,300,300,330,0,1,duct_fine,1,1,1.9,1,1,1,1,NaN,100,48,0.9,0.6,1,probe,1000,0.333333333333333,0,1,,"",444.294488411336,425.071630462269,237.326778470412,8.99869413252842,0.0179788996546922,0.0200514577490122,0.269644364719993,0.161786618831996,0.269644364719993,0.317228664376462,0.329734365131419,0.387922782507551,0,-114.294488411336,-125.071630462269,125.071630462269,0.000352657075006865,0.0352657075006865
11,duct_fine_1.90x,duct_fine,Qs1100_P101325_Ta223.15_A22_h250_Qsol500_eps1e-15_G1000000_Ars1_A1s1_Ds1.9_Ps1_R1s1_R3s1_Fs1_Ef0.6_Tcl300_Tsl330_St1_Vduct_fine,1100,101325,300,223.15,50,2,120,0.4,2,0.019,0.137840487520902,0.0171,0.0114,0.094197,65.53218,0.6,88.468443,0.11774625,3000,500,1e-15,5.670374419e-23,2,223.15,1000000,1,1,1000000,1,900,300,300,330,0,1,duct_fine,1,1,1.9,1,1,1,1,NaN,100,48,0.9,0.6,1,probe,1500,0.5,0,1,,"",378.147862105664,356.258026180268,238.640924996405,18.3742996298776,0.0380742310039199,0.0432885386340968,1.165978881072,0.699587328643199,1.165978881072,1.3717398600847,1.21009420665539,1.42364024312399,0,-48.1478621056637,-56.2580261802684,56.2580261802684,0.00129421840283999,0.129421840283999
11,duct_fine_1.90x,duct_fine,Qs1100_P101325_Ta223.15_A22_h250_Qsol500_eps1e-15_G1000000_Ars1_A1s1_Ds1.9_Ps1_R1s1_R3s1_Fs1_Ef0.6_Tcl300_Tsl330_St1_Vduct_fine,1100,101325,300,223.15,50,2,120,0.4,2,0.019,0.137840487520902,0.0171,0.0114,0.094197,65.53218,0.6,88.468443,0.11774625,3000,500,1e-15,5.670374419e-23,2,223.15,1000000,1,1,1000000,1,900,300,300,330,0,1,duct_fine,1,1,1.9,1,1,1,1,NaN,100,48,0.9,0.6,1,probe,2000,0.666666666666667,0,1,,"",344.669461920673,322.058686593368,239.012243543532,29.3114049065577,0.0622362245421504,0.0714496039140987,3.04038529568402,1.82423117741041,3.04038529568402,3.57692387727532,3.040122076867,3.57661420807882,0,-14.6694619206727,-22.0586865933684,22.0586865933684,0.00325146746188984,0.325146746188984
11,duct_fine_1.90x,duct_fine,Qs1100_P101325_Ta223.15_A22_h250_Qsol500_eps1e-15_G1000000_Ars1_A1s1_Ds1.9_Ps1_R1s1_R3s1_Fs1_Ef0.6_Tcl300_Tsl330_St1_Vduct_fine,1100,101325,300,223.15,50,2,120,0.4,2,0.019,0.137840487520902,0.0171,0.0114,0.094197,65.53218,0.6,88.468443,0.11774625,3000,500,1e-15,5.670374419e-23,2,223.15,1000000,1,1,1000000,1,900,300,300,330,0,1,duct_fine,1,1,1.9,1,1,1,1,NaN,100,48,0.9,0.6,1,binary_refine,2500,0.833333333333333,0,1,,"",327.911736355161,305.105113318724,239.12649597482,39.2945159560647,0.0846715221549513,0.0976628310283374,5.5452107972367,3.32712647834202,5.5452107972367,6.52377740851376,6.15303884733436,7.23886923215808,0,2.08826364483883,-5.10511331872374,5.10511331872374,0.0065807902110528,0.658079021105279
11,duct_fine_1.90x,duct_fine,Qs1100_P101325_Ta223.15_A22_h250_Qsol500_eps1e-15_G1000000_Ars1_A1s1_Ds1.9_Ps1_R1s1_R3s1_Fs1_Ef0.6_Tcl300_Tsl330_St1_Vduct_fine,1100,101325,300,223.15,50,2,120,0.4,2,0.019,0.137840487520902,0.0171,0.0114,0.094197,65.53218,0.6,88.468443,0.11774625,3000,500,1e-15,5.670374419e-23,2,223.15,1000000,1,1,1000000,1,900,300,300,330,0,1,duct_fine,1,1,1.9,1,1,1,1,NaN,100,48,0.9,0.6,1,binary_refine,2625,0.875,0,1,,"",325.028117437601,302.197939679082,239.142667799548,41.6023047703638,0.0898689653324737,0.103739574898722,6.23126014193139,3.73875608515883,6.23126014193139,7.33089428462516,7.16576911775223,8.43031660912028,0,4.97188256239929,-2.19793967908163,2.19793967908163,0.00766392419010934,0.766392419010934
11,duct_fine_1.90x,duct_fine,Qs1100_P101325_Ta223.15_A22_h250_Qsol500_eps1e-15_G1000000_Ars1_A1s1_Ds1.9_Ps1_R1s1_R3s1_Fs1_Ef0.6_Tcl300_Tsl330_St1_Vduct_fine,1100,101325,300,223.15,50,2,120,0.4,2,0.019,0.137840487520902,0.0171,0.0114,0.094197,65.53218,0.6,88.468443,0.11774625,3000,500,1e-15,5.670374419e-23,2,223.15,1000000,1,1,1000000,1,900,300,300,330,0,1,duct_fine,1,1,1.9,1,1,1,1,NaN,100,48,0.9,0.6,1,binary_refine,2675,0.891666666666667,0,1,,"",323.954988437024,301.117774059573,239.147972217289,42.5187088591507,0.0919315755809646,0.106151497127015,6.51468649515008,3.90881189709005,6.51468649515008,7.66433705311774,7.59970165103548,8.94082547180644,0,6.04501156297607,-1.11777405957326,1.11777405957326,0.00812802315618768,0.812802315618768
11,duct_fine_1.90x,duct_fine,Qs1100_P101325_Ta223.15_A22_h250_Qsol500_eps1e-15_G1000000_Ars1_A1s1_Ds1.9_Ps1_R1s1_R3s1_Fs1_Ef0.6_Tcl300_Tsl330_St1_Vduct_fine,1100,101325,300,223.15,50,2,120,0.4,2,0.019,0.137840487520902,0.0171,0.0114,0.094197,65.53218,0.6,88.468443,0.11774625,3000,500,1e-15,5.670374419e-23,2,223.15,1000000,1,1,1000000,1,900,300,300,330,0,1,duct_fine,1,1,1.9,1,1,1,1,NaN,100,48,0.9,0.6,1,binary_refine,2700,0.9,0,1,,"",323.435813523266,300.595096383297,239.150630870105,42.9758650750179,0.0929599058041042,0.107354021231475,6.65838728203926,3.99503236922355,6.65838728203926,7.83339680239913,7.8230094562427,9.20354053675612,0,6.56418647673354,-0.595096383297175,0.595096383297175,0.00836685503341465,0.836685503341465
11,duct_fine_1.90x,duct_fine,Qs1100_P101325_Ta223.15_A22_h250_Qsol500_eps1e-15_G1000000_Ars1_A1s1_Ds1.9_Ps1_R1s1_R3s1_Fs1_Ef0.6_Tcl300_Tsl330_St1_Vduct_fine,1100,101325,300,223.15,50,2,120,0.4,2,0.019,0.137840487520902,0.0171,0.0114,0.094197,65.53218,0.6,88.468443,0.11774625,3000,500,1e-15,5.670374419e-23,2,223.15,1000000,1,1,1000000,1,900,300,300,330,0,1,duct_fine,1,1,1.9,1,1,1,1,NaN,100,48,0.9,0.6,1,binary_refine,2725,0.908333333333333,0,1,,"",322.920426070157,300.0779607019,239.152390338645,43.4321595862857,0.0939865281183149,0.108554678523334,6.80339648032597,4.08203788819558,6.80339648032597,8.00399585920703,8.05060535045448,9.47130041229939,0,7.07957392984309,-0.0779607018996558,0.0779607018996558,0.00861027310209036,0.861027310209036
11,duct_fine_1.90x,duct_fine,Qs1100_P101325_Ta223.15_A22_h250_Qsol500_eps1e-15_G1000000_Ars1_A1s1_Ds1.9_Ps1_R1s1_R3s1_Fs1_Ef0.6_Tcl300_Tsl330_St1_Vduct_fine,1100,101325,300,223.15,50,2,120,0.4,2,0.019,0.137840487520902,0.0171,0.0114,0.094197,65.53218,0.6,88.468443,0.11774625,3000,500,1e-15,5.670374419e-23,2,223.15,1000000,1,1,1000000,1,900,300,300,330,0,1,duct_fine,1,1,1.9,1,1,1,1,NaN,100,48,0.9,0.6,1,binary_refine,2750,0.916666666666667,0,1,,"",322.421963765651,299.576246031962,239.154938287976,43.8881295910833,0.0950113137752585,0.109753121897023,6.9497814193127,4.16986885158762,6.9497814193127,8.17621343448553,8.28251861647264,9.74413954879135,1,7.57803623434887,0.423753968037943,-0.423753968037943,0.0088583086807194,0.88583086807194
11,duct_fine_1.90x,duct_fine,Qs1100_P101325_Ta223.15_A22_h250_Qsol500_eps1e-15_G1000000_Ars1_A1s1_Ds1.9_Ps1_R1s1_R3s1_Fs1_Ef0.6_Tcl300_Tsl330_St1_Vduct_fine,1100,101325,300,223.15,50,2,120,0.4,2,0.019,0.137840487520902,0.0171,0.0114,0.094197,65.53218,0.6,88.468443,0.11774625,3000,500,1e-15,5.670374419e-23,2,223.15,1000000,1,1,1000000,1,900,300,300,330,0,1,duct_fine,1,1,1.9,1,1,1,1,NaN,100,48,0.9,0.6,1,probe,3000,1,0,1,,"",317.927407179204,295.05469037916,239.178079669487,48.4286987557086,0.105181732456919,0.121648458758688,8.48969072626613,5.09381443575968,8.48969072626613,9.98787144266604,10.8483425464345,12.7627559369817,1,12.0725928207956,4.94530962084008,-4.94530962084008,0.0116025053972561,1.16025053972561
12,duct_fine_2.00x,duct_fine,Qs1100_P101325_Ta223.15_A22_h250_Qsol500_eps1e-15_G1000000_Ars1_A1s1_Ds2_Ps1_R1s1_R3s1_Fs1_Ef0.6_Tcl300_Tsl330_St1_Vduct_fine,1100,101325,300,223.15,50,2,120,0.4,2,0.02,0.14142135623731,0.018,0.012,0.094197,65.53218,0.6,88.468443,0.11774625,3000,500,1e-15,5.670374419e-23,2,223.15,1000000,1,1,1000000,1,900,300,300,330,0,1,duct_fine,1,1,2,1,1,1,1,NaN,100,48,0.9,0.6,1,probe,750,0.25,0,1,,"",508.478510473745,495.42443066555,234.393489330189,5.25501679343385,0.0103830233744048,0.0115633370138211,0.0909382703318559,0.0545629621991136,0.0909382703318559,0.106986200390419,0.132170871362026,0.155495142778855,0,-178.478510473745,-195.42443066555,195.42443066555,0.00014135922070805,0.014135922070805
12,duct_fine_2.00x,duct_fine,Qs1100_P101325_Ta223.15_A22_h250_Qsol500_eps1e-15_G1000000_Ars1_A1s1_Ds2_Ps1_R1s1_R3s1_Fs1_Ef0.6_Tcl300_Tsl330_St1_Vduct_fine,1100,101325,300,223.15,50,2,120,0.4,2,0.02,0.14142135623731,0.018,0.012,0.094197,65.53218,0.6,88.468443,0.11774625,3000,500,1e-15,5.670374419e-23,2,223.15,1000000,1,1,1000000,1,900,300,300,330,0,1,duct_fine,1,1,2,1,1,1,1,NaN,100,48,0.9,0.6,1,probe,1000,0.333333333333333,0,1,,"",441.595085609525,422.296193269461,237.363368428041,8.92053237233874,0.0188010170604227,0.0209767845362049,0.279525135533989,0.167715081320393,0.279525135533989,0.328853100628222,0.332976196284037,0.391736701510632,0,-111.595085609525,-122.296193269461,122.296193269461,0.000356124274100574,0.0356124274100574
12,duct_fine_2.00x,duct_fine,Qs1100_P101325_Ta223.15_A22_h250_Qsol500_eps1e-15_G1000000_Ars1_A1s1_Ds2_Ps1_R1s1_R3s1_Fs1_Ef0.6_Tcl300_Tsl330_St1_Vduct_fine,1100,101325,300,223.15,50,2,120,0.4,2,0.02,0.14142135623731,0.018,0.012,0.094197,65.53218,0.6,88.468443,0.11774625,3000,500,1e-15,5.670374419e-23,2,223.15,1000000,1,1,1000000,1,900,300,300,330,0,1,duct_fine,1,1,2,1,1,1,1,NaN,100,48,0.9,0.6,1,probe,1500,0.5,0,1,,"",376.863229967586,354.95631560306,238.649375721407,18.0802948522566,0.0395396651446477,0.0449611098713786,1.1914813402912,0.714888804174722,1.1914813402912,1.40174275328377,1.2226512120941,1.43841319069894,0,-46.8632299675858,-54.9563156030602,54.9563156030602,0.00130764835518085,0.130764835518085
12,duct_fine_2.00x,duct_fine,Qs1100_P101325_Ta223.15_A22_h250_Qsol500_eps1e-15_G1000000_Ars1_A1s1_Ds2_Ps1_R1s1_R3s1_Fs1_Ef0.6_Tcl300_Tsl330_St1_Vduct_fine,1100,101325,300,223.15,50,2,120,0.4,2,0.02,0.14142135623731,0.018,0.012,0.094197,65.53218,0.6,88.468443,0.11774625,3000,500,1e-15,5.670374419e-23,2,223.15,1000000,1,1,1000000,1,900,300,300,330,0,1,duct_fine,1,1,2,1,1,1,1,NaN,100,48,0.9,0.6,1,probe,2000,0.666666666666667,0,1,,"",344.295638415241,321.684403425803,239.012405282605,28.572716949025,0.0640476605062935,0.0735241550113463,3.05002612482261,1.83001567489357,3.05002612482261,3.58826602920307,3.06884738313801,3.61040868604472,0,-14.2956384152406,-21.6844034258027,21.6844034258027,0.00328218971458611,0.328218971458611
12,duct_fine_2.00x,duct_fine,Qs1100_P101325_Ta223.15_A22_h250_Qsol500_eps1e-15_G1000000_Ars1_A1s1_Ds2_Ps1_R1s1_R3s1_Fs1_Ef0.6_Tcl300_Tsl330_St1_Vduct_fine,1100,101325,300,223.15,50,2,120,0.4,2,0.02,0.14142135623731,0.018,0.012,0.094197,65.53218,0.6,88.468443,0.11774625,3000,500,1e-15,5.670374419e-23,2,223.15,1000000,1,1,1000000,1,900,300,300,330,0,1,duct_fine,1,1,2,1,1,1,1,NaN,100,48,0.9,0.6,1,binary_refine,2500,0.833333333333333,0,1,,"",328.491678991059,305.690676400175,239.122578862325,37.6471369028999,0.0856386547512846,0.0987478697944758,5.37341693266965,3.22405015960179,5.37341693266965,6.32166697961135,6.19207117548981,7.2847896182233,0,1.50832100894104,-5.69067640017482,5.69067640017482,0.00662253601656664,0.662253601656664
12,duct_fine_2.00x,duct_fine,Qs1100_P101325_Ta223.15_A22_h250_Qsol500_eps1e-15_G1000000_Ars1_A1s1_Ds2_Ps1_R1s1_R3s1_Fs1_Ef0.6_Tcl300_Tsl330_St1_Vduct_fine,1100,101325,300,223.15,50,2,120,0.4,2,0.02,0.14142135623731,0.018,0.012,0.094197,65.53218,0.6,88.468443,0.11774625,3000,500,1e-15,5.670374419e-23,2,223.15,1000000,1,1,1000000,1,900,300,300,330,0,1,duct_fine,1,1,2,1,1,1,1,NaN,100,48,0.9,0.6,1,binary_refine,2750,0.916666666666667,0,1,,"",323.069721940302,300.227626557301,239.151591221212,41.9388194321024,0.0958890714660065,0.110731991149369,6.70245742287469,4.02147445372481,6.70245742287469,7.8852440269114,8.32804402017666,9.79769884726666,0,6.93027805969774,-0.227626557301051,0.227626557301051,0.0089069989520606,0.89069989520606
12,duct_fine_2.00x,duct_fine,Qs1100_P101325_Ta223.15_A22_h250_Qsol500_eps1e-15_G1000000_Ars1_A1s1_Ds2_Ps1_R1s1_R3s1_Fs1_Ef0.6_Tcl300_Tsl330_St1_Vduct_fine,1100,101325,300,223.15,50,2,120,0.4,2,0.02,0.14142135623731,0.018,0.012,0.094197,65.53218,0.6,88.468443,0.11774625,3000,500,1e-15,5.670374419e-23,2,223.15,1000000,1,1,1000000,1,900,300,300,330,0,1,duct_fine,1,1,2,1,1,1,1,NaN,100,48,0.9,0.6,1,binary_refine,2775,0.925,0,1,,"",322.574887991421,299.731867581335,239.15289456869,42.3645470832998,0.0969060381736259,0.111921286754995,6.84230069477104,4.10538041686262,6.84230069477104,8.04976552326005,8.56503243373079,10.0765087455656,1,7.42511200857894,0.268132418665118,-0.268132418665118,0.00916046249596876,0.916046249596876
12,duct_fine_2.00x,duct_fine,Qs1100_P101325_Ta223.15_A22_h250_Qsol500_eps1e-15_G1000000_Ars1_A1s1_Ds2_Ps1_R1s1_R3s1_Fs1_Ef0.6_Tcl300_Tsl330_St1_Vduct_fine,1100,101325,300,223.15,50,2,120,0.4,2,0.02,0.14142135623731,0.018,0.012,0.094197,65.53218,0.6,88.468443,0.11774625,3000,500,1e-15,5.670374419e-23,2,223.15,1000000,1,1,1000000,1,900,300,300,330,0,1,duct_fine,1,1,2,1,1,1,1,NaN,100,48,0.9,0.6,1,binary_refine,2800,0.933333333333333,0,1,,"",322.105152085343,299.257437822909,239.156160199973,42.7904864299756,0.0979215544936015,0.113108716378513,6.98351824793429,4.19011094876057,6.98351824793429,8.21590382109916,8.80642158732409,10.3604959850872,1,7.89484791465719,0.742562177090861,-0.742562177090861,0.00941863271371561,0.941863271371561
12,duct_fine_2.00x,duct_fine,Qs1100_P101325_Ta223.15_A22_h250_Qsol500_eps1e-15_G1000000_Ars1_A1s1_Ds2_Ps1_R1s1_R3s1_Fs1_Ef0.6_Tcl300_Tsl330_St1_Vduct_fine,1100,101325,300,223.15,50,2,120,0.4,2,0.02,0.14142135623731,0.018,0.012,0.094197,65.53218,0.6,88.468443,0.11774625,3000,500,1e-15,5.670374419e-23,2,223.15,1000000,1,1,1000000,1,900,300,300,330,0,1,duct_fine,1,1,2,1,1,1,1,NaN,100,48,0.9,0.6,1,binary_refine,2875,0.958333333333333,0,1,,"",320.728229353503,297.871799711966,239.163230783932,44.065732394122,0.10096174160882,0.116663970830415,7.41492181296455,4.44895308777873,7.41492181296455,8.72343742701712,9.5574956782614,11.2441125626605,1,9.27177064649743,2.12820028803429,-2.12820028803429,0.0102219205115095,1.02219205115095
12,duct_fine_2.00x,duct_fine,Qs1100_P101325_Ta223.15_A22_h250_Qsol500_eps1e-15_G1000000_Ars1_A1s1_Ds2_Ps1_R1s1_R3s1_Fs1_Ef0.6_Tcl300_Tsl330_St1_Vduct_fine,1100,101325,300,223.15,50,2,120,0.4,2,0.02,0.14142135623731,0.018,0.012,0.094197,65.53218,0.6,88.468443,0.11774625,3000,500,1e-15,5.670374419e-23,2,223.15,1000000,1,1,1000000,1,900,300,300,330,0,1,duct_fine,1,1,2,1,1,1,1,NaN,100,48,0.9,0.6,1,probe,3000,1,0,1,,"",318.585883173853,295.71811040129,239.173543653117,46.1868187203145,0.106009302083719,0.122567275097617,8.16038736334631,4.89623241800778,8.16038736334631,9.60045572158389,10.9013578039884,12.8251268282216,1,11.4141168261468,4.28188959871005,-4.28188959871005,0.0116592062074742,1.16592062074742
13,duct_fine_2.10x,duct_fine,Qs1100_P101325_Ta223.15_A22_h250_Qsol500_eps1e-15_G1000000_Ars1_A1s1_Ds2.1_Ps1_R1s1_R3s1_Fs1_Ef0.6_Tcl300_Tsl330_St1_Vduct_fine,1100,101325,300,223.15,50,2,120,0.4,2,0.021,0.144913767461894,0.0189,0.0126,0.094197,65.53218,0.6,88.468443,0.11774625,3000,500,1e-15,5.670374419e-23,2,223.15,1000000,1,1,1000000,1,900,300,300,330,0,1,duct_fine,1,1,2.1,1,1,1,1,NaN,100,48,0.9,0.6,1,probe,750,0.25,0,1,,"",504.31751905198,490.608022152593,234.706421157599,5.22544197769215,0.0109201147791448,0.0121362586479457,0.0951040436135991,0.0570624261681595,0.0951040436135991,0.111887110133646,0.13337709996184,0.156914235249224,0,-174.31751905198,-190.608022152593,190.608022152593,0.000142649304772022,0.0142649304772022
13,duct_fine_2.10x,duct_fine,Qs1100_P101325_Ta223.15_A22_h250_Qsol500_eps1e-15_G1000000_Ars1_A1s1_Ds2.1_Ps1_R1s1_R3s1_Fs1_Ef0.6_Tcl300_Tsl330_St1_Vduct_fine,1100,101325,300,223.15,50,2,120,0.4,2,0.021,0.144913767461894,0.0189,0.0126,0.094197,65.53218,0.6,88.468443,0.11774625,3000,500,1e-15,5.670374419e-23,2,223.15,1000000,1,1,1000000,1,900,300,300,330,0,1,duct_fine,1,1,2.1,1,1,1,1,NaN,100,48,0.9,0.6,1,probe,1000,0.333333333333333,0,1,,"",440.238491284936,420.777807036295,237.442490522294,8.84225330813691,0.0195898246607741,0.0218616087698082,0.288696986520919,0.173218191912552,0.288696986520919,0.339643513554023,0.336077762187296,0.395385602573289,0,-110.238491284936,-120.777807036295,120.777807036295,0.000359441456884808,0.0359441456884808
13,duct_fine_2.10x,duct_fine,Qs1100_P101325_Ta223.15_A22_h250_Qsol500_eps1e-15_G1000000_Ars1_A1s1_Ds2.1_Ps1_R1s1_R3s1_Fs1_Ef0.6_Tcl300_Tsl330_St1_Vduct_fine,1100,101325,300,223.15,50,2,120,0.4,2,0.021,0.144913767461894,0.0189,0.0126,0.094197,65.53218,0.6,88.468443,0.11774625,3000,500,1e-15,5.670374419e-23,2,223.15,1000000,1,1,1000000,1,900,300,300,330,0,1,duct_fine,1,1,2.1,1,1,1,1,NaN,100,48,0.9,0.6,1,probe,1500,0.5,0,1,,"",375.900642089222,353.956802022691,238.667828582438,17.7893034053607,0.0409384596735698,0.0465565417112466,1.21377780013543,0.728266680081259,1.21377780013543,1.42797388251227,1.23456295758512,1.45242700892368,0,-45.9006420892215,-53.9568020226914,53.9568020226914,0.00132038818993061,0.132038818993061
13,duct_fine_2.10x,duct_fine,Qs1100_P101325_Ta223.15_A22_h250_Qsol500_eps1e-15_G1000000_Ars1_A1s1_Ds2.1_Ps1_R1s1_R3s1_Fs1_Ef0.6_Tcl300_Tsl330_St1_Vduct_fine,1100,101325,300,223.15,50,2,120,0.4,2,0.021,0.144913767461894,0.0189,0.0126,0.094197,65.53218,0.6,88.468443,0.11774625,3000,500,1e-15,5.670374419e-23,2,223.15,1000000,1,1,1000000,1,900,300,300,330,0,1,duct_fine,1,1,2.1,1,1,1,1,NaN,100,48,0.9,0.6,1,probe,2000,0.666666666666667,0,1,,"",344.434970006963,321.822256229228,239.012888903473,27.6923611921181,0.0653203727189902,0.0749711046000015,3.01479225756342,1.80887535453805,3.01479225756342,3.54681442066285,3.09391957219755,3.63990537905594,0,-14.4349700069634,-21.8222562292277,21.8222562292277,0.00330900489005086,0.330900489005086
13,duct_fine_2.10x,duct_fine,Qs1100_P101325_Ta223.15_A22_h250_Qsol500_eps1e-15_G1000000_Ars1_A1s1_Ds2.1_Ps1_R1s1_R3s1_Fs1_Ef0.6_Tcl300_Tsl330_St1_Vduct_fine,1100,101325,300,223.15,50,2,120,0.4,2,0.021,0.144913767461894,0.0189,0.0126,0.094197,65.53218,0.6,88.468443,0.11774625,3000,500,1e-15,5.670374419e-23,2,223.15,1000000,1,1,1000000,1,900,300,300,330,0,1,duct_fine,1,1,2.1,1,1,1,1,NaN,100,48,0.9,0.6,1,binary_refine,2500,0.833333333333333,0,1,,"",329.120259104105,306.323765503814,239.119250017606,36.1113201581587,0.0864567099434834,0.0996606896818242,5.20344322098365,3.12206593259019,5.20344322098365,6.12169790703959,6.22626305436413,7.32501535807545,0,0.87974089589494,-6.32376550381383,6.32376550381383,0.00665910487097768,0.665910487097768
13,duct_fine_2.10x,duct_fine,Qs1100_P101325_Ta223.15_A22_h250_Qsol500_eps1e-15_G1000000_Ars1_A1s1_Ds2.1_Ps1_R1s1_R3s1_Fs1_Ef0.6_Tcl300_Tsl330_St1_Vduct_fine,1100,101325,300,223.15,50,2,120,0.4,2,0.021,0.144913767461894,0.0189,0.0126,0.094197,65.53218,0.6,88.468443,0.11774625,3000,500,1e-15,5.670374419e-23,2,223.15,1000000,1,1,1000000,1,900,300,300,330,0,1,duct_fine,1,1,2.1,1,1,1,1,NaN,100,48,0.9,0.6,1,binary_refine,2750,0.916666666666667,0,1,,"",323.724773808065,300.889096335913,239.146865455168,40.1451872631927,0.0966427520265621,0.11156816212282,6.46623562956105,3.87974137773663,6.46623562956105,7.60733603477771,8.36805383563615,9.84476921839547,0,6.27522619193536,-0.889096335912598,0.889096335912598,0.00894979019854134,0.894979019854134
13,duct_fine_2.10x,duct_fine,Qs1100_P101325_Ta223.15_A22_h250_Qsol500_eps1e-15_G1000000_Ars1_A1s1_Ds2.1_Ps1_R1s1_R3s1_Fs1_Ef0.6_Tcl300_Tsl330_St1_Vduct_fine,1100,101325,300,223.15,50,2,120,0.4,2,0.021,0.144913767461894,0.0189,0.0126,0.094197,65.53218,0.6,88.468443,0.11774625,3000,500,1e-15,5.670374419e-23,2,223.15,1000000,1,1,1000000,1,900,300,300,330,0,1,duct_fine,1,1,2.1,1,1,1,1,NaN,100,48,0.9,0.6,1,binary_refine,2775,0.925,0,1,,"",323.253779408427,300.411758486912,239.150933099506,40.5464236539944,0.0976546582151167,0.112751091638001,6.59924523962691,3.95954714377614,6.59924523962691,7.76381792897283,8.60564979319456,10.1242938743465,0,6.74622059157326,-0.41175848691239,0.41175848691239,0.00920390352213322,0.920390352213322
13,duct_fine_2.10x,duct_fine,Qs1100_P101325_Ta223.15_A22_h250_Qsol500_eps1e-15_G1000000_Ars1_A1s1_Ds2.1_Ps1_R1s1_R3s1_Fs1_Ef0.6_Tcl300_Tsl330_St1_Vduct_fine,1100,101325,300,223.15,50,2,120,0.4,2,0.021,0.144913767461894,0.0189,0.0126,0.094197,65.53218,0.6,88.468443,0.11774625,3000,500,1e-15,5.670374419e-23,2,223.15,1000000,1,1,1000000,1,900,300,300,330,0,1,duct_fine,1,1,2.1,1,1,1,1,NaN,100,48,0.9,0.6,1,binary_refine,2800,0.933333333333333,0,1,,"",322.777550537779,299.932677952737,239.153201130764,40.9468311091841,0.0986657983527439,0.11393335388876,6.73341963567104,4.04005178140262,6.73341963567104,7.92167015961298,8.84767868982434,10.4090337527345,1,7.22244946222133,0.0673220472626781,-0.0673220472626781,0.00946275795703138,0.946275795703138
13,duct_fine_2.10x,duct_fine,Qs1100_P101325_Ta223.15_A22_h250_Qsol500_eps1e-15_G1000000_Ars1_A1s1_Ds2.1_Ps1_R1s1_R3s1_Fs1_Ef0.6_Tcl300_Tsl330_St1_Vduct_fine,1100,101325,300,223.15,50,2,120,0.4,2,0.021,0.144913767461894,0.0189,0.0126,0.094197,65.53218,0.6,88.468443,0.11774625,3000,500,1e-15,5.670374419e-23,2,223.15,1000000,1,1,1000000,1,900,300,300,330,0,1,duct_fine,1,1,2.1,1,1,1,1,NaN,100,48,0.9,0.6,1,binary_refine,2875,0.958333333333333,0,1,,"",321.406130480092,298.551671714036,239.160592215161,42.1465825477959,0.10169373238992,0.117473805261595,7.14340547794207,4.28604328676524,7.14340547794207,8.40400644463773,9.60069900942374,11.2949400110868,1,8.59386951990842,1.44832828596435,-1.44832828596435,0.0102681272828061,1.02681272828061
13,duct_fine_2.10x,duct_fine,Qs1100_P101325_Ta223.15_A22_h250_Qsol500_eps1e-15_G1000000_Ars1_A1s1_Ds2.1_Ps1_R1s1_R3s1_Fs1_Ef0.6_Tcl300_Tsl330_St1_Vduct_fine,1100,101325,300,223.15,50,2,120,0.4,2,0.021,0.144913767461894,0.0189,0.0126,0.094197,65.53218,0.6,88.468443,0.11774625,3000,500,1e-15,5.670374419e-23,2,223.15,1000000,1,1,1000000,1,900,300,300,330,0,1,duct_fine,1,1,2.1,1,1,1,1,NaN,100,48,0.9,0.6,1,probe,3000,1,0,1,,"",319.271229328711,296.403450985931,239.171705726104,44.1419375111412,0.106724448265789,0.123356606181577,7.85170654376578,4.71102392625947,7.85170654376578,9.23730181619503,10.947967514806,12.8799617821247,1,10.7287706712894,3.5965490140689,-3.5965490140689,0.0117090561655679,1.17090561655679
14,duct_fine_2.20x,duct_fine,Qs1100_P101325_Ta223.15_A22_h250_Qsol500_eps1e-15_G1000000_Ars1_A1s1_Ds2.2_Ps1_R1s1_R3s1_Fs1_Ef0.6_Tcl300_Tsl330_St1_Vduct_fine,1100,101325,300,223.15,50,2,120,0.4,2,0.022,0.148323969741913,0.0198,0.0132,0.094197,65.53218,0.6,88.468443,0.11774625,3000,500,1e-15,5.670374419e-23,2,223.15,1000000,1,1,1000000,1,900,300,300,330,0,1,duct_fine,1,1,2.2,1,1,1,1,NaN,100,48,0.9,0.6,1,probe,750,0.25,0,1,,"",499.446077355462,485.128522064701,234.994685661414,5.19416829721498,0.0114606936523834,0.0127124790557908,0.0992146193888376,0.0595287716333026,0.0992146193888376,0.116723081633927,0.134588831403495,0.158339801651171,0,-169.446077355462,-185.128522064701,185.128522064701,0.000143945274228337,0.0143945274228337
14,duct_fine_2.20x,duct_fine,Qs1100_P101325_Ta223.15_A22_h250_Qsol500_eps1e-15_G1000000_Ars1_A1s1_Ds2.2_Ps1_R1s1_R3s1_Fs1_Ef0.6_Tcl300_Tsl330_St1_Vduct_fine,1100,101325,300,223.15,50,2,120,0.4,2,0.022,0.148323969741913,0.0198,0.0132,0.094197,65.53218,0.6,88.468443,0.11774625,3000,500,1e-15,5.670374419e-23,2,223.15,1000000,1,1,1000000,1,900,300,300,330,0,1,duct_fine,1,1,2.2,1,1,1,1,NaN,100,48,0.9,0.6,1,probe,1000,0.333333333333333,0,1,,"",437.405327270127,417.936555352005,237.445640805897,8.76070030325112,0.0203791676793065,0.0227532518141389,0.297559634113509,0.178535780468106,0.297559634113509,0.350070157780599,0.339172198522452,0.399026115908767,0,-107.405327270127,-117.936555352005,117.936555352005,0.000362751014462516,0.0362751014462516
14,duct_fine_2.20x,duct_fine,Qs1100_P101325_Ta223.15_A22_h250_Qsol500_eps1e-15_G1000000_Ars1_A1s1_Ds2.2_Ps1_R1s1_R3s1_Fs1_Ef0.6_Tcl300_Tsl330_St1_Vduct_fine,1100,101325,300,223.15,50,2,120,0.4,2,0.022,0.148323969741913,0.0198,0.0132,0.094197,65.53218,0.6,88.468443,0.11774625,3000,500,1e-15,5.670374419e-23,2,223.15,1000000,1,1,1000000,1,900,300,300,330,0,1,duct_fine,1,1,2.2,1,1,1,1,NaN,100,48,0.9,0.6,1,probe,1500,0.5,0,1,,"",375.142606031936,353.154971794678,238.689762035111,17.5017509911413,0.0422752816238253,0.0480807274762395,1.23315242010094,0.739891452060563,1.23315242010094,1.45076755305993,1.24587371627444,1.46573378385228,0,-45.1426060319363,-53.1549717946785,53.1549717946785,0.00133248525804752,0.133248525804752
14,duct_fine_2.20x,duct_fine,Qs1100_P101325_Ta223.15_A22_h250_Qsol500_eps1e-15_G1000000_Ars1_A1s1_Ds2.2_Ps1_R1s1_R3s1_Fs1_Ef0.6_Tcl300_Tsl330_St1_Vduct_fine,1100,101325,300,223.15,50,2,120,0.4,2,0.022,0.148323969741913,0.0198,0.0132,0.094197,65.53218,0.6,88.468443,0.11774625,3000,500,1e-15,5.670374419e-23,2,223.15,1000000,1,1,1000000,1,900,300,300,330,0,1,duct_fine,1,1,2.2,1,1,1,1,NaN,100,48,0.9,0.6,1,probe,2000,0.666666666666667,0,1,,"",344.768408818702,322.161930556274,239.009361142032,26.7879810093388,0.0663115597602429,0.0760913554159528,2.96058800592837,1.77635280355702,2.96058800592837,3.48304471285691,3.11582230117041,3.6656732954946,0,-14.7684088187022,-22.1619305562742,22.1619305562742,0.00333243026863146,0.333243026863146
14,duct_fine_2.20x,duct_fine,Qs1100_P101325_Ta223.15_A22_h250_Qsol500_eps1e-15_G1000000_Ars1_A1s1_Ds2.2_Ps1_R1s1_R3s1_Fs1_Ef0.6_Tcl300_Tsl330_St1_Vduct_fine,1100,101325,300,223.15,50,2,120,0.4,2,0.022,0.148323969741913,0.0198,0.0132,0.094197,65.53218,0.6,88.468443,0.11774625,3000,500,1e-15,5.670374419e-23,2,223.15,1000000,1,1,1000000,1,900,300,300,330,0,1,duct_fine,1,1,2.2,1,1,1,1,NaN,100,48,0.9,0.6,1,binary_refine,2500,0.833333333333333,0,1,,"",329.769016596867,306.978316268991,239.115291821361,34.6834398206556,0.0871615357143758,0.100443224002275,5.0384364643758,3.02306187862548,5.0384364643758,5.92757231103035,6.25651067702182,7.36060079649626,0,0.23098340313345,-6.97831626899074,6.97831626899074,0.00669145526954205,0.669145526954205
14,duct_fine_2.20x,duct_fine,Qs1100_P101325_Ta223.15_A22_h250_Qsol500_eps1e-15_G1000000_Ars1_A1s1_Ds2.2_Ps1_R1s1_R3s1_Fs1_Ef0.6_Tcl300_Tsl330_St1_Vduct_fine,1100,101325,300,223.15,50,2,120,0.4,2,0.022,0.148323969741913,0.0198,0.0132,0.094197,65.53218,0.6,88.468443,0.11774625,3000,500,1e-15,5.670374419e-23,2,223.15,1000000,1,1,1000000,1,900,300,300,330,0,1,duct_fine,1,1,2.2,1,1,1,1,NaN,100,48,0.9,0.6,1,binary_refine,2750,0.916666666666667,0,1,,"",324.396272452808,301.565313913062,239.143095869391,38.4939614402829,0.0972987143900133,0.11229208852794,6.24235493319711,3.74541295991827,6.24235493319711,7.3439469802319,8.40351925887769,9.88649324573846,0,5.60372754719248,-1.56531391306174,1.56531391306174,0.00898772113248951,0.898772113248951
14,duct_fine_2.20x,duct_fine,Qs1100_P101325_Ta223.15_A22_h250_Qsol500_eps1e-15_G1000000_Ars1_A1s1_Ds2.2_Ps1_R1s1_R3s1_Fs1_Ef0.6_Tcl300_Tsl330_St1_Vduct_fine,1100,101325,300,223.15,50,2,120,0.4,2,0.022,0.148323969741913,0.0198,0.0132,0.094197,65.53218,0.6,88.468443,0.11774625,3000,500,1e-15,5.670374419e-23,2,223.15,1000000,1,1,1000000,1,900,300,300,330,0,1,duct_fine,1,1,2.2,1,1,1,1,NaN,100,48,0.9,0.6,1,binary_refine,2800,0.933333333333333,0,1,,"",323.437765402677,300.600461171864,239.147877497011,39.2510713367689,0.099314758105952,0.114648983968075,6.49701775868445,3.89821065521067,6.49701775868445,7.64355030433465,8.88427833912885,10.452092163681,0,6.56223459732308,-0.600461171864481,0.600461171864481,0.00950190196698273,0.950190196698273
14,duct_fine_2.20x,duct_fine,Qs1100_P101325_Ta223.15_A22_h250_Qsol500_eps1e-15_G1000000_Ars1_A1s1_Ds2.2_Ps1_R1s1_R3s1_Fs1_Ef0.6_Tcl300_Tsl330_St1_Vduct_fine,1100,101325,300,223.15,50,2,120,0.4,2,0.022,0.148323969741913,0.0198,0.0132,0.094197,65.53218,0.6,88.468443,0.11774625,3000,500,1e-15,5.670374419e-23,2,223.15,1000000,1,1,1000000,1,900,300,300,330,0,1,duct_fine,1,1,2.2,1,1,1,1,NaN,100,48,0.9,0.6,1,binary_refine,2825,0.941666666666667,0,1,,"",322.988288294529,300.143849918571,239.152333810408,39.6297854983859,0.100321394870493,0.115825617392539,6.62619226602751,3.97571535961651,6.62619226602751,7.79552031297354,9.1313289974376,10.7427399969854,0,7.0117117054711,-0.143849918570538,0.143849918570538,0.00976612726998673,0.976612726998673
14,duct_fine_2.20x,duct_fine,Qs1100_P101325_Ta223.15_A22_h250_Qsol500_eps1e-15_G1000000_Ars1_A1s1_Ds2.2_Ps1_R1s1_R3s1_Fs1_Ef0.6_Tcl300_Tsl330_St1_Vduct_fine,1100,101325,300,223.15,50,2,120,0.4,2,0.022,0.148323969741913,0.0198,0.0132,0.094197,65.53218,0.6,88.468443,0.11774625,3000,500,1e-15,5.670374419e-23,2,223.15,1000000,1,1,1000000,1,900,300,300,330,0,1,duct_fine,1,1,2.2,1,1,1,1,NaN,100,48,0.9,0.6,1,binary_refine,2850,0.95,0,1,,"",322.53005265879,299.682658683448,239.154633713797,40.0076365896651,0.101327520268249,0.117001921501256,6.75645767904008,4.05387460742405,6.75645767904008,7.94877374004715,9.38290251679523,11.0387088432885,1,7.46994734120995,0.317341316552245,-0.317341316552245,0.010035189857535,1.0035189857535
14,duct_fine_2.20x,duct_fine,Qs1100_P101325_Ta223.15_A22_h250_Qsol500_eps1e-15_G1000000_Ars1_A1s1_Ds2.2_Ps1_R1s1_R3s1_Fs1_Ef0.6_Tcl300_Tsl330_St1_Vduct_fine,1100,101325,300,223.15,50,2,120,0.4,2,0.022,0.148323969741913,0.0198,0.0132,0.094197,65.53218,0.6,88.468443,0.11774625,3000,500,1e-15,5.670374419e-23,2,223.15,1000000,1,1,1000000,1,900,300,300,330,0,1,duct_fine,1,1,2.2,1,1,1,1,NaN,100,48,0.9,0.6,1,binary_refine,2875,0.958333333333333,0,1,,"",322.079445122249,299.229268704008,239.15685211166,40.3852300012756,0.102332945890184,0.118177436421165,6.88789926080529,4.13273955648317,6.88789926080529,8.10341089506505,9.63902714540786,11.340031935774,1,7.92055487775127,0.770731295991652,-0.770731295991652,0.0103091199416127,1.03091199416127
14,duct_fine_2.20x,duct_fine,Qs1100_P101325_Ta223.15_A22_h250_Qsol500_eps1e-15_G1000000_Ars1_A1s1_Ds2.2_Ps1_R1s1_R3s1_Fs1_Ef0.6_Tcl300_Tsl330_St1_Vduct_fine,1100,101325,300,223.15,50,2,120,0.4,2,0.022,0.148323969741913,0.0198,0.0132,0.094197,65.53218,0.6,88.468443,0.11774625,3000,500,1e-15,5.670374419e-23,2,223.15,1000000,1,1,1000000,1,900,300,300,330,0,1,duct_fine,1,1,2.2,1,1,1,1,NaN,100,48,0.9,0.6,1,probe,3000,1,0,1,,"",319.93645085302,297.07410177077,239.167163901004,42.2701769177438,0.107350427359844,0.124044146819777,7.56286926116003,4.53772155669602,7.56286926116003,8.89749324842357,10.9893359899311,12.9286305763895,1,10.0635491469801,2.92589822923031,-2.92589822923031,0.0117533005239904,1.17533005239904
